Gym has been unmaintained since 2022 and does not support NumPy 2.0 amongst other critical functionality.
Please upgrade to Gymnasium, the maintained drop-in replacement of Gym, or contact the authors of your software and request that they upgrade.
Users of this version of Gym should be able to simply replace 'import gym' with 'import gymnasium as gym' in the vast majority of cases.
See the migration guide at https://gymnasium.farama.org/introduction/migration_guide/ for additional information.
/home/ueda/workspace/Kaggle_Lux_AI_2021_Fork/run_monobeast.py:95: Hydra14MigrationWarning: 
The version_base parameter is not specified.
Hydra will assume defaults for version 1.1.
Hydra 1.4 will remove this compatibility behavior.
Before upgrading to Hydra 1.4, set version_base="1.3" and test your application.
See https://hydra.cc/docs/upgrades/1.3_to_1.4/prepare_for_1_4/ for preparation instructions.
  @hydra.main(config_path="conf", config_name="resume_config")
[DEBUG:545142 utils:279 2026-08-16 11:12:16,448] Setting JobRuntime:name=UNKNOWN_NAME
[DEBUG:545142 utils:279 2026-08-16 11:12:16,448] Setting JobRuntime:name=run_monobeast
/home/ueda/workspace/Kaggle_Lux_AI_2021_Fork/.venv/lib/python3.9/site-packages/hydra/_internal/hydra.py:119: UserWarning: Future Hydra versions will no longer change working directory at job runtime by default.
See https://hydra.cc/docs/1.2/upgrades/1.1_to_1.2/changes_to_job_working_dir/ for more information.
  ret = run_job(
[[36m2026-08-16 11:12:16,612[0m][[34mroot[0m][[32mINFO[0m] - name: beat_first_place_small
project: Lux_AI_2021_strategic
entity: null
group: scratch_distill_impala
act_space: BasicActionSpace
obs_space: SurvivalStrategicObs
obs_space_kwargs: {}
reward_space: GameResultReward
reward_space_kwargs: {}
total_steps: 1000000
num_actors: 2
n_actor_envs: 16
unroll_length: 16
batch_size: 4
discounting: 0.999
model_arch: survival_strategic
n_blocks: 6
attention_blocks: 4
n_heads: 6
hidden_dim: 48
embedding_dim: 16
n_merge_layers: 1
normalize: false
sum_player_embeddings: false
use_index_select: false
rescale_value_input: true
rescale_se_input: true
kernel_size: 5
optimizer_class: Adam
optimizer_kwargs:
  lr: 5.0e-05
  eps: 0.0003
min_lr_mod: 0.01
entropy_cost: 0.0002
baseline_cost: 1.0
teacher_kl_cost: 0.005
teacher_kl_cost_start: 0.01
teacher_kl_cost_end: 0.001
teacher_kl_decay_steps: 20000000
teacher_kl_delay_steps: 0
teacher_baseline_cost: 0.0
actor_policy_tta_rot180: true
teacher_policy_tta_rot180: true
lmb: 0.9
reduction: sum
use_teacher: false
teacher_load_dir: /home/ueda/workspace/Kaggle_Lux_AI_2021_Fork/outputs/distill_small
teacher_checkpoint_file: best.pt
league_enabled: true
league_config_version: 2
league_opponents:
- name: selfplay
  kind: selfplay
  weight: 0.2
- name: first_place
  kind: teacher
  weight: 0.8
  config: /home/ueda/workspace/Kaggle_Lux_AI_2021_Fork/internal_testing/hall_of_fame/11-24_12-56-23_062179520_must_research/lux_ai/rl_agent/config.yaml
  checkpoint: /home/ueda/workspace/Kaggle_Lux_AI_2021_Fork/internal_testing/hall_of_fame/11-24_12-56-23_062179520_must_research/lux_ai/rl_agent/062179520_weights.pt
actor_device: cuda:0
learner_device: cuda:0
disable_wandb: true
model_log_freq: 100
sharing_strategy: file_descriptor
seed: 2021
num_buffers: 4
use_mixed_precision: true
actor_mixed_precision: false
clip_grads: 10.0
checkpoint_freq: 5.0
num_learner_threads: 1
debug: false
weights_only: true
n_value_warmup_batches: 0
behavior_kl_target: null
behavior_kl_auto_steps: 20000
behavior_kl_dual_lr: 0.05
behavior_kl_abort_multiplier: 4.0
value_critic: scalar
value_num_bins: 101
value_support_min: -2.0
value_support_max: 2.0
value_hl_gauss_sigma_ratio: 0.75
state_curriculum_enabled: false
snapshot_start_probability: 0.3
snapshot_pool_capacity: 2048
snapshot_capture_interval: 16
collision_penalty_cost: 0.0
collision_penalty_ramp_start: 0.0
collision_penalty_ramp_end: 0.0
collision_penalty_ramp_steps: 50000
load_dir: /home/ueda/workspace/Kaggle_Lux_AI_2021_Fork/outputs/distill_small
checkpoint_file: best.pt
teacher_kl_cost_floor: 0.0
reward_config_version: 0
objective_config_version: 0
league_sampling: fixed
pfsp_power: 2.0
pfsp_teacher_floor: 0.15
pfsp_exploration: 0.02
pfsp_prior_games: 20
learner_snapshot_interval_steps: 250000
loss_normalization: legacy
normalize_advantages: false
advantage_clip: 5.0
rule_aux_enabled: false
rule_aux_cost: 0.02
rule_aux_strategy: economy
intent_aux_enabled: false
intent_aux_cost: 0.01
intent_head_only_finetune: false
stop_after_step: null
verify_model_updates: true
[0m
[[36m2026-08-16 11:12:18,222[0m][[34mroot[0m][[32mINFO[0m] - Training model with 976,161 parameters.[0m
Gym has been unmaintained since 2022 and does not support NumPy 2.0 amongst other critical functionality.
Please upgrade to Gymnasium, the maintained drop-in replacement of Gym, or contact the authors of your software and request that they upgrade.
Users of this version of Gym should be able to simply replace 'import gym' with 'import gymnasium as gym' in the vast majority of cases.
See the migration guide at https://gymnasium.farama.org/introduction/migration_guide/ for additional information.
/home/ueda/workspace/Kaggle_Lux_AI_2021_Fork/run_monobeast.py:95: Hydra14MigrationWarning: 
The version_base parameter is not specified.
Hydra will assume defaults for version 1.1.
Hydra 1.4 will remove this compatibility behavior.
Before upgrading to Hydra 1.4, set version_base="1.3" and test your application.
See https://hydra.cc/docs/upgrades/1.3_to_1.4/prepare_for_1_4/ for preparation instructions.
  @hydra.main(config_path="conf", config_name="resume_config")
[INFO:545376 monobeast:577 2026-08-16 11:12:19,698] Actor 0 started.
[INFO:545376 monobeast:499 2026-08-16 11:12:20,829] Actor league loaded first_place from /home/ueda/workspace/Kaggle_Lux_AI_2021_Fork/internal_testing/hall_of_fame/11-24_12-56-23_062179520_must_research/lux_ai/rl_agent/062179520_weights.pt
Gym has been unmaintained since 2022 and does not support NumPy 2.0 amongst other critical functionality.
Please upgrade to Gymnasium, the maintained drop-in replacement of Gym, or contact the authors of your software and request that they upgrade.
Users of this version of Gym should be able to simply replace 'import gym' with 'import gymnasium as gym' in the vast majority of cases.
See the migration guide at https://gymnasium.farama.org/introduction/migration_guide/ for additional information.
/home/ueda/workspace/Kaggle_Lux_AI_2021_Fork/run_monobeast.py:95: Hydra14MigrationWarning: 
The version_base parameter is not specified.
Hydra will assume defaults for version 1.1.
Hydra 1.4 will remove this compatibility behavior.
Before upgrading to Hydra 1.4, set version_base="1.3" and test your application.
See https://hydra.cc/docs/upgrades/1.3_to_1.4/prepare_for_1_4/ for preparation instructions.
  @hydra.main(config_path="conf", config_name="resume_config")
[INFO:545441 monobeast:577 2026-08-16 11:12:21,778] Actor 1 started.
[INFO:545441 monobeast:499 2026-08-16 11:12:22,849] Actor league loaded first_place from /home/ueda/workspace/Kaggle_Lux_AI_2021_Fork/internal_testing/hall_of_fame/11-24_12-56-23_062179520_must_research/lux_ai/rl_agent/062179520_weights.pt
[[36m2026-08-16 11:12:22,908[0m][[34mroot[0m][[33mWARNING[0m] - flags.teacher_kl_cost is 0.005, but use_teacher is False. Setting flags.teacher_kl_cost to 0.[0m
[[36m2026-08-16 11:12:27,918[0m][[34mroot[0m][[32mINFO[0m] - Steps 0 @ 0.0 SPS / 0.0 BPS. Stats:
{}[0m
[[36m2026-08-16 11:12:27,942[0m][[34mroot[0m][[32mINFO[0m] - Verified learner-to-actor model synchronization: max_abs_diff=0[0m
[[36m2026-08-16 11:12:32,923[0m][[34mroot[0m][[32mINFO[0m] - Steps 768 @ 153.5 SPS / 2.4 BPS. Stats:
{'Actions': {'cart': {'MOVE': nan, 'NO-OP': nan, 'TRANSFER': nan},
             'city_tile': {'BUILD_CART': nan,
                           'BUILD_WORKER': nan,
                           'NO-OP': nan,
                           'RESEARCH': nan},
             'worker': {'BUILD_CITY': nan,
                        'MOVE': nan,
                        'NO-OP': nan,
                        'PILLAGE': nan,
                        'TRANSFER': nan}},
 'Active_Entities': {'cart': 0, 'city_tile': 65, 'worker': 315},
 'Behavior_Policy': {'actor_version_max': 512,
                     'actor_version_min': 0,
                     'beta': 0.0,
                     'buffer_lag_max': 704,
                     'ema_kl': None,
                     'forward_kl': 0.04408544301986694,
                     'learner_version': 704,
                     'log_rho_max': 1.638218879699707,
                     'log_rho_mean': -0.06356070935726166,
                     'log_rho_p95': 0.9048298001289368,
                     'reverse_kl': 0.044862594455480576,
                     'target': None,
                     'vtrace_rho_clipped_fraction': 0.28125},
 'Entropy': {'cart': -0.0,
             'city_tile': 0.2945742607116699,
             'overall': 0.807275116443634,
             'worker': 0.5127008557319641},
 'Env': {'carts_final': nan,
         'carts_peak': nan,
         'city_tiles_final': nan,
         'city_tiles_peak': nan,
         'max_cumulative_rewards': nan,
         'mean_cumulative_reward_magnitudes': nan,
         'mean_cumulative_rewards': nan,
         'research_points': nan,
         'separate_cities_final': nan,
         'separate_cities_peak': nan,
         'step': nan,
         'workers_final': nan,
         'workers_peak': nan},
 'Gradient': {'clipped': 1.0, 'norm_before_clip': 20.137956619262695},
 'Intent': {'accuracy': nan,
            'target_build': 0,
            'target_deliver': 0,
            'target_mine': 0,
            'target_return': 0},
 'Loss': {'baseline_loss': 0.019314995035529137,
          'behavior_kl_loss': 0.0,
          'entropy_loss': -0.03612961620092392,
          'intent_aux_loss': 0.0,
          'rule_aux_loss': 0.0,
          'teacher_baseline_loss': 0.0,
          'teacher_kl_loss': 0.0,
          'total_loss': 0.5990957617759705,
          'upgo_pg_loss': 0.8574035167694092,
          'vtrace_pg_loss': -0.24149316549301147},
 'Misc': {'actor_policy_tta_rot180': 1.0,
          'league_opponents': {'first_place': 0.75, 'selfplay': 0.25},
          'learning_rate': 4.9965152e-05,
          'teacher_kl_cost': 0.0,
          'teacher_policy_tta_rot180': 1.0,
          'total_games_played': 0},
 'Normalized_Entropy': {'cart': 0.0,
                        'city_tile': 0.26656994223594666,
                        'overall': 0.31556394500167745,
                        'worker': 0.32567381858825684},
 'Teacher_KL_Divergence': {'cart': 0.0,
                           'city_tile': 0.0,
                           'overall': 0.0,
                           'worker': 0.0},
 'Value': {'bias': -3.0122464522719383e-09,
           'explained_variance': 0.3117501735687256,
           'support_outside_fraction': 0.0,
           'target_std': 0.029071323573589325}}[0m
[[36m2026-08-16 11:12:37,928[0m][[34mroot[0m][[32mINFO[0m] - Steps 1280 @ 102.3 SPS / 1.6 BPS. Stats:
{'Actions': {'cart': {'MOVE': nan, 'NO-OP': nan, 'TRANSFER': nan},
             'city_tile': {'BUILD_CART': nan,
                           'BUILD_WORKER': nan,
                           'NO-OP': nan,
                           'RESEARCH': nan},
             'worker': {'BUILD_CITY': nan,
                        'MOVE': nan,
                        'NO-OP': nan,
                        'PILLAGE': nan,
                        'TRANSFER': nan}},
 'Active_Entities': {'cart': 0, 'city_tile': 68, 'worker': 421},
 'Behavior_Policy': {'actor_version_max': 1024,
                     'actor_version_min': 512,
                     'beta': 0.0,
                     'buffer_lag_max': 704,
                     'ema_kl': None,
                     'forward_kl': 0.0421498604118824,
                     'learner_version': 1216,
                     'log_rho_max': 1.3166656494140625,
                     'log_rho_mean': -0.14021934568881989,
                     'log_rho_p95': 0.8054693937301636,
                     'reverse_kl': 0.041958291083574295,
                     'target': None,
                     'vtrace_rho_clipped_fraction': 0.2578125},
 'Entropy': {'cart': -0.0,
             'city_tile': 0.20026765763759613,
             'overall': 0.6050779670476913,
             'worker': 0.4048103094100952},
 'Env': {'carts_final': nan,
         'carts_peak': nan,
         'city_tiles_final': nan,
         'city_tiles_peak': nan,
         'max_cumulative_rewards': nan,
         'mean_cumulative_reward_magnitudes': nan,
         'mean_cumulative_rewards': nan,
         'research_points': nan,
         'separate_cities_final': nan,
         'separate_cities_peak': nan,
         'step': nan,
         'workers_final': nan,
         'workers_peak': nan},
 'Gradient': {'clipped': 1.0, 'norm_before_clip': 21.272634506225586},
 'Intent': {'accuracy': nan,
            'target_build': 0,
            'target_deliver': 0,
            'target_mine': 0,
            'target_return': 0},
 'Loss': {'baseline_loss': 0.010216478258371353,
          'behavior_kl_loss': 0.0,
          'entropy_loss': -0.036808665841817856,
          'intent_aux_loss': 0.0,
          'rule_aux_loss': 0.0,
          'teacher_baseline_loss': 0.0,
          'teacher_kl_loss': 0.0,
          'total_loss': 1.7062509059906006,
          'upgo_pg_loss': 1.58364999294281,
          'vtrace_pg_loss': 0.14919300377368927},
 'Misc': {'actor_policy_tta_rot180': 1.0,
          'league_opponents': {'first_place': 0.75, 'selfplay': 0.25},
          'learning_rate': 4.993980800000001e-05,
          'teacher_kl_cost': 0.0,
          'teacher_policy_tta_rot180': 1.0,
          'total_games_played': 0},
 'Normalized_Entropy': {'cart': 0.0,
                        'city_tile': 0.21364304423332214,
                        'overall': 0.2531185168430118,
                        'worker': 0.2594946026802063},
 'Teacher_KL_Divergence': {'cart': 0.0,
                           'city_tile': 0.0,
                           'overall': 0.0,
                           'worker': 0.0},
 'Value': {'bias': 7.174094207584858e-09,
           'explained_variance': 0.8405225872993469,
           'support_outside_fraction': 0.0,
           'target_std': 0.042999234050512314}}[0m
[[36m2026-08-16 11:12:42,934[0m][[34mroot[0m][[32mINFO[0m] - Steps 1856 @ 115.1 SPS / 1.8 BPS. Stats:
{'Actions': {'cart': {'MOVE': nan, 'NO-OP': nan, 'TRANSFER': nan},
             'city_tile': {'BUILD_CART': nan,
                           'BUILD_WORKER': nan,
                           'NO-OP': nan,
                           'RESEARCH': nan},
             'worker': {'BUILD_CITY': nan,
                        'MOVE': nan,
                        'NO-OP': nan,
                        'PILLAGE': nan,
                        'TRANSFER': nan}},
 'Active_Entities': {'cart': 0, 'city_tile': 105, 'worker': 434},
 'Behavior_Policy': {'actor_version_max': 1664,
                     'actor_version_min': 1152,
                     'beta': 0.0,
                     'buffer_lag_max': 640,
                     'ema_kl': None,
                     'forward_kl': 0.043180499225854874,
                     'learner_version': 1792,
                     'log_rho_max': 1.0821237564086914,
                     'log_rho_mean': -0.266839861869812,
                     'log_rho_p95': 0.42317628860473633,
                     'reverse_kl': 0.04673382267355919,
                     'target': None,
                     'vtrace_rho_clipped_fraction': 0.1484375},
 'Entropy': {'cart': -0.0,
             'city_tile': 0.42579373717308044,
             'overall': 1.033200889825821,
             'worker': 0.6074071526527405},
 'Env': {'carts_final': nan,
         'carts_peak': nan,
         'city_tiles_final': nan,
         'city_tiles_peak': nan,
         'max_cumulative_rewards': nan,
         'mean_cumulative_reward_magnitudes': nan,
         'mean_cumulative_rewards': nan,
         'research_points': nan,
         'separate_cities_final': nan,
         'separate_cities_peak': nan,
         'step': nan,
         'workers_final': nan,
         'workers_peak': nan},
 'Gradient': {'clipped': 1.0, 'norm_before_clip': 13.849088668823242},
 'Intent': {'accuracy': nan,
            'target_build': 0,
            'target_deliver': 0,
            'target_mine': 0,
            'target_return': 0},
 'Loss': {'baseline_loss': 0.018625175580382347,
          'behavior_kl_loss': 0.0,
          'entropy_loss': -0.06166461110115051,
          'intent_aux_loss': 0.0,
          'rule_aux_loss': 0.0,
          'teacher_baseline_loss': 0.0,
          'teacher_kl_loss': 0.0,
          'total_loss': 1.537657618522644,
          'upgo_pg_loss': 1.39579439163208,
          'vtrace_pg_loss': 0.18490272760391235},
 'Misc': {'actor_policy_tta_rot180': 1.0,
          'league_opponents': {'first_place': 1.0, 'selfplay': 0.0},
          'learning_rate': 4.9911296e-05,
          'teacher_kl_cost': 0.0,
          'teacher_policy_tta_rot180': 1.0,
          'total_games_played': 0},
 'Normalized_Entropy': {'cart': 0.0,
                        'city_tile': 0.4635208249092102,
                        'overall': 0.406225619378028,
                        'worker': 0.39236387610435486},
 'Teacher_KL_Divergence': {'cart': 0.0,
                           'city_tile': 0.0,
                           'overall': 0.0,
                           'worker': 0.0},
 'Value': {'bias': 9.487848728895187e-09,
           'explained_variance': 0.8261597156524658,
           'support_outside_fraction': 0.0,
           'target_std': 0.05786287412047386}}[0m
[[36m2026-08-16 11:12:47,939[0m][[34mroot[0m][[32mINFO[0m] - Steps 2368 @ 102.3 SPS / 1.6 BPS. Stats:
{'Actions': {'cart': {'MOVE': nan, 'NO-OP': nan, 'TRANSFER': nan},
             'city_tile': {'BUILD_CART': nan,
                           'BUILD_WORKER': nan,
                           'NO-OP': nan,
                           'RESEARCH': nan},
             'worker': {'BUILD_CITY': nan,
                        'MOVE': nan,
                        'NO-OP': nan,
                        'PILLAGE': nan,
                        'TRANSFER': nan}},
 'Active_Entities': {'cart': 0, 'city_tile': 106, 'worker': 504},
 'Behavior_Policy': {'actor_version_max': 2176,
                     'actor_version_min': 1728,
                     'beta': 0.0,
                     'buffer_lag_max': 576,
                     'ema_kl': None,
                     'forward_kl': 0.03882329910993576,
                     'learner_version': 2304,
                     'log_rho_max': 1.9302921295166016,
                     'log_rho_mean': -0.14843952655792236,
                     'log_rho_p95': 0.3901951313018799,
                     'reverse_kl': 0.044865548610687256,
                     'target': None,
                     'vtrace_rho_clipped_fraction': 0.1640625},
 'Entropy': {'cart': -0.0,
             'city_tile': 0.6204593777656555,
             'overall': 1.38577401638031,
             'worker': 0.7653146386146545},
 'Env': {'carts_final': nan,
         'carts_peak': nan,
         'city_tiles_final': nan,
         'city_tiles_peak': nan,
         'max_cumulative_rewards': nan,
         'mean_cumulative_reward_magnitudes': nan,
         'mean_cumulative_rewards': nan,
         'research_points': nan,
         'separate_cities_final': nan,
         'separate_cities_peak': nan,
         'step': nan,
         'workers_final': nan,
         'workers_peak': nan},
 'Gradient': {'clipped': 1.0, 'norm_before_clip': 82.22341918945312},
 'Intent': {'accuracy': nan,
            'target_build': 0,
            'target_deliver': 0,
            'target_mine': 0,
            'target_return': 0},
 'Loss': {'baseline_loss': 0.12786787748336792,
          'behavior_kl_loss': 0.0,
          'entropy_loss': -0.09029744565486908,
          'intent_aux_loss': 0.0,
          'rule_aux_loss': 0.0,
          'teacher_baseline_loss': 0.0,
          'teacher_kl_loss': 0.0,
          'total_loss': 25.18560028076172,
          'upgo_pg_loss': 15.25147533416748,
          'vtrace_pg_loss': 9.896553039550781},
 'Misc': {'actor_policy_tta_rot180': 1.0,
          'league_opponents': {'first_place': 1.0, 'selfplay': 0.0},
          'learning_rate': 4.9885952000000005e-05,
          'teacher_kl_cost': 0.0,
          'teacher_policy_tta_rot180': 1.0,
          'total_games_played': 0},
 'Normalized_Entropy': {'cart': 0.0,
                        'city_tile': 0.6576918959617615,
                        'overall': 0.5186182856559753,
                        'worker': 0.4893686771392822},
 'Teacher_KL_Divergence': {'cart': 0.0,
                           'city_tile': 0.0,
                           'overall': 0.0,
                           'worker': 0.0},
 'Value': {'bias': 0.0,
           'explained_variance': 0.7959728837013245,
           'support_outside_fraction': 0.0,
           'target_std': 0.13994643092155457}}[0m
[[36m2026-08-16 11:12:52,944[0m][[34mroot[0m][[32mINFO[0m] - Steps 2816 @ 89.5 SPS / 1.4 BPS. Stats:
{'Actions': {'cart': {'MOVE': nan, 'NO-OP': nan, 'TRANSFER': nan},
             'city_tile': {'BUILD_CART': nan,
                           'BUILD_WORKER': nan,
                           'NO-OP': nan,
                           'RESEARCH': nan},
             'worker': {'BUILD_CITY': nan,
                        'MOVE': nan,
                        'NO-OP': nan,
                        'PILLAGE': nan,
                        'TRANSFER': nan}},
 'Active_Entities': {'cart': 0, 'city_tile': 179, 'worker': 849},
 'Behavior_Policy': {'actor_version_max': 2560,
                     'actor_version_min': 2048,
                     'beta': 0.0,
                     'buffer_lag_max': 704,
                     'ema_kl': None,
                     'forward_kl': 0.04255211725831032,
                     'learner_version': 2752,
                     'log_rho_max': 2.6415762901306152,
                     'log_rho_mean': -0.556072473526001,
                     'log_rho_p95': 0.5269557237625122,
                     'reverse_kl': 0.04320624843239784,
                     'target': None,
                     'vtrace_rho_clipped_fraction': 0.15625},
 'Entropy': {'cart': -0.0,
             'city_tile': 0.48706746101379395,
             'overall': 1.1164097785949707,
             'worker': 0.6293423175811768},
 'Env': {'carts_final': nan,
         'carts_peak': nan,
         'city_tiles_final': nan,
         'city_tiles_peak': nan,
         'max_cumulative_rewards': nan,
         'mean_cumulative_reward_magnitudes': nan,
         'mean_cumulative_rewards': nan,
         'research_points': nan,
         'separate_cities_final': nan,
         'separate_cities_peak': nan,
         'step': nan,
         'workers_final': nan,
         'workers_peak': nan},
 'Gradient': {'clipped': 1.0, 'norm_before_clip': 36.2591438293457},
 'Intent': {'accuracy': nan,
            'target_build': 0,
            'target_deliver': 0,
            'target_mine': 0,
            'target_return': 0},
 'Loss': {'baseline_loss': 0.049034129828214645,
          'behavior_kl_loss': 0.0,
          'entropy_loss': -0.12429933995008469,
          'intent_aux_loss': 0.0,
          'rule_aux_loss': 0.0,
          'teacher_baseline_loss': 0.0,
          'teacher_kl_loss': 0.0,
          'total_loss': 5.646202564239502,
          'upgo_pg_loss': 5.588535785675049,
          'vtrace_pg_loss': 0.13293230533599854},
 'Misc': {'actor_policy_tta_rot180': 1.0,
          'league_opponents': {'first_place': 0.75, 'selfplay': 0.25},
          'learning_rate': 4.9863776e-05,
          'teacher_kl_cost': 0.0,
          'teacher_policy_tta_rot180': 1.0,
          'total_games_played': 0},
 'Normalized_Entropy': {'cart': 0.0,
                        'city_tile': 0.555205762386322,
                        'overall': 0.4176245145644659,
                        'worker': 0.3886173963546753},
 'Teacher_KL_Divergence': {'cart': 0.0,
                           'city_tile': 0.0,
                           'overall': 0.0,
                           'worker': 0.0},
 'Value': {'bias': 4.94765117764473e-09,
           'explained_variance': 0.8171938061714172,
           'support_outside_fraction': 0.0,
           'target_std': 0.0885196402668953}}[0m
[[36m2026-08-16 11:12:57,950[0m][[34mroot[0m][[32mINFO[0m] - Steps 3264 @ 89.5 SPS / 1.4 BPS. Stats:
{'Actions': {'cart': {'MOVE': nan, 'NO-OP': nan, 'TRANSFER': nan},
             'city_tile': {'BUILD_CART': nan,
                           'BUILD_WORKER': nan,
                           'NO-OP': nan,
                           'RESEARCH': nan},
             'worker': {'BUILD_CITY': nan,
                        'MOVE': nan,
                        'NO-OP': nan,
                        'PILLAGE': nan,
                        'TRANSFER': nan}},
 'Active_Entities': {'cart': 0, 'city_tile': 144, 'worker': 622},
 'Behavior_Policy': {'actor_version_max': 3072,
                     'actor_version_min': 2560,
                     'beta': 0.0,
                     'buffer_lag_max': 640,
                     'ema_kl': None,
                     'forward_kl': 0.0318729393184185,
                     'learner_version': 3200,
                     'log_rho_max': 1.6578283309936523,
                     'log_rho_mean': -0.20130538940429688,
                     'log_rho_p95': 0.45116662979125977,
                     'reverse_kl': 0.03422298654913902,
                     'target': None,
                     'vtrace_rho_clipped_fraction': 0.140625},
 'Entropy': {'cart': -0.0,
             'city_tile': 0.47492143511772156,
             'overall': 1.2599562108516693,
             'worker': 0.7850347757339478},
 'Env': {'carts_final': nan,
         'carts_peak': nan,
         'city_tiles_final': nan,
         'city_tiles_peak': nan,
         'max_cumulative_rewards': nan,
         'mean_cumulative_reward_magnitudes': nan,
         'mean_cumulative_rewards': nan,
         'research_points': nan,
         'separate_cities_final': nan,
         'separate_cities_peak': nan,
         'step': nan,
         'workers_final': nan,
         'workers_peak': nan},
 'Gradient': {'clipped': 1.0, 'norm_before_clip': 59.6484375},
 'Intent': {'accuracy': nan,
            'target_build': 0,
            'target_deliver': 0,
            'target_mine': 0,
            'target_return': 0},
 'Loss': {'baseline_loss': 0.05938372015953064,
          'behavior_kl_loss': 0.0,
          'entropy_loss': -0.11133605986833572,
          'intent_aux_loss': 0.0,
          'rule_aux_loss': 0.0,
          'teacher_baseline_loss': 0.0,
          'teacher_kl_loss': 0.0,
          'total_loss': 6.298927307128906,
          'upgo_pg_loss': 6.734221458435059,
          'vtrace_pg_loss': -0.38334202766418457},
 'Misc': {'actor_policy_tta_rot180': 1.0,
          'league_opponents': {'first_place': 1.0, 'selfplay': 0.0},
          'learning_rate': 4.984160000000001e-05,
          'teacher_kl_cost': 0.0,
          'teacher_policy_tta_rot180': 1.0,
          'total_games_played': 0},
 'Normalized_Entropy': {'cart': 0.0,
                        'city_tile': 0.5395908951759338,
                        'overall': 0.49740789017540354,
                        'worker': 0.4876420497894287},
 'Teacher_KL_Divergence': {'cart': 0.0,
                           'city_tile': 0.0,
                           'overall': 0.0,
                           'worker': 0.0},
 'Value': {'bias': 8.149072527885437e-10,
           'explained_variance': 0.787399411201477,
           'support_outside_fraction': 0.0,
           'target_std': 0.09342789649963379}}[0m
[[36m2026-08-16 11:13:02,955[0m][[34mroot[0m][[32mINFO[0m] - Steps 3712 @ 89.5 SPS / 1.4 BPS. Stats:
{'Actions': {'cart': {'MOVE': nan, 'NO-OP': nan, 'TRANSFER': nan},
             'city_tile': {'BUILD_CART': nan,
                           'BUILD_WORKER': nan,
                           'NO-OP': nan,
                           'RESEARCH': nan},
             'worker': {'BUILD_CITY': nan,
                        'MOVE': nan,
                        'NO-OP': nan,
                        'PILLAGE': nan,
                        'TRANSFER': nan}},
 'Active_Entities': {'cart': 1, 'city_tile': 223, 'worker': 696},
 'Behavior_Policy': {'actor_version_max': 3584,
                     'actor_version_min': 3072,
                     'beta': 0.0,
                     'buffer_lag_max': 576,
                     'ema_kl': None,
                     'forward_kl': 0.015652649104595184,
                     'learner_version': 3648,
                     'log_rho_max': 1.1428203582763672,
                     'log_rho_mean': -0.1507173329591751,
                     'log_rho_p95': 0.5398473739624023,
                     'reverse_kl': 0.016215160489082336,
                     'target': None,
                     'vtrace_rho_clipped_fraction': 0.3046875},
 'Entropy': {'cart': 1.3625409603118896,
             'city_tile': 0.5279824733734131,
             'overall': 2.9339563846588135,
             'worker': 1.0434329509735107},
 'Env': {'carts_final': nan,
         'carts_peak': nan,
         'city_tiles_final': nan,
         'city_tiles_peak': nan,
         'max_cumulative_rewards': nan,
         'mean_cumulative_reward_magnitudes': nan,
         'mean_cumulative_rewards': nan,
         'research_points': nan,
         'separate_cities_final': nan,
         'separate_cities_peak': nan,
         'step': nan,
         'workers_final': nan,
         'workers_peak': nan},
 'Gradient': {'clipped': 1.0, 'norm_before_clip': 67.2157974243164},
 'Intent': {'accuracy': nan,
            'target_build': 0,
            'target_deliver': 0,
            'target_mine': 0,
            'target_return': 0},
 'Loss': {'baseline_loss': 0.12199874967336655,
          'behavior_kl_loss': 0.0,
          'entropy_loss': -0.1690663993358612,
          'intent_aux_loss': 0.0,
          'rule_aux_loss': 0.0,
          'teacher_baseline_loss': 0.0,
          'teacher_kl_loss': 0.0,
          'total_loss': 18.39247703552246,
          'upgo_pg_loss': 17.282310485839844,
          'vtrace_pg_loss': 1.1572346687316895},
 'Misc': {'actor_policy_tta_rot180': 1.0,
          'league_opponents': {'first_place': 0.5, 'selfplay': 0.5},
          'learning_rate': 4.9819424000000005e-05,
          'teacher_kl_cost': 0.0,
          'teacher_policy_tta_rot180': 1.0,
          'total_games_played': 0},
 'Normalized_Entropy': {'cart': 0.9828655123710632,
                        'city_tile': 0.6530036330223083,
                        'overall': 0.6561244371144668,
                        'worker': 0.6566548943519592},
 'Teacher_KL_Divergence': {'cart': 0.0,
                           'city_tile': 0.0,
                           'overall': 0.0,
                           'worker': 0.0},
 'Value': {'bias': -1.4551915228366852e-08,
           'explained_variance': 0.9702839255332947,
           'support_outside_fraction': 0.0,
           'target_std': 0.30293774604797363}}[0m
[[36m2026-08-16 11:13:07,961[0m][[34mroot[0m][[32mINFO[0m] - Steps 4160 @ 89.5 SPS / 1.4 BPS. Stats:
{'Actions': {'cart': {'MOVE': nan, 'NO-OP': nan, 'TRANSFER': nan},
             'city_tile': {'BUILD_CART': nan,
                           'BUILD_WORKER': nan,
                           'NO-OP': nan,
                           'RESEARCH': nan},
             'worker': {'BUILD_CITY': nan,
                        'MOVE': nan,
                        'NO-OP': nan,
                        'PILLAGE': nan,
                        'TRANSFER': nan}},
 'Active_Entities': {'cart': 0, 'city_tile': 35, 'worker': 281},
 'Behavior_Policy': {'actor_version_max': 4096,
                     'actor_version_min': 3584,
                     'beta': 0.0,
                     'buffer_lag_max': 512,
                     'ema_kl': None,
                     'forward_kl': 0.007536063902080059,
                     'learner_version': 4096,
                     'log_rho_max': 0.9140491485595703,
                     'log_rho_mean': -0.024792220443487167,
                     'log_rho_p95': 0.15835557878017426,
                     'reverse_kl': 0.007450945675373077,
                     'target': None,
                     'vtrace_rho_clipped_fraction': 0.1953125},
 'Entropy': {'cart': -0.0,
             'city_tile': 0.4702664017677307,
             'overall': 1.2879262566566467,
             'worker': 0.817659854888916},
 'Env': {'carts_final': nan,
         'carts_peak': nan,
         'city_tiles_final': nan,
         'city_tiles_peak': nan,
         'max_cumulative_rewards': nan,
         'mean_cumulative_reward_magnitudes': nan,
         'mean_cumulative_rewards': nan,
         'research_points': nan,
         'separate_cities_final': nan,
         'separate_cities_peak': nan,
         'step': nan,
         'workers_final': nan,
         'workers_peak': nan},
 'Gradient': {'clipped': 0.0, 'norm_before_clip': 7.124973297119141},
 'Intent': {'accuracy': nan,
            'target_build': 0,
            'target_deliver': 0,
            'target_mine': 0,
            'target_return': 0},
 'Loss': {'baseline_loss': 0.003847376676276326,
          'behavior_kl_loss': 0.0,
          'entropy_loss': -0.04924434795975685,
          'intent_aux_loss': 0.0,
          'rule_aux_loss': 0.0,
          'teacher_baseline_loss': 0.0,
          'teacher_kl_loss': 0.0,
          'total_loss': 3.586360216140747,
          'upgo_pg_loss': 1.9228310585021973,
          'vtrace_pg_loss': 1.7089263200759888},
 'Misc': {'actor_policy_tta_rot180': 1.0,
          'league_opponents': {'first_place': 1.0, 'selfplay': 0.0},
          'learning_rate': 4.9797248e-05,
          'teacher_kl_cost': 0.0,
          'teacher_policy_tta_rot180': 1.0,
          'total_games_played': 0},
 'Normalized_Entropy': {'cart': 0.0,
                        'city_tile': 0.6784511208534241,
                        'overall': 0.5714246626896194,
                        'worker': 0.5580939650535583},
 'Teacher_KL_Divergence': {'cart': 0.0,
                           'city_tile': 0.0,
                           'overall': 0.0,
                           'worker': 0.0},
 'Value': {'bias': 9.546056389808655e-09,
           'explained_variance': 0.9994130730628967,
           'support_outside_fraction': 0.0,
           'target_std': 0.4525953233242035}}[0m
[[36m2026-08-16 11:13:12,966[0m][[34mroot[0m][[32mINFO[0m] - Steps 4608 @ 89.5 SPS / 1.4 BPS. Stats:
{'Actions': {'cart': {'MOVE': nan, 'NO-OP': nan, 'TRANSFER': nan},
             'city_tile': {'BUILD_CART': nan,
                           'BUILD_WORKER': nan,
                           'NO-OP': nan,
                           'RESEARCH': nan},
             'worker': {'BUILD_CITY': nan,
                        'MOVE': nan,
                        'NO-OP': nan,
                        'PILLAGE': nan,
                        'TRANSFER': nan}},
 'Active_Entities': {'cart': 12, 'city_tile': 137, 'worker': 603},
 'Behavior_Policy': {'actor_version_max': 4352,
                     'actor_version_min': 3840,
                     'beta': 0.0,
                     'buffer_lag_max': 704,
                     'ema_kl': None,
                     'forward_kl': 0.013644619844853878,
                     'learner_version': 4544,
                     'log_rho_max': 1.1901235580444336,
                     'log_rho_mean': -0.08425389230251312,
                     'log_rho_p95': 0.49334725737571716,
                     'reverse_kl': 0.014643284492194653,
                     'target': None,
                     'vtrace_rho_clipped_fraction': 0.296875},
 'Entropy': {'cart': 1.3523465394973755,
             'city_tile': 0.2872794568538666,
             'overall': 2.6717803180217743,
             'worker': 1.0321543216705322},
 'Env': {'carts_final': nan,
         'carts_peak': nan,
         'city_tiles_final': nan,
         'city_tiles_peak': nan,
         'max_cumulative_rewards': nan,
         'mean_cumulative_reward_magnitudes': nan,
         'mean_cumulative_rewards': nan,
         'research_points': nan,
         'separate_cities_final': nan,
         'separate_cities_peak': nan,
         'step': nan,
         'workers_final': nan,
         'workers_peak': nan},
 'Gradient': {'clipped': 1.0, 'norm_before_clip': 23.796772003173828},
 'Intent': {'accuracy': nan,
            'target_build': 0,
            'target_deliver': 0,
            'target_mine': 0,
            'target_return': 0},
 'Loss': {'baseline_loss': 0.019430339336395264,
          'behavior_kl_loss': 0.0,
          'entropy_loss': -0.13559488952159882,
          'intent_aux_loss': 0.0,
          'rule_aux_loss': 0.0,
          'teacher_baseline_loss': 0.0,
          'teacher_kl_loss': 0.0,
          'total_loss': 11.354607582092285,
          'upgo_pg_loss': 7.966927528381348,
          'vtrace_pg_loss': 3.50384521484375},
 'Misc': {'actor_policy_tta_rot180': 1.0,
          'league_opponents': {'first_place': 0.75, 'selfplay': 0.25},
          'learning_rate': 4.9775072e-05,
          'teacher_kl_cost': 0.0,
          'teacher_policy_tta_rot180': 1.0,
          'total_games_played': 0},
 'Normalized_Entropy': {'cart': 0.8690621852874756,
                        'city_tile': 0.3823821246623993,
                        'overall': 0.6185689981075677,
                        'worker': 0.667245090007782},
 'Teacher_KL_Divergence': {'cart': 0.0,
                           'city_tile': 0.0,
                           'overall': 0.0,
                           'worker': 0.0},
 'Value': {'bias': 1.1641532182693481e-10,
           'explained_variance': 0.9965824484825134,
           'support_outside_fraction': 0.0,
           'target_std': 0.35874179005622864}}[0m
[[36m2026-08-16 11:13:17,972[0m][[34mroot[0m][[32mINFO[0m] - Steps 5120 @ 102.3 SPS / 1.6 BPS. Stats:
{'Actions': {'cart': {'MOVE': nan, 'NO-OP': nan, 'TRANSFER': nan},
             'city_tile': {'BUILD_CART': nan,
                           'BUILD_WORKER': nan,
                           'NO-OP': nan,
                           'RESEARCH': nan},
             'worker': {'BUILD_CITY': nan,
                        'MOVE': nan,
                        'NO-OP': nan,
                        'PILLAGE': nan,
                        'TRANSFER': nan}},
 'Active_Entities': {'cart': 23, 'city_tile': 420, 'worker': 590},
 'Behavior_Policy': {'actor_version_max': 4800,
                     'actor_version_min': 4352,
                     'beta': 0.0,
                     'buffer_lag_max': 704,
                     'ema_kl': None,
                     'forward_kl': 0.012253924272954464,
                     'learner_version': 5056,
                     'log_rho_max': 3.3623695373535156,
                     'log_rho_mean': -0.1318359375,
                     'log_rho_p95': 0.22856417298316956,
                     'reverse_kl': 0.012539559975266457,
                     'target': None,
                     'vtrace_rho_clipped_fraction': 0.234375},
 'Entropy': {'cart': 1.3165327310562134,
             'city_tile': 0.36614444851875305,
             'overall': 2.5587370097637177,
             'worker': 0.8760598301887512},
 'Env': {'carts_final': nan,
         'carts_peak': nan,
         'city_tiles_final': nan,
         'city_tiles_peak': nan,
         'max_cumulative_rewards': nan,
         'mean_cumulative_reward_magnitudes': nan,
         'mean_cumulative_rewards': nan,
         'research_points': nan,
         'separate_cities_final': nan,
         'separate_cities_peak': nan,
         'step': nan,
         'workers_final': nan,
         'workers_peak': nan},
 'Gradient': {'clipped': 1.0, 'norm_before_clip': 49.410194396972656},
 'Intent': {'accuracy': nan,
            'target_build': 0,
            'target_deliver': 0,
            'target_mine': 0,
            'target_return': 0},
 'Loss': {'baseline_loss': 0.15468230843544006,
          'behavior_kl_loss': 0.0,
          'entropy_loss': -0.14018724858760834,
          'intent_aux_loss': 0.0,
          'rule_aux_loss': 0.0,
          'teacher_baseline_loss': 0.0,
          'teacher_kl_loss': 0.0,
          'total_loss': 4.667029857635498,
          'upgo_pg_loss': 11.98794937133789,
          'vtrace_pg_loss': -7.335414409637451},
 'Misc': {'actor_policy_tta_rot180': 1.0,
          'league_opponents': {'first_place': 0.75, 'selfplay': 0.25},
          'learning_rate': 4.9749728e-05,
          'teacher_kl_cost': 0.0,
          'teacher_policy_tta_rot180': 1.0,
          'total_games_played': 1},
 'Normalized_Entropy': {'cart': 0.8372402787208557,
                        'city_tile': 0.3687778413295746,
                        'overall': 0.48948454966503563,
                        'worker': 0.5618547797203064},
 'Teacher_KL_Divergence': {'cart': 0.0,
                           'city_tile': 0.0,
                           'overall': 0.0,
                           'worker': 0.0},
 'Value': {'bias': -1.7462298274040222e-10,
           'explained_variance': 0.9554555416107178,
           'support_outside_fraction': 0.0,
           'target_std': 0.32279929518699646}}[0m
[[36m2026-08-16 11:13:22,978[0m][[34mroot[0m][[32mINFO[0m] - Steps 5632 @ 102.3 SPS / 1.6 BPS. Stats:
{'Actions': {'cart': {'MOVE': nan, 'NO-OP': nan, 'TRANSFER': nan},
             'city_tile': {'BUILD_CART': nan,
                           'BUILD_WORKER': nan,
                           'NO-OP': nan,
                           'RESEARCH': nan},
             'worker': {'BUILD_CITY': nan,
                        'MOVE': nan,
                        'NO-OP': nan,
                        'PILLAGE': nan,
                        'TRANSFER': nan}},
 'Active_Entities': {'cart': 31, 'city_tile': 423, 'worker': 477},
 'Behavior_Policy': {'actor_version_max': 5376,
                     'actor_version_min': 4864,
                     'beta': 0.0,
                     'buffer_lag_max': 704,
                     'ema_kl': None,
                     'forward_kl': 0.02833351492881775,
                     'learner_version': 5568,
                     'log_rho_max': 1.9908571243286133,
                     'log_rho_mean': -0.05822084844112396,
                     'log_rho_p95': 0.4479582905769348,
                     'reverse_kl': 0.034238703548908234,
                     'target': None,
                     'vtrace_rho_clipped_fraction': 0.2734375},
 'Entropy': {'cart': 1.444640874862671,
             'city_tile': 0.07493159174919128,
             'overall': 2.7262836396694183,
             'worker': 1.2067111730575562},
 'Env': {'carts_final': nan,
         'carts_peak': nan,
         'city_tiles_final': nan,
         'city_tiles_peak': nan,
         'max_cumulative_rewards': nan,
         'mean_cumulative_reward_magnitudes': nan,
         'mean_cumulative_rewards': nan,
         'research_points': nan,
         'separate_cities_final': nan,
         'separate_cities_peak': nan,
         'step': nan,
         'workers_final': nan,
         'workers_peak': nan},
 'Gradient': {'clipped': 1.0, 'norm_before_clip': 42.31222915649414},
 'Intent': {'accuracy': nan,
            'target_build': 0,
            'target_deliver': 0,
            'target_mine': 0,
            'target_return': 0},
 'Loss': {'baseline_loss': 0.052219294011592865,
          'behavior_kl_loss': 0.0,
          'entropy_loss': -0.13041622936725616,
          'intent_aux_loss': 0.0,
          'rule_aux_loss': 0.0,
          'teacher_baseline_loss': 0.0,
          'teacher_kl_loss': 0.0,
          'total_loss': 19.835102081298828,
          'upgo_pg_loss': 14.559906959533691,
          'vtrace_pg_loss': 5.3533935546875},
 'Misc': {'actor_policy_tta_rot180': 1.0,
          'league_opponents': {'first_place': 0.75, 'selfplay': 0.25},
          'learning_rate': 4.9724384000000004e-05,
          'teacher_kl_cost': 0.0,
          'teacher_policy_tta_rot180': 1.0,
          'total_games_played': 1},
 'Normalized_Entropy': {'cart': 0.936637282371521,
                        'city_tile': 0.07868839055299759,
                        'overall': 0.46014739759466444,
                        'worker': 0.767455518245697},
 'Teacher_KL_Divergence': {'cart': 0.0,
                           'city_tile': 0.0,
                           'overall': 0.0,
                           'worker': 0.0},
 'Value': {'bias': -8.614733815193176e-09,
           'explained_variance': 0.9881680607795715,
           'support_outside_fraction': 0.0,
           'target_std': 0.34738221764564514}}[0m
[[36m2026-08-16 11:13:27,983[0m][[34mroot[0m][[32mINFO[0m] - Steps 6144 @ 102.3 SPS / 1.6 BPS. Stats:
{'Actions': {'cart': {'MOVE': nan, 'NO-OP': nan, 'TRANSFER': nan},
             'city_tile': {'BUILD_CART': nan,
                           'BUILD_WORKER': nan,
                           'NO-OP': nan,
                           'RESEARCH': nan},
             'worker': {'BUILD_CITY': nan,
                        'MOVE': nan,
                        'NO-OP': nan,
                        'PILLAGE': nan,
                        'TRANSFER': nan}},
 'Active_Entities': {'cart': 45, 'city_tile': 468, 'worker': 475},
 'Behavior_Policy': {'actor_version_max': 5888,
                     'actor_version_min': 5376,
                     'beta': 0.0,
                     'buffer_lag_max': 704,
                     'ema_kl': None,
                     'forward_kl': 0.00984231662005186,
                     'learner_version': 6080,
                     'log_rho_max': 1.1145801544189453,
                     'log_rho_mean': -0.056560076773166656,
                     'log_rho_p95': 0.3169798254966736,
                     'reverse_kl': 0.009946947917342186,
                     'target': None,
                     'vtrace_rho_clipped_fraction': 0.265625},
 'Entropy': {'cart': 1.4666277170181274,
             'city_tile': 0.1061386987566948,
             'overall': 2.9279158040881157,
             'worker': 1.3551493883132935},
 'Env': {'carts_final': nan,
         'carts_peak': nan,
         'city_tiles_final': nan,
         'city_tiles_peak': nan,
         'max_cumulative_rewards': nan,
         'mean_cumulative_reward_magnitudes': nan,
         'mean_cumulative_rewards': nan,
         'research_points': nan,
         'separate_cities_final': nan,
         'separate_cities_peak': nan,
         'step': nan,
         'workers_final': nan,
         'workers_peak': nan},
 'Gradient': {'clipped': 1.0, 'norm_before_clip': 22.0020751953125},
 'Intent': {'accuracy': nan,
            'target_build': 0,
            'target_deliver': 0,
            'target_mine': 0,
            'target_return': 0},
 'Loss': {'baseline_loss': 0.05821927264332771,
          'behavior_kl_loss': 0.0,
          'entropy_loss': -0.1518734246492386,
          'intent_aux_loss': 0.0,
          'rule_aux_loss': 0.0,
          'teacher_baseline_loss': 0.0,
          'teacher_kl_loss': 0.0,
          'total_loss': -3.8710436820983887,
          'upgo_pg_loss': 3.789127826690674,
          'vtrace_pg_loss': -7.566517353057861},
 'Misc': {'actor_policy_tta_rot180': 1.0,
          'league_opponents': {'first_place': 0.75, 'selfplay': 0.25},
          'learning_rate': 4.969904e-05,
          'teacher_kl_cost': 0.0,
          'teacher_policy_tta_rot180': 1.0,
          'total_games_played': 2},
 'Normalized_Entropy': {'cart': 0.9419857263565063,
                        'city_tile': 0.11260419338941574,
                        'overall': 0.513159960659168,
                        'worker': 0.8671872019767761},
 'Teacher_KL_Divergence': {'cart': 0.0,
                           'city_tile': 0.0,
                           'overall': 0.0,
                           'worker': 0.0},
 'Value': {'bias': -2.648448571562767e-09,
           'explained_variance': 0.9806846380233765,
           'support_outside_fraction': 0.0,
           'target_std': 0.3059677481651306}}[0m
[[36m2026-08-16 11:13:32,989[0m][[34mroot[0m][[32mINFO[0m] - Steps 6656 @ 102.3 SPS / 1.6 BPS. Stats:
{'Actions': {'cart': {'MOVE': nan, 'NO-OP': nan, 'TRANSFER': nan},
             'city_tile': {'BUILD_CART': nan,
                           'BUILD_WORKER': nan,
                           'NO-OP': nan,
                           'RESEARCH': nan},
             'worker': {'BUILD_CITY': nan,
                        'MOVE': nan,
                        'NO-OP': nan,
                        'PILLAGE': nan,
                        'TRANSFER': nan}},
 'Active_Entities': {'cart': 12, 'city_tile': 271, 'worker': 283},
 'Behavior_Policy': {'actor_version_max': 6400,
                     'actor_version_min': 5888,
                     'beta': 0.0,
                     'buffer_lag_max': 704,
                     'ema_kl': None,
                     'forward_kl': 0.010931114666163921,
                     'learner_version': 6592,
                     'log_rho_max': 0.9407758712768555,
                     'log_rho_mean': -0.019605614244937897,
                     'log_rho_p95': 0.19766078889369965,
                     'reverse_kl': 0.011406476609408855,
                     'target': None,
                     'vtrace_rho_clipped_fraction': 0.2421875},
 'Entropy': {'cart': 1.45965576171875,
             'city_tile': 0.16511479020118713,
             'overall': 2.951149493455887,
             'worker': 1.3263789415359497},
 'Env': {'carts_final': nan,
         'carts_peak': nan,
         'city_tiles_final': nan,
         'city_tiles_peak': nan,
         'max_cumulative_rewards': nan,
         'mean_cumulative_reward_magnitudes': nan,
         'mean_cumulative_rewards': nan,
         'research_points': nan,
         'separate_cities_final': nan,
         'separate_cities_peak': nan,
         'step': nan,
         'workers_final': nan,
         'workers_peak': nan},
 'Gradient': {'clipped': 1.0, 'norm_before_clip': 56.85784912109375},
 'Intent': {'accuracy': nan,
            'target_build': 0,
            'target_deliver': 0,
            'target_mine': 0,
            'target_return': 0},
 'Loss': {'baseline_loss': 0.08229661732912064,
          'behavior_kl_loss': 0.0,
          'entropy_loss': -0.08752544224262238,
          'intent_aux_loss': 0.0,
          'rule_aux_loss': 0.0,
          'teacher_baseline_loss': 0.0,
          'teacher_kl_loss': 0.0,
          'total_loss': 23.18125343322754,
          'upgo_pg_loss': 13.784673690795898,
          'vtrace_pg_loss': 9.401809692382812},
 'Misc': {'actor_policy_tta_rot180': 1.0,
          'league_opponents': {'first_place': 0.75, 'selfplay': 0.25},
          'learning_rate': 4.9673696e-05,
          'teacher_kl_cost': 0.0,
          'teacher_policy_tta_rot180': 1.0,
          'total_games_played': 2},
 'Normalized_Entropy': {'cart': 0.9184796214103699,
                        'city_tile': 0.13461117446422577,
                        'overall': 0.5072035744470337,
                        'worker': 0.8465577363967896},
 'Teacher_KL_Divergence': {'cart': 0.0,
                           'city_tile': 0.0,
                           'overall': 0.0,
                           'worker': 0.0},
 'Value': {'bias': 1.1641532182693481e-08,
           'explained_variance': 0.9697707295417786,
           'support_outside_fraction': 0.0,
           'target_std': 0.2869888246059418}}[0m
[[36m2026-08-16 11:13:37,995[0m][[34mroot[0m][[32mINFO[0m] - Steps 7168 @ 102.3 SPS / 1.6 BPS. Stats:
{'Actions': {'cart': {'MOVE': nan, 'NO-OP': nan, 'TRANSFER': nan},
             'city_tile': {'BUILD_CART': nan,
                           'BUILD_WORKER': nan,
                           'NO-OP': nan,
                           'RESEARCH': nan},
             'worker': {'BUILD_CITY': nan,
                        'MOVE': nan,
                        'NO-OP': nan,
                        'PILLAGE': nan,
                        'TRANSFER': nan}},
 'Active_Entities': {'cart': 39, 'city_tile': 312, 'worker': 367},
 'Behavior_Policy': {'actor_version_max': 6912,
                     'actor_version_min': 6400,
                     'beta': 0.0,
                     'buffer_lag_max': 704,
                     'ema_kl': None,
                     'forward_kl': 0.01186483632773161,
                     'learner_version': 7104,
                     'log_rho_max': 0.6684255599975586,
                     'log_rho_mean': -0.04493821784853935,
                     'log_rho_p95': 0.2331589311361313,
                     'reverse_kl': 0.011609125882387161,
                     'target': None,
                     'vtrace_rho_clipped_fraction': 0.2890625},
 'Entropy': {'cart': 1.4936916828155518,
             'city_tile': 0.06731545925140381,
             'overall': 2.9578371047973633,
             'worker': 1.3968299627304077},
 'Env': {'carts_final': nan,
         'carts_peak': nan,
         'city_tiles_final': nan,
         'city_tiles_peak': nan,
         'max_cumulative_rewards': nan,
         'mean_cumulative_reward_magnitudes': nan,
         'mean_cumulative_rewards': nan,
         'research_points': nan,
         'separate_cities_final': nan,
         'separate_cities_peak': nan,
         'step': nan,
         'workers_final': nan,
         'workers_peak': nan},
 'Gradient': {'clipped': 0.0, 'norm_before_clip': 8.35871696472168},
 'Intent': {'accuracy': nan,
            'target_build': 0,
            'target_deliver': 0,
            'target_mine': 0,
            'target_return': 0},
 'Loss': {'baseline_loss': 0.005999787710607052,
          'behavior_kl_loss': 0.0,
          'entropy_loss': -0.11837858706712723,
          'intent_aux_loss': 0.0,
          'rule_aux_loss': 0.0,
          'teacher_baseline_loss': 0.0,
          'teacher_kl_loss': 0.0,
          'total_loss': 7.170673370361328,
          'upgo_pg_loss': 5.135882377624512,
          'vtrace_pg_loss': 2.147170066833496},
 'Misc': {'actor_policy_tta_rot180': 1.0,
          'league_opponents': {'first_place': 0.75, 'selfplay': 0.25},
          'learning_rate': 4.9648352000000006e-05,
          'teacher_kl_cost': 0.0,
          'teacher_policy_tta_rot180': 1.0,
          'total_games_played': 2},
 'Normalized_Entropy': {'cart': 0.9736344814300537,
                        'city_tile': 0.07291509211063385,
                        'overall': 0.5385901259678652,
                        'worker': 0.888246476650238},
 'Teacher_KL_Divergence': {'cart': 0.0,
                           'city_tile': 0.0,
                           'overall': 0.0,
                           'worker': 0.0},
 'Value': {'bias': 1.5832483768463135e-08,
           'explained_variance': 0.9986428022384644,
           'support_outside_fraction': 0.0,
           'target_std': 0.3060062527656555}}[0m
[[36m2026-08-16 11:13:43,001[0m][[34mroot[0m][[32mINFO[0m] - Steps 7488 @ 63.9 SPS / 1.0 BPS. Stats:
{'Actions': {'cart': {'MOVE': nan, 'NO-OP': nan, 'TRANSFER': nan},
             'city_tile': {'BUILD_CART': nan,
                           'BUILD_WORKER': nan,
                           'NO-OP': nan,
                           'RESEARCH': nan},
             'worker': {'BUILD_CITY': nan,
                        'MOVE': nan,
                        'NO-OP': nan,
                        'PILLAGE': nan,
                        'TRANSFER': nan}},
 'Active_Entities': {'cart': 0, 'city_tile': 262, 'worker': 325},
 'Behavior_Policy': {'actor_version_max': 7424,
                     'actor_version_min': 6912,
                     'beta': 0.0,
                     'buffer_lag_max': 512,
                     'ema_kl': None,
                     'forward_kl': 0.014585370197892189,
                     'learner_version': 7424,
                     'log_rho_max': 1.3652364015579224,
                     'log_rho_mean': -0.056955836713314056,
                     'log_rho_p95': 0.4552209973335266,
                     'reverse_kl': 0.015172830782830715,
                     'target': None,
                     'vtrace_rho_clipped_fraction': 0.2265625},
 'Entropy': {'cart': -0.0,
             'city_tile': 0.043197594583034515,
             'overall': 0.8534255847334862,
             'worker': 0.8102279901504517},
 'Env': {'carts_final': nan,
         'carts_peak': nan,
         'city_tiles_final': nan,
         'city_tiles_peak': nan,
         'max_cumulative_rewards': nan,
         'mean_cumulative_reward_magnitudes': nan,
         'mean_cumulative_rewards': nan,
         'research_points': nan,
         'separate_cities_final': nan,
         'separate_cities_peak': nan,
         'step': nan,
         'workers_final': nan,
         'workers_peak': nan},
 'Gradient': {'clipped': 1.0, 'norm_before_clip': 39.96412658691406},
 'Intent': {'accuracy': nan,
            'target_build': 0,
            'target_deliver': 0,
            'target_mine': 0,
            'target_return': 0},
 'Loss': {'baseline_loss': 0.07174491882324219,
          'behavior_kl_loss': 0.0,
          'entropy_loss': -0.05492837354540825,
          'intent_aux_loss': 0.0,
          'rule_aux_loss': 0.0,
          'teacher_baseline_loss': 0.0,
          'teacher_kl_loss': 0.0,
          'total_loss': 2.8131513595581055,
          'upgo_pg_loss': 4.332868576049805,
          'vtrace_pg_loss': -1.5365337133407593},
 'Misc': {'actor_policy_tta_rot180': 1.0,
          'league_opponents': {'first_place': 1.0, 'selfplay': 0.0},
          'learning_rate': 4.9632512e-05,
          'teacher_kl_cost': 0.0,
          'teacher_policy_tta_rot180': 1.0,
          'total_games_played': 2},
 'Normalized_Entropy': {'cart': 0.0,
                        'city_tile': 0.039994269609451294,
                        'overall': 0.30024035267366866,
                        'worker': 0.5100387334823608},
 'Teacher_KL_Divergence': {'cart': 0.0,
                           'city_tile': 0.0,
                           'overall': 0.0,
                           'worker': 0.0},
 'Value': {'bias': 5.209585651755333e-09,
           'explained_variance': 0.9164957404136658,
           'support_outside_fraction': 0.0,
           'target_std': 0.16385747492313385}}[0m
[[36m2026-08-16 11:13:48,006[0m][[34mroot[0m][[32mINFO[0m] - Steps 7936 @ 89.5 SPS / 1.4 BPS. Stats:
{'Actions': {'cart': {'MOVE': nan, 'NO-OP': nan, 'TRANSFER': nan},
             'city_tile': {'BUILD_CART': nan,
                           'BUILD_WORKER': nan,
                           'NO-OP': nan,
                           'RESEARCH': nan},
             'worker': {'BUILD_CITY': nan,
                        'MOVE': nan,
                        'NO-OP': nan,
                        'PILLAGE': nan,
                        'TRANSFER': nan}},
 'Active_Entities': {'cart': 0, 'city_tile': 507, 'worker': 451},
 'Behavior_Policy': {'actor_version_max': 7680,
                     'actor_version_min': 7168,
                     'beta': 0.0,
                     'buffer_lag_max': 704,
                     'ema_kl': None,
                     'forward_kl': 0.0073812128975987434,
                     'learner_version': 7872,
                     'log_rho_max': 1.054605484008789,
                     'log_rho_mean': -0.04303869232535362,
                     'log_rho_p95': 0.3023533821105957,
                     'reverse_kl': 0.00699584512040019,
                     'target': None,
                     'vtrace_rho_clipped_fraction': 0.28125},
 'Entropy': {'cart': -0.0,
             'city_tile': 0.15169665217399597,
             'overall': 1.460882157087326,
             'worker': 1.30918550491333},
 'Env': {'carts_final': nan,
         'carts_peak': nan,
         'city_tiles_final': nan,
         'city_tiles_peak': nan,
         'max_cumulative_rewards': nan,
         'mean_cumulative_reward_magnitudes': nan,
         'mean_cumulative_rewards': nan,
         'research_points': nan,
         'separate_cities_final': nan,
         'separate_cities_peak': nan,
         'step': nan,
         'workers_final': nan,
         'workers_peak': nan},
 'Gradient': {'clipped': 0.0, 'norm_before_clip': 3.5794947147369385},
 'Intent': {'accuracy': nan,
            'target_build': 0,
            'target_deliver': 0,
            'target_mine': 0,
            'target_return': 0},
 'Loss': {'baseline_loss': 0.002502239542081952,
          'behavior_kl_loss': 0.0,
          'entropy_loss': -0.1334705501794815,
          'intent_aux_loss': 0.0,
          'rule_aux_loss': 0.0,
          'teacher_baseline_loss': 0.0,
          'teacher_kl_loss': 0.0,
          'total_loss': 2.831472158432007,
          'upgo_pg_loss': 2.372884750366211,
          'vtrace_pg_loss': 0.5895558595657349},
 'Misc': {'actor_policy_tta_rot180': 1.0,
          'league_opponents': {'first_place': 0.75, 'selfplay': 0.25},
          'learning_rate': 4.9610336e-05,
          'teacher_kl_cost': 0.0,
          'teacher_policy_tta_rot180': 1.0,
          'total_games_played': 2},
 'Normalized_Entropy': {'cart': 0.0,
                        'city_tile': 0.15566003322601318,
                        'overall': 0.4690476168172593,
                        'worker': 0.8213480710983276},
 'Teacher_KL_Divergence': {'cart': 0.0,
                           'city_tile': 0.0,
                           'overall': 0.0,
                           'worker': 0.0},
 'Value': {'bias': 1.3271346688270569e-08,
           'explained_variance': 0.9992357492446899,
           'support_outside_fraction': 0.0,
           'target_std': 0.3013513684272766}}[0m
[[36m2026-08-16 11:13:53,012[0m][[34mroot[0m][[32mINFO[0m] - Steps 8448 @ 102.3 SPS / 1.6 BPS. Stats:
{'Actions': {'cart': {'MOVE': nan, 'NO-OP': nan, 'TRANSFER': nan},
             'city_tile': {'BUILD_CART': nan,
                           'BUILD_WORKER': nan,
                           'NO-OP': nan,
                           'RESEARCH': nan},
             'worker': {'BUILD_CITY': nan,
                        'MOVE': nan,
                        'NO-OP': nan,
                        'PILLAGE': nan,
                        'TRANSFER': nan}},
 'Active_Entities': {'cart': 16, 'city_tile': 621, 'worker': 488},
 'Behavior_Policy': {'actor_version_max': 8192,
                     'actor_version_min': 7680,
                     'beta': 0.0,
                     'buffer_lag_max': 704,
                     'ema_kl': None,
                     'forward_kl': 0.00555249210447073,
                     'learner_version': 8384,
                     'log_rho_max': 0.8495979309082031,
                     'log_rho_mean': -0.06940162926912308,
                     'log_rho_p95': 0.21704287827014923,
                     'reverse_kl': 0.005281766410917044,
                     'target': None,
                     'vtrace_rho_clipped_fraction': 0.296875},
 'Entropy': {'cart': 1.5386207103729248,
             'city_tile': 0.23170600831508636,
             'overall': 3.0898077338933945,
             'worker': 1.3194810152053833},
 'Env': {'carts_final': nan,
         'carts_peak': nan,
         'city_tiles_final': nan,
         'city_tiles_peak': nan,
         'max_cumulative_rewards': nan,
         'mean_cumulative_reward_magnitudes': nan,
         'mean_cumulative_rewards': nan,
         'research_points': nan,
         'separate_cities_final': nan,
         'separate_cities_peak': nan,
         'step': nan,
         'workers_final': nan,
         'workers_peak': nan},
 'Gradient': {'clipped': 0.0, 'norm_before_clip': 6.5722832679748535},
 'Intent': {'accuracy': nan,
            'target_build': 0,
            'target_deliver': 0,
            'target_mine': 0,
            'target_return': 0},
 'Loss': {'baseline_loss': 0.0042503830045461655,
          'behavior_kl_loss': 0.0,
          'entropy_loss': -0.16248281300067902,
          'intent_aux_loss': 0.0,
          'rule_aux_loss': 0.0,
          'teacher_baseline_loss': 0.0,
          'teacher_kl_loss': 0.0,
          'total_loss': 5.700906276702881,
          'upgo_pg_loss': 4.632665157318115,
          'vtrace_pg_loss': 1.2264735698699951},
 'Misc': {'actor_policy_tta_rot180': 1.0,
          'league_opponents': {'first_place': 0.75, 'selfplay': 0.25},
          'learning_rate': 4.9584992000000005e-05,
          'teacher_kl_cost': 0.0,
          'teacher_policy_tta_rot180': 1.0,
          'total_games_played': 3},
 'Normalized_Entropy': {'cart': 0.9644213914871216,
                        'city_tile': 0.22269044816493988,
                        'overall': 0.4942648622062471,
                        'worker': 0.8244394659996033},
 'Teacher_KL_Divergence': {'cart': 0.0,
                           'city_tile': 0.0,
                           'overall': 0.0,
                           'worker': 0.0},
 'Value': {'bias': -3.14321368932724e-09,
           'explained_variance': 0.9986433982849121,
           'support_outside_fraction': 0.0,
           'target_std': 0.27866166830062866}}[0m
[[36m2026-08-16 11:13:58,018[0m][[34mroot[0m][[32mINFO[0m] - Steps 8960 @ 102.3 SPS / 1.6 BPS. Stats:
{'Actions': {'cart': {'MOVE': nan, 'NO-OP': nan, 'TRANSFER': nan},
             'city_tile': {'BUILD_CART': nan,
                           'BUILD_WORKER': nan,
                           'NO-OP': nan,
                           'RESEARCH': nan},
             'worker': {'BUILD_CITY': nan,
                        'MOVE': nan,
                        'NO-OP': nan,
                        'PILLAGE': nan,
                        'TRANSFER': nan}},
 'Active_Entities': {'cart': 26, 'city_tile': 451, 'worker': 263},
 'Behavior_Policy': {'actor_version_max': 8512,
                     'actor_version_min': 8192,
                     'beta': 0.0,
                     'buffer_lag_max': 704,
                     'ema_kl': None,
                     'forward_kl': 0.006722098682075739,
                     'learner_version': 8896,
                     'log_rho_max': 1.0537281036376953,
                     'log_rho_mean': -0.025758763775229454,
                     'log_rho_p95': 0.2312372475862503,
                     'reverse_kl': 0.006664755288511515,
                     'target': None,
                     'vtrace_rho_clipped_fraction': 0.265625},
 'Entropy': {'cart': 1.5201244354248047,
             'city_tile': 0.09727078676223755,
             'overall': 2.9592224955558777,
             'worker': 1.3418272733688354},
 'Env': {'carts_final': nan,
         'carts_peak': nan,
         'city_tiles_final': nan,
         'city_tiles_peak': nan,
         'max_cumulative_rewards': nan,
         'mean_cumulative_reward_magnitudes': nan,
         'mean_cumulative_rewards': nan,
         'research_points': nan,
         'separate_cities_final': nan,
         'separate_cities_peak': nan,
         'step': nan,
         'workers_final': nan,
         'workers_peak': nan},
 'Gradient': {'clipped': 0.0, 'norm_before_clip': 9.067102432250977},
 'Intent': {'accuracy': nan,
            'target_build': 0,
            'target_deliver': 0,
            'target_mine': 0,
            'target_return': 0},
 'Loss': {'baseline_loss': 0.022697608917951584,
          'behavior_kl_loss': 0.0,
          'entropy_loss': -0.08725857734680176,
          'intent_aux_loss': 0.0,
          'rule_aux_loss': 0.0,
          'teacher_baseline_loss': 0.0,
          'teacher_kl_loss': 0.0,
          'total_loss': 2.1529455184936523,
          'upgo_pg_loss': 3.296891689300537,
          'vtrace_pg_loss': -1.0793851613998413},
 'Misc': {'actor_policy_tta_rot180': 1.0,
          'league_opponents': {'first_place': 0.75, 'selfplay': 0.25},
          'learning_rate': 4.9559648000000004e-05,
          'teacher_kl_cost': 0.0,
          'teacher_policy_tta_rot180': 1.0,
          'total_games_played': 3},
 'Normalized_Entropy': {'cart': 0.9653629660606384,
                        'city_tile': 0.08520359545946121,
                        'overall': 0.39128599210164033,
                        'worker': 0.8594120740890503},
 'Teacher_KL_Divergence': {'cart': 0.0,
                           'city_tile': 0.0,
                           'overall': 0.0,
                           'worker': 0.0},
 'Value': {'bias': -2.444721758365631e-09,
           'explained_variance': 0.9819396734237671,
           'support_outside_fraction': 0.0,
           'target_std': 0.19281743466854095}}[0m
[[36m2026-08-16 11:14:03,024[0m][[34mroot[0m][[32mINFO[0m] - Steps 9472 @ 102.3 SPS / 1.6 BPS. Stats:
{'Actions': {'cart': {'MOVE': nan, 'NO-OP': nan, 'TRANSFER': nan},
             'city_tile': {'BUILD_CART': nan,
                           'BUILD_WORKER': nan,
                           'NO-OP': nan,
                           'RESEARCH': nan},
             'worker': {'BUILD_CITY': nan,
                        'MOVE': nan,
                        'NO-OP': nan,
                        'PILLAGE': nan,
                        'TRANSFER': nan}},
 'Active_Entities': {'cart': 26, 'city_tile': 519, 'worker': 366},
 'Behavior_Policy': {'actor_version_max': 8960,
                     'actor_version_min': 8576,
                     'beta': 0.0,
                     'buffer_lag_max': 832,
                     'ema_kl': None,
                     'forward_kl': 0.008921830914914608,
                     'learner_version': 9408,
                     'log_rho_max': 0.6369132995605469,
                     'log_rho_mean': -0.08625581115484238,
                     'log_rho_p95': 0.3323822319507599,
                     'reverse_kl': 0.008817813359200954,
                     'target': None,
                     'vtrace_rho_clipped_fraction': 0.2421875},
 'Entropy': {'cart': 1.5680811405181885,
             'city_tile': 0.1846386045217514,
             'overall': 3.2996883243322372,
             'worker': 1.5469685792922974},
 'Env': {'carts_final': nan,
         'carts_peak': nan,
         'city_tiles_final': nan,
         'city_tiles_peak': nan,
         'max_cumulative_rewards': nan,
         'mean_cumulative_reward_magnitudes': nan,
         'mean_cumulative_rewards': nan,
         'research_points': nan,
         'separate_cities_final': nan,
         'separate_cities_peak': nan,
         'step': nan,
         'workers_final': nan,
         'workers_peak': nan},
 'Gradient': {'clipped': 0.0, 'norm_before_clip': 3.43013596534729},
 'Intent': {'accuracy': nan,
            'target_build': 0,
            'target_deliver': 0,
            'target_mine': 0,
            'target_return': 0},
 'Loss': {'baseline_loss': 0.0019632065668702126,
          'behavior_kl_loss': 0.0,
          'entropy_loss': -0.14055760204792023,
          'intent_aux_loss': 0.0,
          'rule_aux_loss': 0.0,
          'teacher_baseline_loss': 0.0,
          'teacher_kl_loss': 0.0,
          'total_loss': 3.2939465045928955,
          'upgo_pg_loss': 2.9629459381103516,
          'vtrace_pg_loss': 0.46959489583969116},
 'Misc': {'actor_policy_tta_rot180': 1.0,
          'league_opponents': {'first_place': 0.75, 'selfplay': 0.25},
          'learning_rate': 4.9534304e-05,
          'teacher_kl_cost': 0.0,
          'teacher_policy_tta_rot180': 1.0,
          'total_games_played': 3},
 'Normalized_Entropy': {'cart': 0.9848318696022034,
                        'city_tile': 0.17407234013080597,
                        'overall': 0.504686216409722,
                        'worker': 0.9393988251686096},
 'Teacher_KL_Divergence': {'cart': 0.0,
                           'city_tile': 0.0,
                           'overall': 0.0,
                           'worker': 0.0},
 'Value': {'bias': 1.0593794286251068e-08,
           'explained_variance': 0.9976065754890442,
           'support_outside_fraction': 0.0,
           'target_std': 0.1413138210773468}}[0m
[[36m2026-08-16 11:14:08,030[0m][[34mroot[0m][[32mINFO[0m] - Steps 9984 @ 102.3 SPS / 1.6 BPS. Stats:
{'Actions': {'cart': {'MOVE': nan, 'NO-OP': nan, 'TRANSFER': nan},
             'city_tile': {'BUILD_CART': nan,
                           'BUILD_WORKER': nan,
                           'NO-OP': nan,
                           'RESEARCH': nan},
             'worker': {'BUILD_CITY': nan,
                        'MOVE': nan,
                        'NO-OP': nan,
                        'PILLAGE': nan,
                        'TRANSFER': nan}},
 'Active_Entities': {'cart': 75, 'city_tile': 342, 'worker': 250},
 'Behavior_Policy': {'actor_version_max': 9536,
                     'actor_version_min': 8960,
                     'beta': 0.0,
                     'buffer_lag_max': 960,
                     'ema_kl': None,
                     'forward_kl': 0.0162759218364954,
                     'learner_version': 9920,
                     'log_rho_max': 1.0684099197387695,
                     'log_rho_mean': -0.05703148618340492,
                     'log_rho_p95': 0.3510150611400604,
                     'reverse_kl': 0.01628904789686203,
                     'target': None,
                     'vtrace_rho_clipped_fraction': 0.21875},
 'Entropy': {'cart': 1.4816322326660156,
             'city_tile': 0.014562859199941158,
             'overall': 2.9616450211033225,
             'worker': 1.4654499292373657},
 'Env': {'carts_final': nan,
         'carts_peak': nan,
         'city_tiles_final': nan,
         'city_tiles_peak': nan,
         'max_cumulative_rewards': nan,
         'mean_cumulative_reward_magnitudes': nan,
         'mean_cumulative_rewards': nan,
         'research_points': nan,
         'separate_cities_final': nan,
         'separate_cities_peak': nan,
         'step': nan,
         'workers_final': nan,
         'workers_peak': nan},
 'Gradient': {'clipped': 0.0, 'norm_before_clip': 3.3941917419433594},
 'Intent': {'accuracy': nan,
            'target_build': 0,
            'target_deliver': 0,
            'target_mine': 0,
            'target_return': 0},
 'Loss': {'baseline_loss': 0.0023734590504318476,
          'behavior_kl_loss': 0.0,
          'entropy_loss': -0.09649308770895004,
          'intent_aux_loss': 0.0,
          'rule_aux_loss': 0.0,
          'teacher_baseline_loss': 0.0,
          'teacher_kl_loss': 0.0,
          'total_loss': 1.7790426015853882,
          'upgo_pg_loss': 1.823848009109497,
          'vtrace_pg_loss': 0.049314290285110474},
 'Misc': {'actor_policy_tta_rot180': 1.0,
          'league_opponents': {'first_place': 0.75, 'selfplay': 0.25},
          'learning_rate': 4.950896000000001e-05,
          'teacher_kl_cost': 0.0,
          'teacher_policy_tta_rot180': 1.0,
          'total_games_played': 3},
 'Normalized_Entropy': {'cart': 0.960952877998352,
                        'city_tile': 0.014251021668314934,
                        'overall': 0.4557238592301262,
                        'worker': 0.9080899953842163},
 'Teacher_KL_Divergence': {'cart': 0.0,
                           'city_tile': 0.0,
                           'overall': 0.0,
                           'worker': 0.0},
 'Value': {'bias': 2.3537722881883383e-09,
           'explained_variance': 0.9835416078567505,
           'support_outside_fraction': 0.0,
           'target_std': 0.05809764936566353}}[0m
[[36m2026-08-16 11:14:13,036[0m][[34mroot[0m][[32mINFO[0m] - Steps 10432 @ 89.5 SPS / 1.4 BPS. Stats:
{'Actions': {'cart': {'MOVE': nan, 'NO-OP': nan, 'TRANSFER': nan},
             'city_tile': {'BUILD_CART': nan,
                           'BUILD_WORKER': nan,
                           'NO-OP': nan,
                           'RESEARCH': nan},
             'worker': {'BUILD_CITY': nan,
                        'MOVE': nan,
                        'NO-OP': nan,
                        'PILLAGE': nan,
                        'TRANSFER': nan}},
 'Active_Entities': {'cart': 24, 'city_tile': 371, 'worker': 341},
 'Behavior_Policy': {'actor_version_max': 10176,
                     'actor_version_min': 9664,
                     'beta': 0.0,
                     'buffer_lag_max': 704,
                     'ema_kl': None,
                     'forward_kl': 0.012930021621286869,
                     'learner_version': 10368,
                     'log_rho_max': 1.3382072448730469,
                     'log_rho_mean': -0.03512953966856003,
                     'log_rho_p95': 0.44541260600090027,
                     'reverse_kl': 0.013652455061674118,
                     'target': None,
                     'vtrace_rho_clipped_fraction': 0.1796875},
 'Entropy': {'cart': 1.5066194534301758,
             'city_tile': 0.17397813498973846,
             'overall': 2.976005956530571,
             'worker': 1.2954083681106567},
 'Env': {'carts_final': nan,
         'carts_peak': nan,
         'city_tiles_final': nan,
         'city_tiles_peak': nan,
         'max_cumulative_rewards': nan,
         'mean_cumulative_reward_magnitudes': nan,
         'mean_cumulative_rewards': nan,
         'research_points': nan,
         'separate_cities_final': nan,
         'separate_cities_peak': nan,
         'step': nan,
         'workers_final': nan,
         'workers_peak': nan},
 'Gradient': {'clipped': 1.0, 'norm_before_clip': 19.224660873413086},
 'Intent': {'accuracy': nan,
            'target_build': 0,
            'target_deliver': 0,
            'target_mine': 0,
            'target_return': 0},
 'Loss': {'baseline_loss': 0.02621018886566162,
          'behavior_kl_loss': 0.0,
          'entropy_loss': -0.1084877997636795,
          'intent_aux_loss': 0.0,
          'rule_aux_loss': 0.0,
          'teacher_baseline_loss': 0.0,
          'teacher_kl_loss': 0.0,
          'total_loss': 11.083266258239746,
          'upgo_pg_loss': 7.629122734069824,
          'vtrace_pg_loss': 3.536421775817871},
 'Misc': {'actor_policy_tta_rot180': 1.0,
          'league_opponents': {'first_place': 1.0, 'selfplay': 0.0},
          'learning_rate': 4.9486784000000005e-05,
          'teacher_kl_cost': 0.0,
          'teacher_policy_tta_rot180': 1.0,
          'total_games_played': 3},
 'Normalized_Entropy': {'cart': 0.9416272044181824,
                        'city_tile': 0.16587665677070618,
                        'overall': 0.4832354479914774,
                        'worker': 0.7962521910667419},
 'Teacher_KL_Divergence': {'cart': 0.0,
                           'city_tile': 0.0,
                           'overall': 0.0,
                           'worker': 0.0},
 'Value': {'bias': 4.6566128730773926e-09,
           'explained_variance': 0.4300890564918518,
           'support_outside_fraction': 0.0,
           'target_std': 0.03791024535894394}}[0m
[[36m2026-08-16 11:14:18,041[0m][[34mroot[0m][[32mINFO[0m] - Steps 10752 @ 63.9 SPS / 1.0 BPS. Stats:
{'Actions': {'cart': {'MOVE': nan, 'NO-OP': nan, 'TRANSFER': nan},
             'city_tile': {'BUILD_CART': nan,
                           'BUILD_WORKER': nan,
                           'NO-OP': nan,
                           'RESEARCH': nan},
             'worker': {'BUILD_CITY': nan,
                        'MOVE': nan,
                        'NO-OP': nan,
                        'PILLAGE': nan,
                        'TRANSFER': nan}},
 'Active_Entities': {'cart': 78, 'city_tile': 589, 'worker': 413},
 'Behavior_Policy': {'actor_version_max': 10496,
                     'actor_version_min': 9984,
                     'beta': 0.0,
                     'buffer_lag_max': 704,
                     'ema_kl': None,
                     'forward_kl': 0.008254379034042358,
                     'learner_version': 10688,
                     'log_rho_max': 1.119140625,
                     'log_rho_mean': -0.06387940049171448,
                     'log_rho_p95': 0.2326742261648178,
                     'reverse_kl': 0.008157258853316307,
                     'target': None,
                     'vtrace_rho_clipped_fraction': 0.2265625},
 'Entropy': {'cart': 1.545569658279419,
             'city_tile': 0.3103771507740021,
             'overall': 3.4213660061359406,
             'worker': 1.5654191970825195},
 'Env': {'carts_final': nan,
         'carts_peak': nan,
         'city_tiles_final': nan,
         'city_tiles_peak': nan,
         'max_cumulative_rewards': nan,
         'mean_cumulative_reward_magnitudes': nan,
         'mean_cumulative_rewards': nan,
         'research_points': nan,
         'separate_cities_final': nan,
         'separate_cities_peak': nan,
         'step': nan,
         'workers_final': nan,
         'workers_peak': nan},
 'Gradient': {'clipped': 0.0, 'norm_before_clip': 4.035437107086182},
 'Intent': {'accuracy': nan,
            'target_build': 0,
            'target_deliver': 0,
            'target_mine': 0,
            'target_return': 0},
 'Loss': {'baseline_loss': 0.001663084840402007,
          'behavior_kl_loss': 0.0,
          'entropy_loss': -0.18997693061828613,
          'intent_aux_loss': 0.0,
          'rule_aux_loss': 0.0,
          'teacher_baseline_loss': 0.0,
          'teacher_kl_loss': 0.0,
          'total_loss': 4.980688095092773,
          'upgo_pg_loss': 4.480601787567139,
          'vtrace_pg_loss': 0.6884003281593323},
 'Misc': {'actor_policy_tta_rot180': 1.0,
          'league_opponents': {'first_place': 0.75, 'selfplay': 0.25},
          'learning_rate': 4.9470944e-05,
          'teacher_kl_cost': 0.0,
          'teacher_policy_tta_rot180': 1.0,
          'total_games_played': 4},
 'Normalized_Entropy': {'cart': 0.9743059873580933,
                        'city_tile': 0.2862837016582489,
                        'overall': 0.5892068256106642,
                        'worker': 0.9484900832176208},
 'Teacher_KL_Divergence': {'cart': 0.0,
                           'city_tile': 0.0,
                           'overall': 0.0,
                           'worker': 0.0},
 'Value': {'bias': -6.350092007778585e-09,
           'explained_variance': 0.9811325669288635,
           'support_outside_fraction': 0.0,
           'target_std': 0.04813853278756142}}[0m
[[36m2026-08-16 11:14:23,046[0m][[34mroot[0m][[32mINFO[0m] - Steps 11264 @ 102.3 SPS / 1.6 BPS. Stats:
{'Actions': {'cart': {'MOVE': 0.6932989690721649,
                      'NO-OP': 0.3015463917525773,
                      'TRANSFER': 0.005154639175257732},
             'city_tile': {'BUILD_CART': 0.006332126228660114,
                           'BUILD_WORKER': 0.014195550957061563,
                           'NO-OP': 0.9580962234868081,
                           'RESEARCH': 0.021376099327470255},
             'worker': {'BUILD_CITY': 0.02075812274368231,
                        'MOVE': 0.5464801444043321,
                        'NO-OP': 0.4091456077015644,
                        'PILLAGE': 0.0005114320096269555,
                        'TRANSFER': 0.023104693140794223}},
 'Active_Entities': {'cart': 30, 'city_tile': 256, 'worker': 187},
 'Behavior_Policy': {'actor_version_max': 11008,
                     'actor_version_min': 10496,
                     'beta': 0.0,
                     'buffer_lag_max': 704,
                     'ema_kl': None,
                     'forward_kl': 0.010174581781029701,
                     'learner_version': 11200,
                     'log_rho_max': 1.0867118835449219,
                     'log_rho_mean': 0.003124601673334837,
                     'log_rho_p95': 0.2208641767501831,
                     'reverse_kl': 0.01012396439909935,
                     'target': None,
                     'vtrace_rho_clipped_fraction': 0.3046875},
 'Entropy': {'cart': 1.436651349067688,
             'city_tile': 0.35590168833732605,
             'overall': 2.977218598127365,
             'worker': 1.184665560722351},
 'Env': {'carts_final': 0.25,
         'carts_peak': 1.5,
         'city_tiles_final': 25.0,
         'city_tiles_peak': 41.875,
         'max_cumulative_rewards': 1.0,
         'mean_cumulative_reward_magnitudes': 1.0,
         'mean_cumulative_rewards': 0.0,
         'research_points': 129.125,
         'separate_cities_final': 3.125,
         'separate_cities_peak': 11.125,
         'step': 357.75,
         'workers_final': 12.875,
         'workers_peak': 26.125},
 'Gradient': {'clipped': 1.0, 'norm_before_clip': 251.310791015625},
 'Intent': {'accuracy': nan,
            'target_build': 0,
            'target_deliver': 0,
            'target_mine': 0,
            'target_return': 0},
 'Loss': {'baseline_loss': 7.673598289489746,
          'behavior_kl_loss': 0.0,
          'entropy_loss': -0.07114856690168381,
          'intent_aux_loss': 0.0,
          'rule_aux_loss': 0.0,
          'teacher_baseline_loss': 0.0,
          'teacher_kl_loss': 0.0,
          'total_loss': 191.35679626464844,
          'upgo_pg_loss': 151.31768798828125,
          'vtrace_pg_loss': 32.43666458129883},
 'Misc': {'actor_policy_tta_rot180': 1.0,
          'league_opponents': {'first_place': 0.75, 'selfplay': 0.25},
          'learning_rate': 4.94456e-05,
          'teacher_kl_cost': 0.0,
          'teacher_policy_tta_rot180': 1.0,
          'total_games_played': 19},
 'Normalized_Entropy': {'cart': 0.9504106044769287,
                        'city_tile': 0.33288273215293884,
                        'overall': 0.532165519404865,
                        'worker': 0.7378823161125183},
 'Teacher_KL_Divergence': {'cart': 0.0,
                           'city_tile': 0.0,
                           'overall': 0.0,
                           'worker': 0.0},
 'Value': {'bias': 2.5320332497358322e-09,
           'explained_variance': 0.16928565502166748,
           'support_outside_fraction': 0.0,
           'target_std': 0.4638938903808594}}[0m
[[36m2026-08-16 11:14:28,052[0m][[34mroot[0m][[32mINFO[0m] - Steps 11776 @ 102.3 SPS / 1.6 BPS. Stats:
{'Actions': {'cart': {'MOVE': nan, 'NO-OP': nan, 'TRANSFER': nan},
             'city_tile': {'BUILD_CART': nan,
                           'BUILD_WORKER': nan,
                           'NO-OP': nan,
                           'RESEARCH': nan},
             'worker': {'BUILD_CITY': nan,
                        'MOVE': nan,
                        'NO-OP': nan,
                        'PILLAGE': nan,
                        'TRANSFER': nan}},
 'Active_Entities': {'cart': 0, 'city_tile': 91, 'worker': 255},
 'Behavior_Policy': {'actor_version_max': 11520,
                     'actor_version_min': 11008,
                     'beta': 0.0,
                     'buffer_lag_max': 704,
                     'ema_kl': None,
                     'forward_kl': 0.03659127652645111,
                     'learner_version': 11712,
                     'log_rho_max': 0.8603003025054932,
                     'log_rho_mean': -0.183125838637352,
                     'log_rho_p95': 0.4302738308906555,
                     'reverse_kl': 0.0373026505112648,
                     'target': None,
                     'vtrace_rho_clipped_fraction': 0.21875},
 'Entropy': {'cart': -0.0,
             'city_tile': 0.351462721824646,
             'overall': 0.7924391031265259,
             'worker': 0.4409763813018799},
 'Env': {'carts_final': nan,
         'carts_peak': nan,
         'city_tiles_final': nan,
         'city_tiles_peak': nan,
         'max_cumulative_rewards': nan,
         'mean_cumulative_reward_magnitudes': nan,
         'mean_cumulative_rewards': nan,
         'research_points': nan,
         'separate_cities_final': nan,
         'separate_cities_peak': nan,
         'step': nan,
         'workers_final': nan,
         'workers_peak': nan},
 'Gradient': {'clipped': 1.0, 'norm_before_clip': 17.07558822631836},
 'Intent': {'accuracy': nan,
            'target_build': 0,
            'target_deliver': 0,
            'target_mine': 0,
            'target_return': 0},
 'Loss': {'baseline_loss': 0.012089383788406849,
          'behavior_kl_loss': 0.0,
          'entropy_loss': -0.02888641506433487,
          'intent_aux_loss': 0.0,
          'rule_aux_loss': 0.0,
          'teacher_baseline_loss': 0.0,
          'teacher_kl_loss': 0.0,
          'total_loss': 0.02991018071770668,
          'upgo_pg_loss': 0.49698710441589355,
          'vtrace_pg_loss': -0.4502798914909363},
 'Misc': {'actor_policy_tta_rot180': 1.0,
          'league_opponents': {'first_place': 0.75, 'selfplay': 0.25},
          'learning_rate': 4.9420256000000005e-05,
          'teacher_kl_cost': 0.0,
          'teacher_policy_tta_rot180': 1.0,
          'total_games_played': 20},
 'Normalized_Entropy': {'cart': 0.0,
                        'city_tile': 0.3734752833843231,
                        'overall': 0.3131018605707698,
                        'worker': 0.29155683517456055},
 'Teacher_KL_Divergence': {'cart': 0.0,
                           'city_tile': 0.0,
                           'overall': 0.0,
                           'worker': 0.0},
 'Value': {'bias': 9.45146894082427e-09,
           'explained_variance': 0.6507440805435181,
           'support_outside_fraction': 0.0,
           'target_std': 0.03159499913454056}}[0m
[[36m2026-08-16 11:14:33,058[0m][[34mroot[0m][[32mINFO[0m] - Steps 12288 @ 102.3 SPS / 1.6 BPS. Stats:
{'Actions': {'cart': {'MOVE': nan, 'NO-OP': nan, 'TRANSFER': nan},
             'city_tile': {'BUILD_CART': nan,
                           'BUILD_WORKER': nan,
                           'NO-OP': nan,
                           'RESEARCH': nan},
             'worker': {'BUILD_CITY': nan,
                        'MOVE': nan,
                        'NO-OP': nan,
                        'PILLAGE': nan,
                        'TRANSFER': nan}},
 'Active_Entities': {'cart': 0, 'city_tile': 83, 'worker': 429},
 'Behavior_Policy': {'actor_version_max': 12032,
                     'actor_version_min': 11520,
                     'beta': 0.0,
                     'buffer_lag_max': 704,
                     'ema_kl': None,
                     'forward_kl': 0.0380803719162941,
                     'learner_version': 12224,
                     'log_rho_max': 1.1387419700622559,
                     'log_rho_mean': -0.15667515993118286,
                     'log_rho_p95': 0.5779747366905212,
                     'reverse_kl': 0.039622142910957336,
                     'target': None,
                     'vtrace_rho_clipped_fraction': 0.1875},
 'Entropy': {'cart': -0.0,
             'city_tile': 0.426837682723999,
             'overall': 0.9250267744064331,
             'worker': 0.4981890916824341},
 'Env': {'carts_final': nan,
         'carts_peak': nan,
         'city_tiles_final': nan,
         'city_tiles_peak': nan,
         'max_cumulative_rewards': nan,
         'mean_cumulative_reward_magnitudes': nan,
         'mean_cumulative_rewards': nan,
         'research_points': nan,
         'separate_cities_final': nan,
         'separate_cities_peak': nan,
         'step': nan,
         'workers_final': nan,
         'workers_peak': nan},
 'Gradient': {'clipped': 1.0, 'norm_before_clip': 19.962305068969727},
 'Intent': {'accuracy': nan,
            'target_build': 0,
            'target_deliver': 0,
            'target_mine': 0,
            'target_return': 0},
 'Loss': {'baseline_loss': 0.021653011441230774,
          'behavior_kl_loss': 0.0,
          'entropy_loss': -0.049830127507448196,
          'intent_aux_loss': 0.0,
          'rule_aux_loss': 0.0,
          'teacher_baseline_loss': 0.0,
          'teacher_kl_loss': 0.0,
          'total_loss': 1.8957184553146362,
          'upgo_pg_loss': 2.1607446670532227,
          'vtrace_pg_loss': -0.23684918880462646},
 'Misc': {'actor_policy_tta_rot180': 1.0,
          'league_opponents': {'first_place': 0.75, 'selfplay': 0.25},
          'learning_rate': 4.9394912e-05,
          'teacher_kl_cost': 0.0,
          'teacher_policy_tta_rot180': 1.0,
          'total_games_played': 32},
 'Normalized_Entropy': {'cart': 0.0,
                        'city_tile': 0.5192254185676575,
                        'overall': 0.3538615147699602,
                        'worker': 0.32186803221702576},
 'Teacher_KL_Divergence': {'cart': 0.0,
                           'city_tile': 0.0,
                           'overall': 0.0,
                           'worker': 0.0},
 'Value': {'bias': 4.729372449219227e-09,
           'explained_variance': 0.7845213413238525,
           'support_outside_fraction': 0.0,
           'target_std': 0.05074431002140045}}[0m
[[36m2026-08-16 11:14:38,064[0m][[34mroot[0m][[32mINFO[0m] - Steps 12800 @ 102.3 SPS / 1.6 BPS. Stats:
{'Actions': {'cart': {'MOVE': nan, 'NO-OP': nan, 'TRANSFER': nan},
             'city_tile': {'BUILD_CART': nan,
                           'BUILD_WORKER': nan,
                           'NO-OP': nan,
                           'RESEARCH': nan},
             'worker': {'BUILD_CITY': nan,
                        'MOVE': nan,
                        'NO-OP': nan,
                        'PILLAGE': nan,
                        'TRANSFER': nan}},
 'Active_Entities': {'cart': 0, 'city_tile': 116, 'worker': 557},
 'Behavior_Policy': {'actor_version_max': 12544,
                     'actor_version_min': 12032,
                     'beta': 0.0,
                     'buffer_lag_max': 704,
                     'ema_kl': None,
                     'forward_kl': 0.04537855461239815,
                     'learner_version': 12736,
                     'log_rho_max': 1.6877193450927734,
                     'log_rho_mean': -0.24264298379421234,
                     'log_rho_p95': 0.7913208603858948,
                     'reverse_kl': 0.04327850788831711,
                     'target': None,
                     'vtrace_rho_clipped_fraction': 0.203125},
 'Entropy': {'cart': -0.0,
             'city_tile': 0.5108877420425415,
             'overall': 1.091958999633789,
             'worker': 0.5810712575912476},
 'Env': {'carts_final': nan,
         'carts_peak': nan,
         'city_tiles_final': nan,
         'city_tiles_peak': nan,
         'max_cumulative_rewards': nan,
         'mean_cumulative_reward_magnitudes': nan,
         'mean_cumulative_rewards': nan,
         'research_points': nan,
         'separate_cities_final': nan,
         'separate_cities_peak': nan,
         'step': nan,
         'workers_final': nan,
         'workers_peak': nan},
 'Gradient': {'clipped': 1.0, 'norm_before_clip': 41.89565658569336},
 'Intent': {'accuracy': nan,
            'target_build': 0,
            'target_deliver': 0,
            'target_mine': 0,
            'target_return': 0},
 'Loss': {'baseline_loss': 0.05738694220781326,
          'behavior_kl_loss': 0.0,
          'entropy_loss': -0.07658393681049347,
          'intent_aux_loss': 0.0,
          'rule_aux_loss': 0.0,
          'teacher_baseline_loss': 0.0,
          'teacher_kl_loss': 0.0,
          'total_loss': 0.8017239570617676,
          'upgo_pg_loss': 2.256568670272827,
          'vtrace_pg_loss': -1.43564772605896},
 'Misc': {'actor_policy_tta_rot180': 1.0,
          'league_opponents': {'first_place': 0.75, 'selfplay': 0.25},
          'learning_rate': 4.9369568e-05,
          'teacher_kl_cost': 0.0,
          'teacher_policy_tta_rot180': 1.0,
          'total_games_played': 32},
 'Normalized_Entropy': {'cart': 0.0,
                        'city_tile': 0.49727198481559753,
                        'overall': 0.3994603554702974,
                        'worker': 0.37909024953842163},
 'Teacher_KL_Divergence': {'cart': 0.0,
                           'city_tile': 0.0,
                           'overall': 0.0,
                           'worker': 0.0},
 'Value': {'bias': 1.5133991837501526e-09,
           'explained_variance': 0.7239625453948975,
           'support_outside_fraction': 0.0,
           'target_std': 0.07218160480260849}}[0m
[[36m2026-08-16 11:14:43,070[0m][[34mroot[0m][[32mINFO[0m] - Steps 13312 @ 102.3 SPS / 1.6 BPS. Stats:
{'Actions': {'cart': {'MOVE': nan, 'NO-OP': nan, 'TRANSFER': nan},
             'city_tile': {'BUILD_CART': nan,
                           'BUILD_WORKER': nan,
                           'NO-OP': nan,
                           'RESEARCH': nan},
             'worker': {'BUILD_CITY': nan,
                        'MOVE': nan,
                        'NO-OP': nan,
                        'PILLAGE': nan,
                        'TRANSFER': nan}},
 'Active_Entities': {'cart': 0, 'city_tile': 213, 'worker': 786},
 'Behavior_Policy': {'actor_version_max': 13056,
                     'actor_version_min': 12544,
                     'beta': 0.0,
                     'buffer_lag_max': 704,
                     'ema_kl': None,
                     'forward_kl': 0.03752397000789642,
                     'learner_version': 13248,
                     'log_rho_max': 1.1978435516357422,
                     'log_rho_mean': -0.29253989458084106,
                     'log_rho_p95': 0.6251834034919739,
                     'reverse_kl': 0.034357424825429916,
                     'target': None,
                     'vtrace_rho_clipped_fraction': 0.2265625},
 'Entropy': {'cart': -0.0,
             'city_tile': 0.4647635221481323,
             'overall': 1.209750235080719,
             'worker': 0.7449867129325867},
 'Env': {'carts_final': nan,
         'carts_peak': nan,
         'city_tiles_final': nan,
         'city_tiles_peak': nan,
         'max_cumulative_rewards': nan,
         'mean_cumulative_reward_magnitudes': nan,
         'mean_cumulative_rewards': nan,
         'research_points': nan,
         'separate_cities_final': nan,
         'separate_cities_peak': nan,
         'step': nan,
         'workers_final': nan,
         'workers_peak': nan},
 'Gradient': {'clipped': 1.0, 'norm_before_clip': 29.20551109313965},
 'Intent': {'accuracy': nan,
            'target_build': 0,
            'target_deliver': 0,
            'target_mine': 0,
            'target_return': 0},
 'Loss': {'baseline_loss': 0.06696990877389908,
          'behavior_kl_loss': 0.0,
          'entropy_loss': -0.1369108408689499,
          'intent_aux_loss': 0.0,
          'rule_aux_loss': 0.0,
          'teacher_baseline_loss': 0.0,
          'teacher_kl_loss': 0.0,
          'total_loss': 7.382683753967285,
          'upgo_pg_loss': 8.056912422180176,
          'vtrace_pg_loss': -0.6042875647544861},
 'Misc': {'actor_policy_tta_rot180': 1.0,
          'league_opponents': {'first_place': 0.75, 'selfplay': 0.25},
          'learning_rate': 4.9344224e-05,
          'teacher_kl_cost': 0.0,
          'teacher_policy_tta_rot180': 1.0,
          'total_games_played': 32},
 'Normalized_Entropy': {'cart': 0.0,
                        'city_tile': 0.6224045753479004,
                        'overall': 0.515475709338088,
                        'worker': 0.48649880290031433},
 'Teacher_KL_Divergence': {'cart': 0.0,
                           'city_tile': 0.0,
                           'overall': 0.0,
                           'worker': 0.0},
 'Value': {'bias': 4.685716703534126e-09,
           'explained_variance': 0.7994360327720642,
           'support_outside_fraction': 0.0,
           'target_std': 0.09705977141857147}}[0m
[[36m2026-08-16 11:14:48,076[0m][[34mroot[0m][[32mINFO[0m] - Steps 13824 @ 102.3 SPS / 1.6 BPS. Stats:
{'Actions': {'cart': {'MOVE': nan, 'NO-OP': nan, 'TRANSFER': nan},
             'city_tile': {'BUILD_CART': nan,
                           'BUILD_WORKER': nan,
                           'NO-OP': nan,
                           'RESEARCH': nan},
             'worker': {'BUILD_CITY': nan,
                        'MOVE': nan,
                        'NO-OP': nan,
                        'PILLAGE': nan,
                        'TRANSFER': nan}},
 'Active_Entities': {'cart': 1, 'city_tile': 246, 'worker': 675},
 'Behavior_Policy': {'actor_version_max': 13568,
                     'actor_version_min': 13056,
                     'beta': 0.0,
                     'buffer_lag_max': 704,
                     'ema_kl': None,
                     'forward_kl': 0.02847190760076046,
                     'learner_version': 13760,
                     'log_rho_max': 1.0048980712890625,
                     'log_rho_mean': -0.27014583349227905,
                     'log_rho_p95': 0.43717533349990845,
                     'reverse_kl': 0.026975994929671288,
                     'target': None,
                     'vtrace_rho_clipped_fraction': 0.1953125},
 'Entropy': {'cart': 1.1095072031021118,
             'city_tile': 0.47076231241226196,
             'overall': 2.3205515146255493,
             'worker': 0.7402819991111755},
 'Env': {'carts_final': nan,
         'carts_peak': nan,
         'city_tiles_final': nan,
         'city_tiles_peak': nan,
         'max_cumulative_rewards': nan,
         'mean_cumulative_reward_magnitudes': nan,
         'mean_cumulative_rewards': nan,
         'research_points': nan,
         'separate_cities_final': nan,
         'separate_cities_peak': nan,
         'step': nan,
         'workers_final': nan,
         'workers_peak': nan},
 'Gradient': {'clipped': 1.0, 'norm_before_clip': 49.48102569580078},
 'Intent': {'accuracy': nan,
            'target_build': 0,
            'target_deliver': 0,
            'target_mine': 0,
            'target_return': 0},
 'Loss': {'baseline_loss': 0.12573155760765076,
          'behavior_kl_loss': 0.0,
          'entropy_loss': -0.12332148104906082,
          'intent_aux_loss': 0.0,
          'rule_aux_loss': 0.0,
          'teacher_baseline_loss': 0.0,
          'teacher_kl_loss': 0.0,
          'total_loss': -1.3658264875411987,
          'upgo_pg_loss': 4.880212783813477,
          'vtrace_pg_loss': -6.248449325561523},
 'Misc': {'actor_policy_tta_rot180': 1.0,
          'league_opponents': {'first_place': 0.75, 'selfplay': 0.25},
          'learning_rate': 4.931888e-05,
          'teacher_kl_cost': 0.0,
          'teacher_policy_tta_rot180': 1.0,
          'total_games_played': 32},
 'Normalized_Entropy': {'cart': 0.8003402948379517,
                        'city_tile': 0.5709126591682434,
                        'overall': 0.5001508415133213,
                        'worker': 0.4739173650741577},
 'Teacher_KL_Divergence': {'cart': 0.0,
                           'city_tile': 0.0,
                           'overall': 0.0,
                           'worker': 0.0},
 'Value': {'bias': 1.2281816452741623e-08,
           'explained_variance': 0.8373462557792664,
           'support_outside_fraction': 0.0,
           'target_std': 0.14927415549755096}}[0m
[[36m2026-08-16 11:14:53,082[0m][[34mroot[0m][[32mINFO[0m] - Steps 14336 @ 102.3 SPS / 1.6 BPS. Stats:
{'Actions': {'cart': {'MOVE': nan, 'NO-OP': nan, 'TRANSFER': nan},
             'city_tile': {'BUILD_CART': nan,
                           'BUILD_WORKER': nan,
                           'NO-OP': nan,
                           'RESEARCH': nan},
             'worker': {'BUILD_CITY': nan,
                        'MOVE': nan,
                        'NO-OP': nan,
                        'PILLAGE': nan,
                        'TRANSFER': nan}},
 'Active_Entities': {'cart': 14, 'city_tile': 426, 'worker': 758},
 'Behavior_Policy': {'actor_version_max': 14080,
                     'actor_version_min': 13568,
                     'beta': 0.0,
                     'buffer_lag_max': 704,
                     'ema_kl': None,
                     'forward_kl': 0.02065647952258587,
                     'learner_version': 14272,
                     'log_rho_max': 2.132619857788086,
                     'log_rho_mean': -0.16449911892414093,
                     'log_rho_p95': 0.9454502463340759,
                     'reverse_kl': 0.0221256073564291,
                     'target': None,
                     'vtrace_rho_clipped_fraction': 0.15625},
 'Entropy': {'cart': 1.3845129013061523,
             'city_tile': 0.34112146496772766,
             'overall': 2.7058195173740387,
             'worker': 0.9801851511001587},
 'Env': {'carts_final': nan,
         'carts_peak': nan,
         'city_tiles_final': nan,
         'city_tiles_peak': nan,
         'max_cumulative_rewards': nan,
         'mean_cumulative_reward_magnitudes': nan,
         'mean_cumulative_rewards': nan,
         'research_points': nan,
         'separate_cities_final': nan,
         'separate_cities_peak': nan,
         'step': nan,
         'workers_final': nan,
         'workers_peak': nan},
 'Gradient': {'clipped': 1.0, 'norm_before_clip': 25.400421142578125},
 'Intent': {'accuracy': nan,
            'target_build': 0,
            'target_deliver': 0,
            'target_mine': 0,
            'target_return': 0},
 'Loss': {'baseline_loss': 0.0423162505030632,
          'behavior_kl_loss': 0.0,
          'entropy_loss': -0.1815362572669983,
          'intent_aux_loss': 0.0,
          'rule_aux_loss': 0.0,
          'teacher_baseline_loss': 0.0,
          'teacher_kl_loss': 0.0,
          'total_loss': 2.059913396835327,
          'upgo_pg_loss': 4.817481994628906,
          'vtrace_pg_loss': -2.6183485984802246},
 'Misc': {'actor_policy_tta_rot180': 1.0,
          'league_opponents': {'first_place': 0.75, 'selfplay': 0.25},
          'learning_rate': 4.9293536000000003e-05,
          'teacher_kl_cost': 0.0,
          'teacher_policy_tta_rot180': 1.0,
          'total_games_played': 32},
 'Normalized_Entropy': {'cart': 0.8678500056266785,
                        'city_tile': 0.47564196586608887,
                        'overall': 0.5707033323326175,
                        'worker': 0.618640124797821},
 'Teacher_KL_Divergence': {'cart': 0.0,
                           'city_tile': 0.0,
                           'overall': 0.0,
                           'worker': 0.0},
 'Value': {'bias': 1.7462298274040222e-08,
           'explained_variance': 0.9848161935806274,
           'support_outside_fraction': 0.0,
           'target_std': 0.24312500655651093}}[0m
[[36m2026-08-16 11:14:58,088[0m][[34mroot[0m][[32mINFO[0m] - Steps 14784 @ 89.5 SPS / 1.4 BPS. Stats:
{'Actions': {'cart': {'MOVE': nan, 'NO-OP': nan, 'TRANSFER': nan},
             'city_tile': {'BUILD_CART': nan,
                           'BUILD_WORKER': nan,
                           'NO-OP': nan,
                           'RESEARCH': nan},
             'worker': {'BUILD_CITY': nan,
                        'MOVE': nan,
                        'NO-OP': nan,
                        'PILLAGE': nan,
                        'TRANSFER': nan}},
 'Active_Entities': {'cart': 16, 'city_tile': 160, 'worker': 575},
 'Behavior_Policy': {'actor_version_max': 14592,
                     'actor_version_min': 14080,
                     'beta': 0.0,
                     'buffer_lag_max': 640,
                     'ema_kl': None,
                     'forward_kl': 0.026064932346343994,
                     'learner_version': 14720,
                     'log_rho_max': 1.7234153747558594,
                     'log_rho_mean': -0.1191597431898117,
                     'log_rho_p95': 0.781103253364563,
                     'reverse_kl': 0.027807213366031647,
                     'target': None,
                     'vtrace_rho_clipped_fraction': 0.1875},
 'Entropy': {'cart': 1.4478976726531982,
             'city_tile': 0.48792925477027893,
             'overall': 2.8745884001255035,
             'worker': 0.9387614727020264},
 'Env': {'carts_final': nan,
         'carts_peak': nan,
         'city_tiles_final': nan,
         'city_tiles_peak': nan,
         'max_cumulative_rewards': nan,
         'mean_cumulative_reward_magnitudes': nan,
         'mean_cumulative_rewards': nan,
         'research_points': nan,
         'separate_cities_final': nan,
         'separate_cities_peak': nan,
         'step': nan,
         'workers_final': nan,
         'workers_peak': nan},
 'Gradient': {'clipped': 1.0, 'norm_before_clip': 81.4792251586914},
 'Intent': {'accuracy': nan,
            'target_build': 0,
            'target_deliver': 0,
            'target_mine': 0,
            'target_return': 0},
 'Loss': {'baseline_loss': 0.21631795167922974,
          'behavior_kl_loss': 0.0,
          'entropy_loss': -0.1282045692205429,
          'intent_aux_loss': 0.0,
          'rule_aux_loss': 0.0,
          'teacher_baseline_loss': 0.0,
          'teacher_kl_loss': 0.0,
          'total_loss': 45.1756591796875,
          'upgo_pg_loss': 36.26949691772461,
          'vtrace_pg_loss': 8.818048477172852},
 'Misc': {'actor_policy_tta_rot180': 1.0,
          'league_opponents': {'first_place': 1.0, 'selfplay': 0.0},
          'learning_rate': 4.927136e-05,
          'teacher_kl_cost': 0.0,
          'teacher_policy_tta_rot180': 1.0,
          'total_games_played': 32},
 'Normalized_Entropy': {'cart': 0.8051263689994812,
                        'city_tile': 0.6129251718521118,
                        'overall': 0.5956028252244789,
                        'worker': 0.5849524736404419},
 'Teacher_KL_Divergence': {'cart': 0.0,
                           'city_tile': 0.0,
                           'overall': 0.0,
                           'worker': 0.0},
 'Value': {'bias': 1.3387762010097504e-08,
           'explained_variance': 0.6484238505363464,
           'support_outside_fraction': 0.0,
           'target_std': 0.13866332173347473}}[0m
[[36m2026-08-16 11:15:03,093[0m][[34mroot[0m][[32mINFO[0m] - Steps 15104 @ 63.9 SPS / 1.0 BPS. Stats:
{'Actions': {'cart': {'MOVE': nan, 'NO-OP': nan, 'TRANSFER': nan},
             'city_tile': {'BUILD_CART': nan,
                           'BUILD_WORKER': nan,
                           'NO-OP': nan,
                           'RESEARCH': nan},
             'worker': {'BUILD_CITY': nan,
                        'MOVE': nan,
                        'NO-OP': nan,
                        'PILLAGE': nan,
                        'TRANSFER': nan}},
 'Active_Entities': {'cart': 1, 'city_tile': 186, 'worker': 477},
 'Behavior_Policy': {'actor_version_max': 14848,
                     'actor_version_min': 14336,
                     'beta': 0.0,
                     'buffer_lag_max': 704,
                     'ema_kl': None,
                     'forward_kl': 0.012971930205821991,
                     'learner_version': 15040,
                     'log_rho_max': 1.1342029571533203,
                     'log_rho_mean': -0.10764072835445404,
                     'log_rho_p95': 0.31260088086128235,
                     'reverse_kl': 0.012455355376005173,
                     'target': None,
                     'vtrace_rho_clipped_fraction': 0.265625},
 'Entropy': {'cart': 1.4815105199813843,
             'city_tile': 0.5384900569915771,
             'overall': 3.16362202167511,
             'worker': 1.1436214447021484},
 'Env': {'carts_final': nan,
         'carts_peak': nan,
         'city_tiles_final': nan,
         'city_tiles_peak': nan,
         'max_cumulative_rewards': nan,
         'mean_cumulative_reward_magnitudes': nan,
         'mean_cumulative_rewards': nan,
         'research_points': nan,
         'separate_cities_final': nan,
         'separate_cities_peak': nan,
         'step': nan,
         'workers_final': nan,
         'workers_peak': nan},
 'Gradient': {'clipped': 1.0, 'norm_before_clip': 28.97515106201172},
 'Intent': {'accuracy': nan,
            'target_build': 0,
            'target_deliver': 0,
            'target_mine': 0,
            'target_return': 0},
 'Loss': {'baseline_loss': 0.02933666668832302,
          'behavior_kl_loss': 0.0,
          'entropy_loss': -0.12942960858345032,
          'intent_aux_loss': 0.0,
          'rule_aux_loss': 0.0,
          'teacher_baseline_loss': 0.0,
          'teacher_kl_loss': 0.0,
          'total_loss': 6.365230560302734,
          'upgo_pg_loss': 6.142767429351807,
          'vtrace_pg_loss': 0.32255640625953674},
 'Misc': {'actor_policy_tta_rot180': 1.0,
          'league_opponents': {'first_place': 0.75, 'selfplay': 0.25},
          'learning_rate': 4.9255520000000004e-05,
          'teacher_kl_cost': 0.0,
          'teacher_policy_tta_rot180': 1.0,
          'total_games_played': 32},
 'Normalized_Entropy': {'cart': 0.9205143451690674,
                        'city_tile': 0.6668574810028076,
                        'overall': 0.7236850601901491,
                        'worker': 0.7454316020011902},
 'Teacher_KL_Divergence': {'cart': 0.0,
                           'city_tile': 0.0,
                           'overall': 0.0,
                           'worker': 0.0},
 'Value': {'bias': -4.889443516731262e-09,
           'explained_variance': 0.9884443879127502,
           'support_outside_fraction': 0.0,
           'target_std': 0.2776358127593994}}[0m
[[36m2026-08-16 11:15:08,098[0m][[34mroot[0m][[32mINFO[0m] - Steps 15552 @ 89.5 SPS / 1.4 BPS. Stats:
{'Actions': {'cart': {'MOVE': nan, 'NO-OP': nan, 'TRANSFER': nan},
             'city_tile': {'BUILD_CART': nan,
                           'BUILD_WORKER': nan,
                           'NO-OP': nan,
                           'RESEARCH': nan},
             'worker': {'BUILD_CITY': nan,
                        'MOVE': nan,
                        'NO-OP': nan,
                        'PILLAGE': nan,
                        'TRANSFER': nan}},
 'Active_Entities': {'cart': 0, 'city_tile': 185, 'worker': 488},
 'Behavior_Policy': {'actor_version_max': 15360,
                     'actor_version_min': 14848,
                     'beta': 0.0,
                     'buffer_lag_max': 640,
                     'ema_kl': None,
                     'forward_kl': 0.02170468680560589,
                     'learner_version': 15488,
                     'log_rho_max': 0.9385890960693359,
                     'log_rho_mean': -0.1571921706199646,
                     'log_rho_p95': 0.49849820137023926,
                     'reverse_kl': 0.021541409194469452,
                     'target': None,
                     'vtrace_rho_clipped_fraction': 0.1640625},
 'Entropy': {'cart': -0.0,
             'city_tile': 0.28762882947921753,
             'overall': 1.1857625246047974,
             'worker': 0.8981336951255798},
 'Env': {'carts_final': nan,
         'carts_peak': nan,
         'city_tiles_final': nan,
         'city_tiles_peak': nan,
         'max_cumulative_rewards': nan,
         'mean_cumulative_reward_magnitudes': nan,
         'mean_cumulative_rewards': nan,
         'research_points': nan,
         'separate_cities_final': nan,
         'separate_cities_peak': nan,
         'step': nan,
         'workers_final': nan,
         'workers_peak': nan},
 'Gradient': {'clipped': 1.0, 'norm_before_clip': 32.81733703613281},
 'Intent': {'accuracy': nan,
            'target_build': 0,
            'target_deliver': 0,
            'target_mine': 0,
            'target_return': 0},
 'Loss': {'baseline_loss': 0.06264425814151764,
          'behavior_kl_loss': 0.0,
          'entropy_loss': -0.09830011427402496,
          'intent_aux_loss': 0.0,
          'rule_aux_loss': 0.0,
          'teacher_baseline_loss': 0.0,
          'teacher_kl_loss': 0.0,
          'total_loss': 13.742538452148438,
          'upgo_pg_loss': 11.41824722290039,
          'vtrace_pg_loss': 2.3599469661712646},
 'Misc': {'actor_policy_tta_rot180': 1.0,
          'league_opponents': {'first_place': 1.0, 'selfplay': 0.0},
          'learning_rate': 4.9233344e-05,
          'teacher_kl_cost': 0.0,
          'teacher_policy_tta_rot180': 1.0,
          'total_games_played': 32},
 'Normalized_Entropy': {'cart': 0.0,
                        'city_tile': 0.3894052803516388,
                        'overall': 0.5290466039088647,
                        'worker': 0.5819844007492065},
 'Teacher_KL_Divergence': {'cart': 0.0,
                           'city_tile': 0.0,
                           'overall': 0.0,
                           'worker': 0.0},
 'Value': {'bias': -3.4924596548080444e-10,
           'explained_variance': 0.9727919101715088,
           'support_outside_fraction': 0.0,
           'target_std': 0.2682356834411621}}[0m
[[36m2026-08-16 11:15:13,103[0m][[34mroot[0m][[32mINFO[0m] - Steps 15872 @ 63.9 SPS / 1.0 BPS. Stats:
{'Actions': {'cart': {'MOVE': nan, 'NO-OP': nan, 'TRANSFER': nan},
             'city_tile': {'BUILD_CART': nan,
                           'BUILD_WORKER': nan,
                           'NO-OP': nan,
                           'RESEARCH': nan},
             'worker': {'BUILD_CITY': nan,
                        'MOVE': nan,
                        'NO-OP': nan,
                        'PILLAGE': nan,
                        'TRANSFER': nan}},
 'Active_Entities': {'cart': 58, 'city_tile': 307, 'worker': 654},
 'Behavior_Policy': {'actor_version_max': 15552,
                     'actor_version_min': 15104,
                     'beta': 0.0,
                     'buffer_lag_max': 704,
                     'ema_kl': None,
                     'forward_kl': 0.030634230002760887,
                     'learner_version': 15808,
                     'log_rho_max': 1.3129839897155762,
                     'log_rho_mean': -0.3287157416343689,
                     'log_rho_p95': 0.7617937326431274,
                     'reverse_kl': 0.02541431598365307,
                     'target': None,
                     'vtrace_rho_clipped_fraction': 0.1953125},
 'Entropy': {'cart': 1.1100174188613892,
             'city_tile': 0.3164069354534149,
             'overall': 2.4266577661037445,
             'worker': 1.0002334117889404},
 'Env': {'carts_final': nan,
         'carts_peak': nan,
         'city_tiles_final': nan,
         'city_tiles_peak': nan,
         'max_cumulative_rewards': nan,
         'mean_cumulative_reward_magnitudes': nan,
         'mean_cumulative_rewards': nan,
         'research_points': nan,
         'separate_cities_final': nan,
         'separate_cities_peak': nan,
         'step': nan,
         'workers_final': nan,
         'workers_peak': nan},
 'Gradient': {'clipped': 1.0, 'norm_before_clip': 30.92181968688965},
 'Intent': {'accuracy': nan,
            'target_build': 0,
            'target_deliver': 0,
            'target_mine': 0,
            'target_return': 0},
 'Loss': {'baseline_loss': 0.0637923926115036,
          'behavior_kl_loss': 0.0,
          'entropy_loss': -0.16313409805297852,
          'intent_aux_loss': 0.0,
          'rule_aux_loss': 0.0,
          'teacher_baseline_loss': 0.0,
          'teacher_kl_loss': 0.0,
          'total_loss': 18.180309295654297,
          'upgo_pg_loss': 16.54248046875,
          'vtrace_pg_loss': 1.7371697425842285},
 'Misc': {'actor_policy_tta_rot180': 1.0,
          'league_opponents': {'first_place': 0.75, 'selfplay': 0.25},
          'learning_rate': 4.9217504000000005e-05,
          'teacher_kl_cost': 0.0,
          'teacher_policy_tta_rot180': 1.0,
          'total_games_played': 32},
 'Normalized_Entropy': {'cart': 0.7012392282485962,
                        'city_tile': 0.42031195759773254,
                        'overall': 0.5798930011331391,
                        'worker': 0.6440417766571045},
 'Teacher_KL_Divergence': {'cart': 0.0,
                           'city_tile': 0.0,
                           'overall': 0.0,
                           'worker': 0.0},
 'Value': {'bias': 1.6880221664905548e-09,
           'explained_variance': 0.976142168045044,
           'support_outside_fraction': 0.0,
           'target_std': 0.251976877450943}}[0m
[[36m2026-08-16 11:15:18,108[0m][[34mroot[0m][[32mINFO[0m] - Steps 16384 @ 102.3 SPS / 1.6 BPS. Stats:
{'Actions': {'cart': {'MOVE': nan, 'NO-OP': nan, 'TRANSFER': nan},
             'city_tile': {'BUILD_CART': nan,
                           'BUILD_WORKER': nan,
                           'NO-OP': nan,
                           'RESEARCH': nan},
             'worker': {'BUILD_CITY': nan,
                        'MOVE': nan,
                        'NO-OP': nan,
                        'PILLAGE': nan,
                        'TRANSFER': nan}},
 'Active_Entities': {'cart': 0, 'city_tile': 227, 'worker': 515},
 'Behavior_Policy': {'actor_version_max': 15872,
                     'actor_version_min': 15616,
                     'beta': 0.0,
                     'buffer_lag_max': 704,
                     'ema_kl': None,
                     'forward_kl': 0.016829995438456535,
                     'learner_version': 16320,
                     'log_rho_max': 1.1560354232788086,
                     'log_rho_mean': -0.12217399477958679,
                     'log_rho_p95': 0.5543500781059265,
                     'reverse_kl': 0.015904664993286133,
                     'target': None,
                     'vtrace_rho_clipped_fraction': 0.2421875},
 'Entropy': {'cart': -0.0,
             'city_tile': 0.2579817771911621,
             'overall': 1.2064430713653564,
             'worker': 0.9484612941741943},
 'Env': {'carts_final': nan,
         'carts_peak': nan,
         'city_tiles_final': nan,
         'city_tiles_peak': nan,
         'max_cumulative_rewards': nan,
         'mean_cumulative_reward_magnitudes': nan,
         'mean_cumulative_rewards': nan,
         'research_points': nan,
         'separate_cities_final': nan,
         'separate_cities_peak': nan,
         'step': nan,
         'workers_final': nan,
         'workers_peak': nan},
 'Gradient': {'clipped': 1.0, 'norm_before_clip': 44.98918151855469},
 'Intent': {'accuracy': nan,
            'target_build': 0,
            'target_deliver': 0,
            'target_mine': 0,
            'target_return': 0},
 'Loss': {'baseline_loss': 0.05438748002052307,
          'behavior_kl_loss': 0.0,
          'entropy_loss': -0.10940389335155487,
          'intent_aux_loss': 0.0,
          'rule_aux_loss': 0.0,
          'teacher_baseline_loss': 0.0,
          'teacher_kl_loss': 0.0,
          'total_loss': 3.0190324783325195,
          'upgo_pg_loss': 4.240734100341797,
          'vtrace_pg_loss': -1.1666853427886963},
 'Misc': {'actor_policy_tta_rot180': 1.0,
          'league_opponents': {'first_place': 0.75, 'selfplay': 0.25},
          'learning_rate': 4.9192160000000004e-05,
          'teacher_kl_cost': 0.0,
          'teacher_policy_tta_rot180': 1.0,
          'total_games_played': 32},
 'Normalized_Entropy': {'cart': 0.0,
                        'city_tile': 0.3579796552658081,
                        'overall': 0.5438476330186479,
                        'worker': 0.6257739067077637},
 'Teacher_KL_Divergence': {'cart': 0.0,
                           'city_tile': 0.0,
                           'overall': 0.0,
                           'worker': 0.0},
 'Value': {'bias': -1.5366822481155396e-08,
           'explained_variance': 0.9815915822982788,
           'support_outside_fraction': 0.0,
           'target_std': 0.2730303704738617}}[0m
[[36m2026-08-16 11:15:23,111[0m][[34mroot[0m][[32mINFO[0m] - Steps 16896 @ 102.4 SPS / 1.6 BPS. Stats:
{'Actions': {'cart': {'MOVE': nan, 'NO-OP': nan, 'TRANSFER': nan},
             'city_tile': {'BUILD_CART': nan,
                           'BUILD_WORKER': nan,
                           'NO-OP': nan,
                           'RESEARCH': nan},
             'worker': {'BUILD_CITY': nan,
                        'MOVE': nan,
                        'NO-OP': nan,
                        'PILLAGE': nan,
                        'TRANSFER': nan}},
 'Active_Entities': {'cart': 0, 'city_tile': 258, 'worker': 597},
 'Behavior_Policy': {'actor_version_max': 16384,
                     'actor_version_min': 16000,
                     'beta': 0.0,
                     'buffer_lag_max': 832,
                     'ema_kl': None,
                     'forward_kl': 0.02007526531815529,
                     'learner_version': 16832,
                     'log_rho_max': 1.2754669189453125,
                     'log_rho_mean': -0.22376666963100433,
                     'log_rho_p95': 0.4358953535556793,
                     'reverse_kl': 0.019776184111833572,
                     'target': None,
                     'vtrace_rho_clipped_fraction': 0.1875},
 'Entropy': {'cart': -0.0,
             'city_tile': 0.2973552346229553,
             'overall': 1.2541757822036743,
             'worker': 0.956820547580719},
 'Env': {'carts_final': nan,
         'carts_peak': nan,
         'city_tiles_final': nan,
         'city_tiles_peak': nan,
         'max_cumulative_rewards': nan,
         'mean_cumulative_reward_magnitudes': nan,
         'mean_cumulative_rewards': nan,
         'research_points': nan,
         'separate_cities_final': nan,
         'separate_cities_peak': nan,
         'step': nan,
         'workers_final': nan,
         'workers_peak': nan},
 'Gradient': {'clipped': 1.0, 'norm_before_clip': 18.98660659790039},
 'Intent': {'accuracy': nan,
            'target_build': 0,
            'target_deliver': 0,
            'target_mine': 0,
            'target_return': 0},
 'Loss': {'baseline_loss': 0.009018323384225368,
          'behavior_kl_loss': 0.0,
          'entropy_loss': -0.12958790361881256,
          'intent_aux_loss': 0.0,
          'rule_aux_loss': 0.0,
          'teacher_baseline_loss': 0.0,
          'teacher_kl_loss': 0.0,
          'total_loss': 4.253836154937744,
          'upgo_pg_loss': 4.00919246673584,
          'vtrace_pg_loss': 0.3652132749557495},
 'Misc': {'actor_policy_tta_rot180': 1.0,
          'league_opponents': {'first_place': 0.75, 'selfplay': 0.25},
          'learning_rate': 4.9166816e-05,
          'teacher_kl_cost': 0.0,
          'teacher_policy_tta_rot180': 1.0,
          'total_games_played': 33},
 'Normalized_Entropy': {'cart': 0.0,
                        'city_tile': 0.4242818057537079,
                        'overall': 0.5712363098797045,
                        'worker': 0.6347442865371704},
 'Teacher_KL_Divergence': {'cart': 0.0,
                           'city_tile': 0.0,
                           'overall': 0.0,
                           'worker': 0.0},
 'Value': {'bias': 2.7939677238464355e-09,
           'explained_variance': 0.9975315928459167,
           'support_outside_fraction': 0.0,
           'target_std': 0.2768022119998932}}[0m
[[36m2026-08-16 11:15:28,117[0m][[34mroot[0m][[32mINFO[0m] - Steps 17408 @ 102.3 SPS / 1.6 BPS. Stats:
{'Actions': {'cart': {'MOVE': nan, 'NO-OP': nan, 'TRANSFER': nan},
             'city_tile': {'BUILD_CART': nan,
                           'BUILD_WORKER': nan,
                           'NO-OP': nan,
                           'RESEARCH': nan},
             'worker': {'BUILD_CITY': nan,
                        'MOVE': nan,
                        'NO-OP': nan,
                        'PILLAGE': nan,
                        'TRANSFER': nan}},
 'Active_Entities': {'cart': 30, 'city_tile': 100, 'worker': 392},
 'Behavior_Policy': {'actor_version_max': 16960,
                     'actor_version_min': 16384,
                     'beta': 0.0,
                     'buffer_lag_max': 960,
                     'ema_kl': None,
                     'forward_kl': 0.054095834493637085,
                     'learner_version': 17344,
                     'log_rho_max': 1.785740852355957,
                     'log_rho_mean': -0.29935789108276367,
                     'log_rho_p95': 0.38631314039230347,
                     'reverse_kl': 0.04719497263431549,
                     'target': None,
                     'vtrace_rho_clipped_fraction': 0.1953125},
 'Entropy': {'cart': 1.1298503875732422,
             'city_tile': 0.5201416611671448,
             'overall': 2.541992962360382,
             'worker': 0.8920009136199951},
 'Env': {'carts_final': nan,
         'carts_peak': nan,
         'city_tiles_final': nan,
         'city_tiles_peak': nan,
         'max_cumulative_rewards': nan,
         'mean_cumulative_reward_magnitudes': nan,
         'mean_cumulative_rewards': nan,
         'research_points': nan,
         'separate_cities_final': nan,
         'separate_cities_peak': nan,
         'step': nan,
         'workers_final': nan,
         'workers_peak': nan},
 'Gradient': {'clipped': 1.0, 'norm_before_clip': 27.835784912109375},
 'Intent': {'accuracy': nan,
            'target_build': 0,
            'target_deliver': 0,
            'target_mine': 0,
            'target_return': 0},
 'Loss': {'baseline_loss': 0.0507478341460228,
          'behavior_kl_loss': 0.0,
          'entropy_loss': -0.08711481839418411,
          'intent_aux_loss': 0.0,
          'rule_aux_loss': 0.0,
          'teacher_baseline_loss': 0.0,
          'teacher_kl_loss': 0.0,
          'total_loss': 1.8474493026733398,
          'upgo_pg_loss': 4.187916278839111,
          'vtrace_pg_loss': -2.3041000366210938},
 'Misc': {'actor_policy_tta_rot180': 1.0,
          'league_opponents': {'first_place': 0.75, 'selfplay': 0.25},
          'learning_rate': 4.914147200000001e-05,
          'teacher_kl_cost': 0.0,
          'teacher_policy_tta_rot180': 1.0,
          'total_games_played': 37},
 'Normalized_Entropy': {'cart': 0.7467485070228577,
                        'city_tile': 0.5607647895812988,
                        'overall': 0.577228384228045,
                        'worker': 0.5684548020362854},
 'Teacher_KL_Divergence': {'cart': 0.0,
                           'city_tile': 0.0,
                           'overall': 0.0,
                           'worker': 0.0},
 'Value': {'bias': -1.4988472685217857e-08,
           'explained_variance': 0.9747381210327148,
           'support_outside_fraction': 0.0,
           'target_std': 0.23881295323371887}}[0m
[[36m2026-08-16 11:15:33,123[0m][[34mroot[0m][[32mINFO[0m] - Steps 17920 @ 102.3 SPS / 1.6 BPS. Stats:
{'Actions': {'cart': {'MOVE': nan, 'NO-OP': nan, 'TRANSFER': nan},
             'city_tile': {'BUILD_CART': nan,
                           'BUILD_WORKER': nan,
                           'NO-OP': nan,
                           'RESEARCH': nan},
             'worker': {'BUILD_CITY': nan,
                        'MOVE': nan,
                        'NO-OP': nan,
                        'PILLAGE': nan,
                        'TRANSFER': nan}},
 'Active_Entities': {'cart': 31, 'city_tile': 143, 'worker': 476},
 'Behavior_Policy': {'actor_version_max': 17664,
                     'actor_version_min': 17024,
                     'beta': 0.0,
                     'buffer_lag_max': 832,
                     'ema_kl': None,
                     'forward_kl': 0.026119280606508255,
                     'learner_version': 17856,
                     'log_rho_max': 1.1554908752441406,
                     'log_rho_mean': -0.17046770453453064,
                     'log_rho_p95': 0.49497896432876587,
                     'reverse_kl': 0.028434205800294876,
                     'target': None,
                     'vtrace_rho_clipped_fraction': 0.1953125},
 'Entropy': {'cart': 1.4361956119537354,
             'city_tile': 0.5806482434272766,
             'overall': 3.026731312274933,
             'worker': 1.009887456893921},
 'Env': {'carts_final': nan,
         'carts_peak': nan,
         'city_tiles_final': nan,
         'city_tiles_peak': nan,
         'max_cumulative_rewards': nan,
         'mean_cumulative_reward_magnitudes': nan,
         'mean_cumulative_rewards': nan,
         'research_points': nan,
         'separate_cities_final': nan,
         'separate_cities_peak': nan,
         'step': nan,
         'workers_final': nan,
         'workers_peak': nan},
 'Gradient': {'clipped': 1.0, 'norm_before_clip': 23.70140266418457},
 'Intent': {'accuracy': nan,
            'target_build': 0,
            'target_deliver': 0,
            'target_mine': 0,
            'target_return': 0},
 'Loss': {'baseline_loss': 0.03159371390938759,
          'behavior_kl_loss': 0.0,
          'entropy_loss': -0.12165223062038422,
          'intent_aux_loss': 0.0,
          'rule_aux_loss': 0.0,
          'teacher_baseline_loss': 0.0,
          'teacher_kl_loss': 0.0,
          'total_loss': 10.431558609008789,
          'upgo_pg_loss': 7.607433319091797,
          'vtrace_pg_loss': 2.914185047149658},
 'Misc': {'actor_policy_tta_rot180': 1.0,
          'league_opponents': {'first_place': 0.75, 'selfplay': 0.25},
          'learning_rate': 4.9116128e-05,
          'teacher_kl_cost': 0.0,
          'teacher_policy_tta_rot180': 1.0,
          'total_games_played': 37},
 'Normalized_Entropy': {'cart': 0.9264476895332336,
                        'city_tile': 0.6165874004364014,
                        'overall': 0.6583583808862246,
                        'worker': 0.6534476280212402},
 'Teacher_KL_Divergence': {'cart': 0.0,
                           'city_tile': 0.0,
                           'overall': 0.0,
                           'worker': 0.0},
 'Value': {'bias': -1.4784745872020721e-08,
           'explained_variance': 0.9864713549613953,
           'support_outside_fraction': 0.0,
           'target_std': 0.2684291899204254}}[0m
[[36m2026-08-16 11:15:38,129[0m][[34mroot[0m][[32mINFO[0m] - Steps 18432 @ 102.3 SPS / 1.6 BPS. Stats:
{'Actions': {'cart': {'MOVE': nan, 'NO-OP': nan, 'TRANSFER': nan},
             'city_tile': {'BUILD_CART': nan,
                           'BUILD_WORKER': nan,
                           'NO-OP': nan,
                           'RESEARCH': nan},
             'worker': {'BUILD_CITY': nan,
                        'MOVE': nan,
                        'NO-OP': nan,
                        'PILLAGE': nan,
                        'TRANSFER': nan}},
 'Active_Entities': {'cart': 33, 'city_tile': 122, 'worker': 360},
 'Behavior_Policy': {'actor_version_max': 18176,
                     'actor_version_min': 17664,
                     'beta': 0.0,
                     'buffer_lag_max': 704,
                     'ema_kl': None,
                     'forward_kl': 0.026862069964408875,
                     'learner_version': 18368,
                     'log_rho_max': 1.515594482421875,
                     'log_rho_mean': 0.01042952761054039,
                     'log_rho_p95': 0.6765462756156921,
                     'reverse_kl': 0.02918374538421631,
                     'target': None,
                     'vtrace_rho_clipped_fraction': 0.2890625},
 'Entropy': {'cart': 1.3662935495376587,
             'city_tile': 0.6345612406730652,
             'overall': 3.0353025794029236,
             'worker': 1.0344477891921997},
 'Env': {'carts_final': nan,
         'carts_peak': nan,
         'city_tiles_final': nan,
         'city_tiles_peak': nan,
         'max_cumulative_rewards': nan,
         'mean_cumulative_reward_magnitudes': nan,
         'mean_cumulative_rewards': nan,
         'research_points': nan,
         'separate_cities_final': nan,
         'separate_cities_peak': nan,
         'step': nan,
         'workers_final': nan,
         'workers_peak': nan},
 'Gradient': {'clipped': 1.0, 'norm_before_clip': 44.73212814331055},
 'Intent': {'accuracy': nan,
            'target_build': 0,
            'target_deliver': 0,
            'target_mine': 0,
            'target_return': 0},
 'Loss': {'baseline_loss': 0.08263739198446274,
          'behavior_kl_loss': 0.0,
          'entropy_loss': -0.09898106753826141,
          'intent_aux_loss': 0.0,
          'rule_aux_loss': 0.0,
          'teacher_baseline_loss': 0.0,
          'teacher_kl_loss': 0.0,
          'total_loss': 14.23673152923584,
          'upgo_pg_loss': 10.673486709594727,
          'vtrace_pg_loss': 3.5795884132385254},
 'Misc': {'actor_policy_tta_rot180': 1.0,
          'league_opponents': {'first_place': 0.75, 'selfplay': 0.25},
          'learning_rate': 4.9090784000000004e-05,
          'teacher_kl_cost': 0.0,
          'teacher_policy_tta_rot180': 1.0,
          'total_games_played': 38},
 'Normalized_Entropy': {'cart': 0.9273492097854614,
                        'city_tile': 0.627621054649353,
                        'overall': 0.6878218815164658,
                        'worker': 0.6862666010856628},
 'Teacher_KL_Divergence': {'cart': 0.0,
                           'city_tile': 0.0,
                           'overall': 0.0,
                           'worker': 0.0},
 'Value': {'bias': 7.130438461899757e-09,
           'explained_variance': 0.969664990901947,
           'support_outside_fraction': 0.0,
           'target_std': 0.28096821904182434}}[0m
[[36m2026-08-16 11:15:43,134[0m][[34mroot[0m][[32mINFO[0m] - Steps 18944 @ 102.3 SPS / 1.6 BPS. Stats:
{'Actions': {'cart': {'MOVE': nan, 'NO-OP': nan, 'TRANSFER': nan},
             'city_tile': {'BUILD_CART': nan,
                           'BUILD_WORKER': nan,
                           'NO-OP': nan,
                           'RESEARCH': nan},
             'worker': {'BUILD_CITY': nan,
                        'MOVE': nan,
                        'NO-OP': nan,
                        'PILLAGE': nan,
                        'TRANSFER': nan}},
 'Active_Entities': {'cart': 6, 'city_tile': 158, 'worker': 255},
 'Behavior_Policy': {'actor_version_max': 18688,
                     'actor_version_min': 18176,
                     'beta': 0.0,
                     'buffer_lag_max': 704,
                     'ema_kl': None,
                     'forward_kl': 0.016177048906683922,
                     'learner_version': 18880,
                     'log_rho_max': 0.6962404251098633,
                     'log_rho_mean': -0.04125123471021652,
                     'log_rho_p95': 0.32703667879104614,
                     'reverse_kl': 0.017006948590278625,
                     'target': None,
                     'vtrace_rho_clipped_fraction': 0.2578125},
 'Entropy': {'cart': 1.5262970924377441,
             'city_tile': 0.13949832320213318,
             'overall': 2.955953687429428,
             'worker': 1.2901582717895508},
 'Env': {'carts_final': nan,
         'carts_peak': nan,
         'city_tiles_final': nan,
         'city_tiles_peak': nan,
         'max_cumulative_rewards': nan,
         'mean_cumulative_reward_magnitudes': nan,
         'mean_cumulative_rewards': nan,
         'research_points': nan,
         'separate_cities_final': nan,
         'separate_cities_peak': nan,
         'step': nan,
         'workers_final': nan,
         'workers_peak': nan},
 'Gradient': {'clipped': 1.0, 'norm_before_clip': 38.28581619262695},
 'Intent': {'accuracy': nan,
            'target_build': 0,
            'target_deliver': 0,
            'target_mine': 0,
            'target_return': 0},
 'Loss': {'baseline_loss': 0.067344069480896,
          'behavior_kl_loss': 0.0,
          'entropy_loss': -0.07203777879476547,
          'intent_aux_loss': 0.0,
          'rule_aux_loss': 0.0,
          'teacher_baseline_loss': 0.0,
          'teacher_kl_loss': 0.0,
          'total_loss': -6.1436381340026855,
          'upgo_pg_loss': -0.8243001699447632,
          'vtrace_pg_loss': -5.3146443367004395},
 'Misc': {'actor_policy_tta_rot180': 1.0,
          'league_opponents': {'first_place': 0.75, 'selfplay': 0.25},
          'learning_rate': 4.906544e-05,
          'teacher_kl_cost': 0.0,
          'teacher_policy_tta_rot180': 1.0,
          'total_games_played': 38},
 'Normalized_Entropy': {'cart': 0.9483416676521301,
                        'city_tile': 0.16548538208007812,
                        'overall': 0.5864621553045468,
                        'worker': 0.838787853717804},
 'Teacher_KL_Divergence': {'cart': 0.0,
                           'city_tile': 0.0,
                           'overall': 0.0,
                           'worker': 0.0},
 'Value': {'bias': -3.259629011154175e-09,
           'explained_variance': 0.9828594326972961,
           'support_outside_fraction': 0.0,
           'target_std': 0.3396525979042053}}[0m
[[36m2026-08-16 11:15:48,140[0m][[34mroot[0m][[32mINFO[0m] - Steps 19264 @ 63.9 SPS / 1.0 BPS. Stats:
{'Actions': {'cart': {'MOVE': nan, 'NO-OP': nan, 'TRANSFER': nan},
             'city_tile': {'BUILD_CART': nan,
                           'BUILD_WORKER': nan,
                           'NO-OP': nan,
                           'RESEARCH': nan},
             'worker': {'BUILD_CITY': nan,
                        'MOVE': nan,
                        'NO-OP': nan,
                        'PILLAGE': nan,
                        'TRANSFER': nan}},
 'Active_Entities': {'cart': 29, 'city_tile': 294, 'worker': 627},
 'Behavior_Policy': {'actor_version_max': 19200,
                     'actor_version_min': 18688,
                     'beta': 0.0,
                     'buffer_lag_max': 512,
                     'ema_kl': None,
                     'forward_kl': 0.02815314196050167,
                     'learner_version': 19200,
                     'log_rho_max': 1.4182872772216797,
                     'log_rho_mean': -0.21790021657943726,
                     'log_rho_p95': 0.6191776394844055,
                     'reverse_kl': 0.028271326795220375,
                     'target': None,
                     'vtrace_rho_clipped_fraction': 0.21875},
 'Entropy': {'cart': 1.3434088230133057,
             'city_tile': 0.18471790850162506,
             'overall': 2.5528712421655655,
             'worker': 1.0247445106506348},
 'Env': {'carts_final': nan,
         'carts_peak': nan,
         'city_tiles_final': nan,
         'city_tiles_peak': nan,
         'max_cumulative_rewards': nan,
         'mean_cumulative_reward_magnitudes': nan,
         'mean_cumulative_rewards': nan,
         'research_points': nan,
         'separate_cities_final': nan,
         'separate_cities_peak': nan,
         'step': nan,
         'workers_final': nan,
         'workers_peak': nan},
 'Gradient': {'clipped': 1.0, 'norm_before_clip': 20.230823516845703},
 'Intent': {'accuracy': nan,
            'target_build': 0,
            'target_deliver': 0,
            'target_mine': 0,
            'target_return': 0},
 'Loss': {'baseline_loss': 0.029241003096103668,
          'behavior_kl_loss': 0.0,
          'entropy_loss': -0.14715614914894104,
          'intent_aux_loss': 0.0,
          'rule_aux_loss': 0.0,
          'teacher_baseline_loss': 0.0,
          'teacher_kl_loss': 0.0,
          'total_loss': 17.761051177978516,
          'upgo_pg_loss': 14.866912841796875,
          'vtrace_pg_loss': 3.0120530128479004},
 'Misc': {'actor_policy_tta_rot180': 1.0,
          'league_opponents': {'first_place': 0.75, 'selfplay': 0.25},
          'learning_rate': 4.90496e-05,
          'teacher_kl_cost': 0.0,
          'teacher_policy_tta_rot180': 1.0,
          'total_games_played': 38},
 'Normalized_Entropy': {'cart': 0.9268494844436646,
                        'city_tile': 0.253256231546402,
                        'overall': 0.5261122334003449,
                        'worker': 0.6355193853378296},
 'Teacher_KL_Divergence': {'cart': 0.0,
                           'city_tile': 0.0,
                           'overall': 0.0,
                           'worker': 0.0},
 'Value': {'bias': -1.2834789231419563e-08,
           'explained_variance': 0.9824853539466858,
           'support_outside_fraction': 0.0,
           'target_std': 0.2207392454147339}}[0m
[[36m2026-08-16 11:15:53,145[0m][[34mroot[0m][[32mINFO[0m] - Steps 19712 @ 89.5 SPS / 1.4 BPS. Stats:
{'Actions': {'cart': {'MOVE': nan, 'NO-OP': nan, 'TRANSFER': nan},
             'city_tile': {'BUILD_CART': nan,
                           'BUILD_WORKER': nan,
                           'NO-OP': nan,
                           'RESEARCH': nan},
             'worker': {'BUILD_CITY': nan,
                        'MOVE': nan,
                        'NO-OP': nan,
                        'PILLAGE': nan,
                        'TRANSFER': nan}},
 'Active_Entities': {'cart': 29, 'city_tile': 48, 'worker': 129},
 'Behavior_Policy': {'actor_version_max': 19456,
                     'actor_version_min': 18944,
                     'beta': 0.0,
                     'buffer_lag_max': 704,
                     'ema_kl': None,
                     'forward_kl': 0.011711862869560719,
                     'learner_version': 19648,
                     'log_rho_max': 1.377084732055664,
                     'log_rho_mean': 0.00528310053050518,
                     'log_rho_p95': 0.1618473082780838,
                     'reverse_kl': 0.011210649274289608,
                     'target': None,
                     'vtrace_rho_clipped_fraction': 0.234375},
 'Entropy': {'cart': 1.2223573923110962,
             'city_tile': 0.8935526013374329,
             'overall': 3.1781557202339172,
             'worker': 1.0622457265853882},
 'Env': {'carts_final': nan,
         'carts_peak': nan,
         'city_tiles_final': nan,
         'city_tiles_peak': nan,
         'max_cumulative_rewards': nan,
         'mean_cumulative_reward_magnitudes': nan,
         'mean_cumulative_rewards': nan,
         'research_points': nan,
         'separate_cities_final': nan,
         'separate_cities_peak': nan,
         'step': nan,
         'workers_final': nan,
         'workers_peak': nan},
 'Gradient': {'clipped': 1.0, 'norm_before_clip': 19.815185546875},
 'Intent': {'accuracy': nan,
            'target_build': 0,
            'target_deliver': 0,
            'target_mine': 0,
            'target_return': 0},
 'Loss': {'baseline_loss': 0.03808338940143585,
          'behavior_kl_loss': 0.0,
          'entropy_loss': -0.04307371377944946,
          'intent_aux_loss': 0.0,
          'rule_aux_loss': 0.0,
          'teacher_baseline_loss': 0.0,
          'teacher_kl_loss': 0.0,
          'total_loss': 2.315761089324951,
          'upgo_pg_loss': 3.187385082244873,
          'vtrace_pg_loss': -0.8666336536407471},
 'Misc': {'actor_policy_tta_rot180': 1.0,
          'league_opponents': {'first_place': 0.75, 'selfplay': 0.25},
          'learning_rate': 4.9027423999999996e-05,
          'teacher_kl_cost': 0.0,
          'teacher_policy_tta_rot180': 1.0,
          'total_games_played': 39},
 'Normalized_Entropy': {'cart': 0.8497353196144104,
                        'city_tile': 0.8378284573554993,
                        'overall': 0.7589649005422314,
                        'worker': 0.7092145681381226},
 'Teacher_KL_Divergence': {'cart': 0.0,
                           'city_tile': 0.0,
                           'overall': 0.0,
                           'worker': 0.0},
 'Value': {'bias': 1.9033905118703842e-08,
           'explained_variance': 0.9921694993972778,
           'support_outside_fraction': 0.0,
           'target_std': 0.32323601841926575}}[0m
[[36m2026-08-16 11:15:58,151[0m][[34mroot[0m][[32mINFO[0m] - Steps 20224 @ 102.3 SPS / 1.6 BPS. Stats:
{'Actions': {'cart': {'MOVE': nan, 'NO-OP': nan, 'TRANSFER': nan},
             'city_tile': {'BUILD_CART': nan,
                           'BUILD_WORKER': nan,
                           'NO-OP': nan,
                           'RESEARCH': nan},
             'worker': {'BUILD_CITY': nan,
                        'MOVE': nan,
                        'NO-OP': nan,
                        'PILLAGE': nan,
                        'TRANSFER': nan}},
 'Active_Entities': {'cart': 24, 'city_tile': 37, 'worker': 134},
 'Behavior_Policy': {'actor_version_max': 19968,
                     'actor_version_min': 19456,
                     'beta': 0.0,
                     'buffer_lag_max': 704,
                     'ema_kl': None,
                     'forward_kl': 0.020302683115005493,
                     'learner_version': 20160,
                     'log_rho_max': 0.7988390922546387,
                     'log_rho_mean': -0.010402003303170204,
                     'log_rho_p95': 0.27138155698776245,
                     'reverse_kl': 0.018949059769511223,
                     'target': None,
                     'vtrace_rho_clipped_fraction': 0.2421875},
 'Entropy': {'cart': 1.3688087463378906,
             'city_tile': 0.772942066192627,
             'overall': 3.430537700653076,
             'worker': 1.2887868881225586},
 'Env': {'carts_final': nan,
         'carts_peak': nan,
         'city_tiles_final': nan,
         'city_tiles_peak': nan,
         'max_cumulative_rewards': nan,
         'mean_cumulative_reward_magnitudes': nan,
         'mean_cumulative_rewards': nan,
         'research_points': nan,
         'separate_cities_final': nan,
         'separate_cities_peak': nan,
         'step': nan,
         'workers_final': nan,
         'workers_peak': nan},
 'Gradient': {'clipped': 1.0, 'norm_before_clip': 13.994791030883789},
 'Intent': {'accuracy': nan,
            'target_build': 0,
            'target_deliver': 0,
            'target_mine': 0,
            'target_return': 0},
 'Loss': {'baseline_loss': 0.030573664233088493,
          'behavior_kl_loss': 0.0,
          'entropy_loss': -0.04682954028248787,
          'intent_aux_loss': 0.0,
          'rule_aux_loss': 0.0,
          'teacher_baseline_loss': 0.0,
          'teacher_kl_loss': 0.0,
          'total_loss': -1.3047505617141724,
          'upgo_pg_loss': 0.6425932049751282,
          'vtrace_pg_loss': -1.9310877323150635},
 'Misc': {'actor_policy_tta_rot180': 1.0,
          'league_opponents': {'first_place': 0.75, 'selfplay': 0.25},
          'learning_rate': 4.900208e-05,
          'teacher_kl_cost': 0.0,
          'teacher_policy_tta_rot180': 1.0,
          'total_games_played': 42},
 'Normalized_Entropy': {'cart': 0.8651623129844666,
                        'city_tile': 0.9627630114555359,
                        'overall': 0.8878618273979578,
                        'worker': 0.8712457418441772},
 'Teacher_KL_Divergence': {'cart': 0.0,
                           'city_tile': 0.0,
                           'overall': 0.0,
                           'worker': 0.0},
 'Value': {'bias': 1.6298145055770874e-08,
           'explained_variance': 0.9959404468536377,
           'support_outside_fraction': 0.0,
           'target_std': 0.3513396978378296}}[0m
[[36m2026-08-16 11:16:03,157[0m][[34mroot[0m][[32mINFO[0m] - Steps 20736 @ 102.3 SPS / 1.6 BPS. Stats:
{'Actions': {'cart': {'MOVE': nan, 'NO-OP': nan, 'TRANSFER': nan},
             'city_tile': {'BUILD_CART': nan,
                           'BUILD_WORKER': nan,
                           'NO-OP': nan,
                           'RESEARCH': nan},
             'worker': {'BUILD_CITY': nan,
                        'MOVE': nan,
                        'NO-OP': nan,
                        'PILLAGE': nan,
                        'TRANSFER': nan}},
 'Active_Entities': {'cart': 37, 'city_tile': 50, 'worker': 129},
 'Behavior_Policy': {'actor_version_max': 20224,
                     'actor_version_min': 19968,
                     'beta': 0.0,
                     'buffer_lag_max': 704,
                     'ema_kl': None,
                     'forward_kl': 0.023056622594594955,
                     'learner_version': 20672,
                     'log_rho_max': 0.38385534286499023,
                     'log_rho_mean': -0.025413187220692635,
                     'log_rho_p95': 0.20878523588180542,
                     'reverse_kl': 0.020149948075413704,
                     'target': None,
                     'vtrace_rho_clipped_fraction': 0.2578125},
 'Entropy': {'cart': 1.3317248821258545,
             'city_tile': 0.29110485315322876,
             'overall': 2.922467887401581,
             'worker': 1.2996381521224976},
 'Env': {'carts_final': nan,
         'carts_peak': nan,
         'city_tiles_final': nan,
         'city_tiles_peak': nan,
         'max_cumulative_rewards': nan,
         'mean_cumulative_reward_magnitudes': nan,
         'mean_cumulative_rewards': nan,
         'research_points': nan,
         'separate_cities_final': nan,
         'separate_cities_peak': nan,
         'step': nan,
         'workers_final': nan,
         'workers_peak': nan},
 'Gradient': {'clipped': 0.0, 'norm_before_clip': 5.207888126373291},
 'Intent': {'accuracy': nan,
            'target_build': 0,
            'target_deliver': 0,
            'target_mine': 0,
            'target_return': 0},
 'Loss': {'baseline_loss': 0.0028467485681176186,
          'behavior_kl_loss': 0.0,
          'entropy_loss': -0.04629647359251976,
          'intent_aux_loss': 0.0,
          'rule_aux_loss': 0.0,
          'teacher_baseline_loss': 0.0,
          'teacher_kl_loss': 0.0,
          'total_loss': 2.4716312885284424,
          'upgo_pg_loss': 1.8071770668029785,
          'vtrace_pg_loss': 0.7079037427902222},
 'Misc': {'actor_policy_tta_rot180': 1.0,
          'league_opponents': {'first_place': 0.75, 'selfplay': 0.25},
          'learning_rate': 4.8976736e-05,
          'teacher_kl_cost': 0.0,
          'teacher_policy_tta_rot180': 1.0,
          'total_games_played': 42},
 'Normalized_Entropy': {'cart': 0.875880241394043,
                        'city_tile': 0.41997551918029785,
                        'overall': 0.7381237828069263,
                        'worker': 0.8219255208969116},
 'Teacher_KL_Divergence': {'cart': 0.0,
                           'city_tile': 0.0,
                           'overall': 0.0,
                           'worker': 0.0},
 'Value': {'bias': 6.402842700481415e-10,
           'explained_variance': 0.9994231462478638,
           'support_outside_fraction': 0.0,
           'target_std': 0.3557087779045105}}[0m
[[36m2026-08-16 11:16:08,163[0m][[34mroot[0m][[32mINFO[0m] - Steps 21248 @ 102.3 SPS / 1.6 BPS. Stats:
{'Actions': {'cart': {'MOVE': nan, 'NO-OP': nan, 'TRANSFER': nan},
             'city_tile': {'BUILD_CART': nan,
                           'BUILD_WORKER': nan,
                           'NO-OP': nan,
                           'RESEARCH': nan},
             'worker': {'BUILD_CITY': nan,
                        'MOVE': nan,
                        'NO-OP': nan,
                        'PILLAGE': nan,
                        'TRANSFER': nan}},
 'Active_Entities': {'cart': 16, 'city_tile': 284, 'worker': 201},
 'Behavior_Policy': {'actor_version_max': 20992,
                     'actor_version_min': 20224,
                     'beta': 0.0,
                     'buffer_lag_max': 960,
                     'ema_kl': None,
                     'forward_kl': 0.005510954651981592,
                     'learner_version': 21184,
                     'log_rho_max': 0.44533252716064453,
                     'log_rho_mean': -0.0027135582640767097,
                     'log_rho_p95': 0.2744751572608948,
                     'reverse_kl': 0.005542058497667313,
                     'target': None,
                     'vtrace_rho_clipped_fraction': 0.2265625},
 'Entropy': {'cart': 1.2351058721542358,
             'city_tile': 0.19255833327770233,
             'overall': 2.830315515398979,
             'worker': 1.402651309967041},
 'Env': {'carts_final': nan,
         'carts_peak': nan,
         'city_tiles_final': nan,
         'city_tiles_peak': nan,
         'max_cumulative_rewards': nan,
         'mean_cumulative_reward_magnitudes': nan,
         'mean_cumulative_rewards': nan,
         'research_points': nan,
         'separate_cities_final': nan,
         'separate_cities_peak': nan,
         'step': nan,
         'workers_final': nan,
         'workers_peak': nan},
 'Gradient': {'clipped': 0.0, 'norm_before_clip': 6.349528789520264},
 'Intent': {'accuracy': nan,
            'target_build': 0,
            'target_deliver': 0,
            'target_mine': 0,
            'target_return': 0},
 'Loss': {'baseline_loss': 0.009511025622487068,
          'behavior_kl_loss': 0.0,
          'entropy_loss': -0.0712762326002121,
          'intent_aux_loss': 0.0,
          'rule_aux_loss': 0.0,
          'teacher_baseline_loss': 0.0,
          'teacher_kl_loss': 0.0,
          'total_loss': 1.3179030418395996,
          'upgo_pg_loss': 2.01824951171875,
          'vtrace_pg_loss': -0.6385812759399414},
 'Misc': {'actor_policy_tta_rot180': 1.0,
          'league_opponents': {'first_place': 0.75, 'selfplay': 0.25},
          'learning_rate': 4.8951392e-05,
          'teacher_kl_cost': 0.0,
          'teacher_policy_tta_rot180': 1.0,
          'total_games_played': 42},
 'Normalized_Entropy': {'cart': 0.8930610418319702,
                        'city_tile': 0.1763656735420227,
                        'overall': 0.4862429046345328,
                        'worker': 0.8916958570480347},
 'Teacher_KL_Divergence': {'cart': 0.0,
                           'city_tile': 0.0,
                           'overall': 0.0,
                           'worker': 0.0},
 'Value': {'bias': 1.257285475730896e-08,
           'explained_variance': 0.9982224106788635,
           'support_outside_fraction': 0.0,
           'target_std': 0.34514063596725464}}[0m
[[36m2026-08-16 11:16:13,168[0m][[34mroot[0m][[32mINFO[0m] - Steps 21696 @ 89.5 SPS / 1.4 BPS. Stats:
{'Actions': {'cart': {'MOVE': nan, 'NO-OP': nan, 'TRANSFER': nan},
             'city_tile': {'BUILD_CART': nan,
                           'BUILD_WORKER': nan,
                           'NO-OP': nan,
                           'RESEARCH': nan},
             'worker': {'BUILD_CITY': nan,
                        'MOVE': nan,
                        'NO-OP': nan,
                        'PILLAGE': nan,
                        'TRANSFER': nan}},
 'Active_Entities': {'cart': 39, 'city_tile': 256, 'worker': 578},
 'Behavior_Policy': {'actor_version_max': 21504,
                     'actor_version_min': 20992,
                     'beta': 0.0,
                     'buffer_lag_max': 640,
                     'ema_kl': None,
                     'forward_kl': 0.023351261392235756,
                     'learner_version': 21632,
                     'log_rho_max': 1.161837100982666,
                     'log_rho_mean': -0.21606482565402985,
                     'log_rho_p95': 0.35488879680633545,
                     'reverse_kl': 0.02589418552815914,
                     'target': None,
                     'vtrace_rho_clipped_fraction': 0.140625},
 'Entropy': {'cart': 1.457990288734436,
             'city_tile': 0.24668410420417786,
             'overall': 2.722417503595352,
             'worker': 1.0177431106567383},
 'Env': {'carts_final': nan,
         'carts_peak': nan,
         'city_tiles_final': nan,
         'city_tiles_peak': nan,
         'max_cumulative_rewards': nan,
         'mean_cumulative_reward_magnitudes': nan,
         'mean_cumulative_rewards': nan,
         'research_points': nan,
         'separate_cities_final': nan,
         'separate_cities_peak': nan,
         'step': nan,
         'workers_final': nan,
         'workers_peak': nan},
 'Gradient': {'clipped': 1.0, 'norm_before_clip': 26.16710090637207},
 'Intent': {'accuracy': nan,
            'target_build': 0,
            'target_deliver': 0,
            'target_mine': 0,
            'target_return': 0},
 'Loss': {'baseline_loss': 0.009282725863158703,
          'behavior_kl_loss': 0.0,
          'entropy_loss': -0.1416536420583725,
          'intent_aux_loss': 0.0,
          'rule_aux_loss': 0.0,
          'teacher_baseline_loss': 0.0,
          'teacher_kl_loss': 0.0,
          'total_loss': -0.7147979736328125,
          'upgo_pg_loss': 1.4260263442993164,
          'vtrace_pg_loss': -2.008453369140625},
 'Misc': {'actor_policy_tta_rot180': 1.0,
          'league_opponents': {'first_place': 1.0, 'selfplay': 0.0},
          'learning_rate': 4.8929216e-05,
          'teacher_kl_cost': 0.0,
          'teacher_policy_tta_rot180': 1.0,
          'total_games_played': 42},
 'Normalized_Entropy': {'cart': 0.910092294216156,
                        'city_tile': 0.26783204078674316,
                        'overall': 0.5328748398903173,
                        'worker': 0.6248116493225098},
 'Teacher_KL_Divergence': {'cart': 0.0,
                           'city_tile': 0.0,
                           'overall': 0.0,
                           'worker': 0.0},
 'Value': {'bias': -3.2014213502407074e-10,
           'explained_variance': 0.9944918751716614,
           'support_outside_fraction': 0.0,
           'target_std': 0.22948847711086273}}[0m
[[36m2026-08-16 11:16:18,174[0m][[34mroot[0m][[32mINFO[0m] - Steps 22016 @ 63.9 SPS / 1.0 BPS. Stats:
{'Actions': {'cart': {'MOVE': 0.4807692307692308,
                      'NO-OP': 0.5096153846153846,
                      'TRANSFER': 0.009615384615384616},
             'city_tile': {'BUILD_CART': 0.0003109742824268433,
                           'BUILD_WORKER': 0.007152408495817396,
                           'NO-OP': 0.9707684174518767,
                           'RESEARCH': 0.02176819976987903},
             'worker': {'BUILD_CITY': 0.018190040701472288,
                        'MOVE': 0.46977538817144865,
                        'NO-OP': 0.4917340837143862,
                        'PILLAGE': 5.024873121953671e-05,
                        'TRANSFER': 0.02025023868147329}},
 'Active_Entities': {'cart': 8, 'city_tile': 59, 'worker': 100},
 'Behavior_Policy': {'actor_version_max': 21760,
                     'actor_version_min': 21248,
                     'beta': 0.0,
                     'buffer_lag_max': 704,
                     'ema_kl': None,
                     'forward_kl': 0.03910784795880318,
                     'learner_version': 21952,
                     'log_rho_max': 0.4583151340484619,
                     'log_rho_mean': -0.05809444934129715,
                     'log_rho_p95': 0.07726389169692993,
                     'reverse_kl': 0.038265179842710495,
                     'target': None,
                     'vtrace_rho_clipped_fraction': 0.1484375},
 'Entropy': {'cart': 0.9490646123886108,
             'city_tile': 0.2838209569454193,
             'overall': 2.212573677301407,
             'worker': 0.9796881079673767},
 'Env': {'carts_final': 0.0,
         'carts_peak': 1.0,
         'city_tiles_final': 7.5,
         'city_tiles_peak': 51.25,
         'max_cumulative_rewards': 1.0,
         'mean_cumulative_reward_magnitudes': 1.0,
         'mean_cumulative_rewards': 0.0,
         'research_points': 175.0,
         'separate_cities_final': 1.5,
         'separate_cities_peak': 12.5,
         'step': 361.0,
         'workers_final': 6.75,
         'workers_peak': 29.75},
 'Gradient': {'clipped': 1.0, 'norm_before_clip': 78.95792388916016},
 'Intent': {'accuracy': nan,
            'target_build': 0,
            'target_deliver': 0,
            'target_mine': 0,
            'target_return': 0},
 'Loss': {'baseline_loss': 4.4017229080200195,
          'behavior_kl_loss': 0.0,
          'entropy_loss': -0.024461355060338974,
          'intent_aux_loss': 0.0,
          'rule_aux_loss': 0.0,
          'teacher_baseline_loss': 0.0,
          'teacher_kl_loss': 0.0,
          'total_loss': 16.57722282409668,
          'upgo_pg_loss': 7.467742919921875,
          'vtrace_pg_loss': 4.732218265533447},
 'Misc': {'actor_policy_tta_rot180': 1.0,
          'league_opponents': {'first_place': 0.609375, 'selfplay': 0.390625},
          'learning_rate': 4.8913376e-05,
          'teacher_kl_cost': 0.0,
          'teacher_policy_tta_rot180': 1.0,
          'total_games_played': 46},
 'Normalized_Entropy': {'cart': 0.7852560877799988,
                        'city_tile': 0.31468096375465393,
                        'overall': 0.5440349163052565,
                        'worker': 0.6600560545921326},
 'Teacher_KL_Divergence': {'cart': 0.0,
                           'city_tile': 0.0,
                           'overall': 0.0,
                           'worker': 0.0},
 'Value': {'bias': -4.511093720793724e-09,
           'explained_variance': 0.29476743936538696,
           'support_outside_fraction': 0.0,
           'target_std': 0.4416241943836212}}[0m
[[36m2026-08-16 11:16:23,180[0m][[34mroot[0m][[32mINFO[0m] - Steps 22528 @ 102.3 SPS / 1.6 BPS. Stats:
{'Actions': {'cart': {'MOVE': 0.49480968858131485,
                      'NO-OP': 0.5051903114186851,
                      'TRANSFER': 0.0},
             'city_tile': {'BUILD_CART': 0.0010570824524312897,
                           'BUILD_WORKER': 0.010881731127969158,
                           'NO-OP': 0.9550429051113045,
                           'RESEARCH': 0.03301828130829499},
             'worker': {'BUILD_CITY': 0.018888027896164276,
                        'MOVE': 0.5209221232080589,
                        'NO-OP': 0.4437233630375823,
                        'PILLAGE': 0.0009686168151879117,
                        'TRANSFER': 0.015497869043006587}},
 'Active_Entities': {'cart': 0, 'city_tile': 146, 'worker': 189},
 'Behavior_Policy': {'actor_version_max': 22016,
                     'actor_version_min': 21760,
                     'beta': 0.0,
                     'buffer_lag_max': 704,
                     'ema_kl': None,
                     'forward_kl': 0.03750590234994888,
                     'learner_version': 22464,
                     'log_rho_max': 2.2147488594055176,
                     'log_rho_mean': -0.10839619487524033,
                     'log_rho_p95': 0.3816688358783722,
                     'reverse_kl': 0.036919187754392624,
                     'target': None,
                     'vtrace_rho_clipped_fraction': 0.3671875},
 'Entropy': {'cart': -0.0,
             'city_tile': 0.11254825443029404,
             'overall': 0.4965856596827507,
             'worker': 0.38403740525245667},
 'Env': {'carts_final': 0.0,
         'carts_peak': 1.25,
         'city_tiles_final': 1.75,
         'city_tiles_peak': 30.25,
         'max_cumulative_rewards': 1.0,
         'mean_cumulative_reward_magnitudes': 1.0,
         'mean_cumulative_rewards': 0.0,
         'research_points': 132.75,
         'separate_cities_final': 1.0,
         'separate_cities_peak': 7.0,
         'step': 361.0,
         'workers_final': 1.75,
         'workers_peak': 16.75},
 'Gradient': {'clipped': 1.0, 'norm_before_clip': 107.38627624511719},
 'Intent': {'accuracy': nan,
            'target_build': 0,
            'target_deliver': 0,
            'target_mine': 0,
            'target_return': 0},
 'Loss': {'baseline_loss': 2.905984401702881,
          'behavior_kl_loss': 0.0,
          'entropy_loss': -0.017803024500608444,
          'intent_aux_loss': 0.0,
          'rule_aux_loss': 0.0,
          'teacher_baseline_loss': 0.0,
          'teacher_kl_loss': 0.0,
          'total_loss': 25.806236267089844,
          'upgo_pg_loss': 11.427935600280762,
          'vtrace_pg_loss': 11.490118980407715},
 'Misc': {'actor_policy_tta_rot180': 1.0,
          'league_opponents': {'first_place': 0.46875, 'selfplay': 0.53125},
          'learning_rate': 4.8888032e-05,
          'teacher_kl_cost': 0.0,
          'teacher_policy_tta_rot180': 1.0,
          'total_games_played': 56},
 'Normalized_Entropy': {'cart': 0.0,
                        'city_tile': 0.13256357610225677,
                        'overall': 0.19556687879028606,
                        'worker': 0.24423609673976898},
 'Teacher_KL_Divergence': {'cart': 0.0,
                           'city_tile': 0.0,
                           'overall': 0.0,
                           'worker': 0.0},
 'Value': {'bias': 1.1859810911118984e-08,
           'explained_variance': -0.12203562259674072,
           'support_outside_fraction': 0.0,
           'target_std': 0.24036242067813873}}[0m
[[36m2026-08-16 11:16:28,186[0m][[34mroot[0m][[32mINFO[0m] - Steps 23168 @ 127.9 SPS / 2.0 BPS. Stats:
{'Actions': {'cart': {'MOVE': nan, 'NO-OP': nan, 'TRANSFER': nan},
             'city_tile': {'BUILD_CART': nan,
                           'BUILD_WORKER': nan,
                           'NO-OP': nan,
                           'RESEARCH': nan},
             'worker': {'BUILD_CITY': nan,
                        'MOVE': nan,
                        'NO-OP': nan,
                        'PILLAGE': nan,
                        'TRANSFER': nan}},
 'Active_Entities': {'cart': 0, 'city_tile': 81, 'worker': 492},
 'Behavior_Policy': {'actor_version_max': 23040,
                     'actor_version_min': 22528,
                     'beta': 0.0,
                     'buffer_lag_max': 576,
                     'ema_kl': None,
                     'forward_kl': 0.03606065735220909,
                     'learner_version': 23104,
                     'log_rho_max': 1.5792865753173828,
                     'log_rho_mean': -0.20418769121170044,
                     'log_rho_p95': 0.3805138170719147,
                     'reverse_kl': 0.036433786153793335,
                     'target': None,
                     'vtrace_rho_clipped_fraction': 0.2109375},
 'Entropy': {'cart': -0.0,
             'city_tile': 0.35528364777565,
             'overall': 1.0516002476215363,
             'worker': 0.6963165998458862},
 'Env': {'carts_final': nan,
         'carts_peak': nan,
         'city_tiles_final': nan,
         'city_tiles_peak': nan,
         'max_cumulative_rewards': nan,
         'mean_cumulative_reward_magnitudes': nan,
         'mean_cumulative_rewards': nan,
         'research_points': nan,
         'separate_cities_final': nan,
         'separate_cities_peak': nan,
         'step': nan,
         'workers_final': nan,
         'workers_peak': nan},
 'Gradient': {'clipped': 1.0, 'norm_before_clip': 33.31172561645508},
 'Intent': {'accuracy': nan,
            'target_build': 0,
            'target_deliver': 0,
            'target_mine': 0,
            'target_return': 0},
 'Loss': {'baseline_loss': 0.026899952441453934,
          'behavior_kl_loss': 0.0,
          'entropy_loss': -0.07427313923835754,
          'intent_aux_loss': 0.0,
          'rule_aux_loss': 0.0,
          'teacher_baseline_loss': 0.0,
          'teacher_kl_loss': 0.0,
          'total_loss': 6.830000877380371,
          'upgo_pg_loss': 5.38672399520874,
          'vtrace_pg_loss': 1.4906501770019531},
 'Misc': {'actor_policy_tta_rot180': 1.0,
          'league_opponents': {'first_place': 0.75, 'selfplay': 0.25},
          'learning_rate': 4.8856352000000004e-05,
          'teacher_kl_cost': 0.0,
          'teacher_policy_tta_rot180': 1.0,
          'total_games_played': 57},
 'Normalized_Entropy': {'cart': 0.0,
                        'city_tile': 0.4473823308944702,
                        'overall': 0.4383331412420223,
                        'worker': 0.4368433356285095},
 'Teacher_KL_Divergence': {'cart': 0.0,
                           'city_tile': 0.0,
                           'overall': 0.0,
                           'worker': 0.0},
 'Value': {'bias': -2.342858351767063e-09,
           'explained_variance': 0.9059160947799683,
           'support_outside_fraction': 0.0,
           'target_std': 0.08622481673955917}}[0m
[[36m2026-08-16 11:16:33,192[0m][[34mroot[0m][[32mINFO[0m] - Steps 23744 @ 115.1 SPS / 1.8 BPS. Stats:
{'Actions': {'cart': {'MOVE': nan, 'NO-OP': nan, 'TRANSFER': nan},
             'city_tile': {'BUILD_CART': nan,
                           'BUILD_WORKER': nan,
                           'NO-OP': nan,
                           'RESEARCH': nan},
             'worker': {'BUILD_CITY': nan,
                        'MOVE': nan,
                        'NO-OP': nan,
                        'PILLAGE': nan,
                        'TRANSFER': nan}},
 'Active_Entities': {'cart': 11, 'city_tile': 145, 'worker': 609},
 'Behavior_Policy': {'actor_version_max': 23552,
                     'actor_version_min': 23040,
                     'beta': 0.0,
                     'buffer_lag_max': 640,
                     'ema_kl': None,
                     'forward_kl': 0.03425086662173271,
                     'learner_version': 23680,
                     'log_rho_max': 1.614781379699707,
                     'log_rho_mean': -0.29540202021598816,
                     'log_rho_p95': 0.3945362865924835,
                     'reverse_kl': 0.037475354969501495,
                     'target': None,
                     'vtrace_rho_clipped_fraction': 0.171875},
 'Entropy': {'cart': 1.124321699142456,
             'city_tile': 0.29341381788253784,
             'overall': 2.0347865223884583,
             'worker': 0.6170510053634644},
 'Env': {'carts_final': nan,
         'carts_peak': nan,
         'city_tiles_final': nan,
         'city_tiles_peak': nan,
         'max_cumulative_rewards': nan,
         'mean_cumulative_reward_magnitudes': nan,
         'mean_cumulative_rewards': nan,
         'research_points': nan,
         'separate_cities_final': nan,
         'separate_cities_peak': nan,
         'step': nan,
         'workers_final': nan,
         'workers_peak': nan},
 'Gradient': {'clipped': 1.0, 'norm_before_clip': 24.923391342163086},
 'Intent': {'accuracy': nan,
            'target_build': 0,
            'target_deliver': 0,
            'target_mine': 0,
            'target_return': 0},
 'Loss': {'baseline_loss': 0.026681415736675262,
          'behavior_kl_loss': 0.0,
          'entropy_loss': -0.08613932132720947,
          'intent_aux_loss': 0.0,
          'rule_aux_loss': 0.0,
          'teacher_baseline_loss': 0.0,
          'teacher_kl_loss': 0.0,
          'total_loss': 1.4057756662368774,
          'upgo_pg_loss': 2.7927608489990234,
          'vtrace_pg_loss': -1.3275272846221924},
 'Misc': {'actor_policy_tta_rot180': 1.0,
          'league_opponents': {'first_place': 0.75, 'selfplay': 0.25},
          'learning_rate': 4.882784e-05,
          'teacher_kl_cost': 0.0,
          'teacher_policy_tta_rot180': 1.0,
          'total_games_played': 57},
 'Normalized_Entropy': {'cart': 0.9134395122528076,
                        'city_tile': 0.31155481934547424,
                        'overall': 0.3896186914708879,
                        'worker': 0.3987438678741455},
 'Teacher_KL_Divergence': {'cart': 0.0,
                           'city_tile': 0.0,
                           'overall': 0.0,
                           'worker': 0.0},
 'Value': {'bias': -5.915353540331125e-09,
           'explained_variance': 0.8230142593383789,
           'support_outside_fraction': 0.0,
           'target_std': 0.06679946184158325}}[0m
[[36m2026-08-16 11:16:38,197[0m][[34mroot[0m][[32mINFO[0m] - Steps 24128 @ 76.7 SPS / 1.2 BPS. Stats:
{'Actions': {'cart': {'MOVE': nan, 'NO-OP': nan, 'TRANSFER': nan},
             'city_tile': {'BUILD_CART': nan,
                           'BUILD_WORKER': nan,
                           'NO-OP': nan,
                           'RESEARCH': nan},
             'worker': {'BUILD_CITY': nan,
                        'MOVE': nan,
                        'NO-OP': nan,
                        'PILLAGE': nan,
                        'TRANSFER': nan}},
 'Active_Entities': {'cart': 29, 'city_tile': 82, 'worker': 176},
 'Behavior_Policy': {'actor_version_max': 23808,
                     'actor_version_min': 23552,
                     'beta': 0.0,
                     'buffer_lag_max': 512,
                     'ema_kl': None,
                     'forward_kl': 0.013228321447968483,
                     'learner_version': 24064,
                     'log_rho_max': 0.5880262851715088,
                     'log_rho_mean': -0.056403789669275284,
                     'log_rho_p95': 0.23896247148513794,
                     'reverse_kl': 0.013661844655871391,
                     'target': None,
                     'vtrace_rho_clipped_fraction': 0.15625},
 'Entropy': {'cart': 0.9848548769950867,
             'city_tile': 0.7167969346046448,
             'overall': 2.772908568382263,
             'worker': 1.0712567567825317},
 'Env': {'carts_final': nan,
         'carts_peak': nan,
         'city_tiles_final': nan,
         'city_tiles_peak': nan,
         'max_cumulative_rewards': nan,
         'mean_cumulative_reward_magnitudes': nan,
         'mean_cumulative_rewards': nan,
         'research_points': nan,
         'separate_cities_final': nan,
         'separate_cities_peak': nan,
         'step': nan,
         'workers_final': nan,
         'workers_peak': nan},
 'Gradient': {'clipped': 1.0, 'norm_before_clip': 10.821928977966309},
 'Intent': {'accuracy': nan,
            'target_build': 0,
            'target_deliver': 0,
            'target_mine': 0,
            'target_return': 0},
 'Loss': {'baseline_loss': 0.01682770997285843,
          'behavior_kl_loss': 0.0,
          'entropy_loss': -0.055175866931676865,
          'intent_aux_loss': 0.0,
          'rule_aux_loss': 0.0,
          'teacher_baseline_loss': 0.0,
          'teacher_kl_loss': 0.0,
          'total_loss': 0.6179764866828918,
          'upgo_pg_loss': 3.2781765460968018,
          'vtrace_pg_loss': -2.621851921081543},
 'Misc': {'actor_policy_tta_rot180': 1.0,
          'league_opponents': {'first_place': 1.0, 'selfplay': 0.0},
          'learning_rate': 4.880883200000001e-05,
          'teacher_kl_cost': 0.0,
          'teacher_policy_tta_rot180': 1.0,
          'total_games_played': 61},
 'Normalized_Entropy': {'cart': 0.836520791053772,
                        'city_tile': 0.7362823486328125,
                        'overall': 0.7529380217661841,
                        'worker': 0.7469258904457092},
 'Teacher_KL_Divergence': {'cart': 0.0,
                           'city_tile': 0.0,
                           'overall': 0.0,
                           'worker': 0.0},
 'Value': {'bias': -1.0710209608078003e-08,
           'explained_variance': 0.9918276071548462,
           'support_outside_fraction': 0.0,
           'target_std': 0.25366610288619995}}[0m
[[36m2026-08-16 11:16:43,202[0m][[34mroot[0m][[32mINFO[0m] - Steps 24512 @ 76.7 SPS / 1.2 BPS. Stats:
{'Actions': {'cart': {'MOVE': 0.6269633507853403,
                      'NO-OP': 0.3717277486910995,
                      'TRANSFER': 0.0013089005235602095},
             'city_tile': {'BUILD_CART': 0.00260997484933327,
                           'BUILD_WORKER': 0.008779006311393727,
                           'NO-OP': 0.971456365965928,
                           'RESEARCH': 0.017154652873345038},
             'worker': {'BUILD_CITY': 0.02173560421735604,
                        'MOVE': 0.4312246553122466,
                        'NO-OP': 0.5228304947283049,
                        'PILLAGE': 0.00145985401459854,
                        'TRANSFER': 0.022749391727493917}},
 'Active_Entities': {'cart': 13, 'city_tile': 208, 'worker': 166},
 'Behavior_Policy': {'actor_version_max': 24320,
                     'actor_version_min': 23808,
                     'beta': 0.0,
                     'buffer_lag_max': 640,
                     'ema_kl': None,
                     'forward_kl': 0.019298946484923363,
                     'learner_version': 24448,
                     'log_rho_max': 1.1150951385498047,
                     'log_rho_mean': -0.03606337681412697,
                     'log_rho_p95': 0.24115709960460663,
                     'reverse_kl': 0.02084503509104252,
                     'target': None,
                     'vtrace_rho_clipped_fraction': 0.15625},
 'Entropy': {'cart': 1.448020100593567,
             'city_tile': 0.09568294882774353,
             'overall': 2.7971262633800507,
             'worker': 1.2534232139587402},
 'Env': {'carts_final': 0.5,
         'carts_peak': 3.5,
         'city_tiles_final': 47.5,
         'city_tiles_peak': 62.5,
         'max_cumulative_rewards': 1.0,
         'mean_cumulative_reward_magnitudes': 1.0,
         'mean_cumulative_rewards': 0.0,
         'research_points': 180.75,
         'separate_cities_final': 3.5,
         'separate_cities_peak': 15.0,
         'step': 361.0,
         'workers_final': 21.75,
         'workers_peak': 36.25},
 'Gradient': {'clipped': 1.0, 'norm_before_clip': 33.52985382080078},
 'Intent': {'accuracy': nan,
            'target_build': 0,
            'target_deliver': 0,
            'target_mine': 0,
            'target_return': 0},
 'Loss': {'baseline_loss': 0.6009325981140137,
          'behavior_kl_loss': 0.0,
          'entropy_loss': -0.04935891553759575,
          'intent_aux_loss': 0.0,
          'rule_aux_loss': 0.0,
          'teacher_baseline_loss': 0.0,
          'teacher_kl_loss': 0.0,
          'total_loss': -18.948760986328125,
          'upgo_pg_loss': -5.940321922302246,
          'vtrace_pg_loss': -13.560012817382812},
 'Misc': {'actor_policy_tta_rot180': 1.0,
          'league_opponents': {'first_place': 1.0, 'selfplay': 0.0},
          'learning_rate': 4.8789824e-05,
          'teacher_kl_cost': 0.0,
          'teacher_policy_tta_rot180': 1.0,
          'total_games_played': 65},
 'Normalized_Entropy': {'cart': 0.8997054696083069,
                        'city_tile': 0.09241507947444916,
                        'overall': 0.4173484389172044,
                        'worker': 0.7867189049720764},
 'Teacher_KL_Divergence': {'cart': 0.0,
                           'city_tile': 0.0,
                           'overall': 0.0,
                           'worker': 0.0},
 'Value': {'bias': 3.572495188564062e-09,
           'explained_variance': 0.8307403922080994,
           'support_outside_fraction': 0.0,
           'target_std': 0.3330897092819214}}[0m
[[36m2026-08-16 11:16:48,208[0m][[34mroot[0m][[32mINFO[0m] - Steps 24960 @ 89.5 SPS / 1.4 BPS. Stats:
{'Actions': {'cart': {'MOVE': nan, 'NO-OP': nan, 'TRANSFER': nan},
             'city_tile': {'BUILD_CART': nan,
                           'BUILD_WORKER': nan,
                           'NO-OP': nan,
                           'RESEARCH': nan},
             'worker': {'BUILD_CITY': nan,
                        'MOVE': nan,
                        'NO-OP': nan,
                        'PILLAGE': nan,
                        'TRANSFER': nan}},
 'Active_Entities': {'cart': 0, 'city_tile': 105, 'worker': 177},
 'Behavior_Policy': {'actor_version_max': 24832,
                     'actor_version_min': 24320,
                     'beta': 0.0,
                     'buffer_lag_max': 576,
                     'ema_kl': None,
                     'forward_kl': 0.019895223900675774,
                     'learner_version': 24896,
                     'log_rho_max': 1.101414680480957,
                     'log_rho_mean': -0.11715519428253174,
                     'log_rho_p95': 0.1613757312297821,
                     'reverse_kl': 0.019898181781172752,
                     'target': None,
                     'vtrace_rho_clipped_fraction': 0.2890625},
 'Entropy': {'cart': -0.0,
             'city_tile': 0.12283021956682205,
             'overall': 0.7874536588788033,
             'worker': 0.6646234393119812},
 'Env': {'carts_final': nan,
         'carts_peak': nan,
         'city_tiles_final': nan,
         'city_tiles_peak': nan,
         'max_cumulative_rewards': nan,
         'mean_cumulative_reward_magnitudes': nan,
         'mean_cumulative_rewards': nan,
         'research_points': nan,
         'separate_cities_final': nan,
         'separate_cities_peak': nan,
         'step': nan,
         'workers_final': nan,
         'workers_peak': nan},
 'Gradient': {'clipped': 1.0, 'norm_before_clip': 26.19377899169922},
 'Intent': {'accuracy': nan,
            'target_build': 0,
            'target_deliver': 0,
            'target_mine': 0,
            'target_return': 0},
 'Loss': {'baseline_loss': 0.015332978218793869,
          'behavior_kl_loss': 0.0,
          'entropy_loss': -0.026107104495167732,
          'intent_aux_loss': 0.0,
          'rule_aux_loss': 0.0,
          'teacher_baseline_loss': 0.0,
          'teacher_kl_loss': 0.0,
          'total_loss': 1.662700891494751,
          'upgo_pg_loss': 1.368088960647583,
          'vtrace_pg_loss': 0.3053860366344452},
 'Misc': {'actor_policy_tta_rot180': 1.0,
          'league_opponents': {'first_place': 0.75, 'selfplay': 0.25},
          'learning_rate': 4.8767648e-05,
          'teacher_kl_cost': 0.0,
          'teacher_policy_tta_rot180': 1.0,
          'total_games_played': 66},
 'Normalized_Entropy': {'cart': 0.0,
                        'city_tile': 0.17700877785682678,
                        'overall': 0.34914971032041187,
                        'worker': 0.45126721262931824},
 'Teacher_KL_Divergence': {'cart': 0.0,
                           'city_tile': 0.0,
                           'overall': 0.0,
                           'worker': 0.0},
 'Value': {'bias': -7.945345714688301e-09,
           'explained_variance': 0.9979228973388672,
           'support_outside_fraction': 0.0,
           'target_std': 0.35953882336616516}}[0m
[[36m2026-08-16 11:16:53,213[0m][[34mroot[0m][[32mINFO[0m] - Steps 25408 @ 89.5 SPS / 1.4 BPS. Stats:
{'Actions': {'cart': {'MOVE': 1.0, 'NO-OP': 0.0, 'TRANSFER': 0.0},
             'city_tile': {'BUILD_CART': 0.0010050251256281408,
                           'BUILD_WORKER': 0.04623115577889447,
                           'NO-OP': 0.8944723618090452,
                           'RESEARCH': 0.05829145728643216},
             'worker': {'BUILD_CITY': 0.045774647887323945,
                        'MOVE': 0.6584507042253521,
                        'NO-OP': 0.2764084507042254,
                        'PILLAGE': 0.0,
                        'TRANSFER': 0.01936619718309859}},
 'Active_Entities': {'cart': 16, 'city_tile': 14, 'worker': 76},
 'Behavior_Policy': {'actor_version_max': 25344,
                     'actor_version_min': 24832,
                     'beta': 0.0,
                     'buffer_lag_max': 512,
                     'ema_kl': None,
                     'forward_kl': 0.01804189383983612,
                     'learner_version': 25344,
                     'log_rho_max': 0.5873205661773682,
                     'log_rho_mean': -0.018361061811447144,
                     'log_rho_p95': 0.16654574871063232,
                     'reverse_kl': 0.019633429124951363,
                     'target': None,
                     'vtrace_rho_clipped_fraction': 0.1484375},
 'Entropy': {'cart': 0.8164305686950684,
             'city_tile': 0.190176859498024,
             'overall': 1.8208999186754227,
             'worker': 0.8142924904823303},
 'Env': {'carts_final': 0.0,
         'carts_peak': 0.5,
         'city_tiles_final': 2.0,
         'city_tiles_peak': 16.5,
         'max_cumulative_rewards': 1.0,
         'mean_cumulative_reward_magnitudes': 1.0,
         'mean_cumulative_rewards': 0.0,
         'research_points': 29.0,
         'separate_cities_final': 0.5,
         'separate_cities_peak': 6.5,
         'step': 116.0,
         'workers_final': 6.5,
         'workers_peak': 14.5},
 'Gradient': {'clipped': 1.0, 'norm_before_clip': 39.93331527709961},
 'Intent': {'accuracy': nan,
            'target_build': 0,
            'target_deliver': 0,
            'target_mine': 0,
            'target_return': 0},
 'Loss': {'baseline_loss': 0.7155463695526123,
          'behavior_kl_loss': 0.0,
          'entropy_loss': -0.01552231889218092,
          'intent_aux_loss': 0.0,
          'rule_aux_loss': 0.0,
          'teacher_baseline_loss': 0.0,
          'teacher_kl_loss': 0.0,
          'total_loss': -1.3502966165542603,
          'upgo_pg_loss': -0.38438451290130615,
          'vtrace_pg_loss': -1.66593599319458},
 'Misc': {'actor_policy_tta_rot180': 1.0,
          'league_opponents': {'first_place': 1.0, 'selfplay': 0.0},
          'learning_rate': 4.8745472000000006e-05,
          'teacher_kl_cost': 0.0,
          'teacher_policy_tta_rot180': 1.0,
          'total_games_played': 68},
 'Normalized_Entropy': {'cart': 0.8914558291435242,
                        'city_tile': 0.2080436795949936,
                        'overall': 0.605332354610821,
                        'worker': 0.6182805895805359},
 'Teacher_KL_Divergence': {'cart': 0.0,
                           'city_tile': 0.0,
                           'overall': 0.0,
                           'worker': 0.0},
 'Value': {'bias': 9.313225746154785e-10,
           'explained_variance': 0.894061803817749,
           'support_outside_fraction': 0.0,
           'target_std': 0.4594281315803528}}[0m
[[36m2026-08-16 11:16:58,218[0m][[34mroot[0m][[32mINFO[0m] - Steps 25984 @ 115.1 SPS / 1.8 BPS. Stats:
{'Actions': {'cart': {'MOVE': nan, 'NO-OP': nan, 'TRANSFER': nan},
             'city_tile': {'BUILD_CART': nan,
                           'BUILD_WORKER': nan,
                           'NO-OP': nan,
                           'RESEARCH': nan},
             'worker': {'BUILD_CITY': nan,
                        'MOVE': nan,
                        'NO-OP': nan,
                        'PILLAGE': nan,
                        'TRANSFER': nan}},
 'Active_Entities': {'cart': 0, 'city_tile': 99, 'worker': 303},
 'Behavior_Policy': {'actor_version_max': 25856,
                     'actor_version_min': 25344,
                     'beta': 0.0,
                     'buffer_lag_max': 576,
                     'ema_kl': None,
                     'forward_kl': 0.02855917252600193,
                     'learner_version': 25920,
                     'log_rho_max': 1.2996845245361328,
                     'log_rho_mean': -0.062104836106300354,
                     'log_rho_p95': 0.5664374828338623,
                     'reverse_kl': 0.026650110259652138,
                     'target': None,
                     'vtrace_rho_clipped_fraction': 0.234375},
 'Entropy': {'cart': -0.0,
             'city_tile': 0.5016884207725525,
             'overall': 1.6394358277320862,
             'worker': 1.1377474069595337},
 'Env': {'carts_final': nan,
         'carts_peak': nan,
         'city_tiles_final': nan,
         'city_tiles_peak': nan,
         'max_cumulative_rewards': nan,
         'mean_cumulative_reward_magnitudes': nan,
         'mean_cumulative_rewards': nan,
         'research_points': nan,
         'separate_cities_final': nan,
         'separate_cities_peak': nan,
         'step': nan,
         'workers_final': nan,
         'workers_peak': nan},
 'Gradient': {'clipped': 1.0, 'norm_before_clip': 25.480253219604492},
 'Intent': {'accuracy': nan,
            'target_build': 0,
            'target_deliver': 0,
            'target_mine': 0,
            'target_return': 0},
 'Loss': {'baseline_loss': 0.07745260745286942,
          'behavior_kl_loss': 0.0,
          'entropy_loss': -0.0788809210062027,
          'intent_aux_loss': 0.0,
          'rule_aux_loss': 0.0,
          'teacher_baseline_loss': 0.0,
          'teacher_kl_loss': 0.0,
          'total_loss': -4.161856174468994,
          'upgo_pg_loss': 2.530093193054199,
          'vtrace_pg_loss': -6.690521240234375},
 'Misc': {'actor_policy_tta_rot180': 1.0,
          'league_opponents': {'first_place': 0.75, 'selfplay': 0.25},
          'learning_rate': 4.871696e-05,
          'teacher_kl_cost': 0.0,
          'teacher_policy_tta_rot180': 1.0,
          'total_games_played': 71},
 'Normalized_Entropy': {'cart': 0.0,
                        'city_tile': 0.7237833738327026,
                        'overall': 0.7416674267889848,
                        'worker': 0.7475107312202454},
 'Teacher_KL_Divergence': {'cart': 0.0,
                           'city_tile': 0.0,
                           'overall': 0.0,
                           'worker': 0.0},
 'Value': {'bias': 5.50062395632267e-09,
           'explained_variance': 0.9878041744232178,
           'support_outside_fraction': 0.0,
           'target_std': 0.37985745072364807}}[0m
[[36m2026-08-16 11:17:03,223[0m][[34mroot[0m][[32mINFO[0m] - Steps 26560 @ 115.1 SPS / 1.8 BPS. Stats:
{'Actions': {'cart': {'MOVE': nan, 'NO-OP': nan, 'TRANSFER': nan},
             'city_tile': {'BUILD_CART': nan,
                           'BUILD_WORKER': nan,
                           'NO-OP': nan,
                           'RESEARCH': nan},
             'worker': {'BUILD_CITY': nan,
                        'MOVE': nan,
                        'NO-OP': nan,
                        'PILLAGE': nan,
                        'TRANSFER': nan}},
 'Active_Entities': {'cart': 0, 'city_tile': 187, 'worker': 460},
 'Behavior_Policy': {'actor_version_max': 26368,
                     'actor_version_min': 25856,
                     'beta': 0.0,
                     'buffer_lag_max': 640,
                     'ema_kl': None,
                     'forward_kl': 0.019248468801379204,
                     'learner_version': 26496,
                     'log_rho_max': 1.3520545959472656,
                     'log_rho_mean': -0.092233806848526,
                     'log_rho_p95': 0.4499439597129822,
                     'reverse_kl': 0.01955316960811615,
                     'target': None,
                     'vtrace_rho_clipped_fraction': 0.2265625},
 'Entropy': {'cart': -0.0,
             'city_tile': 0.47687631845474243,
             'overall': 1.437333881855011,
             'worker': 0.9604575634002686},
 'Env': {'carts_final': nan,
         'carts_peak': nan,
         'city_tiles_final': nan,
         'city_tiles_peak': nan,
         'max_cumulative_rewards': nan,
         'mean_cumulative_reward_magnitudes': nan,
         'mean_cumulative_rewards': nan,
         'research_points': nan,
         'separate_cities_final': nan,
         'separate_cities_peak': nan,
         'step': nan,
         'workers_final': nan,
         'workers_peak': nan},
 'Gradient': {'clipped': 1.0, 'norm_before_clip': 57.51301956176758},
 'Intent': {'accuracy': nan,
            'target_build': 0,
            'target_deliver': 0,
            'target_mine': 0,
            'target_return': 0},
 'Loss': {'baseline_loss': 0.15754325687885284,
          'behavior_kl_loss': 0.0,
          'entropy_loss': -0.10619726032018661,
          'intent_aux_loss': 0.0,
          'rule_aux_loss': 0.0,
          'teacher_baseline_loss': 0.0,
          'teacher_kl_loss': 0.0,
          'total_loss': 33.67579650878906,
          'upgo_pg_loss': 26.183956146240234,
          'vtrace_pg_loss': 7.440495491027832},
 'Misc': {'actor_policy_tta_rot180': 1.0,
          'league_opponents': {'first_place': 0.75, 'selfplay': 0.25},
          'learning_rate': 4.8688448000000004e-05,
          'teacher_kl_cost': 0.0,
          'teacher_policy_tta_rot180': 1.0,
          'total_games_played': 71},
 'Normalized_Entropy': {'cart': 0.0,
                        'city_tile': 0.5365070700645447,
                        'overall': 0.5928039629087197,
                        'worker': 0.6156898736953735},
 'Teacher_KL_Divergence': {'cart': 0.0,
                           'city_tile': 0.0,
                           'overall': 0.0,
                           'worker': 0.0},
 'Value': {'bias': 5.6461431086063385e-09,
           'explained_variance': 0.9642328023910522,
           'support_outside_fraction': 0.0,
           'target_std': 0.34664642810821533}}[0m
[[36m2026-08-16 11:17:08,228[0m][[34mroot[0m][[32mINFO[0m] - Steps 27008 @ 89.5 SPS / 1.4 BPS. Stats:
{'Actions': {'cart': {'MOVE': nan, 'NO-OP': nan, 'TRANSFER': nan},
             'city_tile': {'BUILD_CART': nan,
                           'BUILD_WORKER': nan,
                           'NO-OP': nan,
                           'RESEARCH': nan},
             'worker': {'BUILD_CITY': nan,
                        'MOVE': nan,
                        'NO-OP': nan,
                        'PILLAGE': nan,
                        'TRANSFER': nan}},
 'Active_Entities': {'cart': 5, 'city_tile': 72, 'worker': 189},
 'Behavior_Policy': {'actor_version_max': 26880,
                     'actor_version_min': 26368,
                     'beta': 0.0,
                     'buffer_lag_max': 576,
                     'ema_kl': None,
                     'forward_kl': 0.03554469347000122,
                     'learner_version': 26944,
                     'log_rho_max': 1.659095287322998,
                     'log_rho_mean': -0.07124654948711395,
                     'log_rho_p95': 0.4973188638687134,
                     'reverse_kl': 0.035755567252635956,
                     'target': None,
                     'vtrace_rho_clipped_fraction': 0.234375},
 'Entropy': {'cart': 1.2784219980239868,
             'city_tile': 0.46654659509658813,
             'overall': 3.0746565461158752,
             'worker': 1.3296879529953003},
 'Env': {'carts_final': nan,
         'carts_peak': nan,
         'city_tiles_final': nan,
         'city_tiles_peak': nan,
         'max_cumulative_rewards': nan,
         'mean_cumulative_reward_magnitudes': nan,
         'mean_cumulative_rewards': nan,
         'research_points': nan,
         'separate_cities_final': nan,
         'separate_cities_peak': nan,
         'step': nan,
         'workers_final': nan,
         'workers_peak': nan},
 'Gradient': {'clipped': 1.0, 'norm_before_clip': 15.669065475463867},
 'Intent': {'accuracy': nan,
            'target_build': 0,
            'target_deliver': 0,
            'target_mine': 0,
            'target_return': 0},
 'Loss': {'baseline_loss': 0.057067763060331345,
          'behavior_kl_loss': 0.0,
          'entropy_loss': -0.05825889855623245,
          'intent_aux_loss': 0.0,
          'rule_aux_loss': 0.0,
          'teacher_baseline_loss': 0.0,
          'teacher_kl_loss': 0.0,
          'total_loss': -2.145542621612549,
          'upgo_pg_loss': 1.6073150634765625,
          'vtrace_pg_loss': -3.75166654586792},
 'Misc': {'actor_policy_tta_rot180': 1.0,
          'league_opponents': {'first_place': 0.75, 'selfplay': 0.25},
          'learning_rate': 4.8666272e-05,
          'teacher_kl_cost': 0.0,
          'teacher_policy_tta_rot180': 1.0,
          'total_games_played': 71},
 'Normalized_Entropy': {'cart': 0.8675861358642578,
                        'city_tile': 0.6157844066619873,
                        'overall': 0.7998243238692894,
                        'worker': 0.8681421279907227},
 'Teacher_KL_Divergence': {'cart': 0.0,
                           'city_tile': 0.0,
                           'overall': 0.0,
                           'worker': 0.0},
 'Value': {'bias': -6.752088665962219e-09,
           'explained_variance': 0.9919061660766602,
           'support_outside_fraction': 0.0,
           'target_std': 0.44222593307495117}}[0m
[[36m2026-08-16 11:17:13,233[0m][[34mroot[0m][[32mINFO[0m] - Steps 27648 @ 127.9 SPS / 2.0 BPS. Stats:
{'Actions': {'cart': {'MOVE': nan, 'NO-OP': nan, 'TRANSFER': nan},
             'city_tile': {'BUILD_CART': nan,
                           'BUILD_WORKER': nan,
                           'NO-OP': nan,
                           'RESEARCH': nan},
             'worker': {'BUILD_CITY': nan,
                        'MOVE': nan,
                        'NO-OP': nan,
                        'PILLAGE': nan,
                        'TRANSFER': nan}},
 'Active_Entities': {'cart': 83, 'city_tile': 492, 'worker': 596},
 'Behavior_Policy': {'actor_version_max': 27392,
                     'actor_version_min': 26880,
                     'beta': 0.0,
                     'buffer_lag_max': 704,
                     'ema_kl': None,
                     'forward_kl': 0.010974682867527008,
                     'learner_version': 27584,
                     'log_rho_max': 1.333230972290039,
                     'log_rho_mean': -0.11081266403198242,
                     'log_rho_p95': 0.3828026354312897,
                     'reverse_kl': 0.011191122233867645,
                     'target': None,
                     'vtrace_rho_clipped_fraction': 0.2578125},
 'Entropy': {'cart': 1.4440863132476807,
             'city_tile': 0.24009907245635986,
             'overall': 3.0130510330200195,
             'worker': 1.328865647315979},
 'Env': {'carts_final': nan,
         'carts_peak': nan,
         'city_tiles_final': nan,
         'city_tiles_peak': nan,
         'max_cumulative_rewards': nan,
         'mean_cumulative_reward_magnitudes': nan,
         'mean_cumulative_rewards': nan,
         'research_points': nan,
         'separate_cities_final': nan,
         'separate_cities_peak': nan,
         'step': nan,
         'workers_final': nan,
         'workers_peak': nan},
 'Gradient': {'clipped': 1.0, 'norm_before_clip': 44.22669982910156},
 'Intent': {'accuracy': nan,
            'target_build': 0,
            'target_deliver': 0,
            'target_mine': 0,
            'target_return': 0},
 'Loss': {'baseline_loss': 0.08822324872016907,
          'behavior_kl_loss': 0.0,
          'entropy_loss': -0.20599836111068726,
          'intent_aux_loss': 0.0,
          'rule_aux_loss': 0.0,
          'teacher_baseline_loss': 0.0,
          'teacher_kl_loss': 0.0,
          'total_loss': 25.186092376708984,
          'upgo_pg_loss': 19.717330932617188,
          'vtrace_pg_loss': 5.586536884307861},
 'Misc': {'actor_policy_tta_rot180': 1.0,
          'league_opponents': {'first_place': 0.5, 'selfplay': 0.5},
          'learning_rate': 4.8634592e-05,
          'teacher_kl_cost': 0.0,
          'teacher_policy_tta_rot180': 1.0,
          'total_games_played': 73},
 'Normalized_Entropy': {'cart': 0.9248825311660767,
                        'city_tile': 0.27388373017311096,
                        'overall': 0.61363984925639,
                        'worker': 0.8507654666900635},
 'Teacher_KL_Divergence': {'cart': 0.0,
                           'city_tile': 0.0,
                           'overall': 0.0,
                           'worker': 0.0},
 'Value': {'bias': 2.0954757928848267e-09,
           'explained_variance': 0.9930907487869263,
           'support_outside_fraction': 0.0,
           'target_std': 0.49903741478919983}}[0m
[[36m2026-08-16 11:17:18,239[0m][[34mroot[0m][[32mINFO[0m] - Steps 28160 @ 102.3 SPS / 1.6 BPS. Stats:
{'Actions': {'cart': {'MOVE': nan, 'NO-OP': nan, 'TRANSFER': nan},
             'city_tile': {'BUILD_CART': nan,
                           'BUILD_WORKER': nan,
                           'NO-OP': nan,
                           'RESEARCH': nan},
             'worker': {'BUILD_CITY': nan,
                        'MOVE': nan,
                        'NO-OP': nan,
                        'PILLAGE': nan,
                        'TRANSFER': nan}},
 'Active_Entities': {'cart': 54, 'city_tile': 349, 'worker': 385},
 'Behavior_Policy': {'actor_version_max': 27904,
                     'actor_version_min': 27392,
                     'beta': 0.0,
                     'buffer_lag_max': 704,
                     'ema_kl': None,
                     'forward_kl': 0.01036014687269926,
                     'learner_version': 28096,
                     'log_rho_max': 1.5433454513549805,
                     'log_rho_mean': -0.08732223510742188,
                     'log_rho_p95': 0.42305707931518555,
                     'reverse_kl': 0.010353702120482922,
                     'target': None,
                     'vtrace_rho_clipped_fraction': 0.3359375},
 'Entropy': {'cart': 1.397133469581604,
             'city_tile': 0.34881526231765747,
             'overall': 3.1119369864463806,
             'worker': 1.3659882545471191},
 'Env': {'carts_final': nan,
         'carts_peak': nan,
         'city_tiles_final': nan,
         'city_tiles_peak': nan,
         'max_cumulative_rewards': nan,
         'mean_cumulative_reward_magnitudes': nan,
         'mean_cumulative_rewards': nan,
         'research_points': nan,
         'separate_cities_final': nan,
         'separate_cities_peak': nan,
         'step': nan,
         'workers_final': nan,
         'workers_peak': nan},
 'Gradient': {'clipped': 1.0, 'norm_before_clip': 24.482812881469727},
 'Intent': {'accuracy': nan,
            'target_build': 0,
            'target_deliver': 0,
            'target_mine': 0,
            'target_return': 0},
 'Loss': {'baseline_loss': 0.08131987601518631,
          'behavior_kl_loss': 0.0,
          'entropy_loss': -0.14461742341518402,
          'intent_aux_loss': 0.0,
          'rule_aux_loss': 0.0,
          'teacher_baseline_loss': 0.0,
          'teacher_kl_loss': 0.0,
          'total_loss': 0.7476937174797058,
          'upgo_pg_loss': 5.93717622756958,
          'vtrace_pg_loss': -5.126184940338135},
 'Misc': {'actor_policy_tta_rot180': 1.0,
          'league_opponents': {'first_place': 0.5, 'selfplay': 0.5},
          'learning_rate': 4.8609248e-05,
          'teacher_kl_cost': 0.0,
          'teacher_policy_tta_rot180': 1.0,
          'total_games_played': 73},
 'Normalized_Entropy': {'cart': 0.9431154727935791,
                        'city_tile': 0.3257845640182495,
                        'overall': 0.6340547930922,
                        'worker': 0.8701509833335876},
 'Teacher_KL_Divergence': {'cart': 0.0,
                           'city_tile': 0.0,
                           'overall': 0.0,
                           'worker': 0.0},
 'Value': {'bias': 2.0954757928848267e-09,
           'explained_variance': 0.9947503805160522,
           'support_outside_fraction': 0.0,
           'target_std': 0.5267849564552307}}[0m
[[36m2026-08-16 11:17:23,245[0m][[34mroot[0m][[32mINFO[0m] - Saving checkpoint to 0028672[0m
[[36m2026-08-16 11:17:23,412[0m][[34mroot[0m][[32mINFO[0m] - Verified learner-to-actor model synchronization: max_abs_diff=0[0m
[[36m2026-08-16 11:17:23,419[0m][[34mroot[0m][[32mINFO[0m] - Checkpoint learner delta from run start: max_abs_diff=0.46839413[0m
[[36m2026-08-16 11:17:23,461[0m][[34mroot[0m][[32mINFO[0m] - Steps 28672 @ 98.1 SPS / 1.5 BPS. Stats:
{'Actions': {'cart': {'MOVE': nan, 'NO-OP': nan, 'TRANSFER': nan},
             'city_tile': {'BUILD_CART': nan,
                           'BUILD_WORKER': nan,
                           'NO-OP': nan,
                           'RESEARCH': nan},
             'worker': {'BUILD_CITY': nan,
                        'MOVE': nan,
                        'NO-OP': nan,
                        'PILLAGE': nan,
                        'TRANSFER': nan}},
 'Active_Entities': {'cart': 90, 'city_tile': 482, 'worker': 470},
 'Behavior_Policy': {'actor_version_max': 28352,
                     'actor_version_min': 27904,
                     'beta': 0.0,
                     'buffer_lag_max': 704,
                     'ema_kl': None,
                     'forward_kl': 0.009380260482430458,
                     'learner_version': 28608,
                     'log_rho_max': 1.0546178817749023,
                     'log_rho_mean': -0.031468797475099564,
                     'log_rho_p95': 0.6662219762802124,
                     'reverse_kl': 0.009219089522957802,
                     'target': None,
                     'vtrace_rho_clipped_fraction': 0.3046875},
 'Entropy': {'cart': 1.4321774244308472,
             'city_tile': 0.07199645787477493,
             'overall': 2.9499902799725533,
             'worker': 1.4458163976669312},
 'Env': {'carts_final': nan,
         'carts_peak': nan,
         'city_tiles_final': nan,
         'city_tiles_peak': nan,
         'max_cumulative_rewards': nan,
         'mean_cumulative_reward_magnitudes': nan,
         'mean_cumulative_rewards': nan,
         'research_points': nan,
         'separate_cities_final': nan,
         'separate_cities_peak': nan,
         'step': nan,
         'workers_final': nan,
         'workers_peak': nan},
 'Gradient': {'clipped': 0.0, 'norm_before_clip': 6.96472692489624},
 'Intent': {'accuracy': nan,
            'target_build': 0,
            'target_deliver': 0,
            'target_mine': 0,
            'target_return': 0},
 'Loss': {'baseline_loss': 0.0038059549406170845,
          'behavior_kl_loss': 0.0,
          'entropy_loss': -0.16862636804580688,
          'intent_aux_loss': 0.0,
          'rule_aux_loss': 0.0,
          'teacher_baseline_loss': 0.0,
          'teacher_kl_loss': 0.0,
          'total_loss': 3.1651771068573,
          'upgo_pg_loss': 3.6145753860473633,
          'vtrace_pg_loss': -0.28457778692245483},
 'Misc': {'actor_policy_tta_rot180': 1.0,
          'league_opponents': {'first_place': 0.5, 'selfplay': 0.5},
          'learning_rate': 4.8583904000000005e-05,
          'teacher_kl_cost': 0.0,
          'teacher_policy_tta_rot180': 1.0,
          'total_games_played': 74},
 'Normalized_Entropy': {'cart': 0.9571623802185059,
                        'city_tile': 0.08935382962226868,
                        'overall': 0.5408152381312138,
                        'worker': 0.9240772724151611},
 'Teacher_KL_Divergence': {'cart': 0.0,
                           'city_tile': 0.0,
                           'overall': 0.0,
                           'worker': 0.0},
 'Value': {'bias': -1.30385160446167e-08,
           'explained_variance': 0.9997913837432861,
           'support_outside_fraction': 0.0,
           'target_std': 0.5642407536506653}}[0m
[[36m2026-08-16 11:17:28,466[0m][[34mroot[0m][[32mINFO[0m] - Steps 29056 @ 76.7 SPS / 1.2 BPS. Stats:
{'Actions': {'cart': {'MOVE': nan, 'NO-OP': nan, 'TRANSFER': nan},
             'city_tile': {'BUILD_CART': nan,
                           'BUILD_WORKER': nan,
                           'NO-OP': nan,
                           'RESEARCH': nan},
             'worker': {'BUILD_CITY': nan,
                        'MOVE': nan,
                        'NO-OP': nan,
                        'PILLAGE': nan,
                        'TRANSFER': nan}},
 'Active_Entities': {'cart': 4, 'city_tile': 54, 'worker': 130},
 'Behavior_Policy': {'actor_version_max': 28672,
                     'actor_version_min': 28416,
                     'beta': 0.0,
                     'buffer_lag_max': 576,
                     'ema_kl': None,
                     'forward_kl': 0.018686315044760704,
                     'learner_version': 28992,
                     'log_rho_max': 0.6143989562988281,
                     'log_rho_mean': -0.017843039706349373,
                     'log_rho_p95': 0.31161272525787354,
                     'reverse_kl': 0.018734905868768692,
                     'target': None,
                     'vtrace_rho_clipped_fraction': 0.234375},
 'Entropy': {'cart': 1.4867682456970215,
             'city_tile': 0.6263579726219177,
             'overall': 3.4582456946372986,
             'worker': 1.3451194763183594},
 'Env': {'carts_final': nan,
         'carts_peak': nan,
         'city_tiles_final': nan,
         'city_tiles_peak': nan,
         'max_cumulative_rewards': nan,
         'mean_cumulative_reward_magnitudes': nan,
         'mean_cumulative_rewards': nan,
         'research_points': nan,
         'separate_cities_final': nan,
         'separate_cities_peak': nan,
         'step': nan,
         'workers_final': nan,
         'workers_peak': nan},
 'Gradient': {'clipped': 0.0, 'norm_before_clip': 8.319804191589355},
 'Intent': {'accuracy': nan,
            'target_build': 0,
            'target_deliver': 0,
            'target_mine': 0,
            'target_return': 0},
 'Loss': {'baseline_loss': 0.02418358251452446,
          'behavior_kl_loss': 0.0,
          'entropy_loss': -0.04292718321084976,
          'intent_aux_loss': 0.0,
          'rule_aux_loss': 0.0,
          'teacher_baseline_loss': 0.0,
          'teacher_kl_loss': 0.0,
          'total_loss': 6.257728576660156,
          'upgo_pg_loss': 5.174021244049072,
          'vtrace_pg_loss': 1.1024508476257324},
 'Misc': {'actor_policy_tta_rot180': 1.0,
          'league_opponents': {'first_place': 0.75, 'selfplay': 0.25},
          'learning_rate': 4.8564896e-05,
          'teacher_kl_cost': 0.0,
          'teacher_policy_tta_rot180': 1.0,
          'total_games_played': 74},
 'Normalized_Entropy': {'cart': 0.9237810969352722,
                        'city_tile': 0.7516955733299255,
                        'overall': 0.824734998510239,
                        'worker': 0.8520268797874451},
 'Teacher_KL_Divergence': {'cart': 0.0,
                           'city_tile': 0.0,
                           'overall': 0.0,
                           'worker': 0.0},
 'Value': {'bias': 1.1685187928378582e-08,
           'explained_variance': 0.9973587393760681,
           'support_outside_fraction': 0.0,
           'target_std': 0.5298451781272888}}[0m
[[36m2026-08-16 11:17:33,472[0m][[34mroot[0m][[32mINFO[0m] - Steps 29440 @ 76.7 SPS / 1.2 BPS. Stats:
{'Actions': {'cart': {'MOVE': nan, 'NO-OP': nan, 'TRANSFER': nan},
             'city_tile': {'BUILD_CART': nan,
                           'BUILD_WORKER': nan,
                           'NO-OP': nan,
                           'RESEARCH': nan},
             'worker': {'BUILD_CITY': nan,
                        'MOVE': nan,
                        'NO-OP': nan,
                        'PILLAGE': nan,
                        'TRANSFER': nan}},
 'Active_Entities': {'cart': 200, 'city_tile': 390, 'worker': 344},
 'Behavior_Policy': {'actor_version_max': 29184,
                     'actor_version_min': 28736,
                     'beta': 0.0,
                     'buffer_lag_max': 640,
                     'ema_kl': None,
                     'forward_kl': 0.013522574678063393,
                     'learner_version': 29376,
                     'log_rho_max': 1.086533546447754,
                     'log_rho_mean': -0.09834364056587219,
                     'log_rho_p95': 0.4665853679180145,
                     'reverse_kl': 0.013462135568261147,
                     'target': None,
                     'vtrace_rho_clipped_fraction': 0.296875},
 'Entropy': {'cart': 1.483117938041687,
             'city_tile': 0.08908887952566147,
             'overall': 3.037652336061001,
             'worker': 1.4654455184936523},
 'Env': {'carts_final': nan,
         'carts_peak': nan,
         'city_tiles_final': nan,
         'city_tiles_peak': nan,
         'max_cumulative_rewards': nan,
         'mean_cumulative_reward_magnitudes': nan,
         'mean_cumulative_rewards': nan,
         'research_points': nan,
         'separate_cities_final': nan,
         'separate_cities_peak': nan,
         'step': nan,
         'workers_final': nan,
         'workers_peak': nan},
 'Gradient': {'clipped': 1.0, 'norm_before_clip': 24.514118194580078},
 'Intent': {'accuracy': nan,
            'target_build': 0,
            'target_deliver': 0,
            'target_mine': 0,
            'target_return': 0},
 'Loss': {'baseline_loss': 0.0847463458776474,
          'behavior_kl_loss': 0.0,
          'entropy_loss': -0.1670963019132614,
          'intent_aux_loss': 0.0,
          'rule_aux_loss': 0.0,
          'teacher_baseline_loss': 0.0,
          'teacher_kl_loss': 0.0,
          'total_loss': 0.7743976712226868,
          'upgo_pg_loss': 6.226442337036133,
          'vtrace_pg_loss': -5.369694709777832},
 'Misc': {'actor_policy_tta_rot180': 1.0,
          'league_opponents': {'first_place': 0.5, 'selfplay': 0.5},
          'learning_rate': 4.8545888e-05,
          'teacher_kl_cost': 0.0,
          'teacher_policy_tta_rot180': 1.0,
          'total_games_played': 74},
 'Normalized_Entropy': {'cart': 0.9573236107826233,
                        'city_tile': 0.1012604609131813,
                        'overall': 0.5890673531550411,
                        'worker': 0.9280017614364624},
 'Teacher_KL_Divergence': {'cart': 0.0,
                           'city_tile': 0.0,
                           'overall': 0.0,
                           'worker': 0.0},
 'Value': {'bias': 1.0011717677116394e-08,
           'explained_variance': 0.9949126839637756,
           'support_outside_fraction': 0.0,
           'target_std': 0.5162706971168518}}[0m
[[36m2026-08-16 11:17:38,478[0m][[34mroot[0m][[32mINFO[0m] - Steps 30016 @ 115.1 SPS / 1.8 BPS. Stats:
{'Actions': {'cart': {'MOVE': nan, 'NO-OP': nan, 'TRANSFER': nan},
             'city_tile': {'BUILD_CART': nan,
                           'BUILD_WORKER': nan,
                           'NO-OP': nan,
                           'RESEARCH': nan},
             'worker': {'BUILD_CITY': nan,
                        'MOVE': nan,
                        'NO-OP': nan,
                        'PILLAGE': nan,
                        'TRANSFER': nan}},
 'Active_Entities': {'cart': 11, 'city_tile': 426, 'worker': 792},
 'Behavior_Policy': {'actor_version_max': 29760,
                     'actor_version_min': 29184,
                     'beta': 0.0,
                     'buffer_lag_max': 768,
                     'ema_kl': None,
                     'forward_kl': 0.030818264931440353,
                     'learner_version': 29952,
                     'log_rho_max': 3.1294021606445312,
                     'log_rho_mean': -0.28023847937583923,
                     'log_rho_p95': 0.705855667591095,
                     'reverse_kl': 0.030604880303144455,
                     'target': None,
                     'vtrace_rho_clipped_fraction': 0.3203125},
 'Entropy': {'cart': 1.3374758958816528,
             'city_tile': 0.369045227766037,
             'overall': 3.056605786085129,
             'worker': 1.350084662437439},
 'Env': {'carts_final': nan,
         'carts_peak': nan,
         'city_tiles_final': nan,
         'city_tiles_peak': nan,
         'max_cumulative_rewards': nan,
         'mean_cumulative_reward_magnitudes': nan,
         'mean_cumulative_rewards': nan,
         'research_points': nan,
         'separate_cities_final': nan,
         'separate_cities_peak': nan,
         'step': nan,
         'workers_final': nan,
         'workers_peak': nan},
 'Gradient': {'clipped': 1.0, 'norm_before_clip': 36.156044006347656},
 'Intent': {'accuracy': nan,
            'target_build': 0,
            'target_deliver': 0,
            'target_mine': 0,
            'target_return': 0},
 'Loss': {'baseline_loss': 0.14126336574554443,
          'behavior_kl_loss': 0.0,
          'entropy_loss': -0.2482384890317917,
          'intent_aux_loss': 0.0,
          'rule_aux_loss': 0.0,
          'teacher_baseline_loss': 0.0,
          'teacher_kl_loss': 0.0,
          'total_loss': 21.14297866821289,
          'upgo_pg_loss': 19.104631423950195,
          'vtrace_pg_loss': 2.145320177078247},
 'Misc': {'actor_policy_tta_rot180': 1.0,
          'league_opponents': {'first_place': 0.5, 'selfplay': 0.5},
          'learning_rate': 4.8517376000000005e-05,
          'teacher_kl_cost': 0.0,
          'teacher_policy_tta_rot180': 1.0,
          'total_games_played': 78},
 'Normalized_Entropy': {'cart': 0.8912696838378906,
                        'city_tile': 0.47908955812454224,
                        'overall': 0.7130978556548414,
                        'worker': 0.8364913463592529},
 'Teacher_KL_Divergence': {'cart': 0.0,
                           'city_tile': 0.0,
                           'overall': 0.0,
                           'worker': 0.0},
 'Value': {'bias': -2.7976057026535273e-09,
           'explained_variance': 0.9825869798660278,
           'support_outside_fraction': 0.0,
           'target_std': 0.35801610350608826}}[0m
[[36m2026-08-16 11:17:43,483[0m][[34mroot[0m][[32mINFO[0m] - Steps 30464 @ 89.5 SPS / 1.4 BPS. Stats:
{'Actions': {'cart': {'MOVE': nan, 'NO-OP': nan, 'TRANSFER': nan},
             'city_tile': {'BUILD_CART': nan,
                           'BUILD_WORKER': nan,
                           'NO-OP': nan,
                           'RESEARCH': nan},
             'worker': {'BUILD_CITY': nan,
                        'MOVE': nan,
                        'NO-OP': nan,
                        'PILLAGE': nan,
                        'TRANSFER': nan}},
 'Active_Entities': {'cart': 126, 'city_tile': 115, 'worker': 194},
 'Behavior_Policy': {'actor_version_max': 30208,
                     'actor_version_min': 29696,
                     'beta': 0.0,
                     'buffer_lag_max': 704,
                     'ema_kl': None,
                     'forward_kl': 0.018064109608530998,
                     'learner_version': 30400,
                     'log_rho_max': 0.8669824600219727,
                     'log_rho_mean': -0.04339083656668663,
                     'log_rho_p95': 0.47419729828834534,
                     'reverse_kl': 0.01761886291205883,
                     'target': None,
                     'vtrace_rho_clipped_fraction': 0.328125},
 'Entropy': {'cart': 1.5252152681350708,
             'city_tile': 0.7287887334823608,
             'overall': 3.650359272956848,
             'worker': 1.3963552713394165},
 'Env': {'carts_final': nan,
         'carts_peak': nan,
         'city_tiles_final': nan,
         'city_tiles_peak': nan,
         'max_cumulative_rewards': nan,
         'mean_cumulative_reward_magnitudes': nan,
         'mean_cumulative_rewards': nan,
         'research_points': nan,
         'separate_cities_final': nan,
         'separate_cities_peak': nan,
         'step': nan,
         'workers_final': nan,
         'workers_peak': nan},
 'Gradient': {'clipped': 1.0, 'norm_before_clip': 52.26074981689453},
 'Intent': {'accuracy': nan,
            'target_build': 0,
            'target_deliver': 0,
            'target_mine': 0,
            'target_return': 0},
 'Loss': {'baseline_loss': 0.4126845896244049,
          'behavior_kl_loss': 0.0,
          'entropy_loss': -0.10937614738941193,
          'intent_aux_loss': 0.0,
          'rule_aux_loss': 0.0,
          'teacher_baseline_loss': 0.0,
          'teacher_kl_loss': 0.0,
          'total_loss': -5.987523555755615,
          'upgo_pg_loss': 1.393283486366272,
          'vtrace_pg_loss': -7.684115409851074},
 'Misc': {'actor_policy_tta_rot180': 1.0,
          'league_opponents': {'first_place': 0.5, 'selfplay': 0.5},
          'learning_rate': 4.84952e-05,
          'teacher_kl_cost': 0.0,
          'teacher_policy_tta_rot180': 1.0,
          'total_games_played': 79},
 'Normalized_Entropy': {'cart': 0.9549320936203003,
                        'city_tile': 0.680612325668335,
                        'overall': 0.850236089750268,
                        'worker': 0.882787823677063},
 'Teacher_KL_Divergence': {'cart': 0.0,
                           'city_tile': 0.0,
                           'overall': 0.0,
                           'worker': 0.0},
 'Value': {'bias': -1.1801603250205517e-08,
           'explained_variance': 0.9634755253791809,
           'support_outside_fraction': 0.0,
           'target_std': 0.4209743142127991}}[0m
[[36m2026-08-16 11:17:48,489[0m][[34mroot[0m][[32mINFO[0m] - Steps 30912 @ 89.5 SPS / 1.4 BPS. Stats:
{'Actions': {'cart': {'MOVE': nan, 'NO-OP': nan, 'TRANSFER': nan},
             'city_tile': {'BUILD_CART': nan,
                           'BUILD_WORKER': nan,
                           'NO-OP': nan,
                           'RESEARCH': nan},
             'worker': {'BUILD_CITY': nan,
                        'MOVE': nan,
                        'NO-OP': nan,
                        'PILLAGE': nan,
                        'TRANSFER': nan}},
 'Active_Entities': {'cart': 167, 'city_tile': 307, 'worker': 318},
 'Behavior_Policy': {'actor_version_max': 30720,
                     'actor_version_min': 30208,
                     'beta': 0.0,
                     'buffer_lag_max': 640,
                     'ema_kl': None,
                     'forward_kl': 0.02233024686574936,
                     'learner_version': 30848,
                     'log_rho_max': 1.3368244171142578,
                     'log_rho_mean': -0.11255741864442825,
                     'log_rho_p95': 0.33845454454421997,
                     'reverse_kl': 0.02169620618224144,
                     'target': None,
                     'vtrace_rho_clipped_fraction': 0.234375},
 'Entropy': {'cart': 1.4742647409439087,
             'city_tile': 0.23592975735664368,
             'overall': 3.1774154007434845,
             'worker': 1.4672209024429321},
 'Env': {'carts_final': nan,
         'carts_peak': nan,
         'city_tiles_final': nan,
         'city_tiles_peak': nan,
         'max_cumulative_rewards': nan,
         'mean_cumulative_reward_magnitudes': nan,
         'mean_cumulative_rewards': nan,
         'research_points': nan,
         'separate_cities_final': nan,
         'separate_cities_peak': nan,
         'step': nan,
         'workers_final': nan,
         'workers_peak': nan},
 'Gradient': {'clipped': 0.0, 'norm_before_clip': 8.880166053771973},
 'Intent': {'accuracy': nan,
            'target_build': 0,
            'target_deliver': 0,
            'target_mine': 0,
            'target_return': 0},
 'Loss': {'baseline_loss': 0.01104964129626751,
          'behavior_kl_loss': 0.0,
          'entropy_loss': -0.1570417732000351,
          'intent_aux_loss': 0.0,
          'rule_aux_loss': 0.0,
          'teacher_baseline_loss': 0.0,
          'teacher_kl_loss': 0.0,
          'total_loss': 1.8623707294464111,
          'upgo_pg_loss': 3.665515422821045,
          'vtrace_pg_loss': -1.657152771949768},
 'Misc': {'actor_policy_tta_rot180': 1.0,
          'league_opponents': {'first_place': 0.75, 'selfplay': 0.25},
          'learning_rate': 4.8473024e-05,
          'teacher_kl_cost': 0.0,
          'teacher_policy_tta_rot180': 1.0,
          'total_games_played': 81},
 'Normalized_Entropy': {'cart': 0.9447866678237915,
                        'city_tile': 0.3345203995704651,
                        'overall': 0.6958723609345128,
                        'worker': 0.9140055775642395},
 'Teacher_KL_Divergence': {'cart': 0.0,
                           'city_tile': 0.0,
                           'overall': 0.0,
                           'worker': 0.0},
 'Value': {'bias': 1.949956640601158e-08,
           'explained_variance': 0.9985359907150269,
           'support_outside_fraction': 0.0,
           'target_std': 0.4497534930706024}}[0m
[[36m2026-08-16 11:17:53,495[0m][[34mroot[0m][[32mINFO[0m] - Steps 31360 @ 89.5 SPS / 1.4 BPS. Stats:
{'Actions': {'cart': {'MOVE': nan, 'NO-OP': nan, 'TRANSFER': nan},
             'city_tile': {'BUILD_CART': nan,
                           'BUILD_WORKER': nan,
                           'NO-OP': nan,
                           'RESEARCH': nan},
             'worker': {'BUILD_CITY': nan,
                        'MOVE': nan,
                        'NO-OP': nan,
                        'PILLAGE': nan,
                        'TRANSFER': nan}},
 'Active_Entities': {'cart': 0, 'city_tile': 56, 'worker': 182},
 'Behavior_Policy': {'actor_version_max': 31232,
                     'actor_version_min': 30720,
                     'beta': 0.0,
                     'buffer_lag_max': 576,
                     'ema_kl': None,
                     'forward_kl': 0.019720284268260002,
                     'learner_version': 31296,
                     'log_rho_max': 0.45044076442718506,
                     'log_rho_mean': -0.06776036322116852,
                     'log_rho_p95': 0.2931036055088043,
                     'reverse_kl': 0.01973569393157959,
                     'target': None,
                     'vtrace_rho_clipped_fraction': 0.2109375},
 'Entropy': {'cart': -0.0,
             'city_tile': 0.5864872932434082,
             'overall': 1.571844458580017,
             'worker': 0.9853571653366089},
 'Env': {'carts_final': nan,
         'carts_peak': nan,
         'city_tiles_final': nan,
         'city_tiles_peak': nan,
         'max_cumulative_rewards': nan,
         'mean_cumulative_reward_magnitudes': nan,
         'mean_cumulative_rewards': nan,
         'research_points': nan,
         'separate_cities_final': nan,
         'separate_cities_peak': nan,
         'step': nan,
         'workers_final': nan,
         'workers_peak': nan},
 'Gradient': {'clipped': 1.0, 'norm_before_clip': 14.191852569580078},
 'Intent': {'accuracy': nan,
            'target_build': 0,
            'target_deliver': 0,
            'target_mine': 0,
            'target_return': 0},
 'Loss': {'baseline_loss': 0.024134039878845215,
          'behavior_kl_loss': 0.0,
          'entropy_loss': -0.0424356572329998,
          'intent_aux_loss': 0.0,
          'rule_aux_loss': 0.0,
          'teacher_baseline_loss': 0.0,
          'teacher_kl_loss': 0.0,
          'total_loss': 4.350511074066162,
          'upgo_pg_loss': 3.3973207473754883,
          'vtrace_pg_loss': 0.9714918732643127},
 'Misc': {'actor_policy_tta_rot180': 1.0,
          'league_opponents': {'first_place': 1.0, 'selfplay': 0.0},
          'learning_rate': 4.8450848000000005e-05,
          'teacher_kl_cost': 0.0,
          'teacher_policy_tta_rot180': 1.0,
          'total_games_played': 82},
 'Normalized_Entropy': {'cart': 0.0,
                        'city_tile': 0.6821982264518738,
                        'overall': 0.6476627903826097,
                        'worker': 0.6370365023612976},
 'Teacher_KL_Divergence': {'cart': 0.0,
                           'city_tile': 0.0,
                           'overall': 0.0,
                           'worker': 0.0},
 'Value': {'bias': 3.1213858164846897e-09,
           'explained_variance': 0.9968350529670715,
           'support_outside_fraction': 0.0,
           'target_std': 0.4881533980369568}}[0m
[[36m2026-08-16 11:17:58,500[0m][[34mroot[0m][[32mINFO[0m] - Steps 31872 @ 102.3 SPS / 1.6 BPS. Stats:
{'Actions': {'cart': {'MOVE': nan, 'NO-OP': nan, 'TRANSFER': nan},
             'city_tile': {'BUILD_CART': nan,
                           'BUILD_WORKER': nan,
                           'NO-OP': nan,
                           'RESEARCH': nan},
             'worker': {'BUILD_CITY': nan,
                        'MOVE': nan,
                        'NO-OP': nan,
                        'PILLAGE': nan,
                        'TRANSFER': nan}},
 'Active_Entities': {'cart': 0, 'city_tile': 63, 'worker': 168},
 'Behavior_Policy': {'actor_version_max': 31744,
                     'actor_version_min': 31232,
                     'beta': 0.0,
                     'buffer_lag_max': 576,
                     'ema_kl': None,
                     'forward_kl': 0.02379390224814415,
                     'learner_version': 31808,
                     'log_rho_max': 0.8738033771514893,
                     'log_rho_mean': -0.068605437874794,
                     'log_rho_p95': 0.20585940778255463,
                     'reverse_kl': 0.023910759016871452,
                     'target': None,
                     'vtrace_rho_clipped_fraction': 0.203125},
 'Entropy': {'cart': -0.0,
             'city_tile': 0.6090565323829651,
             'overall': 1.5222718715667725,
             'worker': 0.9132153391838074},
 'Env': {'carts_final': nan,
         'carts_peak': nan,
         'city_tiles_final': nan,
         'city_tiles_peak': nan,
         'max_cumulative_rewards': nan,
         'mean_cumulative_reward_magnitudes': nan,
         'mean_cumulative_rewards': nan,
         'research_points': nan,
         'separate_cities_final': nan,
         'separate_cities_peak': nan,
         'step': nan,
         'workers_final': nan,
         'workers_peak': nan},
 'Gradient': {'clipped': 1.0, 'norm_before_clip': 23.97062110900879},
 'Intent': {'accuracy': nan,
            'target_build': 0,
            'target_deliver': 0,
            'target_mine': 0,
            'target_return': 0},
 'Loss': {'baseline_loss': 0.1217210441827774,
          'behavior_kl_loss': 0.0,
          'entropy_loss': -0.03835814818739891,
          'intent_aux_loss': 0.0,
          'rule_aux_loss': 0.0,
          'teacher_baseline_loss': 0.0,
          'teacher_kl_loss': 0.0,
          'total_loss': 1.1590379476547241,
          'upgo_pg_loss': 2.061189651489258,
          'vtrace_pg_loss': -0.9855146408081055},
 'Misc': {'actor_policy_tta_rot180': 1.0,
          'league_opponents': {'first_place': 1.0, 'selfplay': 0.0},
          'learning_rate': 4.8425504e-05,
          'teacher_kl_cost': 0.0,
          'teacher_policy_tta_rot180': 1.0,
          'total_games_played': 82},
 'Normalized_Entropy': {'cart': 0.0,
                        'city_tile': 0.7303608655929565,
                        'overall': 0.6324022574858232,
                        'worker': 0.5956677794456482},
 'Teacher_KL_Divergence': {'cart': 0.0,
                           'city_tile': 0.0,
                           'overall': 0.0,
                           'worker': 0.0},
 'Value': {'bias': -5.122274160385132e-09,
           'explained_variance': 0.9748876094818115,
           'support_outside_fraction': 0.0,
           'target_std': 0.389192134141922}}[0m
[[36m2026-08-16 11:18:03,505[0m][[34mroot[0m][[32mINFO[0m] - Steps 32320 @ 89.5 SPS / 1.4 BPS. Stats:
{'Actions': {'cart': {'MOVE': 0.6666666666666666,
                      'NO-OP': 0.3333333333333333,
                      'TRANSFER': 0.0},
             'city_tile': {'BUILD_CART': 0.0006279040562602034,
                           'BUILD_WORKER': 0.017706894386537737,
                           'NO-OP': 0.950646741177948,
                           'RESEARCH': 0.03101846037925405},
             'worker': {'BUILD_CITY': 0.029144851657940663,
                        'MOVE': 0.6546247818499127,
                        'NO-OP': 0.2930191972076789,
                        'PILLAGE': 0.0010471204188481676,
                        'TRANSFER': 0.022164048865619547}},
 'Active_Entities': {'cart': 4, 'city_tile': 165, 'worker': 299},
 'Behavior_Policy': {'actor_version_max': 32256,
                     'actor_version_min': 31744,
                     'beta': 0.0,
                     'buffer_lag_max': 512,
                     'ema_kl': None,
                     'forward_kl': 0.031567882746458054,
                     'learner_version': 32256,
                     'log_rho_max': 1.1526470184326172,
                     'log_rho_mean': -0.02041689306497574,
                     'log_rho_p95': 0.5929392576217651,
                     'reverse_kl': 0.031536784023046494,
                     'target': None,
                     'vtrace_rho_clipped_fraction': 0.296875},
 'Entropy': {'cart': 1.4813101291656494,
             'city_tile': 0.24107646942138672,
             'overall': 2.442095696926117,
             'worker': 0.7197090983390808},
 'Env': {'carts_final': 0.0,
         'carts_peak': 0.25,
         'city_tiles_final': 21.25,
         'city_tiles_peak': 27.75,
         'max_cumulative_rewards': 1.0,
         'mean_cumulative_reward_magnitudes': 1.0,
         'mean_cumulative_rewards': 0.0,
         'research_points': 61.75,
         'separate_cities_final': 1.5,
         'separate_cities_peak': 6.5,
         'step': 191.0,
         'workers_final': 10.0,
         'workers_peak': 18.5},
 'Gradient': {'clipped': 1.0, 'norm_before_clip': 59.667354583740234},
 'Intent': {'accuracy': nan,
            'target_build': 0,
            'target_deliver': 0,
            'target_mine': 0,
            'target_return': 0},
 'Loss': {'baseline_loss': 0.9248442649841309,
          'behavior_kl_loss': 0.0,
          'entropy_loss': -0.05217917263507843,
          'intent_aux_loss': 0.0,
          'rule_aux_loss': 0.0,
          'teacher_baseline_loss': 0.0,
          'teacher_kl_loss': 0.0,
          'total_loss': -3.274688959121704,
          'upgo_pg_loss': 3.124246597290039,
          'vtrace_pg_loss': -7.271600723266602},
 'Misc': {'actor_policy_tta_rot180': 1.0,
          'league_opponents': {'first_place': 0.75, 'selfplay': 0.25},
          'learning_rate': 4.8403328e-05,
          'teacher_kl_cost': 0.0,
          'teacher_policy_tta_rot180': 1.0,
          'total_games_played': 86},
 'Normalized_Entropy': {'cart': 0.9203897714614868,
                        'city_tile': 0.21019037067890167,
                        'overall': 0.3770204021189457,
                        'worker': 0.46181464195251465},
 'Teacher_KL_Divergence': {'cart': 0.0,
                           'city_tile': 0.0,
                           'overall': 0.0,
                           'worker': 0.0},
 'Value': {'bias': -1.1699739843606949e-08,
           'explained_variance': 0.8819907903671265,
           'support_outside_fraction': 0.0,
           'target_std': 0.4851813018321991}}[0m
[[36m2026-08-16 11:18:08,511[0m][[34mroot[0m][[32mINFO[0m] - Steps 32768 @ 89.5 SPS / 1.4 BPS. Stats:
{'Actions': {'cart': {'MOVE': nan, 'NO-OP': nan, 'TRANSFER': nan},
             'city_tile': {'BUILD_CART': nan,
                           'BUILD_WORKER': nan,
                           'NO-OP': nan,
                           'RESEARCH': nan},
             'worker': {'BUILD_CITY': nan,
                        'MOVE': nan,
                        'NO-OP': nan,
                        'PILLAGE': nan,
                        'TRANSFER': nan}},
 'Active_Entities': {'cart': 10, 'city_tile': 164, 'worker': 386},
 'Behavior_Policy': {'actor_version_max': 32512,
                     'actor_version_min': 32000,
                     'beta': 0.0,
                     'buffer_lag_max': 704,
                     'ema_kl': None,
                     'forward_kl': 0.0186019130051136,
                     'learner_version': 32704,
                     'log_rho_max': 1.0068955421447754,
                     'log_rho_mean': -0.09479966759681702,
                     'log_rho_p95': 0.3502170145511627,
                     'reverse_kl': 0.017180386930704117,
                     'target': None,
                     'vtrace_rho_clipped_fraction': 0.15625},
 'Entropy': {'cart': 1.4283162355422974,
             'city_tile': 0.48853838443756104,
             'overall': 3.09029483795166,
             'worker': 1.1734402179718018},
 'Env': {'carts_final': nan,
         'carts_peak': nan,
         'city_tiles_final': nan,
         'city_tiles_peak': nan,
         'max_cumulative_rewards': nan,
         'mean_cumulative_reward_magnitudes': nan,
         'mean_cumulative_rewards': nan,
         'research_points': nan,
         'separate_cities_final': nan,
         'separate_cities_peak': nan,
         'step': nan,
         'workers_final': nan,
         'workers_peak': nan},
 'Gradient': {'clipped': 1.0, 'norm_before_clip': 17.298215866088867},
 'Intent': {'accuracy': nan,
            'target_build': 0,
            'target_deliver': 0,
            'target_mine': 0,
            'target_return': 0},
 'Loss': {'baseline_loss': 0.012438736855983734,
          'behavior_kl_loss': 0.0,
          'entropy_loss': -0.10947026312351227,
          'intent_aux_loss': 0.0,
          'rule_aux_loss': 0.0,
          'teacher_baseline_loss': 0.0,
          'teacher_kl_loss': 0.0,
          'total_loss': 2.939467430114746,
          'upgo_pg_loss': 4.226108551025391,
          'vtrace_pg_loss': -1.189609408378601},
 'Misc': {'actor_policy_tta_rot180': 1.0,
          'league_opponents': {'first_place': 1.0, 'selfplay': 0.0},
          'learning_rate': 4.8381152e-05,
          'teacher_kl_cost': 0.0,
          'teacher_policy_tta_rot180': 1.0,
          'total_games_played': 86},
 'Normalized_Entropy': {'cart': 0.8874627351760864,
                        'city_tile': 0.6544771194458008,
                        'overall': 0.7253358855843544,
                        'worker': 0.7512415051460266},
 'Teacher_KL_Divergence': {'cart': 0.0,
                           'city_tile': 0.0,
                           'overall': 0.0,
                           'worker': 0.0},
 'Value': {'bias': 3.958120942115784e-09,
           'explained_variance': 0.9983583092689514,
           'support_outside_fraction': 0.0,
           'target_std': 0.48659783601760864}}[0m
[[36m2026-08-16 11:18:13,517[0m][[34mroot[0m][[32mINFO[0m] - Steps 33280 @ 102.3 SPS / 1.6 BPS. Stats:
{'Actions': {'cart': {'MOVE': nan, 'NO-OP': nan, 'TRANSFER': nan},
             'city_tile': {'BUILD_CART': nan,
                           'BUILD_WORKER': nan,
                           'NO-OP': nan,
                           'RESEARCH': nan},
             'worker': {'BUILD_CITY': nan,
                        'MOVE': nan,
                        'NO-OP': nan,
                        'PILLAGE': nan,
                        'TRANSFER': nan}},
 'Active_Entities': {'cart': 19, 'city_tile': 179, 'worker': 344},
 'Behavior_Policy': {'actor_version_max': 33024,
                     'actor_version_min': 32512,
                     'beta': 0.0,
                     'buffer_lag_max': 704,
                     'ema_kl': None,
                     'forward_kl': 0.021437780931591988,
                     'learner_version': 33216,
                     'log_rho_max': 1.0851898193359375,
                     'log_rho_mean': -0.06434506177902222,
                     'log_rho_p95': 0.5535793304443359,
                     'reverse_kl': 0.019731204956769943,
                     'target': None,
                     'vtrace_rho_clipped_fraction': 0.1953125},
 'Entropy': {'cart': 1.3475309610366821,
             'city_tile': 0.4828677177429199,
             'overall': 2.9397435188293457,
             'worker': 1.1093448400497437},
 'Env': {'carts_final': nan,
         'carts_peak': nan,
         'city_tiles_final': nan,
         'city_tiles_peak': nan,
         'max_cumulative_rewards': nan,
         'mean_cumulative_reward_magnitudes': nan,
         'mean_cumulative_rewards': nan,
         'research_points': nan,
         'separate_cities_final': nan,
         'separate_cities_peak': nan,
         'step': nan,
         'workers_final': nan,
         'workers_peak': nan},
 'Gradient': {'clipped': 1.0, 'norm_before_clip': 89.98289489746094},
 'Intent': {'accuracy': nan,
            'target_build': 0,
            'target_deliver': 0,
            'target_mine': 0,
            'target_return': 0},
 'Loss': {'baseline_loss': 0.6281306147575378,
          'behavior_kl_loss': 0.0,
          'entropy_loss': -0.09873020648956299,
          'intent_aux_loss': 0.0,
          'rule_aux_loss': 0.0,
          'teacher_baseline_loss': 0.0,
          'teacher_kl_loss': 0.0,
          'total_loss': 37.77317428588867,
          'upgo_pg_loss': 22.97545051574707,
          'vtrace_pg_loss': 14.26832389831543},
 'Misc': {'actor_policy_tta_rot180': 1.0,
          'league_opponents': {'first_place': 1.0, 'selfplay': 0.0},
          'learning_rate': 4.8355808000000004e-05,
          'teacher_kl_cost': 0.0,
          'teacher_policy_tta_rot180': 1.0,
          'total_games_played': 97},
 'Normalized_Entropy': {'cart': 0.8800418376922607,
                        'city_tile': 0.49882781505584717,
                        'overall': 0.6511855105632346,
                        'worker': 0.7178243398666382},
 'Teacher_KL_Divergence': {'cart': 0.0,
                           'city_tile': 0.0,
                           'overall': 0.0,
                           'worker': 0.0},
 'Value': {'bias': -1.1525116860866547e-08,
           'explained_variance': 0.8986076712608337,
           'support_outside_fraction': 0.0,
           'target_std': 0.4399946331977844}}[0m
[[36m2026-08-16 11:18:18,523[0m][[34mroot[0m][[32mINFO[0m] - Steps 33792 @ 102.3 SPS / 1.6 BPS. Stats:
{'Actions': {'cart': {'MOVE': nan, 'NO-OP': nan, 'TRANSFER': nan},
             'city_tile': {'BUILD_CART': nan,
                           'BUILD_WORKER': nan,
                           'NO-OP': nan,
                           'RESEARCH': nan},
             'worker': {'BUILD_CITY': nan,
                        'MOVE': nan,
                        'NO-OP': nan,
                        'PILLAGE': nan,
                        'TRANSFER': nan}},
 'Active_Entities': {'cart': 0, 'city_tile': 126, 'worker': 279},
 'Behavior_Policy': {'actor_version_max': 33536,
                     'actor_version_min': 33024,
                     'beta': 0.0,
                     'buffer_lag_max': 704,
                     'ema_kl': None,
                     'forward_kl': 0.01556581724435091,
                     'learner_version': 33728,
                     'log_rho_max': 1.3652830123901367,
                     'log_rho_mean': -0.03459630534052849,
                     'log_rho_p95': 0.5036004781723022,
                     'reverse_kl': 0.01519086491316557,
                     'target': None,
                     'vtrace_rho_clipped_fraction': 0.2421875},
 'Entropy': {'cart': -0.0,
             'city_tile': 0.2613915503025055,
             'overall': 1.4074784815311432,
             'worker': 1.1460869312286377},
 'Env': {'carts_final': nan,
         'carts_peak': nan,
         'city_tiles_final': nan,
         'city_tiles_peak': nan,
         'max_cumulative_rewards': nan,
         'mean_cumulative_reward_magnitudes': nan,
         'mean_cumulative_rewards': nan,
         'research_points': nan,
         'separate_cities_final': nan,
         'separate_cities_peak': nan,
         'step': nan,
         'workers_final': nan,
         'workers_peak': nan},
 'Gradient': {'clipped': 1.0, 'norm_before_clip': 12.116007804870605},
 'Intent': {'accuracy': nan,
            'target_build': 0,
            'target_deliver': 0,
            'target_mine': 0,
            'target_return': 0},
 'Loss': {'baseline_loss': 0.01598834991455078,
          'behavior_kl_loss': 0.0,
          'entropy_loss': -0.0705387145280838,
          'intent_aux_loss': 0.0,
          'rule_aux_loss': 0.0,
          'teacher_baseline_loss': 0.0,
          'teacher_kl_loss': 0.0,
          'total_loss': -0.2945401072502136,
          'upgo_pg_loss': 1.2592649459838867,
          'vtrace_pg_loss': -1.4992547035217285},
 'Misc': {'actor_policy_tta_rot180': 1.0,
          'league_opponents': {'first_place': 1.0, 'selfplay': 0.0},
          'learning_rate': 4.8330464e-05,
          'teacher_kl_cost': 0.0,
          'teacher_policy_tta_rot180': 1.0,
          'total_games_played': 97},
 'Normalized_Entropy': {'cart': 0.0,
                        'city_tile': 0.3155836760997772,
                        'overall': 0.5848546478483412,
                        'worker': 0.7064608931541443},
 'Teacher_KL_Divergence': {'cart': 0.0,
                           'city_tile': 0.0,
                           'overall': 0.0,
                           'worker': 0.0},
 'Value': {'bias': 8.556526154279709e-09,
           'explained_variance': 0.997296929359436,
           'support_outside_fraction': 0.0,
           'target_std': 0.429929256439209}}[0m
[[36m2026-08-16 11:18:23,528[0m][[34mroot[0m][[32mINFO[0m] - Steps 34304 @ 102.3 SPS / 1.6 BPS. Stats:
{'Actions': {'cart': {'MOVE': nan, 'NO-OP': nan, 'TRANSFER': nan},
             'city_tile': {'BUILD_CART': nan,
                           'BUILD_WORKER': nan,
                           'NO-OP': nan,
                           'RESEARCH': nan},
             'worker': {'BUILD_CITY': nan,
                        'MOVE': nan,
                        'NO-OP': nan,
                        'PILLAGE': nan,
                        'TRANSFER': nan}},
 'Active_Entities': {'cart': 9, 'city_tile': 230, 'worker': 352},
 'Behavior_Policy': {'actor_version_max': 34048,
                     'actor_version_min': 33536,
                     'beta': 0.0,
                     'buffer_lag_max': 704,
                     'ema_kl': None,
                     'forward_kl': 0.01130684744566679,
                     'learner_version': 34240,
                     'log_rho_max': 0.8731298446655273,
                     'log_rho_mean': -0.11588218808174133,
                     'log_rho_p95': 0.35055437684059143,
                     'reverse_kl': 0.010832848027348518,
                     'target': None,
                     'vtrace_rho_clipped_fraction': 0.203125},
 'Entropy': {'cart': 1.1984208822250366,
             'city_tile': 0.2717830538749695,
             'overall': 2.51823753118515,
             'worker': 1.048033595085144},
 'Env': {'carts_final': nan,
         'carts_peak': nan,
         'city_tiles_final': nan,
         'city_tiles_peak': nan,
         'max_cumulative_rewards': nan,
         'mean_cumulative_reward_magnitudes': nan,
         'mean_cumulative_rewards': nan,
         'research_points': nan,
         'separate_cities_final': nan,
         'separate_cities_peak': nan,
         'step': nan,
         'workers_final': nan,
         'workers_peak': nan},
 'Gradient': {'clipped': 1.0, 'norm_before_clip': 37.1488037109375},
 'Intent': {'accuracy': nan,
            'target_build': 0,
            'target_deliver': 0,
            'target_mine': 0,
            'target_return': 0},
 'Loss': {'baseline_loss': 0.06317191570997238,
          'behavior_kl_loss': 0.0,
          'entropy_loss': -0.08844074606895447,
          'intent_aux_loss': 0.0,
          'rule_aux_loss': 0.0,
          'teacher_baseline_loss': 0.0,
          'teacher_kl_loss': 0.0,
          'total_loss': 13.276942253112793,
          'upgo_pg_loss': 10.364805221557617,
          'vtrace_pg_loss': 2.937405824661255},
 'Misc': {'actor_policy_tta_rot180': 1.0,
          'league_opponents': {'first_place': 1.0, 'selfplay': 0.0},
          'learning_rate': 4.830512e-05,
          'teacher_kl_cost': 0.0,
          'teacher_policy_tta_rot180': 1.0,
          'total_games_played': 97},
 'Normalized_Entropy': {'cart': 0.7647120952606201,
                        'city_tile': 0.2734157145023346,
                        'overall': 0.5010153302283054,
                        'worker': 0.6429887413978577},
 'Teacher_KL_Divergence': {'cart': 0.0,
                           'city_tile': 0.0,
                           'overall': 0.0,
                           'worker': 0.0},
 'Value': {'bias': 2.0605511963367462e-08,
           'explained_variance': 0.9895305633544922,
           'support_outside_fraction': 0.0,
           'target_std': 0.4342353940010071}}[0m
[[36m2026-08-16 11:18:28,534[0m][[34mroot[0m][[32mINFO[0m] - Steps 34688 @ 76.7 SPS / 1.2 BPS. Stats:
{'Actions': {'cart': {'MOVE': nan, 'NO-OP': nan, 'TRANSFER': nan},
             'city_tile': {'BUILD_CART': nan,
                           'BUILD_WORKER': nan,
                           'NO-OP': nan,
                           'RESEARCH': nan},
             'worker': {'BUILD_CITY': nan,
                        'MOVE': nan,
                        'NO-OP': nan,
                        'PILLAGE': nan,
                        'TRANSFER': nan}},
 'Active_Entities': {'cart': 24, 'city_tile': 264, 'worker': 311},
 'Behavior_Policy': {'actor_version_max': 34560,
                     'actor_version_min': 34048,
                     'beta': 0.0,
                     'buffer_lag_max': 576,
                     'ema_kl': None,
                     'forward_kl': 0.011259520426392555,
                     'learner_version': 34624,
                     'log_rho_max': 1.4347362518310547,
                     'log_rho_mean': -0.09622369706630707,
                     'log_rho_p95': 0.3130166232585907,
                     'reverse_kl': 0.011906308121979237,
                     'target': None,
                     'vtrace_rho_clipped_fraction': 0.15625},
 'Entropy': {'cart': 1.4672037363052368,
             'city_tile': 0.35897403955459595,
             'overall': 2.6872101426124573,
             'worker': 0.8610323667526245},
 'Env': {'carts_final': nan,
         'carts_peak': nan,
         'city_tiles_final': nan,
         'city_tiles_peak': nan,
         'max_cumulative_rewards': nan,
         'mean_cumulative_reward_magnitudes': nan,
         'mean_cumulative_rewards': nan,
         'research_points': nan,
         'separate_cities_final': nan,
         'separate_cities_peak': nan,
         'step': nan,
         'workers_final': nan,
         'workers_peak': nan},
 'Gradient': {'clipped': 1.0, 'norm_before_clip': 28.471073150634766},
 'Intent': {'accuracy': nan,
            'target_build': 0,
            'target_deliver': 0,
            'target_mine': 0,
            'target_return': 0},
 'Loss': {'baseline_loss': 0.07965261489152908,
          'behavior_kl_loss': 0.0,
          'entropy_loss': -0.07955262064933777,
          'intent_aux_loss': 0.0,
          'rule_aux_loss': 0.0,
          'teacher_baseline_loss': 0.0,
          'teacher_kl_loss': 0.0,
          'total_loss': 12.051263809204102,
          'upgo_pg_loss': 9.177155494689941,
          'vtrace_pg_loss': 2.8740079402923584},
 'Misc': {'actor_policy_tta_rot180': 1.0,
          'league_opponents': {'first_place': 0.75, 'selfplay': 0.25},
          'learning_rate': 4.8286112e-05,
          'teacher_kl_cost': 0.0,
          'teacher_policy_tta_rot180': 1.0,
          'total_games_played': 97},
 'Normalized_Entropy': {'cart': 0.9165029525756836,
                        'city_tile': 0.34138068556785583,
                        'overall': 0.4715134627831002,
                        'worker': 0.5476398468017578},
 'Teacher_KL_Divergence': {'cart': 0.0,
                           'city_tile': 0.0,
                           'overall': 0.0,
                           'worker': 0.0},
 'Value': {'bias': -9.746145224198699e-09,
           'explained_variance': 0.9815294742584229,
           'support_outside_fraction': 0.0,
           'target_std': 0.365309476852417}}[0m
[[36m2026-08-16 11:18:33,540[0m][[34mroot[0m][[32mINFO[0m] - Steps 35136 @ 89.5 SPS / 1.4 BPS. Stats:
{'Actions': {'cart': {'MOVE': nan, 'NO-OP': nan, 'TRANSFER': nan},
             'city_tile': {'BUILD_CART': nan,
                           'BUILD_WORKER': nan,
                           'NO-OP': nan,
                           'RESEARCH': nan},
             'worker': {'BUILD_CITY': nan,
                        'MOVE': nan,
                        'NO-OP': nan,
                        'PILLAGE': nan,
                        'TRANSFER': nan}},
 'Active_Entities': {'cart': 43, 'city_tile': 804, 'worker': 913},
 'Behavior_Policy': {'actor_version_max': 35072,
                     'actor_version_min': 34560,
                     'beta': 0.0,
                     'buffer_lag_max': 512,
                     'ema_kl': None,
                     'forward_kl': 0.018956977874040604,
                     'learner_version': 35072,
                     'log_rho_max': 2.0669870376586914,
                     'log_rho_mean': -0.14187631011009216,
                     'log_rho_p95': 0.8356986045837402,
                     'reverse_kl': 0.019009238108992577,
                     'target': None,
                     'vtrace_rho_clipped_fraction': 0.3515625},
 'Entropy': {'cart': 1.5301480293273926,
             'city_tile': 0.09434932470321655,
             'overall': 2.811817705631256,
             'worker': 1.187320351600647},
 'Env': {'carts_final': nan,
         'carts_peak': nan,
         'city_tiles_final': nan,
         'city_tiles_peak': nan,
         'max_cumulative_rewards': nan,
         'mean_cumulative_reward_magnitudes': nan,
         'mean_cumulative_rewards': nan,
         'research_points': nan,
         'separate_cities_final': nan,
         'separate_cities_peak': nan,
         'step': nan,
         'workers_final': nan,
         'workers_peak': nan},
 'Gradient': {'clipped': 1.0, 'norm_before_clip': 19.204002380371094},
 'Intent': {'accuracy': nan,
            'target_build': 0,
            'target_deliver': 0,
            'target_mine': 0,
            'target_return': 0},
 'Loss': {'baseline_loss': 0.02882315032184124,
          'behavior_kl_loss': 0.0,
          'entropy_loss': -0.24513529241085052,
          'intent_aux_loss': 0.0,
          'rule_aux_loss': 0.0,
          'teacher_baseline_loss': 0.0,
          'teacher_kl_loss': 0.0,
          'total_loss': 15.931897163391113,
          'upgo_pg_loss': 14.752756118774414,
          'vtrace_pg_loss': 1.3954524993896484},
 'Misc': {'actor_policy_tta_rot180': 1.0,
          'league_opponents': {'first_place': 0.25, 'selfplay': 0.75},
          'learning_rate': 4.8263936e-05,
          'teacher_kl_cost': 0.0,
          'teacher_policy_tta_rot180': 1.0,
          'total_games_played': 99},
 'Normalized_Entropy': {'cart': 0.9599265456199646,
                        'city_tile': 0.08767307549715042,
                        'overall': 0.44771277862177655,
                        'worker': 0.7406445741653442},
 'Teacher_KL_Divergence': {'cart': 0.0,
                           'city_tile': 0.0,
                           'overall': 0.0,
                           'worker': 0.0},
 'Value': {'bias': 8.149072527885437e-09,
           'explained_variance': 0.9932788014411926,
           'support_outside_fraction': 0.0,
           'target_std': 0.2785346806049347}}[0m
[[36m2026-08-16 11:18:38,545[0m][[34mroot[0m][[32mINFO[0m] - Steps 35584 @ 89.5 SPS / 1.4 BPS. Stats:
{'Actions': {'cart': {'MOVE': 0.5833333333333334,
                      'NO-OP': 0.4166666666666667,
                      'TRANSFER': 0.0},
             'city_tile': {'BUILD_CART': 0.005050505050505051,
                           'BUILD_WORKER': 0.12121212121212122,
                           'NO-OP': 0.6212121212121212,
                           'RESEARCH': 0.25252525252525254},
             'worker': {'BUILD_CITY': 0.04225352112676056,
                        'MOVE': 0.5785482123510293,
                        'NO-OP': 0.361863488624052,
                        'PILLAGE': 0.0,
                        'TRANSFER': 0.01733477789815818}},
 'Active_Entities': {'cart': 26, 'city_tile': 111, 'worker': 351},
 'Behavior_Policy': {'actor_version_max': 35328,
                     'actor_version_min': 34816,
                     'beta': 0.0,
                     'buffer_lag_max': 704,
                     'ema_kl': None,
                     'forward_kl': 0.05558173358440399,
                     'learner_version': 35520,
                     'log_rho_max': 1.3335351943969727,
                     'log_rho_mean': -0.3086509704589844,
                     'log_rho_p95': 0.630647599697113,
                     'reverse_kl': 0.05021754652261734,
                     'target': None,
                     'vtrace_rho_clipped_fraction': 0.1640625},
 'Entropy': {'cart': 1.2709170579910278,
             'city_tile': 0.664638876914978,
             'overall': 2.9742125272750854,
             'worker': 1.0386565923690796},
 'Env': {'carts_final': 0.0,
         'carts_peak': 0.5,
         'city_tiles_final': 10.0,
         'city_tiles_peak': 16.5,
         'max_cumulative_rewards': 1.0,
         'mean_cumulative_reward_magnitudes': 1.0,
         'mean_cumulative_rewards': 0.0,
         'research_points': 50.0,
         'separate_cities_final': 1.0,
         'separate_cities_peak': 5.0,
         'step': 78.0,
         'workers_final': 8.5,
         'workers_peak': 13.5},
 'Gradient': {'clipped': 1.0, 'norm_before_clip': 77.5113296508789},
 'Intent': {'accuracy': nan,
            'target_build': 0,
            'target_deliver': 0,
            'target_mine': 0,
            'target_return': 0},
 'Loss': {'baseline_loss': 0.6585630178451538,
          'behavior_kl_loss': 0.0,
          'entropy_loss': -0.09427744150161743,
          'intent_aux_loss': 0.0,
          'rule_aux_loss': 0.0,
          'teacher_baseline_loss': 0.0,
          'teacher_kl_loss': 0.0,
          'total_loss': -14.21188735961914,
          'upgo_pg_loss': 3.4227232933044434,
          'vtrace_pg_loss': -18.198896408081055},
 'Misc': {'actor_policy_tta_rot180': 1.0,
          'league_opponents': {'first_place': 1.0, 'selfplay': 0.0},
          'learning_rate': 4.824176e-05,
          'teacher_kl_cost': 0.0,
          'teacher_policy_tta_rot180': 1.0,
          'total_games_played': 100},
 'Normalized_Entropy': {'cart': 0.8166118860244751,
                        'city_tile': 0.5416353344917297,
                        'overall': 0.6452429673222245,
                        'worker': 0.6653137803077698},
 'Teacher_KL_Divergence': {'cart': 0.0,
                           'city_tile': 0.0,
                           'overall': 0.0,
                           'worker': 0.0},
 'Value': {'bias': 2.7939677238464355e-09,
           'explained_variance': 0.9124164581298828,
           'support_outside_fraction': 0.0,
           'target_std': 0.48474401235580444}}[0m
[[36m2026-08-16 11:18:43,552[0m][[34mroot[0m][[32mINFO[0m] - Steps 36096 @ 102.3 SPS / 1.6 BPS. Stats:
{'Actions': {'cart': {'MOVE': nan, 'NO-OP': nan, 'TRANSFER': nan},
             'city_tile': {'BUILD_CART': nan,
                           'BUILD_WORKER': nan,
                           'NO-OP': nan,
                           'RESEARCH': nan},
             'worker': {'BUILD_CITY': nan,
                        'MOVE': nan,
                        'NO-OP': nan,
                        'PILLAGE': nan,
                        'TRANSFER': nan}},
 'Active_Entities': {'cart': 39, 'city_tile': 104, 'worker': 432},
 'Behavior_Policy': {'actor_version_max': 35840,
                     'actor_version_min': 35328,
                     'beta': 0.0,
                     'buffer_lag_max': 704,
                     'ema_kl': None,
                     'forward_kl': 0.054337695240974426,
                     'learner_version': 36032,
                     'log_rho_max': 1.8683910369873047,
                     'log_rho_mean': -0.27130037546157837,
                     'log_rho_p95': 0.7128243446350098,
                     'reverse_kl': 0.05148226022720337,
                     'target': None,
                     'vtrace_rho_clipped_fraction': 0.15625},
 'Entropy': {'cart': 1.3630266189575195,
             'city_tile': 0.5941063165664673,
             'overall': 3.041469931602478,
             'worker': 1.0843369960784912},
 'Env': {'carts_final': nan,
         'carts_peak': nan,
         'city_tiles_final': nan,
         'city_tiles_peak': nan,
         'max_cumulative_rewards': nan,
         'mean_cumulative_reward_magnitudes': nan,
         'mean_cumulative_rewards': nan,
         'research_points': nan,
         'separate_cities_final': nan,
         'separate_cities_peak': nan,
         'step': nan,
         'workers_final': nan,
         'workers_peak': nan},
 'Gradient': {'clipped': 1.0, 'norm_before_clip': 18.79210090637207},
 'Intent': {'accuracy': nan,
            'target_build': 0,
            'target_deliver': 0,
            'target_mine': 0,
            'target_return': 0},
 'Loss': {'baseline_loss': 0.04073534905910492,
          'behavior_kl_loss': 0.0,
          'entropy_loss': -0.1166757270693779,
          'intent_aux_loss': 0.0,
          'rule_aux_loss': 0.0,
          'teacher_baseline_loss': 0.0,
          'teacher_kl_loss': 0.0,
          'total_loss': 1.9694849252700806,
          'upgo_pg_loss': 4.295252323150635,
          'vtrace_pg_loss': -2.2498269081115723},
 'Misc': {'actor_policy_tta_rot180': 1.0,
          'league_opponents': {'first_place': 1.0, 'selfplay': 0.0},
          'learning_rate': 4.8216416000000005e-05,
          'teacher_kl_cost': 0.0,
          'teacher_policy_tta_rot180': 1.0,
          'total_games_played': 101},
 'Normalized_Entropy': {'cart': 0.8918611407279968,
                        'city_tile': 0.6958020329475403,
                        'overall': 0.7092761243944583,
                        'worker': 0.6960365176200867},
 'Teacher_KL_Divergence': {'cart': 0.0,
                           'city_tile': 0.0,
                           'overall': 0.0,
                           'worker': 0.0},
 'Value': {'bias': -1.792795956134796e-08,
           'explained_variance': 0.9930508732795715,
           'support_outside_fraction': 0.0,
           'target_std': 0.4280020594596863}}[0m
[[36m2026-08-16 11:18:48,557[0m][[34mroot[0m][[32mINFO[0m] - Steps 36544 @ 89.5 SPS / 1.4 BPS. Stats:
{'Actions': {'cart': {'MOVE': 0.7165948275862069,
                      'NO-OP': 0.2834051724137931,
                      'TRANSFER': 0.0},
             'city_tile': {'BUILD_CART': 0.003907659011662859,
                           'BUILD_WORKER': 0.016532403510881328,
                           'NO-OP': 0.9596008176025009,
                           'RESEARCH': 0.01995911987495491},
             'worker': {'BUILD_CITY': 0.025661167844985597,
                        'MOVE': 0.38596491228070173,
                        'NO-OP': 0.56288731779698,
                        'PILLAGE': 0.003491315353059265,
                        'TRANSFER': 0.02199528672427337}},
 'Active_Entities': {'cart': 35, 'city_tile': 175, 'worker': 486},
 'Behavior_Policy': {'actor_version_max': 36288,
                     'actor_version_min': 35840,
                     'beta': 0.0,
                     'buffer_lag_max': 640,
                     'ema_kl': None,
                     'forward_kl': 0.029256736859679222,
                     'learner_version': 36480,
                     'log_rho_max': 1.766139030456543,
                     'log_rho_mean': -0.1494307965040207,
                     'log_rho_p95': 0.6628656387329102,
                     'reverse_kl': 0.02795903943479061,
                     'target': None,
                     'vtrace_rho_clipped_fraction': 0.234375},
 'Entropy': {'cart': 1.2807990312576294,
             'city_tile': 0.43331992626190186,
             'overall': 2.4102511405944824,
             'worker': 0.6961321830749512},
 'Env': {'carts_final': 0.0,
         'carts_peak': 4.5,
         'city_tiles_final': 43.5,
         'city_tiles_peak': 61.0,
         'max_cumulative_rewards': 1.0,
         'mean_cumulative_reward_magnitudes': 1.0,
         'mean_cumulative_rewards': 0.0,
         'research_points': 166.0,
         'separate_cities_final': 1.5,
         'separate_cities_peak': 14.0,
         'step': 361.0,
         'workers_final': 18.0,
         'workers_peak': 33.0},
 'Gradient': {'clipped': 1.0, 'norm_before_clip': 130.70741271972656},
 'Intent': {'accuracy': nan,
            'target_build': 0,
            'target_deliver': 0,
            'target_mine': 0,
            'target_return': 0},
 'Loss': {'baseline_loss': 1.080714464187622,
          'behavior_kl_loss': 0.0,
          'entropy_loss': -0.09179583191871643,
          'intent_aux_loss': 0.0,
          'rule_aux_loss': 0.0,
          'teacher_baseline_loss': 0.0,
          'teacher_kl_loss': 0.0,
          'total_loss': 40.362796783447266,
          'upgo_pg_loss': 30.04914093017578,
          'vtrace_pg_loss': 9.324738502502441},
 'Misc': {'actor_policy_tta_rot180': 1.0,
          'league_opponents': {'first_place': 0.75, 'selfplay': 0.25},
          'learning_rate': 4.819424e-05,
          'teacher_kl_cost': 0.0,
          'teacher_policy_tta_rot180': 1.0,
          'total_games_played': 107},
 'Normalized_Entropy': {'cart': 0.830777108669281,
                        'city_tile': 0.3857514262199402,
                        'overall': 0.4497960261229811,
                        'worker': 0.44542044401168823},
 'Teacher_KL_Divergence': {'cart': 0.0,
                           'city_tile': 0.0,
                           'overall': 0.0,
                           'worker': 0.0},
 'Value': {'bias': -4.423782229423523e-09,
           'explained_variance': 0.8753175139427185,
           'support_outside_fraction': 0.0,
           'target_std': 0.5109646320343018}}[0m
[[36m2026-08-16 11:18:53,563[0m][[34mroot[0m][[32mINFO[0m] - Steps 36864 @ 63.9 SPS / 1.0 BPS. Stats:
{'Actions': {'cart': {'MOVE': nan, 'NO-OP': nan, 'TRANSFER': nan},
             'city_tile': {'BUILD_CART': nan,
                           'BUILD_WORKER': nan,
                           'NO-OP': nan,
                           'RESEARCH': nan},
             'worker': {'BUILD_CITY': nan,
                        'MOVE': nan,
                        'NO-OP': nan,
                        'PILLAGE': nan,
                        'TRANSFER': nan}},
 'Active_Entities': {'cart': 48, 'city_tile': 279, 'worker': 261},
 'Behavior_Policy': {'actor_version_max': 36608,
                     'actor_version_min': 36096,
                     'beta': 0.0,
                     'buffer_lag_max': 704,
                     'ema_kl': None,
                     'forward_kl': 0.03526404872536659,
                     'learner_version': 36800,
                     'log_rho_max': 1.1046173572540283,
                     'log_rho_mean': -0.1059112548828125,
                     'log_rho_p95': 0.5219296216964722,
                     'reverse_kl': 0.03542619198560715,
                     'target': None,
                     'vtrace_rho_clipped_fraction': 0.2265625},
 'Entropy': {'cart': 1.4246104955673218,
             'city_tile': 0.1595682054758072,
             'overall': 2.6675642877817154,
             'worker': 1.0833855867385864},
 'Env': {'carts_final': nan,
         'carts_peak': nan,
         'city_tiles_final': nan,
         'city_tiles_peak': nan,
         'max_cumulative_rewards': nan,
         'mean_cumulative_reward_magnitudes': nan,
         'mean_cumulative_rewards': nan,
         'research_points': nan,
         'separate_cities_final': nan,
         'separate_cities_peak': nan,
         'step': nan,
         'workers_final': nan,
         'workers_peak': nan},
 'Gradient': {'clipped': 1.0, 'norm_before_clip': 62.77813720703125},
 'Intent': {'accuracy': nan,
            'target_build': 0,
            'target_deliver': 0,
            'target_mine': 0,
            'target_return': 0},
 'Loss': {'baseline_loss': 0.11421208083629608,
          'behavior_kl_loss': 0.0,
          'entropy_loss': -0.07913289964199066,
          'intent_aux_loss': 0.0,
          'rule_aux_loss': 0.0,
          'teacher_baseline_loss': 0.0,
          'teacher_kl_loss': 0.0,
          'total_loss': -2.3174126148223877,
          'upgo_pg_loss': 1.160803198814392,
          'vtrace_pg_loss': -3.5132951736450195},
 'Misc': {'actor_policy_tta_rot180': 1.0,
          'league_opponents': {'first_place': 1.0, 'selfplay': 0.0},
          'learning_rate': 4.81784e-05,
          'teacher_kl_cost': 0.0,
          'teacher_policy_tta_rot180': 1.0,
          'total_games_played': 108},
 'Normalized_Entropy': {'cart': 0.9065964221954346,
                        'city_tile': 0.1821465939283371,
                        'overall': 0.4733430766785631,
                        'worker': 0.7049432992935181},
 'Teacher_KL_Divergence': {'cart': 0.0,
                           'city_tile': 0.0,
                           'overall': 0.0,
                           'worker': 0.0},
 'Value': {'bias': 9.080395102500916e-09,
           'explained_variance': 0.9901988506317139,
           'support_outside_fraction': 0.0,
           'target_std': 0.6034521460533142}}[0m
[[36m2026-08-16 11:18:58,569[0m][[34mroot[0m][[32mINFO[0m] - Steps 37184 @ 63.9 SPS / 1.0 BPS. Stats:
{'Actions': {'cart': {'MOVE': nan, 'NO-OP': nan, 'TRANSFER': nan},
             'city_tile': {'BUILD_CART': nan,
                           'BUILD_WORKER': nan,
                           'NO-OP': nan,
                           'RESEARCH': nan},
             'worker': {'BUILD_CITY': nan,
                        'MOVE': nan,
                        'NO-OP': nan,
                        'PILLAGE': nan,
                        'TRANSFER': nan}},
 'Active_Entities': {'cart': 5, 'city_tile': 105, 'worker': 368},
 'Behavior_Policy': {'actor_version_max': 37120,
                     'actor_version_min': 36608,
                     'beta': 0.0,
                     'buffer_lag_max': 512,
                     'ema_kl': None,
                     'forward_kl': 0.030623305588960648,
                     'learner_version': 37120,
                     'log_rho_max': 2.3374319076538086,
                     'log_rho_mean': -0.051093973219394684,
                     'log_rho_p95': 0.7925635576248169,
                     'reverse_kl': 0.03144204989075661,
                     'target': None,
                     'vtrace_rho_clipped_fraction': 0.34375},
 'Entropy': {'cart': 1.4217652082443237,
             'city_tile': 0.33150526881217957,
             'overall': 2.3165089786052704,
             'worker': 0.5632385015487671},
 'Env': {'carts_final': nan,
         'carts_peak': nan,
         'city_tiles_final': nan,
         'city_tiles_peak': nan,
         'max_cumulative_rewards': nan,
         'mean_cumulative_reward_magnitudes': nan,
         'mean_cumulative_rewards': nan,
         'research_points': nan,
         'separate_cities_final': nan,
         'separate_cities_peak': nan,
         'step': nan,
         'workers_final': nan,
         'workers_peak': nan},
 'Gradient': {'clipped': 1.0, 'norm_before_clip': 95.24478912353516},
 'Intent': {'accuracy': nan,
            'target_build': 0,
            'target_deliver': 0,
            'target_mine': 0,
            'target_return': 0},
 'Loss': {'baseline_loss': 0.2893969714641571,
          'behavior_kl_loss': 0.0,
          'entropy_loss': -0.04983773082494736,
          'intent_aux_loss': 0.0,
          'rule_aux_loss': 0.0,
          'teacher_baseline_loss': 0.0,
          'teacher_kl_loss': 0.0,
          'total_loss': 15.607004165649414,
          'upgo_pg_loss': 11.185403823852539,
          'vtrace_pg_loss': 4.182041645050049},
 'Misc': {'actor_policy_tta_rot180': 1.0,
          'league_opponents': {'first_place': 0.5, 'selfplay': 0.5},
          'learning_rate': 4.816256e-05,
          'teacher_kl_cost': 0.0,
          'teacher_policy_tta_rot180': 1.0,
          'total_games_played': 109},
 'Normalized_Entropy': {'cart': 0.9457441568374634,
                        'city_tile': 0.370121031999588,
                        'overall': 0.36248043672060865,
                        'worker': 0.3523755967617035},
 'Teacher_KL_Divergence': {'cart': 0.0,
                           'city_tile': 0.0,
                           'overall': 0.0,
                           'worker': 0.0},
 'Value': {'bias': 4.307366907596588e-09,
           'explained_variance': 0.9562435746192932,
           'support_outside_fraction': 0.0,
           'target_std': 0.3886425793170929}}[0m
[[36m2026-08-16 11:19:03,575[0m][[34mroot[0m][[32mINFO[0m] - Steps 37632 @ 89.5 SPS / 1.4 BPS. Stats:
{'Actions': {'cart': {'MOVE': nan, 'NO-OP': nan, 'TRANSFER': nan},
             'city_tile': {'BUILD_CART': nan,
                           'BUILD_WORKER': nan,
                           'NO-OP': nan,
                           'RESEARCH': nan},
             'worker': {'BUILD_CITY': nan,
                        'MOVE': nan,
                        'NO-OP': nan,
                        'PILLAGE': nan,
                        'TRANSFER': nan}},
 'Active_Entities': {'cart': 27, 'city_tile': 138, 'worker': 426},
 'Behavior_Policy': {'actor_version_max': 37376,
                     'actor_version_min': 36864,
                     'beta': 0.0,
                     'buffer_lag_max': 704,
                     'ema_kl': None,
                     'forward_kl': 0.04339061677455902,
                     'learner_version': 37568,
                     'log_rho_max': 1.1374225616455078,
                     'log_rho_mean': -0.2438638061285019,
                     'log_rho_p95': 0.8030964136123657,
                     'reverse_kl': 0.04346697777509689,
                     'target': None,
                     'vtrace_rho_clipped_fraction': 0.1484375},
 'Entropy': {'cart': 1.2824400663375854,
             'city_tile': 0.5875682234764099,
             'overall': 2.8752145171165466,
             'worker': 1.0052062273025513},
 'Env': {'carts_final': nan,
         'carts_peak': nan,
         'city_tiles_final': nan,
         'city_tiles_peak': nan,
         'max_cumulative_rewards': nan,
         'mean_cumulative_reward_magnitudes': nan,
         'mean_cumulative_rewards': nan,
         'research_points': nan,
         'separate_cities_final': nan,
         'separate_cities_peak': nan,
         'step': nan,
         'workers_final': nan,
         'workers_peak': nan},
 'Gradient': {'clipped': 1.0, 'norm_before_clip': 19.114103317260742},
 'Intent': {'accuracy': nan,
            'target_build': 0,
            'target_deliver': 0,
            'target_mine': 0,
            'target_return': 0},
 'Loss': {'baseline_loss': 0.09798063337802887,
          'behavior_kl_loss': 0.0,
          'entropy_loss': -0.10878561437129974,
          'intent_aux_loss': 0.0,
          'rule_aux_loss': 0.0,
          'teacher_baseline_loss': 0.0,
          'teacher_kl_loss': 0.0,
          'total_loss': 0.7165195941925049,
          'upgo_pg_loss': 2.4028356075286865,
          'vtrace_pg_loss': -1.6755110025405884},
 'Misc': {'actor_policy_tta_rot180': 1.0,
          'league_opponents': {'first_place': 1.0, 'selfplay': 0.0},
          'learning_rate': 4.814038400000001e-05,
          'teacher_kl_cost': 0.0,
          'teacher_policy_tta_rot180': 1.0,
          'total_games_played': 112},
 'Normalized_Entropy': {'cart': 0.8511613011360168,
                        'city_tile': 0.7543348073959351,
                        'overall': 0.6663603743320794,
                        'worker': 0.6261488795280457},
 'Teacher_KL_Divergence': {'cart': 0.0,
                           'city_tile': 0.0,
                           'overall': 0.0,
                           'worker': 0.0},
 'Value': {'bias': 4.656612873077393e-10,
           'explained_variance': 0.9891345500946045,
           'support_outside_fraction': 0.0,
           'target_std': 0.5308495759963989}}[0m
[[36m2026-08-16 11:19:08,581[0m][[34mroot[0m][[32mINFO[0m] - Steps 38144 @ 102.3 SPS / 1.6 BPS. Stats:
{'Actions': {'cart': {'MOVE': nan, 'NO-OP': nan, 'TRANSFER': nan},
             'city_tile': {'BUILD_CART': nan,
                           'BUILD_WORKER': nan,
                           'NO-OP': nan,
                           'RESEARCH': nan},
             'worker': {'BUILD_CITY': nan,
                        'MOVE': nan,
                        'NO-OP': nan,
                        'PILLAGE': nan,
                        'TRANSFER': nan}},
 'Active_Entities': {'cart': 19, 'city_tile': 116, 'worker': 329},
 'Behavior_Policy': {'actor_version_max': 37888,
                     'actor_version_min': 37376,
                     'beta': 0.0,
                     'buffer_lag_max': 704,
                     'ema_kl': None,
                     'forward_kl': 0.034760694950819016,
                     'learner_version': 38080,
                     'log_rho_max': 1.251694679260254,
                     'log_rho_mean': -0.11560947448015213,
                     'log_rho_p95': 0.5822086334228516,
                     'reverse_kl': 0.03341048210859299,
                     'target': None,
                     'vtrace_rho_clipped_fraction': 0.203125},
 'Entropy': {'cart': 1.2888582944869995,
             'city_tile': 0.8049015402793884,
             'overall': 3.006370782852173,
             'worker': 0.9126109480857849},
 'Env': {'carts_final': nan,
         'carts_peak': nan,
         'city_tiles_final': nan,
         'city_tiles_peak': nan,
         'max_cumulative_rewards': nan,
         'mean_cumulative_reward_magnitudes': nan,
         'mean_cumulative_rewards': nan,
         'research_points': nan,
         'separate_cities_final': nan,
         'separate_cities_peak': nan,
         'step': nan,
         'workers_final': nan,
         'workers_peak': nan},
 'Gradient': {'clipped': 1.0, 'norm_before_clip': 49.254634857177734},
 'Intent': {'accuracy': nan,
            'target_build': 0,
            'target_deliver': 0,
            'target_mine': 0,
            'target_return': 0},
 'Loss': {'baseline_loss': 0.07746537774801254,
          'behavior_kl_loss': 0.0,
          'entropy_loss': -0.08362117409706116,
          'intent_aux_loss': 0.0,
          'rule_aux_loss': 0.0,
          'teacher_baseline_loss': 0.0,
          'teacher_kl_loss': 0.0,
          'total_loss': 4.3807196617126465,
          'upgo_pg_loss': 5.429281234741211,
          'vtrace_pg_loss': -1.0424058437347412},
 'Misc': {'actor_policy_tta_rot180': 1.0,
          'league_opponents': {'first_place': 1.0, 'selfplay': 0.0},
          'learning_rate': 4.811504e-05,
          'teacher_kl_cost': 0.0,
          'teacher_policy_tta_rot180': 1.0,
          'total_games_played': 113},
 'Normalized_Entropy': {'cart': 0.8631089925765991,
                        'city_tile': 0.7360402345657349,
                        'overall': 0.6288670551931036,
                        'worker': 0.5775519013404846},
 'Teacher_KL_Divergence': {'cart': 0.0,
                           'city_tile': 0.0,
                           'overall': 0.0,
                           'worker': 0.0},
 'Value': {'bias': 1.5133991837501526e-08,
           'explained_variance': 0.9925203919410706,
           'support_outside_fraction': 0.0,
           'target_std': 0.5689055323600769}}[0m
[[36m2026-08-16 11:19:13,586[0m][[34mroot[0m][[32mINFO[0m] - Steps 38464 @ 63.9 SPS / 1.0 BPS. Stats:
{'Actions': {'cart': {'MOVE': nan, 'NO-OP': nan, 'TRANSFER': nan},
             'city_tile': {'BUILD_CART': nan,
                           'BUILD_WORKER': nan,
                           'NO-OP': nan,
                           'RESEARCH': nan},
             'worker': {'BUILD_CITY': nan,
                        'MOVE': nan,
                        'NO-OP': nan,
                        'PILLAGE': nan,
                        'TRANSFER': nan}},
 'Active_Entities': {'cart': 0, 'city_tile': 99, 'worker': 438},
 'Behavior_Policy': {'actor_version_max': 38400,
                     'actor_version_min': 37888,
                     'beta': 0.0,
                     'buffer_lag_max': 512,
                     'ema_kl': None,
                     'forward_kl': 0.040561869740486145,
                     'learner_version': 38400,
                     'log_rho_max': 1.3660545349121094,
                     'log_rho_mean': -0.2399449348449707,
                     'log_rho_p95': 0.3362360894680023,
                     'reverse_kl': 0.04010055214166641,
                     'target': None,
                     'vtrace_rho_clipped_fraction': 0.140625},
 'Entropy': {'cart': -0.0,
             'city_tile': 0.5222063064575195,
             'overall': 1.1720901727676392,
             'worker': 0.6498838663101196},
 'Env': {'carts_final': nan,
         'carts_peak': nan,
         'city_tiles_final': nan,
         'city_tiles_peak': nan,
         'max_cumulative_rewards': nan,
         'mean_cumulative_reward_magnitudes': nan,
         'mean_cumulative_rewards': nan,
         'research_points': nan,
         'separate_cities_final': nan,
         'separate_cities_peak': nan,
         'step': nan,
         'workers_final': nan,
         'workers_peak': nan},
 'Gradient': {'clipped': 1.0, 'norm_before_clip': 56.338279724121094},
 'Intent': {'accuracy': nan,
            'target_build': 0,
            'target_deliver': 0,
            'target_mine': 0,
            'target_return': 0},
 'Loss': {'baseline_loss': 0.1378013789653778,
          'behavior_kl_loss': 0.0,
          'entropy_loss': -0.06726951897144318,
          'intent_aux_loss': 0.0,
          'rule_aux_loss': 0.0,
          'teacher_baseline_loss': 0.0,
          'teacher_kl_loss': 0.0,
          'total_loss': -2.0819809436798096,
          'upgo_pg_loss': 2.6485636234283447,
          'vtrace_pg_loss': -4.801076412200928},
 'Misc': {'actor_policy_tta_rot180': 1.0,
          'league_opponents': {'first_place': 1.0, 'selfplay': 0.0},
          'learning_rate': 4.80992e-05,
          'teacher_kl_cost': 0.0,
          'teacher_policy_tta_rot180': 1.0,
          'total_games_played': 114},
 'Normalized_Entropy': {'cart': 0.0,
                        'city_tile': 0.575079083442688,
                        'overall': 0.4422401203123551,
                        'worker': 0.41221487522125244},
 'Teacher_KL_Divergence': {'cart': 0.0,
                           'city_tile': 0.0,
                           'overall': 0.0,
                           'worker': 0.0},
 'Value': {'bias': 0.0,
           'explained_variance': 0.9825775623321533,
           'support_outside_fraction': 0.0,
           'target_std': 0.49716129899024963}}[0m
[[36m2026-08-16 11:19:18,592[0m][[34mroot[0m][[32mINFO[0m] - Steps 38848 @ 76.7 SPS / 1.2 BPS. Stats:
{'Actions': {'cart': {'MOVE': nan, 'NO-OP': nan, 'TRANSFER': nan},
             'city_tile': {'BUILD_CART': nan,
                           'BUILD_WORKER': nan,
                           'NO-OP': nan,
                           'RESEARCH': nan},
             'worker': {'BUILD_CITY': nan,
                        'MOVE': nan,
                        'NO-OP': nan,
                        'PILLAGE': nan,
                        'TRANSFER': nan}},
 'Active_Entities': {'cart': 0, 'city_tile': 247, 'worker': 347},
 'Behavior_Policy': {'actor_version_max': 38656,
                     'actor_version_min': 38144,
                     'beta': 0.0,
                     'buffer_lag_max': 640,
                     'ema_kl': None,
                     'forward_kl': 0.023476993665099144,
                     'learner_version': 38784,
                     'log_rho_max': 0.8167572021484375,
                     'log_rho_mean': -0.12090349197387695,
                     'log_rho_p95': 0.43911829590797424,
                     'reverse_kl': 0.022316504269838333,
                     'target': None,
                     'vtrace_rho_clipped_fraction': 0.171875},
 'Entropy': {'cart': -0.0,
             'city_tile': 0.1563701033592224,
             'overall': 1.0080272555351257,
             'worker': 0.8516571521759033},
 'Env': {'carts_final': nan,
         'carts_peak': nan,
         'city_tiles_final': nan,
         'city_tiles_peak': nan,
         'max_cumulative_rewards': nan,
         'mean_cumulative_reward_magnitudes': nan,
         'mean_cumulative_rewards': nan,
         'research_points': nan,
         'separate_cities_final': nan,
         'separate_cities_peak': nan,
         'step': nan,
         'workers_final': nan,
         'workers_peak': nan},
 'Gradient': {'clipped': 1.0, 'norm_before_clip': 60.18193435668945},
 'Intent': {'accuracy': nan,
            'target_build': 0,
            'target_deliver': 0,
            'target_mine': 0,
            'target_return': 0},
 'Loss': {'baseline_loss': 0.35861846804618835,
          'behavior_kl_loss': 0.0,
          'entropy_loss': -0.06682968884706497,
          'intent_aux_loss': 0.0,
          'rule_aux_loss': 0.0,
          'teacher_baseline_loss': 0.0,
          'teacher_kl_loss': 0.0,
          'total_loss': 1.2548147439956665,
          'upgo_pg_loss': 2.9602904319763184,
          'vtrace_pg_loss': -1.9972645044326782},
 'Misc': {'actor_policy_tta_rot180': 1.0,
          'league_opponents': {'first_place': 1.0, 'selfplay': 0.0},
          'learning_rate': 4.8080192e-05,
          'teacher_kl_cost': 0.0,
          'teacher_policy_tta_rot180': 1.0,
          'total_games_played': 114},
 'Normalized_Entropy': {'cart': 0.0,
                        'city_tile': 0.18618348240852356,
                        'overall': 0.3993257940919311,
                        'worker': 0.5510438084602356},
 'Teacher_KL_Divergence': {'cart': 0.0,
                           'city_tile': 0.0,
                           'overall': 0.0,
                           'worker': 0.0},
 'Value': {'bias': 4.6566128730773926e-09,
           'explained_variance': 0.9696763157844543,
           'support_outside_fraction': 0.0,
           'target_std': 0.6079252362251282}}[0m
[[36m2026-08-16 11:19:23,599[0m][[34mroot[0m][[32mINFO[0m] - Steps 39168 @ 63.9 SPS / 1.0 BPS. Stats:
{'Actions': {'cart': {'MOVE': nan, 'NO-OP': nan, 'TRANSFER': nan},
             'city_tile': {'BUILD_CART': 0.0,
                           'BUILD_WORKER': 0.02844873859366613,
                           'NO-OP': 0.9286097691894794,
                           'RESEARCH': 0.04294149221685454},
             'worker': {'BUILD_CITY': 0.07382992748846408,
                        'MOVE': 0.5497692814765985,
                        'NO-OP': 0.36255767963085034,
                        'PILLAGE': 0.0,
                        'TRANSFER': 0.013843111404087014}},
 'Active_Entities': {'cart': 28, 'city_tile': 120, 'worker': 269},
 'Behavior_Policy': {'actor_version_max': 38912,
                     'actor_version_min': 38400,
                     'beta': 0.0,
                     'buffer_lag_max': 704,
                     'ema_kl': None,
                     'forward_kl': 0.03157249093055725,
                     'learner_version': 39104,
                     'log_rho_max': 1.1728630065917969,
                     'log_rho_mean': -0.12400646507740021,
                     'log_rho_p95': 0.4655523896217346,
                     'reverse_kl': 0.03108326904475689,
                     'target': None,
                     'vtrace_rho_clipped_fraction': 0.171875},
 'Entropy': {'cart': 1.1200028657913208,
             'city_tile': 0.7384994029998779,
             'overall': 2.7272371649742126,
             'worker': 0.8687348961830139},
 'Env': {'carts_final': 0.0,
         'carts_peak': 0.0,
         'city_tiles_final': 27.0,
         'city_tiles_peak': 41.5,
         'max_cumulative_rewards': 1.0,
         'mean_cumulative_reward_magnitudes': 1.0,
         'mean_cumulative_rewards': 0.0,
         'research_points': 40.0,
         'separate_cities_final': 6.0,
         'separate_cities_peak': 12.5,
         'step': 111.0,
         'workers_final': 19.5,
         'workers_peak': 23.0},
 'Gradient': {'clipped': 1.0, 'norm_before_clip': 31.896329879760742},
 'Intent': {'accuracy': nan,
            'target_build': 0,
            'target_deliver': 0,
            'target_mine': 0,
            'target_return': 0},
 'Loss': {'baseline_loss': 0.34127455949783325,
          'behavior_kl_loss': 0.0,
          'entropy_loss': -0.0707339346408844,
          'intent_aux_loss': 0.0,
          'rule_aux_loss': 0.0,
          'teacher_baseline_loss': 0.0,
          'teacher_kl_loss': 0.0,
          'total_loss': 10.4561128616333,
          'upgo_pg_loss': 7.341160774230957,
          'vtrace_pg_loss': 2.844412088394165},
 'Misc': {'actor_policy_tta_rot180': 1.0,
          'league_opponents': {'first_place': 1.0, 'selfplay': 0.0},
          'learning_rate': 4.8064352e-05,
          'teacher_kl_cost': 0.0,
          'teacher_policy_tta_rot180': 1.0,
          'total_games_played': 116},
 'Normalized_Entropy': {'cart': 0.777667224407196,
                        'city_tile': 0.7828071713447571,
                        'overall': 0.6271671123927731,
                        'worker': 0.5420711636543274},
 'Teacher_KL_Divergence': {'cart': 0.0,
                           'city_tile': 0.0,
                           'overall': 0.0,
                           'worker': 0.0},
 'Value': {'bias': 1.862645149230957e-09,
           'explained_variance': 0.9676264524459839,
           'support_outside_fraction': 0.0,
           'target_std': 0.5739603042602539}}[0m
[[36m2026-08-16 11:19:28,604[0m][[34mroot[0m][[32mINFO[0m] - Steps 39680 @ 102.3 SPS / 1.6 BPS. Stats:
{'Actions': {'cart': {'MOVE': nan, 'NO-OP': nan, 'TRANSFER': nan},
             'city_tile': {'BUILD_CART': nan,
                           'BUILD_WORKER': nan,
                           'NO-OP': nan,
                           'RESEARCH': nan},
             'worker': {'BUILD_CITY': nan,
                        'MOVE': nan,
                        'NO-OP': nan,
                        'PILLAGE': nan,
                        'TRANSFER': nan}},
 'Active_Entities': {'cart': 43, 'city_tile': 95, 'worker': 289},
 'Behavior_Policy': {'actor_version_max': 39424,
                     'actor_version_min': 38912,
                     'beta': 0.0,
                     'buffer_lag_max': 704,
                     'ema_kl': None,
                     'forward_kl': 0.03160308673977852,
                     'learner_version': 39616,
                     'log_rho_max': 1.3737115859985352,
                     'log_rho_mean': -0.12325029820203781,
                     'log_rho_p95': 0.6965781450271606,
                     'reverse_kl': 0.030318787321448326,
                     'target': None,
                     'vtrace_rho_clipped_fraction': 0.1953125},
 'Entropy': {'cart': 1.3250689506530762,
             'city_tile': 0.6340774297714233,
             'overall': 3.003620743751526,
             'worker': 1.0444743633270264},
 'Env': {'carts_final': nan,
         'carts_peak': nan,
         'city_tiles_final': nan,
         'city_tiles_peak': nan,
         'max_cumulative_rewards': nan,
         'mean_cumulative_reward_magnitudes': nan,
         'mean_cumulative_rewards': nan,
         'research_points': nan,
         'separate_cities_final': nan,
         'separate_cities_peak': nan,
         'step': nan,
         'workers_final': nan,
         'workers_peak': nan},
 'Gradient': {'clipped': 1.0, 'norm_before_clip': 22.78491973876953},
 'Intent': {'accuracy': nan,
            'target_build': 0,
            'target_deliver': 0,
            'target_mine': 0,
            'target_return': 0},
 'Loss': {'baseline_loss': 0.03135494887828827,
          'behavior_kl_loss': 0.0,
          'entropy_loss': -0.08381367474794388,
          'intent_aux_loss': 0.0,
          'rule_aux_loss': 0.0,
          'teacher_baseline_loss': 0.0,
          'teacher_kl_loss': 0.0,
          'total_loss': 5.014370441436768,
          'upgo_pg_loss': 4.679550647735596,
          'vtrace_pg_loss': 0.3872784376144409},
 'Misc': {'actor_policy_tta_rot180': 1.0,
          'league_opponents': {'first_place': 1.0, 'selfplay': 0.0},
          'learning_rate': 4.8039008e-05,
          'teacher_kl_cost': 0.0,
          'teacher_policy_tta_rot180': 1.0,
          'total_games_played': 117},
 'Normalized_Entropy': {'cart': 0.8971092104911804,
                        'city_tile': 0.7872418761253357,
                        'overall': 0.7092567397503998,
                        'worker': 0.6556711196899414},
 'Teacher_KL_Divergence': {'cart': 0.0,
                           'city_tile': 0.0,
                           'overall': 0.0,
                           'worker': 0.0},
 'Value': {'bias': 2.8812792152166367e-09,
           'explained_variance': 0.9960694313049316,
           'support_outside_fraction': 0.0,
           'target_std': 0.4992867708206177}}[0m
[[36m2026-08-16 11:19:33,610[0m][[34mroot[0m][[32mINFO[0m] - Steps 40128 @ 89.5 SPS / 1.4 BPS. Stats:
{'Actions': {'cart': {'MOVE': nan, 'NO-OP': nan, 'TRANSFER': nan},
             'city_tile': {'BUILD_CART': nan,
                           'BUILD_WORKER': nan,
                           'NO-OP': nan,
                           'RESEARCH': nan},
             'worker': {'BUILD_CITY': nan,
                        'MOVE': nan,
                        'NO-OP': nan,
                        'PILLAGE': nan,
                        'TRANSFER': nan}},
 'Active_Entities': {'cart': 4, 'city_tile': 138, 'worker': 486},
 'Behavior_Policy': {'actor_version_max': 39936,
                     'actor_version_min': 39424,
                     'beta': 0.0,
                     'buffer_lag_max': 640,
                     'ema_kl': None,
                     'forward_kl': 0.028989315032958984,
                     'learner_version': 40064,
                     'log_rho_max': 1.0379705429077148,
                     'log_rho_mean': -0.3242062032222748,
                     'log_rho_p95': 0.32263126969337463,
                     'reverse_kl': 0.02534446120262146,
                     'target': None,
                     'vtrace_rho_clipped_fraction': 0.296875},
 'Entropy': {'cart': 1.2344598770141602,
             'city_tile': 0.5923803448677063,
             'overall': 2.4884164333343506,
             'worker': 0.6615762114524841},
 'Env': {'carts_final': nan,
         'carts_peak': nan,
         'city_tiles_final': nan,
         'city_tiles_peak': nan,
         'max_cumulative_rewards': nan,
         'mean_cumulative_reward_magnitudes': nan,
         'mean_cumulative_rewards': nan,
         'research_points': nan,
         'separate_cities_final': nan,
         'separate_cities_peak': nan,
         'step': nan,
         'workers_final': nan,
         'workers_peak': nan},
 'Gradient': {'clipped': 1.0, 'norm_before_clip': 25.616147994995117},
 'Intent': {'accuracy': nan,
            'target_build': 0,
            'target_deliver': 0,
            'target_mine': 0,
            'target_return': 0},
 'Loss': {'baseline_loss': 0.03724193200469017,
          'behavior_kl_loss': 0.0,
          'entropy_loss': -0.08164247125387192,
          'intent_aux_loss': 0.0,
          'rule_aux_loss': 0.0,
          'teacher_baseline_loss': 0.0,
          'teacher_kl_loss': 0.0,
          'total_loss': 4.482203006744385,
          'upgo_pg_loss': 3.904184341430664,
          'vtrace_pg_loss': 0.6224195957183838},
 'Misc': {'actor_policy_tta_rot180': 1.0,
          'league_opponents': {'first_place': 0.75, 'selfplay': 0.25},
          'learning_rate': 4.8016832e-05,
          'teacher_kl_cost': 0.0,
          'teacher_policy_tta_rot180': 1.0,
          'total_games_played': 118},
 'Normalized_Entropy': {'cart': 0.7670129537582397,
                        'city_tile': 0.6574501991271973,
                        'overall': 0.47941284242329324,
                        'worker': 0.42649194598197937},
 'Teacher_KL_Divergence': {'cart': 0.0,
                           'city_tile': 0.0,
                           'overall': 0.0,
                           'worker': 0.0},
 'Value': {'bias': -2.3166649043560028e-08,
           'explained_variance': 0.9932445287704468,
           'support_outside_fraction': 0.0,
           'target_std': 0.39687514305114746}}[0m
[[36m2026-08-16 11:19:38,615[0m][[34mroot[0m][[32mINFO[0m] - Steps 40448 @ 63.9 SPS / 1.0 BPS. Stats:
{'Actions': {'cart': {'MOVE': nan, 'NO-OP': nan, 'TRANSFER': nan},
             'city_tile': {'BUILD_CART': nan,
                           'BUILD_WORKER': nan,
                           'NO-OP': nan,
                           'RESEARCH': nan},
             'worker': {'BUILD_CITY': nan,
                        'MOVE': nan,
                        'NO-OP': nan,
                        'PILLAGE': nan,
                        'TRANSFER': nan}},
 'Active_Entities': {'cart': 0, 'city_tile': 232, 'worker': 270},
 'Behavior_Policy': {'actor_version_max': 40192,
                     'actor_version_min': 39680,
                     'beta': 0.0,
                     'buffer_lag_max': 704,
                     'ema_kl': None,
                     'forward_kl': 0.025742921978235245,
                     'learner_version': 40384,
                     'log_rho_max': 1.0209670066833496,
                     'log_rho_mean': -0.0709988921880722,
                     'log_rho_p95': 0.37927600741386414,
                     'reverse_kl': 0.024959152564406395,
                     'target': None,
                     'vtrace_rho_clipped_fraction': 0.1953125},
 'Entropy': {'cart': -0.0,
             'city_tile': 0.10422642529010773,
             'overall': 0.6330797225236893,
             'worker': 0.5288532972335815},
 'Env': {'carts_final': nan,
         'carts_peak': nan,
         'city_tiles_final': nan,
         'city_tiles_peak': nan,
         'max_cumulative_rewards': nan,
         'mean_cumulative_reward_magnitudes': nan,
         'mean_cumulative_rewards': nan,
         'research_points': nan,
         'separate_cities_final': nan,
         'separate_cities_peak': nan,
         'step': nan,
         'workers_final': nan,
         'workers_peak': nan},
 'Gradient': {'clipped': 1.0, 'norm_before_clip': 20.12396240234375},
 'Intent': {'accuracy': nan,
            'target_build': 0,
            'target_deliver': 0,
            'target_mine': 0,
            'target_return': 0},
 'Loss': {'baseline_loss': 0.06178858131170273,
          'behavior_kl_loss': 0.0,
          'entropy_loss': -0.033394183963537216,
          'intent_aux_loss': 0.0,
          'rule_aux_loss': 0.0,
          'teacher_baseline_loss': 0.0,
          'teacher_kl_loss': 0.0,
          'total_loss': 1.4131675958633423,
          'upgo_pg_loss': 2.1672816276550293,
          'vtrace_pg_loss': -0.7825083136558533},
 'Misc': {'actor_policy_tta_rot180': 1.0,
          'league_opponents': {'first_place': 1.0, 'selfplay': 0.0},
          'learning_rate': 4.8000992e-05,
          'teacher_kl_cost': 0.0,
          'teacher_policy_tta_rot180': 1.0,
          'total_games_played': 118},
 'Normalized_Entropy': {'cart': 0.0,
                        'city_tile': 0.14969715476036072,
                        'overall': 0.2533425999827594,
                        'worker': 0.3424009084701538},
 'Teacher_KL_Divergence': {'cart': 0.0,
                           'city_tile': 0.0,
                           'overall': 0.0,
                           'worker': 0.0},
 'Value': {'bias': 1.2223608791828156e-09,
           'explained_variance': 0.9837905764579773,
           'support_outside_fraction': 0.0,
           'target_std': 0.3451398015022278}}[0m
[[36m2026-08-16 11:19:43,620[0m][[34mroot[0m][[32mINFO[0m] - Steps 40832 @ 76.7 SPS / 1.2 BPS. Stats:
{'Actions': {'cart': {'MOVE': nan, 'NO-OP': nan, 'TRANSFER': nan},
             'city_tile': {'BUILD_CART': nan,
                           'BUILD_WORKER': nan,
                           'NO-OP': nan,
                           'RESEARCH': nan},
             'worker': {'BUILD_CITY': nan,
                        'MOVE': nan,
                        'NO-OP': nan,
                        'PILLAGE': nan,
                        'TRANSFER': nan}},
 'Active_Entities': {'cart': 0, 'city_tile': 205, 'worker': 273},
 'Behavior_Policy': {'actor_version_max': 40704,
                     'actor_version_min': 40192,
                     'beta': 0.0,
                     'buffer_lag_max': 576,
                     'ema_kl': None,
                     'forward_kl': 0.018945781514048576,
                     'learner_version': 40768,
                     'log_rho_max': 0.5612406730651855,
                     'log_rho_mean': -0.11084260046482086,
                     'log_rho_p95': 0.29992786049842834,
                     'reverse_kl': 0.019198015332221985,
                     'target': None,
                     'vtrace_rho_clipped_fraction': 0.2265625},
 'Entropy': {'cart': -0.0,
             'city_tile': 0.15135815739631653,
             'overall': 0.6881646811962128,
             'worker': 0.5368065237998962},
 'Env': {'carts_final': nan,
         'carts_peak': nan,
         'city_tiles_final': nan,
         'city_tiles_peak': nan,
         'max_cumulative_rewards': nan,
         'mean_cumulative_reward_magnitudes': nan,
         'mean_cumulative_rewards': nan,
         'research_points': nan,
         'separate_cities_final': nan,
         'separate_cities_peak': nan,
         'step': nan,
         'workers_final': nan,
         'workers_peak': nan},
 'Gradient': {'clipped': 1.0, 'norm_before_clip': 101.2850112915039},
 'Intent': {'accuracy': nan,
            'target_build': 0,
            'target_deliver': 0,
            'target_mine': 0,
            'target_return': 0},
 'Loss': {'baseline_loss': 0.2506827116012573,
          'behavior_kl_loss': 0.0,
          'entropy_loss': -0.03551531955599785,
          'intent_aux_loss': 0.0,
          'rule_aux_loss': 0.0,
          'teacher_baseline_loss': 0.0,
          'teacher_kl_loss': 0.0,
          'total_loss': 9.781218528747559,
          'upgo_pg_loss': 9.375986099243164,
          'vtrace_pg_loss': 0.19006499648094177},
 'Misc': {'actor_policy_tta_rot180': 1.0,
          'league_opponents': {'first_place': 1.0, 'selfplay': 0.0},
          'learning_rate': 4.7981984000000005e-05,
          'teacher_kl_cost': 0.0,
          'teacher_policy_tta_rot180': 1.0,
          'total_games_played': 119},
 'Normalized_Entropy': {'cart': 0.0,
                        'city_tile': 0.14590124785900116,
                        'overall': 0.26022019368210597,
                        'worker': 0.34606409072875977},
 'Teacher_KL_Divergence': {'cart': 0.0,
                           'city_tile': 0.0,
                           'overall': 0.0,
                           'worker': 0.0},
 'Value': {'bias': -1.3969838619232178e-09,
           'explained_variance': 0.9661151170730591,
           'support_outside_fraction': 0.0,
           'target_std': 0.48082196712493896}}[0m
[[36m2026-08-16 11:19:48,625[0m][[34mroot[0m][[32mINFO[0m] - Steps 41216 @ 76.7 SPS / 1.2 BPS. Stats:
{'Actions': {'cart': {'MOVE': nan, 'NO-OP': nan, 'TRANSFER': nan},
             'city_tile': {'BUILD_CART': nan,
                           'BUILD_WORKER': nan,
                           'NO-OP': nan,
                           'RESEARCH': nan},
             'worker': {'BUILD_CITY': nan,
                        'MOVE': nan,
                        'NO-OP': nan,
                        'PILLAGE': nan,
                        'TRANSFER': nan}},
 'Active_Entities': {'cart': 0, 'city_tile': 105, 'worker': 423},
 'Behavior_Policy': {'actor_version_max': 40960,
                     'actor_version_min': 40448,
                     'beta': 0.0,
                     'buffer_lag_max': 704,
                     'ema_kl': None,
                     'forward_kl': 0.049166541546583176,
                     'learner_version': 41152,
                     'log_rho_max': 1.5350780487060547,
                     'log_rho_mean': -0.23368114233016968,
                     'log_rho_p95': 0.38781723380088806,
                     'reverse_kl': 0.04163064807653427,
                     'target': None,
                     'vtrace_rho_clipped_fraction': 0.203125},
 'Entropy': {'cart': -0.0,
             'city_tile': 0.4087863266468048,
             'overall': 1.215587705373764,
             'worker': 0.8068013787269592},
 'Env': {'carts_final': nan,
         'carts_peak': nan,
         'city_tiles_final': nan,
         'city_tiles_peak': nan,
         'max_cumulative_rewards': nan,
         'mean_cumulative_reward_magnitudes': nan,
         'mean_cumulative_rewards': nan,
         'research_points': nan,
         'separate_cities_final': nan,
         'separate_cities_peak': nan,
         'step': nan,
         'workers_final': nan,
         'workers_peak': nan},
 'Gradient': {'clipped': 1.0, 'norm_before_clip': 50.95939254760742},
 'Intent': {'accuracy': nan,
            'target_build': 0,
            'target_deliver': 0,
            'target_mine': 0,
            'target_return': 0},
 'Loss': {'baseline_loss': 0.09862988442182541,
          'behavior_kl_loss': 0.0,
          'entropy_loss': -0.07683990150690079,
          'intent_aux_loss': 0.0,
          'rule_aux_loss': 0.0,
          'teacher_baseline_loss': 0.0,
          'teacher_kl_loss': 0.0,
          'total_loss': 1.2802807092666626,
          'upgo_pg_loss': 3.1862778663635254,
          'vtrace_pg_loss': -1.9277870655059814},
 'Misc': {'actor_policy_tta_rot180': 1.0,
          'league_opponents': {'first_place': 1.0, 'selfplay': 0.0},
          'learning_rate': 4.7962976e-05,
          'teacher_kl_cost': 0.0,
          'teacher_policy_tta_rot180': 1.0,
          'total_games_played': 120},
 'Normalized_Entropy': {'cart': 0.0,
                        'city_tile': 0.5442166328430176,
                        'overall': 0.5182148231701418,
                        'worker': 0.5117604732513428},
 'Teacher_KL_Divergence': {'cart': 0.0,
                           'city_tile': 0.0,
                           'overall': 0.0,
                           'worker': 0.0},
 'Value': {'bias': 1.6996636986732483e-08,
           'explained_variance': 0.9842187762260437,
           'support_outside_fraction': 0.0,
           'target_std': 0.44193515181541443}}[0m
[[36m2026-08-16 11:19:53,631[0m][[34mroot[0m][[32mINFO[0m] - Steps 41728 @ 102.3 SPS / 1.6 BPS. Stats:
{'Actions': {'cart': {'MOVE': nan, 'NO-OP': nan, 'TRANSFER': nan},
             'city_tile': {'BUILD_CART': nan,
                           'BUILD_WORKER': nan,
                           'NO-OP': nan,
                           'RESEARCH': nan},
             'worker': {'BUILD_CITY': nan,
                        'MOVE': nan,
                        'NO-OP': nan,
                        'PILLAGE': nan,
                        'TRANSFER': nan}},
 'Active_Entities': {'cart': 0, 'city_tile': 251, 'worker': 352},
 'Behavior_Policy': {'actor_version_max': 41472,
                     'actor_version_min': 40960,
                     'beta': 0.0,
                     'buffer_lag_max': 704,
                     'ema_kl': None,
                     'forward_kl': 0.013718249276280403,
                     'learner_version': 41664,
                     'log_rho_max': 1.1874282360076904,
                     'log_rho_mean': -0.05390053242444992,
                     'log_rho_p95': 0.5543155074119568,
                     'reverse_kl': 0.014225656166672707,
                     'target': None,
                     'vtrace_rho_clipped_fraction': 0.2109375},
 'Entropy': {'cart': -0.0,
             'city_tile': 0.12578284740447998,
             'overall': 0.7598585486412048,
             'worker': 0.6340757012367249},
 'Env': {'carts_final': nan,
         'carts_peak': nan,
         'city_tiles_final': nan,
         'city_tiles_peak': nan,
         'max_cumulative_rewards': nan,
         'mean_cumulative_reward_magnitudes': nan,
         'mean_cumulative_rewards': nan,
         'research_points': nan,
         'separate_cities_final': nan,
         'separate_cities_peak': nan,
         'step': nan,
         'workers_final': nan,
         'workers_peak': nan},
 'Gradient': {'clipped': 1.0, 'norm_before_clip': 47.71160888671875},
 'Intent': {'accuracy': nan,
            'target_build': 0,
            'target_deliver': 0,
            'target_mine': 0,
            'target_return': 0},
 'Loss': {'baseline_loss': 0.09416098892688751,
          'behavior_kl_loss': 0.0,
          'entropy_loss': -0.050953224301338196,
          'intent_aux_loss': 0.0,
          'rule_aux_loss': 0.0,
          'teacher_baseline_loss': 0.0,
          'teacher_kl_loss': 0.0,
          'total_loss': 0.7531419992446899,
          'upgo_pg_loss': 3.5420665740966797,
          'vtrace_pg_loss': -2.832132339477539},
 'Misc': {'actor_policy_tta_rot180': 1.0,
          'league_opponents': {'first_place': 1.0, 'selfplay': 0.0},
          'learning_rate': 4.793763200000001e-05,
          'teacher_kl_cost': 0.0,
          'teacher_policy_tta_rot180': 1.0,
          'total_games_played': 126},
 'Normalized_Entropy': {'cart': 0.0,
                        'city_tile': 0.12540289759635925,
                        'overall': 0.2879791602269927,
                        'worker': 0.4039071202278137},
 'Teacher_KL_Divergence': {'cart': 0.0,
                           'city_tile': 0.0,
                           'overall': 0.0,
                           'worker': 0.0},
 'Value': {'bias': -3.026798367500305e-09,
           'explained_variance': 0.9900875687599182,
           'support_outside_fraction': 0.0,
           'target_std': 0.5448419451713562}}[0m
[[36m2026-08-16 11:19:58,636[0m][[34mroot[0m][[32mINFO[0m] - Steps 42240 @ 102.3 SPS / 1.6 BPS. Stats:
{'Actions': {'cart': {'MOVE': 0.5275590551181102,
                      'NO-OP': 0.4645669291338583,
                      'TRANSFER': 0.007874015748031496},
             'city_tile': {'BUILD_CART': 0.0007580543272267846,
                           'BUILD_WORKER': 0.010739102969046115,
                           'NO-OP': 0.9500947567909034,
                           'RESEARCH': 0.038408085912823756},
             'worker': {'BUILD_CITY': 0.014497528830313015,
                        'MOVE': 0.4942339373970346,
                        'NO-OP': 0.46968698517298185,
                        'PILLAGE': 0.0013179571663920922,
                        'TRANSFER': 0.020263591433278418}},
 'Active_Entities': {'cart': 0, 'city_tile': 224, 'worker': 257},
 'Behavior_Policy': {'actor_version_max': 41984,
                     'actor_version_min': 41472,
                     'beta': 0.0,
                     'buffer_lag_max': 704,
                     'ema_kl': None,
                     'forward_kl': 0.015039508230984211,
                     'learner_version': 42176,
                     'log_rho_max': 0.8935761451721191,
                     'log_rho_mean': -0.02978839911520481,
                     'log_rho_p95': 0.42217209935188293,
                     'reverse_kl': 0.01456957496702671,
                     'target': None,
                     'vtrace_rho_clipped_fraction': 0.265625},
 'Entropy': {'cart': -0.0,
             'city_tile': 0.13275665044784546,
             'overall': 1.0078915357589722,
             'worker': 0.8751348853111267},
 'Env': {'carts_final': 0.0,
         'carts_peak': 1.0,
         'city_tiles_final': 22.5,
         'city_tiles_peak': 29.0,
         'max_cumulative_rewards': 1.0,
         'mean_cumulative_reward_magnitudes': 1.0,
         'mean_cumulative_rewards': 0.0,
         'research_points': 152.0,
         'separate_cities_final': 1.5,
         'separate_cities_peak': 6.0,
         'step': 280.0,
         'workers_final': 10.0,
         'workers_peak': 19.0},
 'Gradient': {'clipped': 1.0, 'norm_before_clip': 86.24085998535156},
 'Intent': {'accuracy': nan,
            'target_build': 0,
            'target_deliver': 0,
            'target_mine': 0,
            'target_return': 0},
 'Loss': {'baseline_loss': 0.3994099795818329,
          'behavior_kl_loss': 0.0,
          'entropy_loss': -0.05092943459749222,
          'intent_aux_loss': 0.0,
          'rule_aux_loss': 0.0,
          'teacher_baseline_loss': 0.0,
          'teacher_kl_loss': 0.0,
          'total_loss': 2.856597661972046,
          'upgo_pg_loss': 5.894473552703857,
          'vtrace_pg_loss': -3.3863563537597656},
 'Misc': {'actor_policy_tta_rot180': 1.0,
          'league_opponents': {'first_place': 1.0, 'selfplay': 0.0},
          'learning_rate': 4.7912288000000006e-05,
          'teacher_kl_cost': 0.0,
          'teacher_policy_tta_rot180': 1.0,
          'total_games_played': 127},
 'Normalized_Entropy': {'cart': 0.0,
                        'city_tile': 0.1319972723722458,
                        'overall': 0.36064968845204853,
                        'worker': 0.5599420666694641},
 'Teacher_KL_Divergence': {'cart': 0.0,
                           'city_tile': 0.0,
                           'overall': 0.0,
                           'worker': 0.0},
 'Value': {'bias': -4.190951585769653e-09,
           'explained_variance': 0.9609526991844177,
           'support_outside_fraction': 0.0,
           'target_std': 0.5653780102729797}}[0m
[[36m2026-08-16 11:20:03,641[0m][[34mroot[0m][[32mINFO[0m] - Steps 42496 @ 51.2 SPS / 0.8 BPS. Stats:
{'Actions': {'cart': {'MOVE': nan, 'NO-OP': nan, 'TRANSFER': nan},
             'city_tile': {'BUILD_CART': 0.0,
                           'BUILD_WORKER': 0.0324773413897281,
                           'NO-OP': 0.9373111782477341,
                           'RESEARCH': 0.030211480362537766},
             'worker': {'BUILD_CITY': 0.02952029520295203,
                        'MOVE': 0.5461254612546126,
                        'NO-OP': 0.411070110701107,
                        'PILLAGE': 0.0,
                        'TRANSFER': 0.013284132841328414}},
 'Active_Entities': {'cart': 0, 'city_tile': 87, 'worker': 479},
 'Behavior_Policy': {'actor_version_max': 42240,
                     'actor_version_min': 41728,
                     'beta': 0.0,
                     'buffer_lag_max': 704,
                     'ema_kl': None,
                     'forward_kl': 0.03592439740896225,
                     'learner_version': 42432,
                     'log_rho_max': 1.4649810791015625,
                     'log_rho_mean': -0.1566106081008911,
                     'log_rho_p95': 0.5410013794898987,
                     'reverse_kl': 0.03468289598822594,
                     'target': None,
                     'vtrace_rho_clipped_fraction': 0.2578125},
 'Entropy': {'cart': -0.0,
             'city_tile': 0.32087260484695435,
             'overall': 0.7675112783908844,
             'worker': 0.44663867354393005},
 'Env': {'carts_final': 0.0,
         'carts_peak': 0.0,
         'city_tiles_final': 3.0,
         'city_tiles_peak': 14.0,
         'max_cumulative_rewards': 1.0,
         'mean_cumulative_reward_magnitudes': 1.0,
         'mean_cumulative_rewards': 0.0,
         'research_points': 20.0,
         'separate_cities_final': 0.5,
         'separate_cities_peak': 4.5,
         'step': 120.0,
         'workers_final': 10.0,
         'workers_peak': 13.0},
 'Gradient': {'clipped': 1.0, 'norm_before_clip': 44.461910247802734},
 'Intent': {'accuracy': nan,
            'target_build': 0,
            'target_deliver': 0,
            'target_mine': 0,
            'target_return': 0},
 'Loss': {'baseline_loss': 0.28193530440330505,
          'behavior_kl_loss': 0.0,
          'entropy_loss': -0.04837116599082947,
          'intent_aux_loss': 0.0,
          'rule_aux_loss': 0.0,
          'teacher_baseline_loss': 0.0,
          'teacher_kl_loss': 0.0,
          'total_loss': -1.0450975894927979,
          'upgo_pg_loss': 3.0592517852783203,
          'vtrace_pg_loss': -4.337913513183594},
 'Misc': {'actor_policy_tta_rot180': 1.0,
          'league_opponents': {'first_place': 0.75, 'selfplay': 0.25},
          'learning_rate': 4.7899616e-05,
          'teacher_kl_cost': 0.0,
          'teacher_policy_tta_rot180': 1.0,
          'total_games_played': 130},
 'Normalized_Entropy': {'cart': 0.0,
                        'city_tile': 0.30525320768356323,
                        'overall': 0.28198520507492364,
                        'worker': 0.2777590751647949},
 'Teacher_KL_Divergence': {'cart': 0.0,
                           'city_tile': 0.0,
                           'overall': 0.0,
                           'worker': 0.0},
 'Value': {'bias': -1.3387762010097504e-09,
           'explained_variance': 0.9585734605789185,
           'support_outside_fraction': 0.0,
           'target_std': 0.45763853192329407}}[0m
[[36m2026-08-16 11:20:08,646[0m][[34mroot[0m][[32mINFO[0m] - Steps 43008 @ 102.3 SPS / 1.6 BPS. Stats:
{'Actions': {'cart': {'MOVE': nan, 'NO-OP': nan, 'TRANSFER': nan},
             'city_tile': {'BUILD_CART': nan,
                           'BUILD_WORKER': nan,
                           'NO-OP': nan,
                           'RESEARCH': nan},
             'worker': {'BUILD_CITY': nan,
                        'MOVE': nan,
                        'NO-OP': nan,
                        'PILLAGE': nan,
                        'TRANSFER': nan}},
 'Active_Entities': {'cart': 0, 'city_tile': 140, 'worker': 599},
 'Behavior_Policy': {'actor_version_max': 42752,
                     'actor_version_min': 42240,
                     'beta': 0.0,
                     'buffer_lag_max': 704,
                     'ema_kl': None,
                     'forward_kl': 0.031394362449645996,
                     'learner_version': 42944,
                     'log_rho_max': 1.6243176460266113,
                     'log_rho_mean': -0.17190557718276978,
                     'log_rho_p95': 0.4175632894039154,
                     'reverse_kl': 0.031598277390003204,
                     'target': None,
                     'vtrace_rho_clipped_fraction': 0.265625},
 'Entropy': {'cart': -0.0,
             'city_tile': 0.20695774257183075,
             'overall': 0.7235253304243088,
             'worker': 0.516567587852478},
 'Env': {'carts_final': nan,
         'carts_peak': nan,
         'city_tiles_final': nan,
         'city_tiles_peak': nan,
         'max_cumulative_rewards': nan,
         'mean_cumulative_reward_magnitudes': nan,
         'mean_cumulative_rewards': nan,
         'research_points': nan,
         'separate_cities_final': nan,
         'separate_cities_peak': nan,
         'step': nan,
         'workers_final': nan,
         'workers_peak': nan},
 'Gradient': {'clipped': 1.0, 'norm_before_clip': 73.05474090576172},
 'Intent': {'accuracy': nan,
            'target_build': 0,
            'target_deliver': 0,
            'target_mine': 0,
            'target_return': 0},
 'Loss': {'baseline_loss': 0.14779643714427948,
          'behavior_kl_loss': 0.0,
          'entropy_loss': -0.06767961382865906,
          'intent_aux_loss': 0.0,
          'rule_aux_loss': 0.0,
          'teacher_baseline_loss': 0.0,
          'teacher_kl_loss': 0.0,
          'total_loss': -0.2994498610496521,
          'upgo_pg_loss': 3.771949291229248,
          'vtrace_pg_loss': -4.151515960693359},
 'Misc': {'actor_policy_tta_rot180': 1.0,
          'league_opponents': {'first_place': 0.75, 'selfplay': 0.25},
          'learning_rate': 4.7874272e-05,
          'teacher_kl_cost': 0.0,
          'teacher_policy_tta_rot180': 1.0,
          'total_games_played': 131},
 'Normalized_Entropy': {'cart': 0.0,
                        'city_tile': 0.1979137361049652,
                        'overall': 0.31085205674978006,
                        'worker': 0.3372483253479004},
 'Teacher_KL_Divergence': {'cart': 0.0,
                           'city_tile': 0.0,
                           'overall': 0.0,
                           'worker': 0.0},
 'Value': {'bias': 3.6670826375484467e-09,
           'explained_variance': 0.9776352047920227,
           'support_outside_fraction': 0.0,
           'target_std': 0.43246451020240784}}[0m
[[36m2026-08-16 11:20:13,651[0m][[34mroot[0m][[32mINFO[0m] - Steps 43328 @ 63.9 SPS / 1.0 BPS. Stats:
{'Actions': {'cart': {'MOVE': nan, 'NO-OP': nan, 'TRANSFER': nan},
             'city_tile': {'BUILD_CART': nan,
                           'BUILD_WORKER': nan,
                           'NO-OP': nan,
                           'RESEARCH': nan},
             'worker': {'BUILD_CITY': nan,
                        'MOVE': nan,
                        'NO-OP': nan,
                        'PILLAGE': nan,
                        'TRANSFER': nan}},
 'Active_Entities': {'cart': 17, 'city_tile': 231, 'worker': 575},
 'Behavior_Policy': {'actor_version_max': 43264,
                     'actor_version_min': 42752,
                     'beta': 0.0,
                     'buffer_lag_max': 512,
                     'ema_kl': None,
                     'forward_kl': 0.012501206248998642,
                     'learner_version': 43264,
                     'log_rho_max': 1.0148110389709473,
                     'log_rho_mean': -0.2516101598739624,
                     'log_rho_p95': 0.3689928352832794,
                     'reverse_kl': 0.012460276484489441,
                     'target': None,
                     'vtrace_rho_clipped_fraction': 0.3359375},
 'Entropy': {'cart': 1.334350824356079,
             'city_tile': 0.3505960702896118,
             'overall': 2.383206605911255,
             'worker': 0.698259711265564},
 'Env': {'carts_final': nan,
         'carts_peak': nan,
         'city_tiles_final': nan,
         'city_tiles_peak': nan,
         'max_cumulative_rewards': nan,
         'mean_cumulative_reward_magnitudes': nan,
         'mean_cumulative_rewards': nan,
         'research_points': nan,
         'separate_cities_final': nan,
         'separate_cities_peak': nan,
         'step': nan,
         'workers_final': nan,
         'workers_peak': nan},
 'Gradient': {'clipped': 1.0, 'norm_before_clip': 69.0392074584961},
 'Intent': {'accuracy': nan,
            'target_build': 0,
            'target_deliver': 0,
            'target_mine': 0,
            'target_return': 0},
 'Loss': {'baseline_loss': 0.09737464785575867,
          'behavior_kl_loss': 0.0,
          'entropy_loss': -0.10103420168161392,
          'intent_aux_loss': 0.0,
          'rule_aux_loss': 0.0,
          'teacher_baseline_loss': 0.0,
          'teacher_kl_loss': 0.0,
          'total_loss': 8.087761878967285,
          'upgo_pg_loss': 6.858331680297852,
          'vtrace_pg_loss': 1.2330899238586426},
 'Misc': {'actor_policy_tta_rot180': 1.0,
          'league_opponents': {'first_place': 0.5, 'selfplay': 0.5},
          'learning_rate': 4.7858432e-05,
          'teacher_kl_cost': 0.0,
          'teacher_policy_tta_rot180': 1.0,
          'total_games_played': 131},
 'Normalized_Entropy': {'cart': 0.8793293237686157,
                        'city_tile': 0.4041948914527893,
                        'overall': 0.4546952199457917,
                        'worker': 0.4624287784099579},
 'Teacher_KL_Divergence': {'cart': 0.0,
                           'city_tile': 0.0,
                           'overall': 0.0,
                           'worker': 0.0},
 'Value': {'bias': -3.688910510390997e-09,
           'explained_variance': 0.9775665402412415,
           'support_outside_fraction': 0.0,
           'target_std': 0.35802212357521057}}[0m
[[36m2026-08-16 11:20:18,652[0m][[34mroot[0m][[32mINFO[0m] - Steps 43776 @ 89.6 SPS / 1.4 BPS. Stats:
{'Actions': {'cart': {'MOVE': nan, 'NO-OP': nan, 'TRANSFER': nan},
             'city_tile': {'BUILD_CART': nan,
                           'BUILD_WORKER': nan,
                           'NO-OP': nan,
                           'RESEARCH': nan},
             'worker': {'BUILD_CITY': nan,
                        'MOVE': nan,
                        'NO-OP': nan,
                        'PILLAGE': nan,
                        'TRANSFER': nan}},
 'Active_Entities': {'cart': 0, 'city_tile': 297, 'worker': 350},
 'Behavior_Policy': {'actor_version_max': 43520,
                     'actor_version_min': 43008,
                     'beta': 0.0,
                     'buffer_lag_max': 704,
                     'ema_kl': None,
                     'forward_kl': 0.028631877154111862,
                     'learner_version': 43712,
                     'log_rho_max': 1.4142454862594604,
                     'log_rho_mean': -0.2765946388244629,
                     'log_rho_p95': 0.3711426556110382,
                     'reverse_kl': 0.024379558861255646,
                     'target': None,
                     'vtrace_rho_clipped_fraction': 0.1953125},
 'Entropy': {'cart': -0.0,
             'city_tile': 0.04258885234594345,
             'overall': 0.74875058978796,
             'worker': 0.7061617374420166},
 'Env': {'carts_final': nan,
         'carts_peak': nan,
         'city_tiles_final': nan,
         'city_tiles_peak': nan,
         'max_cumulative_rewards': nan,
         'mean_cumulative_reward_magnitudes': nan,
         'mean_cumulative_rewards': nan,
         'research_points': nan,
         'separate_cities_final': nan,
         'separate_cities_peak': nan,
         'step': nan,
         'workers_final': nan,
         'workers_peak': nan},
 'Gradient': {'clipped': 1.0, 'norm_before_clip': 48.844669342041016},
 'Intent': {'accuracy': nan,
            'target_build': 0,
            'target_deliver': 0,
            'target_mine': 0,
            'target_return': 0},
 'Loss': {'baseline_loss': 0.5184237957000732,
          'behavior_kl_loss': 0.0,
          'entropy_loss': -0.05196110159158707,
          'intent_aux_loss': 0.0,
          'rule_aux_loss': 0.0,
          'teacher_baseline_loss': 0.0,
          'teacher_kl_loss': 0.0,
          'total_loss': 4.827152252197266,
          'upgo_pg_loss': 3.33145809173584,
          'vtrace_pg_loss': 1.0292308330535889},
 'Misc': {'actor_policy_tta_rot180': 1.0,
          'league_opponents': {'first_place': 1.0, 'selfplay': 0.0},
          'learning_rate': 4.7836256e-05,
          'teacher_kl_cost': 0.0,
          'teacher_policy_tta_rot180': 1.0,
          'total_games_played': 132},
 'Normalized_Entropy': {'cart': 0.0,
                        'city_tile': 0.045996058732271194,
                        'overall': 0.26011679201189664,
                        'worker': 0.44181352853775024},
 'Teacher_KL_Divergence': {'cart': 0.0,
                           'city_tile': 0.0,
                           'overall': 0.0,
                           'worker': 0.0},
 'Value': {'bias': 3.725290298461914e-09,
           'explained_variance': 0.9337965250015259,
           'support_outside_fraction': 0.0,
           'target_std': 0.494683176279068}}[0m
[[36m2026-08-16 11:20:23,658[0m][[34mroot[0m][[32mINFO[0m] - Steps 44288 @ 102.3 SPS / 1.6 BPS. Stats:
{'Actions': {'cart': {'MOVE': 0.5391705069124424,
                      'NO-OP': 0.4470046082949309,
                      'TRANSFER': 0.013824884792626729},
             'city_tile': {'BUILD_CART': 0.00038264957498565066,
                           'BUILD_WORKER': 0.009620903599639217,
                           'NO-OP': 0.9698253478011315,
                           'RESEARCH': 0.020171099024243584},
             'worker': {'BUILD_CITY': 0.033393501805054154,
                        'MOVE': 0.36161251504211794,
                        'NO-OP': 0.5763280041258381,
                        'PILLAGE': 0.0008595495960116899,
                        'TRANSFER': 0.027806429430978167}},
 'Active_Entities': {'cart': 0, 'city_tile': 255, 'worker': 361},
 'Behavior_Policy': {'actor_version_max': 44032,
                     'actor_version_min': 43520,
                     'beta': 0.0,
                     'buffer_lag_max': 704,
                     'ema_kl': None,
                     'forward_kl': 0.02190230041742325,
                     'learner_version': 44224,
                     'log_rho_max': 0.6932268142700195,
                     'log_rho_mean': -0.19788101315498352,
                     'log_rho_p95': 0.1458718627691269,
                     'reverse_kl': 0.018264587968587875,
                     'target': None,
                     'vtrace_rho_clipped_fraction': 0.1484375},
 'Entropy': {'cart': -0.0,
             'city_tile': 0.11561184376478195,
             'overall': 0.6261869594454765,
             'worker': 0.5105751156806946},
 'Env': {'carts_final': 0.0,
         'carts_peak': 0.8333333730697632,
         'city_tiles_final': 26.0,
         'city_tiles_peak': 57.0,
         'max_cumulative_rewards': 1.0,
         'mean_cumulative_reward_magnitudes': 1.0,
         'mean_cumulative_rewards': 0.0,
         'research_points': 123.0,
         'separate_cities_final': 2.3333334922790527,
         'separate_cities_peak': 13.5,
         'step': 292.66668701171875,
         'workers_final': 16.83333396911621,
         'workers_peak': 27.33333396911621},
 'Gradient': {'clipped': 1.0, 'norm_before_clip': 160.86346435546875},
 'Intent': {'accuracy': nan,
            'target_build': 0,
            'target_deliver': 0,
            'target_mine': 0,
            'target_return': 0},
 'Loss': {'baseline_loss': 1.8702943325042725,
          'behavior_kl_loss': 0.0,
          'entropy_loss': -0.0427597276866436,
          'intent_aux_loss': 0.0,
          'rule_aux_loss': 0.0,
          'teacher_baseline_loss': 0.0,
          'teacher_kl_loss': 0.0,
          'total_loss': -22.67630958557129,
          'upgo_pg_loss': -5.937129020690918,
          'vtrace_pg_loss': -18.566715240478516},
 'Misc': {'actor_policy_tta_rot180': 1.0,
          'league_opponents': {'first_place': 0.953125, 'selfplay': 0.046875},
          'learning_rate': 4.7810912e-05,
          'teacher_kl_cost': 0.0,
          'teacher_policy_tta_rot180': 1.0,
          'total_games_played': 137},
 'Normalized_Entropy': {'cart': 0.0,
                        'city_tile': 0.1086595207452774,
                        'overall': 0.23056948588943327,
                        'worker': 0.31668317317962646},
 'Teacher_KL_Divergence': {'cart': 0.0,
                           'city_tile': 0.0,
                           'overall': 0.0,
                           'worker': 0.0},
 'Value': {'bias': -1.4901161193847656e-08,
           'explained_variance': 0.833937406539917,
           'support_outside_fraction': 0.0,
           'target_std': 0.5932399034500122}}[0m
[[36m2026-08-16 11:20:28,663[0m][[34mroot[0m][[32mINFO[0m] - Steps 44800 @ 102.3 SPS / 1.6 BPS. Stats:
{'Actions': {'cart': {'MOVE': nan, 'NO-OP': nan, 'TRANSFER': nan},
             'city_tile': {'BUILD_CART': nan,
                           'BUILD_WORKER': nan,
                           'NO-OP': nan,
                           'RESEARCH': nan},
             'worker': {'BUILD_CITY': nan,
                        'MOVE': nan,
                        'NO-OP': nan,
                        'PILLAGE': nan,
                        'TRANSFER': nan}},
 'Active_Entities': {'cart': 0, 'city_tile': 79, 'worker': 324},
 'Behavior_Policy': {'actor_version_max': 44544,
                     'actor_version_min': 44032,
                     'beta': 0.0,
                     'buffer_lag_max': 704,
                     'ema_kl': None,
                     'forward_kl': 0.06332910805940628,
                     'learner_version': 44736,
                     'log_rho_max': 1.272948980331421,
                     'log_rho_mean': -0.28867629170417786,
                     'log_rho_p95': 0.3179877996444702,
                     'reverse_kl': 0.05811239406466484,
                     'target': None,
                     'vtrace_rho_clipped_fraction': 0.1953125},
 'Entropy': {'cart': -0.0,
             'city_tile': 0.3185776174068451,
             'overall': 1.1291865408420563,
             'worker': 0.8106089234352112},
 'Env': {'carts_final': nan,
         'carts_peak': nan,
         'city_tiles_final': nan,
         'city_tiles_peak': nan,
         'max_cumulative_rewards': nan,
         'mean_cumulative_reward_magnitudes': nan,
         'mean_cumulative_rewards': nan,
         'research_points': nan,
         'separate_cities_final': nan,
         'separate_cities_peak': nan,
         'step': nan,
         'workers_final': nan,
         'workers_peak': nan},
 'Gradient': {'clipped': 1.0, 'norm_before_clip': 32.61481857299805},
 'Intent': {'accuracy': nan,
            'target_build': 0,
            'target_deliver': 0,
            'target_mine': 0,
            'target_return': 0},
 'Loss': {'baseline_loss': 0.2688593566417694,
          'behavior_kl_loss': 0.0,
          'entropy_loss': -0.057560984045267105,
          'intent_aux_loss': 0.0,
          'rule_aux_loss': 0.0,
          'teacher_baseline_loss': 0.0,
          'teacher_kl_loss': 0.0,
          'total_loss': -2.498441457748413,
          'upgo_pg_loss': -0.3193506598472595,
          'vtrace_pg_loss': -2.3903892040252686},
 'Misc': {'actor_policy_tta_rot180': 1.0,
          'league_opponents': {'first_place': 0.75, 'selfplay': 0.25},
          'learning_rate': 4.7785568000000005e-05,
          'teacher_kl_cost': 0.0,
          'teacher_policy_tta_rot180': 1.0,
          'total_games_played': 141},
 'Normalized_Entropy': {'cart': 0.0,
                        'city_tile': 0.42265477776527405,
                        'overall': 0.4935549863662672,
                        'worker': 0.5108423829078674},
 'Teacher_KL_Divergence': {'cart': 0.0,
                           'city_tile': 0.0,
                           'overall': 0.0,
                           'worker': 0.0},
 'Value': {'bias': 4.423782229423523e-09,
           'explained_variance': 0.9158561825752258,
           'support_outside_fraction': 0.0,
           'target_std': 0.31527718901634216}}[0m
[[36m2026-08-16 11:20:33,668[0m][[34mroot[0m][[32mINFO[0m] - Steps 45184 @ 76.7 SPS / 1.2 BPS. Stats:
{'Actions': {'cart': {'MOVE': nan, 'NO-OP': nan, 'TRANSFER': nan},
             'city_tile': {'BUILD_CART': nan,
                           'BUILD_WORKER': nan,
                           'NO-OP': nan,
                           'RESEARCH': nan},
             'worker': {'BUILD_CITY': nan,
                        'MOVE': nan,
                        'NO-OP': nan,
                        'PILLAGE': nan,
                        'TRANSFER': nan}},
 'Active_Entities': {'cart': 0, 'city_tile': 75, 'worker': 380},
 'Behavior_Policy': {'actor_version_max': 45056,
                     'actor_version_min': 44544,
                     'beta': 0.0,
                     'buffer_lag_max': 576,
                     'ema_kl': None,
                     'forward_kl': 0.065227210521698,
                     'learner_version': 45120,
                     'log_rho_max': 2.8381595611572266,
                     'log_rho_mean': -0.14794403314590454,
                     'log_rho_p95': 0.4104134142398834,
                     'reverse_kl': 0.06437704712152481,
                     'target': None,
                     'vtrace_rho_clipped_fraction': 0.3359375},
 'Entropy': {'cart': -0.0,
             'city_tile': 0.286887526512146,
             'overall': 0.9718915224075317,
             'worker': 0.6850039958953857},
 'Env': {'carts_final': nan,
         'carts_peak': nan,
         'city_tiles_final': nan,
         'city_tiles_peak': nan,
         'max_cumulative_rewards': nan,
         'mean_cumulative_reward_magnitudes': nan,
         'mean_cumulative_rewards': nan,
         'research_points': nan,
         'separate_cities_final': nan,
         'separate_cities_peak': nan,
         'step': nan,
         'workers_final': nan,
         'workers_peak': nan},
 'Gradient': {'clipped': 1.0, 'norm_before_clip': 33.41991424560547},
 'Intent': {'accuracy': nan,
            'target_build': 0,
            'target_deliver': 0,
            'target_mine': 0,
            'target_return': 0},
 'Loss': {'baseline_loss': 0.07617131620645523,
          'behavior_kl_loss': 0.0,
          'entropy_loss': -0.056363608688116074,
          'intent_aux_loss': 0.0,
          'rule_aux_loss': 0.0,
          'teacher_baseline_loss': 0.0,
          'teacher_kl_loss': 0.0,
          'total_loss': 1.217464566230774,
          'upgo_pg_loss': 2.780482292175293,
          'vtrace_pg_loss': -1.5828254222869873},
 'Misc': {'actor_policy_tta_rot180': 1.0,
          'league_opponents': {'first_place': 0.75, 'selfplay': 0.25},
          'learning_rate': 4.776656e-05,
          'teacher_kl_cost': 0.0,
          'teacher_policy_tta_rot180': 1.0,
          'total_games_played': 143},
 'Normalized_Entropy': {'cart': 0.0,
                        'city_tile': 0.2883338928222656,
                        'overall': 0.40082746023660176,
                        'worker': 0.42303013801574707},
 'Teacher_KL_Divergence': {'cart': 0.0,
                           'city_tile': 0.0,
                           'overall': 0.0,
                           'worker': 0.0},
 'Value': {'bias': -8.614733815193176e-09,
           'explained_variance': 0.9845499396324158,
           'support_outside_fraction': 0.0,
           'target_std': 0.3856178820133209}}[0m
[[36m2026-08-16 11:20:38,673[0m][[34mroot[0m][[32mINFO[0m] - Steps 45568 @ 76.7 SPS / 1.2 BPS. Stats:
{'Actions': {'cart': {'MOVE': nan, 'NO-OP': nan, 'TRANSFER': nan},
             'city_tile': {'BUILD_CART': nan,
                           'BUILD_WORKER': nan,
                           'NO-OP': nan,
                           'RESEARCH': nan},
             'worker': {'BUILD_CITY': nan,
                        'MOVE': nan,
                        'NO-OP': nan,
                        'PILLAGE': nan,
                        'TRANSFER': nan}},
 'Active_Entities': {'cart': 25, 'city_tile': 153, 'worker': 736},
 'Behavior_Policy': {'actor_version_max': 45312,
                     'actor_version_min': 44800,
                     'beta': 0.0,
                     'buffer_lag_max': 704,
                     'ema_kl': None,
                     'forward_kl': 0.03827023133635521,
                     'learner_version': 45504,
                     'log_rho_max': 1.6967754364013672,
                     'log_rho_mean': -0.19571346044540405,
                     'log_rho_p95': 0.8992791175842285,
                     'reverse_kl': 0.037262123078107834,
                     'target': None,
                     'vtrace_rho_clipped_fraction': 0.234375},
 'Entropy': {'cart': 1.2790288925170898,
             'city_tile': 0.4790642559528351,
             'overall': 2.57441845536232,
             'worker': 0.816325306892395},
 'Env': {'carts_final': nan,
         'carts_peak': nan,
         'city_tiles_final': nan,
         'city_tiles_peak': nan,
         'max_cumulative_rewards': nan,
         'mean_cumulative_reward_magnitudes': nan,
         'mean_cumulative_rewards': nan,
         'research_points': nan,
         'separate_cities_final': nan,
         'separate_cities_peak': nan,
         'step': nan,
         'workers_final': nan,
         'workers_peak': nan},
 'Gradient': {'clipped': 1.0, 'norm_before_clip': 46.95839309692383},
 'Intent': {'accuracy': nan,
            'target_build': 0,
            'target_deliver': 0,
            'target_mine': 0,
            'target_return': 0},
 'Loss': {'baseline_loss': 0.047471024096012115,
          'behavior_kl_loss': 0.0,
          'entropy_loss': -0.14121758937835693,
          'intent_aux_loss': 0.0,
          'rule_aux_loss': 0.0,
          'teacher_baseline_loss': 0.0,
          'teacher_kl_loss': 0.0,
          'total_loss': 13.309017181396484,
          'upgo_pg_loss': 10.674528121948242,
          'vtrace_pg_loss': 2.7282357215881348},
 'Misc': {'actor_policy_tta_rot180': 1.0,
          'league_opponents': {'first_place': 0.75, 'selfplay': 0.25},
          'learning_rate': 4.7747552e-05,
          'teacher_kl_cost': 0.0,
          'teacher_policy_tta_rot180': 1.0,
          'total_games_played': 143},
 'Normalized_Entropy': {'cart': 0.8279430866241455,
                        'city_tile': 0.3908478021621704,
                        'overall': 0.5037774120170125,
                        'worker': 0.5162422060966492},
 'Teacher_KL_Divergence': {'cart': 0.0,
                           'city_tile': 0.0,
                           'overall': 0.0,
                           'worker': 0.0},
 'Value': {'bias': 1.1059455573558807e-08,
           'explained_variance': 0.9941111207008362,
           'support_outside_fraction': 0.0,
           'target_std': 0.42954927682876587}}[0m
[[36m2026-08-16 11:20:43,679[0m][[34mroot[0m][[32mINFO[0m] - Steps 46080 @ 102.3 SPS / 1.6 BPS. Stats:
{'Actions': {'cart': {'MOVE': 0.56, 'NO-OP': 0.44, 'TRANSFER': 0.0},
             'city_tile': {'BUILD_CART': 0.0018501387604070306,
                           'BUILD_WORKER': 0.060129509713228495,
                           'NO-OP': 0.788159111933395,
                           'RESEARCH': 0.1498612395929695},
             'worker': {'BUILD_CITY': 0.025709694697375468,
                        'MOVE': 0.47937868237814674,
                        'NO-OP': 0.450990894483128,
                        'PILLAGE': 0.0,
                        'TRANSFER': 0.04392072844134976}},
 'Active_Entities': {'cart': 26, 'city_tile': 210, 'worker': 831},
 'Behavior_Policy': {'actor_version_max': 45824,
                     'actor_version_min': 45312,
                     'beta': 0.0,
                     'buffer_lag_max': 704,
                     'ema_kl': None,
                     'forward_kl': 0.016801023855805397,
                     'learner_version': 46016,
                     'log_rho_max': 1.2953472137451172,
                     'log_rho_mean': -0.20442765951156616,
                     'log_rho_p95': 0.4526931643486023,
                     'reverse_kl': 0.016132686287164688,
                     'target': None,
                     'vtrace_rho_clipped_fraction': 0.1875},
 'Entropy': {'cart': 1.3724581003189087,
             'city_tile': 0.45196533203125,
             'overall': 2.38365238904953,
             'worker': 0.5592289566993713},
 'Env': {'carts_final': 0.0,
         'carts_peak': 0.5,
         'city_tiles_final': 10.0,
         'city_tiles_peak': 20.5,
         'max_cumulative_rewards': 1.0,
         'mean_cumulative_reward_magnitudes': 1.0,
         'mean_cumulative_rewards': 0.0,
         'research_points': 81.0,
         'separate_cities_final': 1.0,
         'separate_cities_peak': 6.0,
         'step': 118.0,
         'workers_final': 9.5,
         'workers_peak': 18.0},
 'Gradient': {'clipped': 1.0, 'norm_before_clip': 50.56211471557617},
 'Intent': {'accuracy': nan,
            'target_build': 0,
            'target_deliver': 0,
            'target_mine': 0,
            'target_return': 0},
 'Loss': {'baseline_loss': 0.40364497900009155,
          'behavior_kl_loss': 0.0,
          'entropy_loss': -0.11906318366527557,
          'intent_aux_loss': 0.0,
          'rule_aux_loss': 0.0,
          'teacher_baseline_loss': 0.0,
          'teacher_kl_loss': 0.0,
          'total_loss': 10.673595428466797,
          'upgo_pg_loss': 15.855081558227539,
          'vtrace_pg_loss': -5.466067314147949},
 'Misc': {'actor_policy_tta_rot180': 1.0,
          'league_opponents': {'first_place': 0.75, 'selfplay': 0.25},
          'learning_rate': 4.7722208000000004e-05,
          'teacher_kl_cost': 0.0,
          'teacher_policy_tta_rot180': 1.0,
          'total_games_played': 144},
 'Normalized_Entropy': {'cart': 0.8815015554428101,
                        'city_tile': 0.41891443729400635,
                        'overall': 0.3742603977484019,
                        'worker': 0.34710562229156494},
 'Teacher_KL_Divergence': {'cart': 0.0,
                           'city_tile': 0.0,
                           'overall': 0.0,
                           'worker': 0.0},
 'Value': {'bias': -2.2293534129858017e-08,
           'explained_variance': 0.947708249092102,
           'support_outside_fraction': 0.0,
           'target_std': 0.47083374857902527}}[0m
[[36m2026-08-16 11:20:48,685[0m][[34mroot[0m][[32mINFO[0m] - Steps 46528 @ 89.5 SPS / 1.4 BPS. Stats:
{'Actions': {'cart': {'MOVE': nan, 'NO-OP': nan, 'TRANSFER': nan},
             'city_tile': {'BUILD_CART': nan,
                           'BUILD_WORKER': nan,
                           'NO-OP': nan,
                           'RESEARCH': nan},
             'worker': {'BUILD_CITY': nan,
                        'MOVE': nan,
                        'NO-OP': nan,
                        'PILLAGE': nan,
                        'TRANSFER': nan}},
 'Active_Entities': {'cart': 0, 'city_tile': 102, 'worker': 604},
 'Behavior_Policy': {'actor_version_max': 46336,
                     'actor_version_min': 45824,
                     'beta': 0.0,
                     'buffer_lag_max': 640,
                     'ema_kl': None,
                     'forward_kl': 0.03130543231964111,
                     'learner_version': 46464,
                     'log_rho_max': 1.477675437927246,
                     'log_rho_mean': -0.15789689123630524,
                     'log_rho_p95': 0.6656311750411987,
                     'reverse_kl': 0.030815739184617996,
                     'target': None,
                     'vtrace_rho_clipped_fraction': 0.2578125},
 'Entropy': {'cart': -0.0,
             'city_tile': 0.20409941673278809,
             'overall': 0.8101781606674194,
             'worker': 0.6060787439346313},
 'Env': {'carts_final': nan,
         'carts_peak': nan,
         'city_tiles_final': nan,
         'city_tiles_peak': nan,
         'max_cumulative_rewards': nan,
         'mean_cumulative_reward_magnitudes': nan,
         'mean_cumulative_rewards': nan,
         'research_points': nan,
         'separate_cities_final': nan,
         'separate_cities_peak': nan,
         'step': nan,
         'workers_final': nan,
         'workers_peak': nan},
 'Gradient': {'clipped': 1.0, 'norm_before_clip': 41.583953857421875},
 'Intent': {'accuracy': nan,
            'target_build': 0,
            'target_deliver': 0,
            'target_mine': 0,
            'target_return': 0},
 'Loss': {'baseline_loss': 0.0764589011669159,
          'behavior_kl_loss': 0.0,
          'entropy_loss': -0.07737793773412704,
          'intent_aux_loss': 0.0,
          'rule_aux_loss': 0.0,
          'teacher_baseline_loss': 0.0,
          'teacher_kl_loss': 0.0,
          'total_loss': 9.337820053100586,
          'upgo_pg_loss': 7.180192947387695,
          'vtrace_pg_loss': 2.158546209335327},
 'Misc': {'actor_policy_tta_rot180': 1.0,
          'league_opponents': {'first_place': 0.5, 'selfplay': 0.5},
          'learning_rate': 4.7700032e-05,
          'teacher_kl_cost': 0.0,
          'teacher_policy_tta_rot180': 1.0,
          'total_games_played': 144},
 'Normalized_Entropy': {'cart': 0.0,
                        'city_tile': 0.1737542301416397,
                        'overall': 0.35084560028047806,
                        'worker': 0.38075175881385803},
 'Teacher_KL_Divergence': {'cart': 0.0,
                           'city_tile': 0.0,
                           'overall': 0.0,
                           'worker': 0.0},
 'Value': {'bias': -1.2223608791828156e-09,
           'explained_variance': 0.9947245717048645,
           'support_outside_fraction': 0.0,
           'target_std': 0.49671119451522827}}[0m
[[36m2026-08-16 11:20:53,690[0m][[34mroot[0m][[32mINFO[0m] - Steps 46912 @ 76.7 SPS / 1.2 BPS. Stats:
{'Actions': {'cart': {'MOVE': nan, 'NO-OP': nan, 'TRANSFER': nan},
             'city_tile': {'BUILD_CART': nan,
                           'BUILD_WORKER': nan,
                           'NO-OP': nan,
                           'RESEARCH': nan},
             'worker': {'BUILD_CITY': nan,
                        'MOVE': nan,
                        'NO-OP': nan,
                        'PILLAGE': nan,
                        'TRANSFER': nan}},
 'Active_Entities': {'cart': 22, 'city_tile': 117, 'worker': 374},
 'Behavior_Policy': {'actor_version_max': 46848,
                     'actor_version_min': 46336,
                     'beta': 0.0,
                     'buffer_lag_max': 512,
                     'ema_kl': None,
                     'forward_kl': 0.026808936148881912,
                     'learner_version': 46848,
                     'log_rho_max': 1.3092041015625,
                     'log_rho_mean': -0.1188422292470932,
                     'log_rho_p95': 0.4494030475616455,
                     'reverse_kl': 0.028013870120048523,
                     'target': None,
                     'vtrace_rho_clipped_fraction': 0.1796875},
 'Entropy': {'cart': 1.2876406908035278,
             'city_tile': 0.14810611307621002,
             'overall': 2.343289092183113,
             'worker': 0.9075422883033752},
 'Env': {'carts_final': nan,
         'carts_peak': nan,
         'city_tiles_final': nan,
         'city_tiles_peak': nan,
         'max_cumulative_rewards': nan,
         'mean_cumulative_reward_magnitudes': nan,
         'mean_cumulative_rewards': nan,
         'research_points': nan,
         'separate_cities_final': nan,
         'separate_cities_peak': nan,
         'step': nan,
         'workers_final': nan,
         'workers_peak': nan},
 'Gradient': {'clipped': 1.0, 'norm_before_clip': 18.49338722229004},
 'Intent': {'accuracy': nan,
            'target_build': 0,
            'target_deliver': 0,
            'target_mine': 0,
            'target_return': 0},
 'Loss': {'baseline_loss': 0.017250917851924896,
          'behavior_kl_loss': 0.0,
          'entropy_loss': -0.0770154595375061,
          'intent_aux_loss': 0.0,
          'rule_aux_loss': 0.0,
          'teacher_baseline_loss': 0.0,
          'teacher_kl_loss': 0.0,
          'total_loss': 3.161836862564087,
          'upgo_pg_loss': 3.3235230445861816,
          'vtrace_pg_loss': -0.10192176699638367},
 'Misc': {'actor_policy_tta_rot180': 1.0,
          'league_opponents': {'first_place': 0.75, 'selfplay': 0.25},
          'learning_rate': 4.7681024e-05,
          'teacher_kl_cost': 0.0,
          'teacher_policy_tta_rot180': 1.0,
          'total_games_played': 144},
 'Normalized_Entropy': {'cart': 0.809946596622467,
                        'city_tile': 0.11808258295059204,
                        'overall': 0.49517055968327367,
                        'worker': 0.5946203470230103},
 'Teacher_KL_Divergence': {'cart': 0.0,
                           'city_tile': 0.0,
                           'overall': 0.0,
                           'worker': 0.0},
 'Value': {'bias': -1.6705598682165146e-08,
           'explained_variance': 0.998330295085907,
           'support_outside_fraction': 0.0,
           'target_std': 0.5583332180976868}}[0m
[[36m2026-08-16 11:20:58,695[0m][[34mroot[0m][[32mINFO[0m] - Steps 47360 @ 89.5 SPS / 1.4 BPS. Stats:
{'Actions': {'cart': {'MOVE': nan, 'NO-OP': nan, 'TRANSFER': nan},
             'city_tile': {'BUILD_CART': nan,
                           'BUILD_WORKER': nan,
                           'NO-OP': nan,
                           'RESEARCH': nan},
             'worker': {'BUILD_CITY': nan,
                        'MOVE': nan,
                        'NO-OP': nan,
                        'PILLAGE': nan,
                        'TRANSFER': nan}},
 'Active_Entities': {'cart': 0, 'city_tile': 119, 'worker': 497},
 'Behavior_Policy': {'actor_version_max': 47104,
                     'actor_version_min': 46592,
                     'beta': 0.0,
                     'buffer_lag_max': 704,
                     'ema_kl': None,
                     'forward_kl': 0.023163769394159317,
                     'learner_version': 47296,
                     'log_rho_max': 2.0487146377563477,
                     'log_rho_mean': -0.08238964527845383,
                     'log_rho_p95': 0.6304163336753845,
                     'reverse_kl': 0.027750546112656593,
                     'target': None,
                     'vtrace_rho_clipped_fraction': 0.203125},
 'Entropy': {'cart': -0.0,
             'city_tile': 0.440242737531662,
             'overall': 1.3617349565029144,
             'worker': 0.9214922189712524},
 'Env': {'carts_final': nan,
         'carts_peak': nan,
         'city_tiles_final': nan,
         'city_tiles_peak': nan,
         'max_cumulative_rewards': nan,
         'mean_cumulative_reward_magnitudes': nan,
         'mean_cumulative_rewards': nan,
         'research_points': nan,
         'separate_cities_final': nan,
         'separate_cities_peak': nan,
         'step': nan,
         'workers_final': nan,
         'workers_peak': nan},
 'Gradient': {'clipped': 1.0, 'norm_before_clip': 41.7458610534668},
 'Intent': {'accuracy': nan,
            'target_build': 0,
            'target_deliver': 0,
            'target_mine': 0,
            'target_return': 0},
 'Loss': {'baseline_loss': 0.07448427379131317,
          'behavior_kl_loss': 0.0,
          'entropy_loss': -0.10207410901784897,
          'intent_aux_loss': 0.0,
          'rule_aux_loss': 0.0,
          'teacher_baseline_loss': 0.0,
          'teacher_kl_loss': 0.0,
          'total_loss': 13.82247257232666,
          'upgo_pg_loss': 9.873401641845703,
          'vtrace_pg_loss': 3.97666072845459},
 'Misc': {'actor_policy_tta_rot180': 1.0,
          'league_opponents': {'first_place': 0.75, 'selfplay': 0.25},
          'learning_rate': 4.7658848e-05,
          'teacher_kl_cost': 0.0,
          'teacher_policy_tta_rot180': 1.0,
          'total_games_played': 144},
 'Normalized_Entropy': {'cart': 0.0,
                        'city_tile': 0.45780596137046814,
                        'overall': 0.5684019879183986,
                        'worker': 0.5948827266693115},
 'Teacher_KL_Divergence': {'cart': 0.0,
                           'city_tile': 0.0,
                           'overall': 0.0,
                           'worker': 0.0},
 'Value': {'bias': 5.820766091346741e-09,
           'explained_variance': 0.9943913221359253,
           'support_outside_fraction': 0.0,
           'target_std': 0.4999672770500183}}[0m
[[36m2026-08-16 11:21:03,701[0m][[34mroot[0m][[32mINFO[0m] - Steps 47872 @ 102.3 SPS / 1.6 BPS. Stats:
{'Actions': {'cart': {'MOVE': nan, 'NO-OP': nan, 'TRANSFER': nan},
             'city_tile': {'BUILD_CART': nan,
                           'BUILD_WORKER': nan,
                           'NO-OP': nan,
                           'RESEARCH': nan},
             'worker': {'BUILD_CITY': nan,
                        'MOVE': nan,
                        'NO-OP': nan,
                        'PILLAGE': nan,
                        'TRANSFER': nan}},
 'Active_Entities': {'cart': 4, 'city_tile': 118, 'worker': 484},
 'Behavior_Policy': {'actor_version_max': 47616,
                     'actor_version_min': 47104,
                     'beta': 0.0,
                     'buffer_lag_max': 704,
                     'ema_kl': None,
                     'forward_kl': 0.023339735344052315,
                     'learner_version': 47808,
                     'log_rho_max': 1.245375156402588,
                     'log_rho_mean': -0.1405918002128601,
                     'log_rho_p95': 0.6531336903572083,
                     'reverse_kl': 0.026440376415848732,
                     'target': None,
                     'vtrace_rho_clipped_fraction': 0.1796875},
 'Entropy': {'cart': 1.3304288387298584,
             'city_tile': 0.5793595314025879,
             'overall': 2.7208456993103027,
             'worker': 0.8110573291778564},
 'Env': {'carts_final': nan,
         'carts_peak': nan,
         'city_tiles_final': nan,
         'city_tiles_peak': nan,
         'max_cumulative_rewards': nan,
         'mean_cumulative_reward_magnitudes': nan,
         'mean_cumulative_rewards': nan,
         'research_points': nan,
         'separate_cities_final': nan,
         'separate_cities_peak': nan,
         'step': nan,
         'workers_final': nan,
         'workers_peak': nan},
 'Gradient': {'clipped': 1.0, 'norm_before_clip': 28.99889373779297},
 'Intent': {'accuracy': nan,
            'target_build': 0,
            'target_deliver': 0,
            'target_mine': 0,
            'target_return': 0},
 'Loss': {'baseline_loss': 0.07252886891365051,
          'behavior_kl_loss': 0.0,
          'entropy_loss': -0.09324757754802704,
          'intent_aux_loss': 0.0,
          'rule_aux_loss': 0.0,
          'teacher_baseline_loss': 0.0,
          'teacher_kl_loss': 0.0,
          'total_loss': 0.1933833211660385,
          'upgo_pg_loss': 3.349792718887329,
          'vtrace_pg_loss': -3.135690689086914},
 'Misc': {'actor_policy_tta_rot180': 1.0,
          'league_opponents': {'first_place': 0.75, 'selfplay': 0.25},
          'learning_rate': 4.7633504e-05,
          'teacher_kl_cost': 0.0,
          'teacher_policy_tta_rot180': 1.0,
          'total_games_played': 147},
 'Normalized_Entropy': {'cart': 0.8266417980194092,
                        'city_tile': 0.5605370998382568,
                        'overall': 0.5257622282890597,
                        'worker': 0.5147974491119385},
 'Teacher_KL_Divergence': {'cart': 0.0,
                           'city_tile': 0.0,
                           'overall': 0.0,
                           'worker': 0.0},
 'Value': {'bias': 6.781192496418953e-09,
           'explained_variance': 0.9931148290634155,
           'support_outside_fraction': 0.0,
           'target_std': 0.5338032841682434}}[0m
[[36m2026-08-16 11:21:08,706[0m][[34mroot[0m][[32mINFO[0m] - Steps 48384 @ 102.3 SPS / 1.6 BPS. Stats:
{'Actions': {'cart': {'MOVE': nan, 'NO-OP': nan, 'TRANSFER': nan},
             'city_tile': {'BUILD_CART': nan,
                           'BUILD_WORKER': nan,
                           'NO-OP': nan,
                           'RESEARCH': nan},
             'worker': {'BUILD_CITY': nan,
                        'MOVE': nan,
                        'NO-OP': nan,
                        'PILLAGE': nan,
                        'TRANSFER': nan}},
 'Active_Entities': {'cart': 2, 'city_tile': 122, 'worker': 386},
 'Behavior_Policy': {'actor_version_max': 48128,
                     'actor_version_min': 47616,
                     'beta': 0.0,
                     'buffer_lag_max': 704,
                     'ema_kl': None,
                     'forward_kl': 0.025637391954660416,
                     'learner_version': 48320,
                     'log_rho_max': 1.2062788009643555,
                     'log_rho_mean': -0.09200668334960938,
                     'log_rho_p95': 0.503189206123352,
                     'reverse_kl': 0.026404226198792458,
                     'target': None,
                     'vtrace_rho_clipped_fraction': 0.28125},
 'Entropy': {'cart': 1.4242238998413086,
             'city_tile': 0.6460092663764954,
             'overall': 3.0732640624046326,
             'worker': 1.0030308961868286},
 'Env': {'carts_final': nan,
         'carts_peak': nan,
         'city_tiles_final': nan,
         'city_tiles_peak': nan,
         'max_cumulative_rewards': nan,
         'mean_cumulative_reward_magnitudes': nan,
         'mean_cumulative_rewards': nan,
         'research_points': nan,
         'separate_cities_final': nan,
         'separate_cities_peak': nan,
         'step': nan,
         'workers_final': nan,
         'workers_peak': nan},
 'Gradient': {'clipped': 1.0, 'norm_before_clip': 18.819549560546875},
 'Intent': {'accuracy': nan,
            'target_build': 0,
            'target_deliver': 0,
            'target_mine': 0,
            'target_return': 0},
 'Loss': {'baseline_loss': 0.027733484283089638,
          'behavior_kl_loss': 0.0,
          'entropy_loss': -0.09376629441976547,
          'intent_aux_loss': 0.0,
          'rule_aux_loss': 0.0,
          'teacher_baseline_loss': 0.0,
          'teacher_kl_loss': 0.0,
          'total_loss': 10.769769668579102,
          'upgo_pg_loss': 6.439154624938965,
          'vtrace_pg_loss': 4.3966474533081055},
 'Misc': {'actor_policy_tta_rot180': 1.0,
          'league_opponents': {'first_place': 0.75, 'selfplay': 0.25},
          'learning_rate': 4.760816e-05,
          'teacher_kl_cost': 0.0,
          'teacher_policy_tta_rot180': 1.0,
          'total_games_played': 151},
 'Normalized_Entropy': {'cart': 0.884920060634613,
                        'city_tile': 0.5771996378898621,
                        'overall': 0.6216678621722203,
                        'worker': 0.6343585848808289},
 'Teacher_KL_Divergence': {'cart': 0.0,
                           'city_tile': 0.0,
                           'overall': 0.0,
                           'worker': 0.0},
 'Value': {'bias': 1.340231392532587e-08,
           'explained_variance': 0.9977040886878967,
           'support_outside_fraction': 0.0,
           'target_std': 0.5217684507369995}}[0m
[[36m2026-08-16 11:21:13,712[0m][[34mroot[0m][[32mINFO[0m] - Steps 48832 @ 89.5 SPS / 1.4 BPS. Stats:
{'Actions': {'cart': {'MOVE': nan, 'NO-OP': nan, 'TRANSFER': nan},
             'city_tile': {'BUILD_CART': nan,
                           'BUILD_WORKER': nan,
                           'NO-OP': nan,
                           'RESEARCH': nan},
             'worker': {'BUILD_CITY': nan,
                        'MOVE': nan,
                        'NO-OP': nan,
                        'PILLAGE': nan,
                        'TRANSFER': nan}},
 'Active_Entities': {'cart': 0, 'city_tile': 82, 'worker': 193},
 'Behavior_Policy': {'actor_version_max': 48640,
                     'actor_version_min': 48128,
                     'beta': 0.0,
                     'buffer_lag_max': 640,
                     'ema_kl': None,
                     'forward_kl': 0.053757525980472565,
                     'learner_version': 48768,
                     'log_rho_max': 0.8144845962524414,
                     'log_rho_mean': -0.1394970417022705,
                     'log_rho_p95': 0.32079023122787476,
                     'reverse_kl': 0.05287468433380127,
                     'target': None,
                     'vtrace_rho_clipped_fraction': 0.1640625},
 'Entropy': {'cart': -0.0,
             'city_tile': 0.3707391619682312,
             'overall': 1.301138699054718,
             'worker': 0.9303995370864868},
 'Env': {'carts_final': nan,
         'carts_peak': nan,
         'city_tiles_final': nan,
         'city_tiles_peak': nan,
         'max_cumulative_rewards': nan,
         'mean_cumulative_reward_magnitudes': nan,
         'mean_cumulative_rewards': nan,
         'research_points': nan,
         'separate_cities_final': nan,
         'separate_cities_peak': nan,
         'step': nan,
         'workers_final': nan,
         'workers_peak': nan},
 'Gradient': {'clipped': 1.0, 'norm_before_clip': 24.832881927490234},
 'Intent': {'accuracy': nan,
            'target_build': 0,
            'target_deliver': 0,
            'target_mine': 0,
            'target_return': 0},
 'Loss': {'baseline_loss': 0.06628872454166412,
          'behavior_kl_loss': 0.0,
          'entropy_loss': -0.04199353978037834,
          'intent_aux_loss': 0.0,
          'rule_aux_loss': 0.0,
          'teacher_baseline_loss': 0.0,
          'teacher_kl_loss': 0.0,
          'total_loss': 5.245646953582764,
          'upgo_pg_loss': 4.155942916870117,
          'vtrace_pg_loss': 1.0654089450836182},
 'Misc': {'actor_policy_tta_rot180': 1.0,
          'league_opponents': {'first_place': 1.0, 'selfplay': 0.0},
          'learning_rate': 4.7585984e-05,
          'teacher_kl_cost': 0.0,
          'teacher_policy_tta_rot180': 1.0,
          'total_games_played': 153},
 'Normalized_Entropy': {'cart': 0.0,
                        'city_tile': 0.4999074637889862,
                        'overall': 0.5742078939351168,
                        'worker': 0.6057759523391724},
 'Teacher_KL_Divergence': {'cart': 0.0,
                           'city_tile': 0.0,
                           'overall': 0.0,
                           'worker': 0.0},
 'Value': {'bias': -1.2601958587765694e-08,
           'explained_variance': 0.991340696811676,
           'support_outside_fraction': 0.0,
           'target_std': 0.48910659551620483}}[0m
[[36m2026-08-16 11:21:18,717[0m][[34mroot[0m][[32mINFO[0m] - Steps 49152 @ 63.9 SPS / 1.0 BPS. Stats:
{'Actions': {'cart': {'MOVE': nan, 'NO-OP': nan, 'TRANSFER': nan},
             'city_tile': {'BUILD_CART': nan,
                           'BUILD_WORKER': nan,
                           'NO-OP': nan,
                           'RESEARCH': nan},
             'worker': {'BUILD_CITY': nan,
                        'MOVE': nan,
                        'NO-OP': nan,
                        'PILLAGE': nan,
                        'TRANSFER': nan}},
 'Active_Entities': {'cart': 39, 'city_tile': 548, 'worker': 718},
 'Behavior_Policy': {'actor_version_max': 48896,
                     'actor_version_min': 48384,
                     'beta': 0.0,
                     'buffer_lag_max': 704,
                     'ema_kl': None,
                     'forward_kl': 0.015943493694067,
                     'learner_version': 49088,
                     'log_rho_max': 1.5374317169189453,
                     'log_rho_mean': -0.25149020552635193,
                     'log_rho_p95': 0.6260210871696472,
                     'reverse_kl': 0.015803148970007896,
                     'target': None,
                     'vtrace_rho_clipped_fraction': 0.171875},
 'Entropy': {'cart': 1.3042364120483398,
             'city_tile': 0.19359198212623596,
             'overall': 2.7071698009967804,
             'worker': 1.2093414068222046},
 'Env': {'carts_final': nan,
         'carts_peak': nan,
         'city_tiles_final': nan,
         'city_tiles_peak': nan,
         'max_cumulative_rewards': nan,
         'mean_cumulative_reward_magnitudes': nan,
         'mean_cumulative_rewards': nan,
         'research_points': nan,
         'separate_cities_final': nan,
         'separate_cities_peak': nan,
         'step': nan,
         'workers_final': nan,
         'workers_peak': nan},
 'Gradient': {'clipped': 1.0, 'norm_before_clip': 25.46062660217285},
 'Intent': {'accuracy': nan,
            'target_build': 0,
            'target_deliver': 0,
            'target_mine': 0,
            'target_return': 0},
 'Loss': {'baseline_loss': 0.023769892752170563,
          'behavior_kl_loss': 0.0,
          'entropy_loss': -0.20505213737487793,
          'intent_aux_loss': 0.0,
          'rule_aux_loss': 0.0,
          'teacher_baseline_loss': 0.0,
          'teacher_kl_loss': 0.0,
          'total_loss': 9.75777816772461,
          'upgo_pg_loss': 7.827712535858154,
          'vtrace_pg_loss': 2.111347198486328},
 'Misc': {'actor_policy_tta_rot180': 1.0,
          'league_opponents': {'first_place': 0.75, 'selfplay': 0.25},
          'learning_rate': 4.7570144e-05,
          'teacher_kl_cost': 0.0,
          'teacher_policy_tta_rot180': 1.0,
          'total_games_played': 153},
 'Normalized_Entropy': {'cart': 0.874644935131073,
                        'city_tile': 0.1615682989358902,
                        'overall': 0.5207359117566397,
                        'worker': 0.7756403684616089},
 'Teacher_KL_Divergence': {'cart': 0.0,
                           'city_tile': 0.0,
                           'overall': 0.0,
                           'worker': 0.0},
 'Value': {'bias': -1.3853423297405243e-08,
           'explained_variance': 0.998285710811615,
           'support_outside_fraction': 0.0,
           'target_std': 0.5124737620353699}}[0m
[[36m2026-08-16 11:21:23,723[0m][[34mroot[0m][[32mINFO[0m] - Steps 49664 @ 102.3 SPS / 1.6 BPS. Stats:
{'Actions': {'cart': {'MOVE': nan, 'NO-OP': nan, 'TRANSFER': nan},
             'city_tile': {'BUILD_CART': nan,
                           'BUILD_WORKER': nan,
                           'NO-OP': nan,
                           'RESEARCH': nan},
             'worker': {'BUILD_CITY': nan,
                        'MOVE': nan,
                        'NO-OP': nan,
                        'PILLAGE': nan,
                        'TRANSFER': nan}},
 'Active_Entities': {'cart': 133, 'city_tile': 943, 'worker': 749},
 'Behavior_Policy': {'actor_version_max': 49408,
                     'actor_version_min': 48896,
                     'beta': 0.0,
                     'buffer_lag_max': 704,
                     'ema_kl': None,
                     'forward_kl': 0.011491774581372738,
                     'learner_version': 49600,
                     'log_rho_max': 1.6563177108764648,
                     'log_rho_mean': -0.0930696502327919,
                     'log_rho_p95': 1.0759809017181396,
                     'reverse_kl': 0.011635122820734978,
                     'target': None,
                     'vtrace_rho_clipped_fraction': 0.25},
 'Entropy': {'cart': 1.2711831331253052,
             'city_tile': 0.10531920194625854,
             'overall': 2.4168757796287537,
             'worker': 1.04037344455719},
 'Env': {'carts_final': nan,
         'carts_peak': nan,
         'city_tiles_final': nan,
         'city_tiles_peak': nan,
         'max_cumulative_rewards': nan,
         'mean_cumulative_reward_magnitudes': nan,
         'mean_cumulative_rewards': nan,
         'research_points': nan,
         'separate_cities_final': nan,
         'separate_cities_peak': nan,
         'step': nan,
         'workers_final': nan,
         'workers_peak': nan},
 'Gradient': {'clipped': 1.0, 'norm_before_clip': 49.3122673034668},
 'Intent': {'accuracy': nan,
            'target_build': 0,
            'target_deliver': 0,
            'target_mine': 0,
            'target_return': 0},
 'Loss': {'baseline_loss': 0.05804824456572533,
          'behavior_kl_loss': 0.0,
          'entropy_loss': -0.20952460169792175,
          'intent_aux_loss': 0.0,
          'rule_aux_loss': 0.0,
          'teacher_baseline_loss': 0.0,
          'teacher_kl_loss': 0.0,
          'total_loss': 32.33831787109375,
          'upgo_pg_loss': 25.000255584716797,
          'vtrace_pg_loss': 7.489541053771973},
 'Misc': {'actor_policy_tta_rot180': 1.0,
          'league_opponents': {'first_place': 0.75, 'selfplay': 0.25},
          'learning_rate': 4.75448e-05,
          'teacher_kl_cost': 0.0,
          'teacher_policy_tta_rot180': 1.0,
          'total_games_played': 155},
 'Normalized_Entropy': {'cart': 0.8535244464874268,
                        'city_tile': 0.09586567431688309,
                        'overall': 0.3876579013548485,
                        'worker': 0.6723038554191589},
 'Teacher_KL_Divergence': {'cart': 0.0,
                           'city_tile': 0.0,
                           'overall': 0.0,
                           'worker': 0.0},
 'Value': {'bias': -8.672941476106644e-09,
           'explained_variance': 0.9939901232719421,
           'support_outside_fraction': 0.0,
           'target_std': 0.48802515864372253}}[0m
[[36m2026-08-16 11:21:28,728[0m][[34mroot[0m][[32mINFO[0m] - Steps 50048 @ 76.7 SPS / 1.2 BPS. Stats:
{'Actions': {'cart': {'MOVE': nan, 'NO-OP': nan, 'TRANSFER': nan},
             'city_tile': {'BUILD_CART': nan,
                           'BUILD_WORKER': nan,
                           'NO-OP': nan,
                           'RESEARCH': nan},
             'worker': {'BUILD_CITY': nan,
                        'MOVE': nan,
                        'NO-OP': nan,
                        'PILLAGE': nan,
                        'TRANSFER': nan}},
 'Active_Entities': {'cart': 5, 'city_tile': 558, 'worker': 654},
 'Behavior_Policy': {'actor_version_max': 49920,
                     'actor_version_min': 49408,
                     'beta': 0.0,
                     'buffer_lag_max': 576,
                     'ema_kl': None,
                     'forward_kl': 0.01821046881377697,
                     'learner_version': 49984,
                     'log_rho_max': 1.6075000762939453,
                     'log_rho_mean': -0.1577119529247284,
                     'log_rho_p95': 0.4795147776603699,
                     'reverse_kl': 0.01784137450158596,
                     'target': None,
                     'vtrace_rho_clipped_fraction': 0.2578125},
 'Entropy': {'cart': 0.999309241771698,
             'city_tile': 0.08215395361185074,
             'overall': 1.9135658517479897,
             'worker': 0.8321026563644409},
 'Env': {'carts_final': nan,
         'carts_peak': nan,
         'city_tiles_final': nan,
         'city_tiles_peak': nan,
         'max_cumulative_rewards': nan,
         'mean_cumulative_reward_magnitudes': nan,
         'mean_cumulative_rewards': nan,
         'research_points': nan,
         'separate_cities_final': nan,
         'separate_cities_peak': nan,
         'step': nan,
         'workers_final': nan,
         'workers_peak': nan},
 'Gradient': {'clipped': 1.0, 'norm_before_clip': 50.39280700683594},
 'Intent': {'accuracy': nan,
            'target_build': 0,
            'target_deliver': 0,
            'target_mine': 0,
            'target_return': 0},
 'Loss': {'baseline_loss': 0.1479480266571045,
          'behavior_kl_loss': 0.0,
          'entropy_loss': -0.11900670826435089,
          'intent_aux_loss': 0.0,
          'rule_aux_loss': 0.0,
          'teacher_baseline_loss': 0.0,
          'teacher_kl_loss': 0.0,
          'total_loss': -1.263569712638855,
          'upgo_pg_loss': 4.444822788238525,
          'vtrace_pg_loss': -5.73733377456665},
 'Misc': {'actor_policy_tta_rot180': 1.0,
          'league_opponents': {'first_place': 0.75, 'selfplay': 0.25},
          'learning_rate': 4.7525792e-05,
          'teacher_kl_cost': 0.0,
          'teacher_policy_tta_rot180': 1.0,
          'total_games_played': 155},
 'Normalized_Entropy': {'cart': 0.6938966512680054,
                        'city_tile': 0.06519153714179993,
                        'overall': 0.3175911924441329,
                        'worker': 0.5300644040107727},
 'Teacher_KL_Divergence': {'cart': 0.0,
                           'city_tile': 0.0,
                           'overall': 0.0,
                           'worker': 0.0},
 'Value': {'bias': 1.30385160446167e-08,
           'explained_variance': 0.9825220704078674,
           'support_outside_fraction': 0.0,
           'target_std': 0.50271075963974}}[0m
[[36m2026-08-16 11:21:33,734[0m][[34mroot[0m][[32mINFO[0m] - Steps 50432 @ 76.7 SPS / 1.2 BPS. Stats:
{'Actions': {'cart': {'MOVE': nan, 'NO-OP': nan, 'TRANSFER': nan},
             'city_tile': {'BUILD_CART': nan,
                           'BUILD_WORKER': nan,
                           'NO-OP': nan,
                           'RESEARCH': nan},
             'worker': {'BUILD_CITY': nan,
                        'MOVE': nan,
                        'NO-OP': nan,
                        'PILLAGE': nan,
                        'TRANSFER': nan}},
 'Active_Entities': {'cart': 12, 'city_tile': 190, 'worker': 324},
 'Behavior_Policy': {'actor_version_max': 50176,
                     'actor_version_min': 49664,
                     'beta': 0.0,
                     'buffer_lag_max': 704,
                     'ema_kl': None,
                     'forward_kl': 0.029209870845079422,
                     'learner_version': 50368,
                     'log_rho_max': 1.938807487487793,
                     'log_rho_mean': -0.10667464137077332,
                     'log_rho_p95': 0.3757256269454956,
                     'reverse_kl': 0.02827509120106697,
                     'target': None,
                     'vtrace_rho_clipped_fraction': 0.3125},
 'Entropy': {'cart': 1.2440389394760132,
             'city_tile': 0.18881972134113312,
             'overall': 2.248345211148262,
             'worker': 0.8154865503311157},
 'Env': {'carts_final': nan,
         'carts_peak': nan,
         'city_tiles_final': nan,
         'city_tiles_peak': nan,
         'max_cumulative_rewards': nan,
         'mean_cumulative_reward_magnitudes': nan,
         'mean_cumulative_rewards': nan,
         'research_points': nan,
         'separate_cities_final': nan,
         'separate_cities_peak': nan,
         'step': nan,
         'workers_final': nan,
         'workers_peak': nan},
 'Gradient': {'clipped': 1.0, 'norm_before_clip': 29.259607315063477},
 'Intent': {'accuracy': nan,
            'target_build': 0,
            'target_deliver': 0,
            'target_mine': 0,
            'target_return': 0},
 'Loss': {'baseline_loss': 0.07904587686061859,
          'behavior_kl_loss': 0.0,
          'entropy_loss': -0.06300438195466995,
          'intent_aux_loss': 0.0,
          'rule_aux_loss': 0.0,
          'teacher_baseline_loss': 0.0,
          'teacher_kl_loss': 0.0,
          'total_loss': 2.454371452331543,
          'upgo_pg_loss': 6.346757411956787,
          'vtrace_pg_loss': -3.9084272384643555},
 'Misc': {'actor_policy_tta_rot180': 1.0,
          'league_opponents': {'first_place': 0.75, 'selfplay': 0.25},
          'learning_rate': 4.750678400000001e-05,
          'teacher_kl_cost': 0.0,
          'teacher_policy_tta_rot180': 1.0,
          'total_games_played': 155},
 'Normalized_Entropy': {'cart': 0.8463821411132812,
                        'city_tile': 0.16083478927612305,
                        'overall': 0.3936782540477274,
                        'worker': 0.5134554505348206},
 'Teacher_KL_Divergence': {'cart': 0.0,
                           'city_tile': 0.0,
                           'overall': 0.0,
                           'worker': 0.0},
 'Value': {'bias': 1.4901161193847656e-08,
           'explained_variance': 0.9951111674308777,
           'support_outside_fraction': 0.0,
           'target_std': 0.5762939453125}}[0m
[[36m2026-08-16 11:21:38,739[0m][[34mroot[0m][[32mINFO[0m] - Steps 50944 @ 102.3 SPS / 1.6 BPS. Stats:
{'Actions': {'cart': {'MOVE': nan, 'NO-OP': nan, 'TRANSFER': nan},
             'city_tile': {'BUILD_CART': nan,
                           'BUILD_WORKER': nan,
                           'NO-OP': nan,
                           'RESEARCH': nan},
             'worker': {'BUILD_CITY': nan,
                        'MOVE': nan,
                        'NO-OP': nan,
                        'PILLAGE': nan,
                        'TRANSFER': nan}},
 'Active_Entities': {'cart': 28, 'city_tile': 171, 'worker': 343},
 'Behavior_Policy': {'actor_version_max': 50688,
                     'actor_version_min': 50176,
                     'beta': 0.0,
                     'buffer_lag_max': 704,
                     'ema_kl': None,
                     'forward_kl': 0.010352542623877525,
                     'learner_version': 50880,
                     'log_rho_max': 1.2675466537475586,
                     'log_rho_mean': -0.028010617941617966,
                     'log_rho_p95': 0.32269617915153503,
                     'reverse_kl': 0.011181982234120369,
                     'target': None,
                     'vtrace_rho_clipped_fraction': 0.2421875},
 'Entropy': {'cart': 1.4118731021881104,
             'city_tile': 0.24791789054870605,
             'overall': 2.38158917427063,
             'worker': 0.7217981815338135},
 'Env': {'carts_final': nan,
         'carts_peak': nan,
         'city_tiles_final': nan,
         'city_tiles_peak': nan,
         'max_cumulative_rewards': nan,
         'mean_cumulative_reward_magnitudes': nan,
         'mean_cumulative_rewards': nan,
         'research_points': nan,
         'separate_cities_final': nan,
         'separate_cities_peak': nan,
         'step': nan,
         'workers_final': nan,
         'workers_peak': nan},
 'Gradient': {'clipped': 1.0, 'norm_before_clip': 20.788759231567383},
 'Intent': {'accuracy': nan,
            'target_build': 0,
            'target_deliver': 0,
            'target_mine': 0,
            'target_return': 0},
 'Loss': {'baseline_loss': 0.027356499806046486,
          'behavior_kl_loss': 0.0,
          'entropy_loss': -0.06590063869953156,
          'intent_aux_loss': 0.0,
          'rule_aux_loss': 0.0,
          'teacher_baseline_loss': 0.0,
          'teacher_kl_loss': 0.0,
          'total_loss': 5.223930835723877,
          'upgo_pg_loss': 3.5267443656921387,
          'vtrace_pg_loss': 1.735730767250061},
 'Misc': {'actor_policy_tta_rot180': 1.0,
          'league_opponents': {'first_place': 0.75, 'selfplay': 0.25},
          'learning_rate': 4.7481440000000005e-05,
          'teacher_kl_cost': 0.0,
          'teacher_policy_tta_rot180': 1.0,
          'total_games_played': 155},
 'Normalized_Entropy': {'cart': 0.8902804255485535,
                        'city_tile': 0.20704588294029236,
                        'overall': 0.39895155910416286,
                        'worker': 0.4545161724090576},
 'Teacher_KL_Divergence': {'cart': 0.0,
                           'city_tile': 0.0,
                           'overall': 0.0,
                           'worker': 0.0},
 'Value': {'bias': 5.820766091346741e-09,
           'explained_variance': 0.9984338283538818,
           'support_outside_fraction': 0.0,
           'target_std': 0.5674903988838196}}[0m
[[36m2026-08-16 11:21:43,745[0m][[34mroot[0m][[32mINFO[0m] - Steps 51456 @ 102.3 SPS / 1.6 BPS. Stats:
{'Actions': {'cart': {'MOVE': nan, 'NO-OP': nan, 'TRANSFER': nan},
             'city_tile': {'BUILD_CART': nan,
                           'BUILD_WORKER': nan,
                           'NO-OP': nan,
                           'RESEARCH': nan},
             'worker': {'BUILD_CITY': nan,
                        'MOVE': nan,
                        'NO-OP': nan,
                        'PILLAGE': nan,
                        'TRANSFER': nan}},
 'Active_Entities': {'cart': 39, 'city_tile': 323, 'worker': 371},
 'Behavior_Policy': {'actor_version_max': 51200,
                     'actor_version_min': 50688,
                     'beta': 0.0,
                     'buffer_lag_max': 704,
                     'ema_kl': None,
                     'forward_kl': 0.00868288055062294,
                     'learner_version': 51392,
                     'log_rho_max': 1.904275894165039,
                     'log_rho_mean': -0.055206481367349625,
                     'log_rho_p95': 0.38125547766685486,
                     'reverse_kl': 0.00865171942859888,
                     'target': None,
                     'vtrace_rho_clipped_fraction': 0.265625},
 'Entropy': {'cart': 1.3117899894714355,
             'city_tile': 0.017822006717324257,
             'overall': 2.1937260422855616,
             'worker': 0.8641140460968018},
 'Env': {'carts_final': nan,
         'carts_peak': nan,
         'city_tiles_final': nan,
         'city_tiles_peak': nan,
         'max_cumulative_rewards': nan,
         'mean_cumulative_reward_magnitudes': nan,
         'mean_cumulative_rewards': nan,
         'research_points': nan,
         'separate_cities_final': nan,
         'separate_cities_peak': nan,
         'step': nan,
         'workers_final': nan,
         'workers_peak': nan},
 'Gradient': {'clipped': 1.0, 'norm_before_clip': 16.796947479248047},
 'Intent': {'accuracy': nan,
            'target_build': 0,
            'target_deliver': 0,
            'target_mine': 0,
            'target_return': 0},
 'Loss': {'baseline_loss': 0.02168433554470539,
          'behavior_kl_loss': 0.0,
          'entropy_loss': -0.07550052553415298,
          'intent_aux_loss': 0.0,
          'rule_aux_loss': 0.0,
          'teacher_baseline_loss': 0.0,
          'teacher_kl_loss': 0.0,
          'total_loss': 3.0435807704925537,
          'upgo_pg_loss': 3.2612171173095703,
          'vtrace_pg_loss': -0.1638202667236328},
 'Misc': {'actor_policy_tta_rot180': 1.0,
          'league_opponents': {'first_place': 0.75, 'selfplay': 0.25},
          'learning_rate': 4.7456096e-05,
          'teacher_kl_cost': 0.0,
          'teacher_policy_tta_rot180': 1.0,
          'total_games_played': 159},
 'Normalized_Entropy': {'cart': 0.857810378074646,
                        'city_tile': 0.019273294135928154,
                        'overall': 0.3261651476974743,
                        'worker': 0.5374640822410583},
 'Teacher_KL_Divergence': {'cart': 0.0,
                           'city_tile': 0.0,
                           'overall': 0.0,
                           'worker': 0.0},
 'Value': {'bias': -6.984919309616089e-09,
           'explained_variance': 0.9986662864685059,
           'support_outside_fraction': 0.0,
           'target_std': 0.5672289729118347}}[0m
[[36m2026-08-16 11:21:48,750[0m][[34mroot[0m][[32mINFO[0m] - Steps 51904 @ 89.5 SPS / 1.4 BPS. Stats:
{'Actions': {'cart': {'MOVE': nan, 'NO-OP': nan, 'TRANSFER': nan},
             'city_tile': {'BUILD_CART': nan,
                           'BUILD_WORKER': nan,
                           'NO-OP': nan,
                           'RESEARCH': nan},
             'worker': {'BUILD_CITY': nan,
                        'MOVE': nan,
                        'NO-OP': nan,
                        'PILLAGE': nan,
                        'TRANSFER': nan}},
 'Active_Entities': {'cart': 15, 'city_tile': 185, 'worker': 436},
 'Behavior_Policy': {'actor_version_max': 51712,
                     'actor_version_min': 51200,
                     'beta': 0.0,
                     'buffer_lag_max': 640,
                     'ema_kl': None,
                     'forward_kl': 0.01577739790081978,
                     'learner_version': 51840,
                     'log_rho_max': 1.043022632598877,
                     'log_rho_mean': -0.10115998238325119,
                     'log_rho_p95': 0.2492598593235016,
                     'reverse_kl': 0.016385378316044807,
                     'target': None,
                     'vtrace_rho_clipped_fraction': 0.15625},
 'Entropy': {'cart': 1.417914867401123,
             'city_tile': 0.5925948619842529,
             'overall': 2.9173429012298584,
             'worker': 0.9068331718444824},
 'Env': {'carts_final': nan,
         'carts_peak': nan,
         'city_tiles_final': nan,
         'city_tiles_peak': nan,
         'max_cumulative_rewards': nan,
         'mean_cumulative_reward_magnitudes': nan,
         'mean_cumulative_rewards': nan,
         'research_points': nan,
         'separate_cities_final': nan,
         'separate_cities_peak': nan,
         'step': nan,
         'workers_final': nan,
         'workers_peak': nan},
 'Gradient': {'clipped': 1.0, 'norm_before_clip': 39.4102897644043},
 'Intent': {'accuracy': nan,
            'target_build': 0,
            'target_deliver': 0,
            'target_mine': 0,
            'target_return': 0},
 'Loss': {'baseline_loss': 0.16672170162200928,
          'behavior_kl_loss': 0.0,
          'entropy_loss': -0.1052556112408638,
          'intent_aux_loss': 0.0,
          'rule_aux_loss': 0.0,
          'teacher_baseline_loss': 0.0,
          'teacher_kl_loss': 0.0,
          'total_loss': 1.3908189535140991,
          'upgo_pg_loss': 7.506226539611816,
          'vtrace_pg_loss': -6.176873683929443},
 'Misc': {'actor_policy_tta_rot180': 1.0,
          'league_opponents': {'first_place': 1.0, 'selfplay': 0.0},
          'learning_rate': 4.743392e-05,
          'teacher_kl_cost': 0.0,
          'teacher_policy_tta_rot180': 1.0,
          'total_games_played': 159},
 'Normalized_Entropy': {'cart': 0.9069909453392029,
                        'city_tile': 0.6499760150909424,
                        'overall': 0.6121490021359246,
                        'worker': 0.5859549045562744},
 'Teacher_KL_Divergence': {'cart': 0.0,
                           'city_tile': 0.0,
                           'overall': 0.0,
                           'worker': 0.0},
 'Value': {'bias': 2.561137080192566e-09,
           'explained_variance': 0.9860385656356812,
           'support_outside_fraction': 0.0,
           'target_std': 0.6108803153038025}}[0m
[[36m2026-08-16 11:21:53,756[0m][[34mroot[0m][[32mINFO[0m] - Steps 52288 @ 76.7 SPS / 1.2 BPS. Stats:
{'Actions': {'cart': {'MOVE': nan, 'NO-OP': nan, 'TRANSFER': nan},
             'city_tile': {'BUILD_CART': nan,
                           'BUILD_WORKER': nan,
                           'NO-OP': nan,
                           'RESEARCH': nan},
             'worker': {'BUILD_CITY': nan,
                        'MOVE': nan,
                        'NO-OP': nan,
                        'PILLAGE': nan,
                        'TRANSFER': nan}},
 'Active_Entities': {'cart': 13, 'city_tile': 163, 'worker': 431},
 'Behavior_Policy': {'actor_version_max': 52224,
                     'actor_version_min': 51712,
                     'beta': 0.0,
                     'buffer_lag_max': 512,
                     'ema_kl': None,
                     'forward_kl': 0.024342328310012817,
                     'learner_version': 52224,
                     'log_rho_max': 0.9117889404296875,
                     'log_rho_mean': -0.17722657322883606,
                     'log_rho_p95': 0.38690727949142456,
                     'reverse_kl': 0.022488802671432495,
                     'target': None,
                     'vtrace_rho_clipped_fraction': 0.265625},
 'Entropy': {'cart': 1.1070504188537598,
             'city_tile': 0.3931909203529358,
             'overall': 2.155728042125702,
             'worker': 0.6554867029190063},
 'Env': {'carts_final': nan,
         'carts_peak': nan,
         'city_tiles_final': nan,
         'city_tiles_peak': nan,
         'max_cumulative_rewards': nan,
         'mean_cumulative_reward_magnitudes': nan,
         'mean_cumulative_rewards': nan,
         'research_points': nan,
         'separate_cities_final': nan,
         'separate_cities_peak': nan,
         'step': nan,
         'workers_final': nan,
         'workers_peak': nan},
 'Gradient': {'clipped': 1.0, 'norm_before_clip': 42.00447082519531},
 'Intent': {'accuracy': nan,
            'target_build': 0,
            'target_deliver': 0,
            'target_mine': 0,
            'target_return': 0},
 'Loss': {'baseline_loss': 0.061830759048461914,
          'behavior_kl_loss': 0.0,
          'entropy_loss': -0.07219930738210678,
          'intent_aux_loss': 0.0,
          'rule_aux_loss': 0.0,
          'teacher_baseline_loss': 0.0,
          'teacher_kl_loss': 0.0,
          'total_loss': 7.652660846710205,
          'upgo_pg_loss': 9.257072448730469,
          'vtrace_pg_loss': -1.5940430164337158},
 'Misc': {'actor_policy_tta_rot180': 1.0,
          'league_opponents': {'first_place': 0.75, 'selfplay': 0.25},
          'learning_rate': 4.7414912e-05,
          'teacher_kl_cost': 0.0,
          'teacher_policy_tta_rot180': 1.0,
          'total_games_played': 159},
 'Normalized_Entropy': {'cart': 0.8200891017913818,
                        'city_tile': 0.47310230135917664,
                        'overall': 0.45030820359900914,
                        'worker': 0.4305342137813568},
 'Teacher_KL_Divergence': {'cart': 0.0,
                           'city_tile': 0.0,
                           'overall': 0.0,
                           'worker': 0.0},
 'Value': {'bias': 3.899913281202316e-09,
           'explained_variance': 0.9931410551071167,
           'support_outside_fraction': 0.0,
           'target_std': 0.5158352851867676}}[0m
[[36m2026-08-16 11:21:58,762[0m][[34mroot[0m][[32mINFO[0m] - Steps 52736 @ 89.5 SPS / 1.4 BPS. Stats:
{'Actions': {'cart': {'MOVE': 0.6985645933014354,
                      'NO-OP': 0.3014354066985646,
                      'TRANSFER': 0.0},
             'city_tile': {'BUILD_CART': 0.002052462955546656,
                           'BUILD_WORKER': 0.012865438526231478,
                           'NO-OP': 0.9488886663996796,
                           'RESEARCH': 0.03619343211854225},
             'worker': {'BUILD_CITY': 0.019402525408068985,
                        'MOVE': 0.3130274099168463,
                        'NO-OP': 0.6481059439482599,
                        'PILLAGE': 0.000554357868801971,
                        'TRANSFER': 0.018909762858022792}},
 'Active_Entities': {'cart': 7, 'city_tile': 369, 'worker': 319},
 'Behavior_Policy': {'actor_version_max': 52480,
                     'actor_version_min': 51968,
                     'beta': 0.0,
                     'buffer_lag_max': 704,
                     'ema_kl': None,
                     'forward_kl': 0.003466545371338725,
                     'learner_version': 52672,
                     'log_rho_max': 0.5487613677978516,
                     'log_rho_mean': -0.013420118018984795,
                     'log_rho_p95': 0.292385458946228,
                     'reverse_kl': 0.0037183579988777637,
                     'target': None,
                     'vtrace_rho_clipped_fraction': 0.296875},
 'Entropy': {'cart': 1.4439548254013062,
             'city_tile': 0.08754397183656693,
             'overall': 2.246195323765278,
             'worker': 0.7146965265274048},
 'Env': {'carts_final': 0.0,
         'carts_peak': 1.5,
         'city_tiles_final': 29.25,
         'city_tiles_peak': 40.75,
         'max_cumulative_rewards': 1.0,
         'mean_cumulative_reward_magnitudes': 1.0,
         'mean_cumulative_rewards': 0.0,
         'research_points': 180.75,
         'separate_cities_final': 3.0,
         'separate_cities_peak': 9.0,
         'step': 361.0,
         'workers_final': 13.25,
         'workers_peak': 23.25},
 'Gradient': {'clipped': 1.0, 'norm_before_clip': 135.99215698242188},
 'Intent': {'accuracy': nan,
            'target_build': 0,
            'target_deliver': 0,
            'target_mine': 0,
            'target_return': 0},
 'Loss': {'baseline_loss': 3.7149953842163086,
          'behavior_kl_loss': 0.0,
          'entropy_loss': -0.05407991632819176,
          'intent_aux_loss': 0.0,
          'rule_aux_loss': 0.0,
          'teacher_baseline_loss': 0.0,
          'teacher_kl_loss': 0.0,
          'total_loss': 4.494619369506836,
          'upgo_pg_loss': 5.3628716468811035,
          'vtrace_pg_loss': -4.529167652130127},
 'Misc': {'actor_policy_tta_rot180': 1.0,
          'league_opponents': {'first_place': 0.890625, 'selfplay': 0.109375},
          'learning_rate': 4.7392736e-05,
          'teacher_kl_cost': 0.0,
          'teacher_policy_tta_rot180': 1.0,
          'total_games_played': 165},
 'Normalized_Entropy': {'cart': 0.9151827096939087,
                        'city_tile': 0.08068205416202545,
                        'overall': 0.2543212372407639,
                        'worker': 0.44067493081092834},
 'Teacher_KL_Divergence': {'cart': 0.0,
                           'city_tile': 0.0,
                           'overall': 0.0,
                           'worker': 0.0},
 'Value': {'bias': 1.0244548320770264e-08,
           'explained_variance': 0.841248631477356,
           'support_outside_fraction': 0.0,
           'target_std': 0.6576840877532959}}[0m
[[36m2026-08-16 11:22:03,767[0m][[34mroot[0m][[32mINFO[0m] - Steps 53248 @ 102.3 SPS / 1.6 BPS. Stats:
{'Actions': {'cart': {'MOVE': nan, 'NO-OP': nan, 'TRANSFER': nan},
             'city_tile': {'BUILD_CART': nan,
                           'BUILD_WORKER': nan,
                           'NO-OP': nan,
                           'RESEARCH': nan},
             'worker': {'BUILD_CITY': nan,
                        'MOVE': nan,
                        'NO-OP': nan,
                        'PILLAGE': nan,
                        'TRANSFER': nan}},
 'Active_Entities': {'cart': 12, 'city_tile': 235, 'worker': 238},
 'Behavior_Policy': {'actor_version_max': 52992,
                     'actor_version_min': 52480,
                     'beta': 0.0,
                     'buffer_lag_max': 704,
                     'ema_kl': None,
                     'forward_kl': 0.025949137285351753,
                     'learner_version': 53184,
                     'log_rho_max': 1.3975939750671387,
                     'log_rho_mean': -0.05394011735916138,
                     'log_rho_p95': 0.3557434678077698,
                     'reverse_kl': 0.025965986773371696,
                     'target': None,
                     'vtrace_rho_clipped_fraction': 0.2109375},
 'Entropy': {'cart': 1.4185094833374023,
             'city_tile': 0.020663302391767502,
             'overall': 2.513003509491682,
             'worker': 1.0738307237625122},
 'Env': {'carts_final': nan,
         'carts_peak': nan,
         'city_tiles_final': nan,
         'city_tiles_peak': nan,
         'max_cumulative_rewards': nan,
         'mean_cumulative_reward_magnitudes': nan,
         'mean_cumulative_rewards': nan,
         'research_points': nan,
         'separate_cities_final': nan,
         'separate_cities_peak': nan,
         'step': nan,
         'workers_final': nan,
         'workers_peak': nan},
 'Gradient': {'clipped': 1.0, 'norm_before_clip': 38.96492385864258},
 'Intent': {'accuracy': nan,
            'target_build': 0,
            'target_deliver': 0,
            'target_mine': 0,
            'target_return': 0},
 'Loss': {'baseline_loss': 0.07650037854909897,
          'behavior_kl_loss': 0.0,
          'entropy_loss': -0.05548993870615959,
          'intent_aux_loss': 0.0,
          'rule_aux_loss': 0.0,
          'teacher_baseline_loss': 0.0,
          'teacher_kl_loss': 0.0,
          'total_loss': 3.682528495788574,
          'upgo_pg_loss': 2.631225347518921,
          'vtrace_pg_loss': 1.0302926301956177},
 'Misc': {'actor_policy_tta_rot180': 1.0,
          'league_opponents': {'first_place': 1.0, 'selfplay': 0.0},
          'learning_rate': 4.7367392e-05,
          'teacher_kl_cost': 0.0,
          'teacher_policy_tta_rot180': 1.0,
          'total_games_played': 166},
 'Normalized_Entropy': {'cart': 0.924172580242157,
                        'city_tile': 0.017141539603471756,
                        'overall': 0.35679965688242127,
                        'worker': 0.6635693311691284},
 'Teacher_KL_Divergence': {'cart': 0.0,
                           'city_tile': 0.0,
                           'overall': 0.0,
                           'worker': 0.0},
 'Value': {'bias': 2.3865140974521637e-09,
           'explained_variance': 0.9892935752868652,
           'support_outside_fraction': 0.0,
           'target_std': 0.4725359082221985}}[0m
[[36m2026-08-16 11:22:08,772[0m][[34mroot[0m][[32mINFO[0m] - Steps 53696 @ 89.5 SPS / 1.4 BPS. Stats:
{'Actions': {'cart': {'MOVE': nan, 'NO-OP': nan, 'TRANSFER': nan},
             'city_tile': {'BUILD_CART': nan,
                           'BUILD_WORKER': nan,
                           'NO-OP': nan,
                           'RESEARCH': nan},
             'worker': {'BUILD_CITY': nan,
                        'MOVE': nan,
                        'NO-OP': nan,
                        'PILLAGE': nan,
                        'TRANSFER': nan}},
 'Active_Entities': {'cart': 28, 'city_tile': 1334, 'worker': 1628},
 'Behavior_Policy': {'actor_version_max': 53504,
                     'actor_version_min': 52992,
                     'beta': 0.0,
                     'buffer_lag_max': 640,
                     'ema_kl': None,
                     'forward_kl': 0.011804917827248573,
                     'learner_version': 53632,
                     'log_rho_max': 1.5419464111328125,
                     'log_rho_mean': -0.24051371216773987,
                     'log_rho_p95': 0.7077646255493164,
                     'reverse_kl': 0.012540917843580246,
                     'target': None,
                     'vtrace_rho_clipped_fraction': 0.3046875},
 'Entropy': {'cart': 1.3377162218093872,
             'city_tile': 0.12112617492675781,
             'overall': 2.057803750038147,
             'worker': 0.598961353302002},
 'Env': {'carts_final': nan,
         'carts_peak': nan,
         'city_tiles_final': nan,
         'city_tiles_peak': nan,
         'max_cumulative_rewards': nan,
         'mean_cumulative_reward_magnitudes': nan,
         'mean_cumulative_rewards': nan,
         'research_points': nan,
         'separate_cities_final': nan,
         'separate_cities_peak': nan,
         'step': nan,
         'workers_final': nan,
         'workers_peak': nan},
 'Gradient': {'clipped': 1.0, 'norm_before_clip': 60.557167053222656},
 'Intent': {'accuracy': nan,
            'target_build': 0,
            'target_deliver': 0,
            'target_mine': 0,
            'target_return': 0},
 'Loss': {'baseline_loss': 0.20249447226524353,
          'behavior_kl_loss': 0.0,
          'entropy_loss': -0.23482948541641235,
          'intent_aux_loss': 0.0,
          'rule_aux_loss': 0.0,
          'teacher_baseline_loss': 0.0,
          'teacher_kl_loss': 0.0,
          'total_loss': 17.300628662109375,
          'upgo_pg_loss': 22.583274841308594,
          'vtrace_pg_loss': -5.25031042098999},
 'Misc': {'actor_policy_tta_rot180': 1.0,
          'league_opponents': {'first_place': 0.25, 'selfplay': 0.75},
          'learning_rate': 4.7345216000000006e-05,
          'teacher_kl_cost': 0.0,
          'teacher_policy_tta_rot180': 1.0,
          'total_games_played': 168},
 'Normalized_Entropy': {'cart': 0.8311699032783508,
                        'city_tile': 0.12510685622692108,
                        'overall': 0.26710421744995694,
                        'worker': 0.37375694513320923},
 'Teacher_KL_Divergence': {'cart': 0.0,
                           'city_tile': 0.0,
                           'overall': 0.0,
                           'worker': 0.0},
 'Value': {'bias': -3.899913281202316e-09,
           'explained_variance': 0.9745831489562988,
           'support_outside_fraction': 0.0,
           'target_std': 0.3883031904697418}}[0m
[[36m2026-08-16 11:22:13,777[0m][[34mroot[0m][[32mINFO[0m] - Steps 54080 @ 76.7 SPS / 1.2 BPS. Stats:
{'Actions': {'cart': {'MOVE': nan, 'NO-OP': nan, 'TRANSFER': nan},
             'city_tile': {'BUILD_CART': nan,
                           'BUILD_WORKER': nan,
                           'NO-OP': nan,
                           'RESEARCH': nan},
             'worker': {'BUILD_CITY': nan,
                        'MOVE': nan,
                        'NO-OP': nan,
                        'PILLAGE': nan,
                        'TRANSFER': nan}},
 'Active_Entities': {'cart': 0, 'city_tile': 52, 'worker': 263},
 'Behavior_Policy': {'actor_version_max': 54016,
                     'actor_version_min': 53504,
                     'beta': 0.0,
                     'buffer_lag_max': 512,
                     'ema_kl': None,
                     'forward_kl': 0.05844402313232422,
                     'learner_version': 54016,
                     'log_rho_max': 2.232985496520996,
                     'log_rho_mean': -0.12293649464845657,
                     'log_rho_p95': 0.5681268572807312,
                     'reverse_kl': 0.052827224135398865,
                     'target': None,
                     'vtrace_rho_clipped_fraction': 0.15625},
 'Entropy': {'cart': -0.0,
             'city_tile': 0.37306955456733704,
             'overall': 0.8738546669483185,
             'worker': 0.5007851123809814},
 'Env': {'carts_final': nan,
         'carts_peak': nan,
         'city_tiles_final': nan,
         'city_tiles_peak': nan,
         'max_cumulative_rewards': nan,
         'mean_cumulative_reward_magnitudes': nan,
         'mean_cumulative_rewards': nan,
         'research_points': nan,
         'separate_cities_final': nan,
         'separate_cities_peak': nan,
         'step': nan,
         'workers_final': nan,
         'workers_peak': nan},
 'Gradient': {'clipped': 1.0, 'norm_before_clip': 36.778507232666016},
 'Intent': {'accuracy': nan,
            'target_build': 0,
            'target_deliver': 0,
            'target_mine': 0,
            'target_return': 0},
 'Loss': {'baseline_loss': 0.10967376083135605,
          'behavior_kl_loss': 0.0,
          'entropy_loss': -0.03022121451795101,
          'intent_aux_loss': 0.0,
          'rule_aux_loss': 0.0,
          'teacher_baseline_loss': 0.0,
          'teacher_kl_loss': 0.0,
          'total_loss': 1.5246903896331787,
          'upgo_pg_loss': 2.15928316116333,
          'vtrace_pg_loss': -0.7140452265739441},
 'Misc': {'actor_policy_tta_rot180': 1.0,
          'league_opponents': {'first_place': 1.0, 'selfplay': 0.0},
          'learning_rate': 4.7326208e-05,
          'teacher_kl_cost': 0.0,
          'teacher_policy_tta_rot180': 1.0,
          'total_games_played': 169},
 'Normalized_Entropy': {'cart': 0.0,
                        'city_tile': 0.5041935443878174,
                        'overall': 0.4057448692738064,
                        'worker': 0.38627973198890686},
 'Teacher_KL_Divergence': {'cart': 0.0,
                           'city_tile': 0.0,
                           'overall': 0.0,
                           'worker': 0.0},
 'Value': {'bias': 1.280568540096283e-08,
           'explained_variance': 0.9892184138298035,
           'support_outside_fraction': 0.0,
           'target_std': 0.5638124346733093}}[0m
[[36m2026-08-16 11:22:18,782[0m][[34mroot[0m][[32mINFO[0m] - Steps 54528 @ 89.5 SPS / 1.4 BPS. Stats:
{'Actions': {'cart': {'MOVE': nan, 'NO-OP': nan, 'TRANSFER': nan},
             'city_tile': {'BUILD_CART': nan,
                           'BUILD_WORKER': nan,
                           'NO-OP': nan,
                           'RESEARCH': nan},
             'worker': {'BUILD_CITY': nan,
                        'MOVE': nan,
                        'NO-OP': nan,
                        'PILLAGE': nan,
                        'TRANSFER': nan}},
 'Active_Entities': {'cart': 0, 'city_tile': 105, 'worker': 380},
 'Behavior_Policy': {'actor_version_max': 54272,
                     'actor_version_min': 53760,
                     'beta': 0.0,
                     'buffer_lag_max': 704,
                     'ema_kl': None,
                     'forward_kl': 0.02813529781997204,
                     'learner_version': 54464,
                     'log_rho_max': 1.1263703107833862,
                     'log_rho_mean': -0.15754908323287964,
                     'log_rho_p95': 0.3125270903110504,
                     'reverse_kl': 0.0296449214220047,
                     'target': None,
                     'vtrace_rho_clipped_fraction': 0.3203125},
 'Entropy': {'cart': -0.0,
             'city_tile': 0.1649552285671234,
             'overall': 0.6828292906284332,
             'worker': 0.5178740620613098},
 'Env': {'carts_final': nan,
         'carts_peak': nan,
         'city_tiles_final': nan,
         'city_tiles_peak': nan,
         'max_cumulative_rewards': nan,
         'mean_cumulative_reward_magnitudes': nan,
         'mean_cumulative_rewards': nan,
         'research_points': nan,
         'separate_cities_final': nan,
         'separate_cities_peak': nan,
         'step': nan,
         'workers_final': nan,
         'workers_peak': nan},
 'Gradient': {'clipped': 1.0, 'norm_before_clip': 82.71464538574219},
 'Intent': {'accuracy': nan,
            'target_build': 0,
            'target_deliver': 0,
            'target_mine': 0,
            'target_return': 0},
 'Loss': {'baseline_loss': 0.2598007917404175,
          'behavior_kl_loss': 0.0,
          'entropy_loss': -0.04282248765230179,
          'intent_aux_loss': 0.0,
          'rule_aux_loss': 0.0,
          'teacher_baseline_loss': 0.0,
          'teacher_kl_loss': 0.0,
          'total_loss': 7.56344747543335,
          'upgo_pg_loss': 6.297248840332031,
          'vtrace_pg_loss': 1.049220085144043},
 'Misc': {'actor_policy_tta_rot180': 1.0,
          'league_opponents': {'first_place': 0.5, 'selfplay': 0.5},
          'learning_rate': 4.7304032e-05,
          'teacher_kl_cost': 0.0,
          'teacher_policy_tta_rot180': 1.0,
          'total_games_played': 170},
 'Normalized_Entropy': {'cart': 0.0,
                        'city_tile': 0.18665938079357147,
                        'overall': 0.29857328242247866,
                        'worker': 0.3294968605041504},
 'Teacher_KL_Divergence': {'cart': 0.0,
                           'city_tile': 0.0,
                           'overall': 0.0,
                           'worker': 0.0},
 'Value': {'bias': -3.6088749766349792e-09,
           'explained_variance': 0.9793480038642883,
           'support_outside_fraction': 0.0,
           'target_std': 0.45714208483695984}}[0m
[[36m2026-08-16 11:22:23,787[0m][[34mroot[0m][[32mINFO[0m] - Saving checkpoint to 0055040[0m
[[36m2026-08-16 11:22:23,901[0m][[34mroot[0m][[32mINFO[0m] - Verified learner-to-actor model synchronization: max_abs_diff=0[0m
[[36m2026-08-16 11:22:23,907[0m][[34mroot[0m][[32mINFO[0m] - Checkpoint learner delta from run start: max_abs_diff=0.411138654[0m
[[36m2026-08-16 11:22:23,951[0m][[34mroot[0m][[32mINFO[0m] - Steps 55040 @ 99.1 SPS / 1.5 BPS. Stats:
{'Actions': {'cart': {'MOVE': nan, 'NO-OP': nan, 'TRANSFER': nan},
             'city_tile': {'BUILD_CART': nan,
                           'BUILD_WORKER': nan,
                           'NO-OP': nan,
                           'RESEARCH': nan},
             'worker': {'BUILD_CITY': nan,
                        'MOVE': nan,
                        'NO-OP': nan,
                        'PILLAGE': nan,
                        'TRANSFER': nan}},
 'Active_Entities': {'cart': 0, 'city_tile': 116, 'worker': 384},
 'Behavior_Policy': {'actor_version_max': 54784,
                     'actor_version_min': 54272,
                     'beta': 0.0,
                     'buffer_lag_max': 704,
                     'ema_kl': None,
                     'forward_kl': 0.019845303148031235,
                     'learner_version': 54976,
                     'log_rho_max': 0.7190079689025879,
                     'log_rho_mean': -0.1759195178747177,
                     'log_rho_p95': 0.3297734260559082,
                     'reverse_kl': 0.01800079271197319,
                     'target': None,
                     'vtrace_rho_clipped_fraction': 0.4296875},
 'Entropy': {'cart': -0.0,
             'city_tile': 0.17561928927898407,
             'overall': 0.7029071897268295,
             'worker': 0.5272879004478455},
 'Env': {'carts_final': nan,
         'carts_peak': nan,
         'city_tiles_final': nan,
         'city_tiles_peak': nan,
         'max_cumulative_rewards': nan,
         'mean_cumulative_reward_magnitudes': nan,
         'mean_cumulative_rewards': nan,
         'research_points': nan,
         'separate_cities_final': nan,
         'separate_cities_peak': nan,
         'step': nan,
         'workers_final': nan,
         'workers_peak': nan},
 'Gradient': {'clipped': 1.0, 'norm_before_clip': 59.21065902709961},
 'Intent': {'accuracy': nan,
            'target_build': 0,
            'target_deliver': 0,
            'target_mine': 0,
            'target_return': 0},
 'Loss': {'baseline_loss': 0.11138870567083359,
          'behavior_kl_loss': 0.0,
          'entropy_loss': -0.04457007348537445,
          'intent_aux_loss': 0.0,
          'rule_aux_loss': 0.0,
          'teacher_baseline_loss': 0.0,
          'teacher_kl_loss': 0.0,
          'total_loss': 7.814210414886475,
          'upgo_pg_loss': 5.2303266525268555,
          'vtrace_pg_loss': 2.5170650482177734},
 'Misc': {'actor_policy_tta_rot180': 1.0,
          'league_opponents': {'first_place': 0.5, 'selfplay': 0.5},
          'learning_rate': 4.7278688000000006e-05,
          'teacher_kl_cost': 0.0,
          'teacher_policy_tta_rot180': 1.0,
          'total_games_played': 171},
 'Normalized_Entropy': {'cart': 0.0,
                        'city_tile': 0.24093453586101532,
                        'overall': 0.3138635786771774,
                        'worker': 0.33589422702789307},
 'Teacher_KL_Divergence': {'cart': 0.0,
                           'city_tile': 0.0,
                           'overall': 0.0,
                           'worker': 0.0},
 'Value': {'bias': 6.51925802230835e-09,
           'explained_variance': 0.9917116761207581,
           'support_outside_fraction': 0.0,
           'target_std': 0.46322259306907654}}[0m
[[36m2026-08-16 11:22:28,957[0m][[34mroot[0m][[32mINFO[0m] - Steps 55552 @ 102.3 SPS / 1.6 BPS. Stats:
{'Actions': {'cart': {'MOVE': 0.5, 'NO-OP': 0.5, 'TRANSFER': 0.0},
             'city_tile': {'BUILD_CART': 0.00013049151805132666,
                           'BUILD_WORKER': 0.0058721183123097,
                           'NO-OP': 0.9816441931274467,
                           'RESEARCH': 0.012353197042192258},
             'worker': {'BUILD_CITY': 0.032832498608792435,
                        'MOVE': 0.30564830272676685,
                        'NO-OP': 0.656093489148581,
                        'PILLAGE': 0.0,
                        'TRANSFER': 0.005425709515859766}},
 'Active_Entities': {'cart': 0, 'city_tile': 186, 'worker': 402},
 'Behavior_Policy': {'actor_version_max': 55296,
                     'actor_version_min': 54784,
                     'beta': 0.0,
                     'buffer_lag_max': 704,
                     'ema_kl': None,
                     'forward_kl': 0.01581629365682602,
                     'learner_version': 55488,
                     'log_rho_max': 1.1067476272583008,
                     'log_rho_mean': -0.03259081393480301,
                     'log_rho_p95': 0.49749723076820374,
                     'reverse_kl': 0.014864858239889145,
                     'target': None,
                     'vtrace_rho_clipped_fraction': 0.4609375},
 'Entropy': {'cart': -0.0,
             'city_tile': 0.2408754527568817,
             'overall': 0.8145875632762909,
             'worker': 0.5737121105194092},
 'Env': {'carts_final': 0.0,
         'carts_peak': 0.5,
         'city_tiles_final': 35.0,
         'city_tiles_peak': 76.0,
         'max_cumulative_rewards': 1.0,
         'mean_cumulative_reward_magnitudes': 1.0,
         'mean_cumulative_rewards': 0.0,
         'research_points': 142.0,
         'separate_cities_final': 6.5,
         'separate_cities_peak': 24.0,
         'step': 361.0,
         'workers_final': 24.5,
         'workers_peak': 41.5},
 'Gradient': {'clipped': 1.0, 'norm_before_clip': 52.65874099731445},
 'Intent': {'accuracy': nan,
            'target_build': 0,
            'target_deliver': 0,
            'target_mine': 0,
            'target_return': 0},
 'Loss': {'baseline_loss': 0.686150312423706,
          'behavior_kl_loss': 0.0,
          'entropy_loss': -0.05508701503276825,
          'intent_aux_loss': 0.0,
          'rule_aux_loss': 0.0,
          'teacher_baseline_loss': 0.0,
          'teacher_kl_loss': 0.0,
          'total_loss': 1.7896651029586792,
          'upgo_pg_loss': 3.8286938667297363,
          'vtrace_pg_loss': -2.6700921058654785},
 'Misc': {'actor_policy_tta_rot180': 1.0,
          'league_opponents': {'first_place': 0.5, 'selfplay': 0.5},
          'learning_rate': 4.7253344e-05,
          'teacher_kl_cost': 0.0,
          'teacher_policy_tta_rot180': 1.0,
          'total_games_played': 174},
 'Normalized_Entropy': {'cart': 0.0,
                        'city_tile': 0.2998449206352234,
                        'overall': 0.3441794353480242,
                        'worker': 0.36469241976737976},
 'Teacher_KL_Divergence': {'cart': 0.0,
                           'city_tile': 0.0,
                           'overall': 0.0,
                           'worker': 0.0},
 'Value': {'bias': -6.984919309616089e-10,
           'explained_variance': 0.9164344072341919,
           'support_outside_fraction': 0.0,
           'target_std': 0.49372127652168274}}[0m
[[36m2026-08-16 11:22:33,963[0m][[34mroot[0m][[32mINFO[0m] - Steps 56064 @ 102.3 SPS / 1.6 BPS. Stats:
{'Actions': {'cart': {'MOVE': 0.5785123966942148,
                      'NO-OP': 0.4214876033057851,
                      'TRANSFER': 0.0},
             'city_tile': {'BUILD_CART': 0.002456625211116229,
                           'BUILD_WORKER': 0.015200368493781667,
                           'NO-OP': 0.9051128512206357,
                           'RESEARCH': 0.07723015507446646},
             'worker': {'BUILD_CITY': 0.011978178368121442,
                        'MOVE': 0.41627134724857684,
                        'NO-OP': 0.547438330170778,
                        'PILLAGE': 0.00011859582542694497,
                        'TRANSFER': 0.024193548387096774}},
 'Active_Entities': {'cart': 0, 'city_tile': 115, 'worker': 331},
 'Behavior_Policy': {'actor_version_max': 55808,
                     'actor_version_min': 55296,
                     'beta': 0.0,
                     'buffer_lag_max': 704,
                     'ema_kl': None,
                     'forward_kl': 0.01905173435807228,
                     'learner_version': 56000,
                     'log_rho_max': 1.5449342727661133,
                     'log_rho_mean': -0.05744947865605354,
                     'log_rho_p95': 0.5390166640281677,
                     'reverse_kl': 0.01817554607987404,
                     'target': None,
                     'vtrace_rho_clipped_fraction': 0.2734375},
 'Entropy': {'cart': -0.0,
             'city_tile': 0.27139246463775635,
             'overall': 0.6700532138347626,
             'worker': 0.3986607491970062},
 'Env': {'carts_final': 0.0,
         'carts_peak': 1.0,
         'city_tiles_final': 9.5,
         'city_tiles_peak': 14.0,
         'max_cumulative_rewards': 1.0,
         'mean_cumulative_reward_magnitudes': 1.0,
         'mean_cumulative_rewards': 0.0,
         'research_points': 125.75,
         'separate_cities_final': 1.5,
         'separate_cities_peak': 4.5,
         'step': 361.0,
         'workers_final': 6.0,
         'workers_peak': 10.25},
 'Gradient': {'clipped': 1.0, 'norm_before_clip': 89.96520233154297},
 'Intent': {'accuracy': nan,
            'target_build': 0,
            'target_deliver': 0,
            'target_mine': 0,
            'target_return': 0},
 'Loss': {'baseline_loss': 2.278721570968628,
          'behavior_kl_loss': 0.0,
          'entropy_loss': -0.03263336792588234,
          'intent_aux_loss': 0.0,
          'rule_aux_loss': 0.0,
          'teacher_baseline_loss': 0.0,
          'teacher_kl_loss': 0.0,
          'total_loss': 11.166865348815918,
          'upgo_pg_loss': 7.387902736663818,
          'vtrace_pg_loss': 1.5328749418258667},
 'Misc': {'actor_policy_tta_rot180': 1.0,
          'league_opponents': {'first_place': 0.65625, 'selfplay': 0.34375},
          'learning_rate': 4.7228e-05,
          'teacher_kl_cost': 0.0,
          'teacher_policy_tta_rot180': 1.0,
          'total_games_played': 179},
 'Normalized_Entropy': {'cart': 0.0,
                        'city_tile': 0.3483413755893707,
                        'overall': 0.28060374886732997,
                        'worker': 0.25706952810287476},
 'Teacher_KL_Divergence': {'cart': 0.0,
                           'city_tile': 0.0,
                           'overall': 0.0,
                           'worker': 0.0},
 'Value': {'bias': -3.026798367500305e-09,
           'explained_variance': 0.7584784030914307,
           'support_outside_fraction': 0.0,
           'target_std': 0.42943623661994934}}[0m
[[36m2026-08-16 11:22:38,969[0m][[34mroot[0m][[32mINFO[0m] - Steps 56512 @ 89.5 SPS / 1.4 BPS. Stats:
{'Actions': {'cart': {'MOVE': nan, 'NO-OP': nan, 'TRANSFER': nan},
             'city_tile': {'BUILD_CART': nan,
                           'BUILD_WORKER': nan,
                           'NO-OP': nan,
                           'RESEARCH': nan},
             'worker': {'BUILD_CITY': nan,
                        'MOVE': nan,
                        'NO-OP': nan,
                        'PILLAGE': nan,
                        'TRANSFER': nan}},
 'Active_Entities': {'cart': 28, 'city_tile': 318, 'worker': 351},
 'Behavior_Policy': {'actor_version_max': 56320,
                     'actor_version_min': 55808,
                     'beta': 0.0,
                     'buffer_lag_max': 640,
                     'ema_kl': None,
                     'forward_kl': 0.06211321800947189,
                     'learner_version': 56448,
                     'log_rho_max': 0.7943859100341797,
                     'log_rho_mean': -0.18052184581756592,
                     'log_rho_p95': 0.4188718795776367,
                     'reverse_kl': 0.05709089711308479,
                     'target': None,
                     'vtrace_rho_clipped_fraction': 0.171875},
 'Entropy': {'cart': 1.3207849264144897,
             'city_tile': 0.1431853175163269,
             'overall': 2.68644255399704,
             'worker': 1.2224723100662231},
 'Env': {'carts_final': nan,
         'carts_peak': nan,
         'city_tiles_final': nan,
         'city_tiles_peak': nan,
         'max_cumulative_rewards': nan,
         'mean_cumulative_reward_magnitudes': nan,
         'mean_cumulative_rewards': nan,
         'research_points': nan,
         'separate_cities_final': nan,
         'separate_cities_peak': nan,
         'step': nan,
         'workers_final': nan,
         'workers_peak': nan},
 'Gradient': {'clipped': 1.0, 'norm_before_clip': 37.80571746826172},
 'Intent': {'accuracy': nan,
            'target_build': 0,
            'target_deliver': 0,
            'target_mine': 0,
            'target_return': 0},
 'Loss': {'baseline_loss': 0.22783592343330383,
          'behavior_kl_loss': 0.0,
          'entropy_loss': -0.10232053697109222,
          'intent_aux_loss': 0.0,
          'rule_aux_loss': 0.0,
          'teacher_baseline_loss': 0.0,
          'teacher_kl_loss': 0.0,
          'total_loss': 4.461549282073975,
          'upgo_pg_loss': 3.394707679748535,
          'vtrace_pg_loss': 0.9413262605667114},
 'Misc': {'actor_policy_tta_rot180': 1.0,
          'league_opponents': {'first_place': 1.0, 'selfplay': 0.0},
          'learning_rate': 4.720582400000001e-05,
          'teacher_kl_cost': 0.0,
          'teacher_policy_tta_rot180': 1.0,
          'total_games_played': 183},
 'Normalized_Entropy': {'cart': 0.8410673141479492,
                        'city_tile': 0.20274057984352112,
                        'overall': 0.5121436723677637,
                        'worker': 0.7662186622619629},
 'Teacher_KL_Divergence': {'cart': 0.0,
                           'city_tile': 0.0,
                           'overall': 0.0,
                           'worker': 0.0},
 'Value': {'bias': 7.8580342233181e-10,
           'explained_variance': 0.9651265740394592,
           'support_outside_fraction': 0.0,
           'target_std': 0.45184415578842163}}[0m
[[36m2026-08-16 11:22:43,975[0m][[34mroot[0m][[32mINFO[0m] - Steps 56960 @ 89.5 SPS / 1.4 BPS. Stats:
{'Actions': {'cart': {'MOVE': nan, 'NO-OP': nan, 'TRANSFER': nan},
             'city_tile': {'BUILD_CART': 0.0,
                           'BUILD_WORKER': 0.023099133782483156,
                           'NO-OP': 0.9608598010907924,
                           'RESEARCH': 0.016041065126724416},
             'worker': {'BUILD_CITY': 0.06861156131820638,
                        'MOVE': 0.5872501350621285,
                        'NO-OP': 0.3333333333333333,
                        'PILLAGE': 0.0,
                        'TRANSFER': 0.010804970286331712}},
 'Active_Entities': {'cart': 1, 'city_tile': 196, 'worker': 279},
 'Behavior_Policy': {'actor_version_max': 56832,
                     'actor_version_min': 56320,
                     'beta': 0.0,
                     'buffer_lag_max': 576,
                     'ema_kl': None,
                     'forward_kl': 0.031204532831907272,
                     'learner_version': 56896,
                     'log_rho_max': 0.9497308731079102,
                     'log_rho_mean': -0.06733773648738861,
                     'log_rho_p95': 0.5670846104621887,
                     'reverse_kl': 0.02586366795003414,
                     'target': None,
                     'vtrace_rho_clipped_fraction': 0.296875},
 'Entropy': {'cart': 1.3653351068496704,
             'city_tile': 0.27848362922668457,
             'overall': 2.441273272037506,
             'worker': 0.7974545359611511},
 'Env': {'carts_final': 0.0,
         'carts_peak': 0.0,
         'city_tiles_final': 14.0,
         'city_tiles_peak': 46.0,
         'max_cumulative_rewards': 1.0,
         'mean_cumulative_reward_magnitudes': 1.0,
         'mean_cumulative_rewards': 0.0,
         'research_points': 25.0,
         'separate_cities_final': 1.5,
         'separate_cities_peak': 13.0,
         'step': 114.0,
         'workers_final': 16.0,
         'workers_peak': 22.5},
 'Gradient': {'clipped': 1.0, 'norm_before_clip': 68.90950012207031},
 'Intent': {'accuracy': nan,
            'target_build': 0,
            'target_deliver': 0,
            'target_mine': 0,
            'target_return': 0},
 'Loss': {'baseline_loss': 0.40737131237983704,
          'behavior_kl_loss': 0.0,
          'entropy_loss': -0.055687591433525085,
          'intent_aux_loss': 0.0,
          'rule_aux_loss': 0.0,
          'teacher_baseline_loss': 0.0,
          'teacher_kl_loss': 0.0,
          'total_loss': -3.886061668395996,
          'upgo_pg_loss': 3.8285253047943115,
          'vtrace_pg_loss': -8.06627082824707},
 'Misc': {'actor_policy_tta_rot180': 1.0,
          'league_opponents': {'first_place': 0.75, 'selfplay': 0.25},
          'learning_rate': 4.7183648000000005e-05,
          'teacher_kl_cost': 0.0,
          'teacher_policy_tta_rot180': 1.0,
          'total_games_played': 186},
 'Normalized_Entropy': {'cart': 0.8483303785324097,
                        'city_tile': 0.26951128244400024,
                        'overall': 0.4031416617271279,
                        'worker': 0.4954225420951843},
 'Teacher_KL_Divergence': {'cart': 0.0,
                           'city_tile': 0.0,
                           'overall': 0.0,
                           'worker': 0.0},
 'Value': {'bias': 8.789356797933578e-09,
           'explained_variance': 0.959416389465332,
           'support_outside_fraction': 0.0,
           'target_std': 0.538408100605011}}[0m
[[36m2026-08-16 11:22:48,981[0m][[34mroot[0m][[32mINFO[0m] - Steps 57344 @ 76.7 SPS / 1.2 BPS. Stats:
{'Actions': {'cart': {'MOVE': nan, 'NO-OP': nan, 'TRANSFER': nan},
             'city_tile': {'BUILD_CART': nan,
                           'BUILD_WORKER': nan,
                           'NO-OP': nan,
                           'RESEARCH': nan},
             'worker': {'BUILD_CITY': nan,
                        'MOVE': nan,
                        'NO-OP': nan,
                        'PILLAGE': nan,
                        'TRANSFER': nan}},
 'Active_Entities': {'cart': 7, 'city_tile': 165, 'worker': 501},
 'Behavior_Policy': {'actor_version_max': 57088,
                     'actor_version_min': 56576,
                     'beta': 0.0,
                     'buffer_lag_max': 704,
                     'ema_kl': None,
                     'forward_kl': 0.02073541097342968,
                     'learner_version': 57280,
                     'log_rho_max': 1.4276609420776367,
                     'log_rho_mean': -0.13818317651748657,
                     'log_rho_p95': 0.3253260850906372,
                     'reverse_kl': 0.01994980312883854,
                     'target': None,
                     'vtrace_rho_clipped_fraction': 0.2578125},
 'Entropy': {'cart': 1.2513636350631714,
             'city_tile': 0.27188488841056824,
             'overall': 2.3583405315876007,
             'worker': 0.8350920081138611},
 'Env': {'carts_final': nan,
         'carts_peak': nan,
         'city_tiles_final': nan,
         'city_tiles_peak': nan,
         'max_cumulative_rewards': nan,
         'mean_cumulative_reward_magnitudes': nan,
         'mean_cumulative_rewards': nan,
         'research_points': nan,
         'separate_cities_final': nan,
         'separate_cities_peak': nan,
         'step': nan,
         'workers_final': nan,
         'workers_peak': nan},
 'Gradient': {'clipped': 1.0, 'norm_before_clip': 92.75177001953125},
 'Intent': {'accuracy': nan,
            'target_build': 0,
            'target_deliver': 0,
            'target_mine': 0,
            'target_return': 0},
 'Loss': {'baseline_loss': 0.22810441255569458,
          'behavior_kl_loss': 0.0,
          'entropy_loss': -0.0944003239274025,
          'intent_aux_loss': 0.0,
          'rule_aux_loss': 0.0,
          'teacher_baseline_loss': 0.0,
          'teacher_kl_loss': 0.0,
          'total_loss': 22.610774993896484,
          'upgo_pg_loss': 21.018779754638672,
          'vtrace_pg_loss': 1.4582916498184204},
 'Misc': {'actor_policy_tta_rot180': 1.0,
          'league_opponents': {'first_place': 0.75, 'selfplay': 0.25},
          'learning_rate': 4.716464e-05,
          'teacher_kl_cost': 0.0,
          'teacher_policy_tta_rot180': 1.0,
          'total_games_played': 186},
 'Normalized_Entropy': {'cart': 0.7920119166374207,
                        'city_tile': 0.2819429934024811,
                        'overall': 0.47542640008862624,
                        'worker': 0.5347251296043396},
 'Teacher_KL_Divergence': {'cart': 0.0,
                           'city_tile': 0.0,
                           'overall': 0.0,
                           'worker': 0.0},
 'Value': {'bias': -1.0244548320770264e-08,
           'explained_variance': 0.9854495525360107,
           'support_outside_fraction': 0.0,
           'target_std': 0.5313748717308044}}[0m
[[36m2026-08-16 11:22:53,986[0m][[34mroot[0m][[32mINFO[0m] - Steps 57856 @ 102.3 SPS / 1.6 BPS. Stats:
{'Actions': {'cart': {'MOVE': 0.6666666666666666,
                      'NO-OP': 0.3333333333333333,
                      'TRANSFER': 0.0},
             'city_tile': {'BUILD_CART': 0.0012963117838922806,
                           'BUILD_WORKER': 0.007736054194195869,
                           'NO-OP': 0.9803880572049846,
                           'RESEARCH': 0.010579576816927323},
             'worker': {'BUILD_CITY': 0.031939389437718194,
                        'MOVE': 0.3328381490009656,
                        'NO-OP': 0.6253435341305801,
                        'PILLAGE': 0.00037138824927579294,
                        'TRANSFER': 0.009507539181460299}},
 'Active_Entities': {'cart': 0, 'city_tile': 107, 'worker': 395},
 'Behavior_Policy': {'actor_version_max': 57600,
                     'actor_version_min': 57088,
                     'beta': 0.0,
                     'buffer_lag_max': 704,
                     'ema_kl': None,
                     'forward_kl': 0.04561039060354233,
                     'learner_version': 57792,
                     'log_rho_max': 0.9396095275878906,
                     'log_rho_mean': -0.051251161843538284,
                     'log_rho_p95': 0.6426267623901367,
                     'reverse_kl': 0.045145049691200256,
                     'target': None,
                     'vtrace_rho_clipped_fraction': 0.2421875},
 'Entropy': {'cart': -0.0,
             'city_tile': 0.4773043990135193,
             'overall': 1.2859527468681335,
             'worker': 0.8086483478546143},
 'Env': {'carts_final': 0.0,
         'carts_peak': 5.5,
         'city_tiles_final': 47.0,
         'city_tiles_peak': 78.5,
         'max_cumulative_rewards': 1.0,
         'mean_cumulative_reward_magnitudes': 1.0,
         'mean_cumulative_rewards': 0.0,
         'research_points': 126.5,
         'separate_cities_final': 4.5,
         'separate_cities_peak': 20.5,
         'step': 361.0,
         'workers_final': 22.5,
         'workers_peak': 41.5},
 'Gradient': {'clipped': 1.0, 'norm_before_clip': 140.63168334960938},
 'Intent': {'accuracy': nan,
            'target_build': 0,
            'target_deliver': 0,
            'target_mine': 0,
            'target_return': 0},
 'Loss': {'baseline_loss': 1.3064801692962646,
          'behavior_kl_loss': 0.0,
          'entropy_loss': -0.07409752905368805,
          'intent_aux_loss': 0.0,
          'rule_aux_loss': 0.0,
          'teacher_baseline_loss': 0.0,
          'teacher_kl_loss': 0.0,
          'total_loss': 34.30778503417969,
          'upgo_pg_loss': 26.702392578125,
          'vtrace_pg_loss': 6.373008728027344},
 'Misc': {'actor_policy_tta_rot180': 1.0,
          'league_opponents': {'first_place': 0.75, 'selfplay': 0.25},
          'learning_rate': 4.7139296e-05,
          'teacher_kl_cost': 0.0,
          'teacher_policy_tta_rot180': 1.0,
          'total_games_played': 188},
 'Normalized_Entropy': {'cart': 0.0,
                        'city_tile': 0.45590144395828247,
                        'overall': 0.5004338099662051,
                        'worker': 0.5124970078468323},
 'Teacher_KL_Divergence': {'cart': 0.0,
                           'city_tile': 0.0,
                           'overall': 0.0,
                           'worker': 0.0},
 'Value': {'bias': -6.984919309616089e-10,
           'explained_variance': 0.8987555503845215,
           'support_outside_fraction': 0.0,
           'target_std': 0.5502272844314575}}[0m
[[36m2026-08-16 11:22:58,991[0m][[34mroot[0m][[32mINFO[0m] - Steps 58304 @ 89.5 SPS / 1.4 BPS. Stats:
{'Actions': {'cart': {'MOVE': nan, 'NO-OP': nan, 'TRANSFER': nan},
             'city_tile': {'BUILD_CART': nan,
                           'BUILD_WORKER': nan,
                           'NO-OP': nan,
                           'RESEARCH': nan},
             'worker': {'BUILD_CITY': nan,
                        'MOVE': nan,
                        'NO-OP': nan,
                        'PILLAGE': nan,
                        'TRANSFER': nan}},
 'Active_Entities': {'cart': 6, 'city_tile': 459, 'worker': 580},
 'Behavior_Policy': {'actor_version_max': 58112,
                     'actor_version_min': 57600,
                     'beta': 0.0,
                     'buffer_lag_max': 640,
                     'ema_kl': None,
                     'forward_kl': 0.01995324343442917,
                     'learner_version': 58240,
                     'log_rho_max': 1.5053129196166992,
                     'log_rho_mean': -0.2654445469379425,
                     'log_rho_p95': 0.367890864610672,
                     'reverse_kl': 0.020280135795474052,
                     'target': None,
                     'vtrace_rho_clipped_fraction': 0.171875},
 'Entropy': {'cart': 1.3027244806289673,
             'city_tile': 0.10814671963453293,
             'overall': 2.116494171321392,
             'worker': 0.7056229710578918},
 'Env': {'carts_final': nan,
         'carts_peak': nan,
         'city_tiles_final': nan,
         'city_tiles_peak': nan,
         'max_cumulative_rewards': nan,
         'mean_cumulative_reward_magnitudes': nan,
         'mean_cumulative_rewards': nan,
         'research_points': nan,
         'separate_cities_final': nan,
         'separate_cities_peak': nan,
         'step': nan,
         'workers_final': nan,
         'workers_peak': nan},
 'Gradient': {'clipped': 1.0, 'norm_before_clip': 22.63630485534668},
 'Intent': {'accuracy': nan,
            'target_build': 0,
            'target_deliver': 0,
            'target_mine': 0,
            'target_return': 0},
 'Loss': {'baseline_loss': 0.026508914306759834,
          'behavior_kl_loss': 0.0,
          'entropy_loss': -0.09334340691566467,
          'intent_aux_loss': 0.0,
          'rule_aux_loss': 0.0,
          'teacher_baseline_loss': 0.0,
          'teacher_kl_loss': 0.0,
          'total_loss': 4.662813186645508,
          'upgo_pg_loss': 4.312145233154297,
          'vtrace_pg_loss': 0.4175024628639221},
 'Misc': {'actor_policy_tta_rot180': 1.0,
          'league_opponents': {'first_place': 0.75, 'selfplay': 0.25},
          'learning_rate': 4.7117120000000005e-05,
          'teacher_kl_cost': 0.0,
          'teacher_policy_tta_rot180': 1.0,
          'total_games_played': 188},
 'Normalized_Entropy': {'cart': 0.8287324905395508,
                        'city_tile': 0.12180881947278976,
                        'overall': 0.31797775661118294,
                        'worker': 0.4679381251335144},
 'Teacher_KL_Divergence': {'cart': 0.0,
                           'city_tile': 0.0,
                           'overall': 0.0,
                           'worker': 0.0},
 'Value': {'bias': -2.735760062932968e-09,
           'explained_variance': 0.9980257153511047,
           'support_outside_fraction': 0.0,
           'target_std': 0.6044536828994751}}[0m
[[36m2026-08-16 11:23:03,996[0m][[34mroot[0m][[32mINFO[0m] - Steps 58688 @ 76.7 SPS / 1.2 BPS. Stats:
{'Actions': {'cart': {'MOVE': nan, 'NO-OP': nan, 'TRANSFER': nan},
             'city_tile': {'BUILD_CART': nan,
                           'BUILD_WORKER': nan,
                           'NO-OP': nan,
                           'RESEARCH': nan},
             'worker': {'BUILD_CITY': nan,
                        'MOVE': nan,
                        'NO-OP': nan,
                        'PILLAGE': nan,
                        'TRANSFER': nan}},
 'Active_Entities': {'cart': 28, 'city_tile': 117, 'worker': 320},
 'Behavior_Policy': {'actor_version_max': 58624,
                     'actor_version_min': 58112,
                     'beta': 0.0,
                     'buffer_lag_max': 512,
                     'ema_kl': None,
                     'forward_kl': 0.02752634882926941,
                     'learner_version': 58624,
                     'log_rho_max': 1.1104469299316406,
                     'log_rho_mean': -0.05686572194099426,
                     'log_rho_p95': 0.4727509915828705,
                     'reverse_kl': 0.030255313962697983,
                     'target': None,
                     'vtrace_rho_clipped_fraction': 0.1953125},
 'Entropy': {'cart': 1.2141402959823608,
             'city_tile': 0.7983519434928894,
             'overall': 2.8044952154159546,
             'worker': 0.7920029759407043},
 'Env': {'carts_final': nan,
         'carts_peak': nan,
         'city_tiles_final': nan,
         'city_tiles_peak': nan,
         'max_cumulative_rewards': nan,
         'mean_cumulative_reward_magnitudes': nan,
         'mean_cumulative_rewards': nan,
         'research_points': nan,
         'separate_cities_final': nan,
         'separate_cities_peak': nan,
         'step': nan,
         'workers_final': nan,
         'workers_peak': nan},
 'Gradient': {'clipped': 1.0, 'norm_before_clip': 75.22798919677734},
 'Intent': {'accuracy': nan,
            'target_build': 0,
            'target_deliver': 0,
            'target_mine': 0,
            'target_return': 0},
 'Loss': {'baseline_loss': 0.2717173993587494,
          'behavior_kl_loss': 0.0,
          'entropy_loss': -0.07616881281137466,
          'intent_aux_loss': 0.0,
          'rule_aux_loss': 0.0,
          'teacher_baseline_loss': 0.0,
          'teacher_kl_loss': 0.0,
          'total_loss': 11.817009925842285,
          'upgo_pg_loss': 13.599738121032715,
          'vtrace_pg_loss': -1.978276014328003},
 'Misc': {'actor_policy_tta_rot180': 1.0,
          'league_opponents': {'first_place': 1.0, 'selfplay': 0.0},
          'learning_rate': 4.7098112e-05,
          'teacher_kl_cost': 0.0,
          'teacher_policy_tta_rot180': 1.0,
          'total_games_played': 189},
 'Normalized_Entropy': {'cart': 0.8258360624313354,
                        'city_tile': 0.7761315703392029,
                        'overall': 0.639740700234649,
                        'worker': 0.5735894441604614},
 'Teacher_KL_Divergence': {'cart': 0.0,
                           'city_tile': 0.0,
                           'overall': 0.0,
                           'worker': 0.0},
 'Value': {'bias': 8.614733815193176e-09,
           'explained_variance': 0.9723107814788818,
           'support_outside_fraction': 0.0,
           'target_std': 0.5537688136100769}}[0m
[[36m2026-08-16 11:23:09,001[0m][[34mroot[0m][[32mINFO[0m] - Steps 59136 @ 89.5 SPS / 1.4 BPS. Stats:
{'Actions': {'cart': {'MOVE': nan, 'NO-OP': nan, 'TRANSFER': nan},
             'city_tile': {'BUILD_CART': 0.0,
                           'BUILD_WORKER': 0.022661870503597123,
                           'NO-OP': 0.9640287769784173,
                           'RESEARCH': 0.013309352517985611},
             'worker': {'BUILD_CITY': 0.04754186925985954,
                        'MOVE': 0.6272285251215559,
                        'NO-OP': 0.31280388978930307,
                        'PILLAGE': 0.0,
                        'TRANSFER': 0.01242571582928147}},
 'Active_Entities': {'cart': 103, 'city_tile': 441, 'worker': 669},
 'Behavior_Policy': {'actor_version_max': 58880,
                     'actor_version_min': 58368,
                     'beta': 0.0,
                     'buffer_lag_max': 704,
                     'ema_kl': None,
                     'forward_kl': 0.013124922290444374,
                     'learner_version': 59072,
                     'log_rho_max': 0.691802978515625,
                     'log_rho_mean': -0.20307818055152893,
                     'log_rho_p95': 0.2976938784122467,
                     'reverse_kl': 0.013012801297008991,
                     'target': None,
                     'vtrace_rho_clipped_fraction': 0.15625},
 'Entropy': {'cart': 1.452247142791748,
             'city_tile': 0.24199996888637543,
             'overall': 3.0670574754476547,
             'worker': 1.3728103637695312},
 'Env': {'carts_final': 0.0,
         'carts_peak': 0.0,
         'city_tiles_final': 31.5,
         'city_tiles_peak': 38.0,
         'max_cumulative_rewards': 1.0,
         'mean_cumulative_reward_magnitudes': 1.0,
         'mean_cumulative_rewards': 0.0,
         'research_points': 18.5,
         'separate_cities_final': 2.5,
         'separate_cities_peak': 8.5,
         'step': 115.0,
         'workers_final': 16.5,
         'workers_peak': 20.0},
 'Gradient': {'clipped': 1.0, 'norm_before_clip': 40.66756820678711},
 'Intent': {'accuracy': nan,
            'target_build': 0,
            'target_deliver': 0,
            'target_mine': 0,
            'target_return': 0},
 'Loss': {'baseline_loss': 0.20295937359333038,
          'behavior_kl_loss': 0.0,
          'entropy_loss': -0.2349427193403244,
          'intent_aux_loss': 0.0,
          'rule_aux_loss': 0.0,
          'teacher_baseline_loss': 0.0,
          'teacher_kl_loss': 0.0,
          'total_loss': 3.2732691764831543,
          'upgo_pg_loss': 9.161192893981934,
          'vtrace_pg_loss': -5.855940341949463},
 'Misc': {'actor_policy_tta_rot180': 1.0,
          'league_opponents': {'first_place': 0.75, 'selfplay': 0.25},
          'learning_rate': 4.7075936000000006e-05,
          'teacher_kl_cost': 0.0,
          'teacher_policy_tta_rot180': 1.0,
          'total_games_played': 191},
 'Normalized_Entropy': {'cart': 0.9158664345741272,
                        'city_tile': 0.280765175819397,
                        'overall': 0.6606723649484111,
                        'worker': 0.871814489364624},
 'Teacher_KL_Divergence': {'cart': 0.0,
                           'city_tile': 0.0,
                           'overall': 0.0,
                           'worker': 0.0},
 'Value': {'bias': -8.614733815193176e-09,
           'explained_variance': 0.986803412437439,
           'support_outside_fraction': 0.0,
           'target_std': 0.6909987926483154}}[0m
[[36m2026-08-16 11:23:14,006[0m][[34mroot[0m][[32mINFO[0m] - Steps 59648 @ 102.3 SPS / 1.6 BPS. Stats:
{'Actions': {'cart': {'MOVE': nan, 'NO-OP': nan, 'TRANSFER': nan},
             'city_tile': {'BUILD_CART': nan,
                           'BUILD_WORKER': nan,
                           'NO-OP': nan,
                           'RESEARCH': nan},
             'worker': {'BUILD_CITY': nan,
                        'MOVE': nan,
                        'NO-OP': nan,
                        'PILLAGE': nan,
                        'TRANSFER': nan}},
 'Active_Entities': {'cart': 96, 'city_tile': 420, 'worker': 539},
 'Behavior_Policy': {'actor_version_max': 59392,
                     'actor_version_min': 58880,
                     'beta': 0.0,
                     'buffer_lag_max': 704,
                     'ema_kl': None,
                     'forward_kl': 0.03673028573393822,
                     'learner_version': 59584,
                     'log_rho_max': 1.199045181274414,
                     'log_rho_mean': -0.12038692831993103,
                     'log_rho_p95': 0.5337516069412231,
                     'reverse_kl': 0.03903723880648613,
                     'target': None,
                     'vtrace_rho_clipped_fraction': 0.1953125},
 'Entropy': {'cart': 1.422620415687561,
             'city_tile': 0.3710858225822449,
             'overall': 2.937699854373932,
             'worker': 1.143993616104126},
 'Env': {'carts_final': nan,
         'carts_peak': nan,
         'city_tiles_final': nan,
         'city_tiles_peak': nan,
         'max_cumulative_rewards': nan,
         'mean_cumulative_reward_magnitudes': nan,
         'mean_cumulative_rewards': nan,
         'research_points': nan,
         'separate_cities_final': nan,
         'separate_cities_peak': nan,
         'step': nan,
         'workers_final': nan,
         'workers_peak': nan},
 'Gradient': {'clipped': 1.0, 'norm_before_clip': 71.65287017822266},
 'Intent': {'accuracy': nan,
            'target_build': 0,
            'target_deliver': 0,
            'target_mine': 0,
            'target_return': 0},
 'Loss': {'baseline_loss': 0.24194809794425964,
          'behavior_kl_loss': 0.0,
          'entropy_loss': -0.18180802464485168,
          'intent_aux_loss': 0.0,
          'rule_aux_loss': 0.0,
          'teacher_baseline_loss': 0.0,
          'teacher_kl_loss': 0.0,
          'total_loss': -20.457435607910156,
          'upgo_pg_loss': 11.146933555603027,
          'vtrace_pg_loss': -31.664508819580078},
 'Misc': {'actor_policy_tta_rot180': 1.0,
          'league_opponents': {'first_place': 0.75, 'selfplay': 0.25},
          'learning_rate': 4.7050592000000005e-05,
          'teacher_kl_cost': 0.0,
          'teacher_policy_tta_rot180': 1.0,
          'total_games_played': 194},
 'Normalized_Entropy': {'cart': 0.9040295481681824,
                        'city_tile': 0.33489298820495605,
                        'overall': 0.5839428240089055,
                        'worker': 0.7209977507591248},
 'Teacher_KL_Divergence': {'cart': 0.0,
                           'city_tile': 0.0,
                           'overall': 0.0,
                           'worker': 0.0},
 'Value': {'bias': 1.3271346688270569e-08,
           'explained_variance': 0.9767822027206421,
           'support_outside_fraction': 0.0,
           'target_std': 0.5687557458877563}}[0m
[[36m2026-08-16 11:23:19,010[0m][[34mroot[0m][[32mINFO[0m] - Steps 60160 @ 102.3 SPS / 1.6 BPS. Stats:
{'Actions': {'cart': {'MOVE': nan, 'NO-OP': nan, 'TRANSFER': nan},
             'city_tile': {'BUILD_CART': nan,
                           'BUILD_WORKER': nan,
                           'NO-OP': nan,
                           'RESEARCH': nan},
             'worker': {'BUILD_CITY': nan,
                        'MOVE': nan,
                        'NO-OP': nan,
                        'PILLAGE': nan,
                        'TRANSFER': nan}},
 'Active_Entities': {'cart': 88, 'city_tile': 218, 'worker': 581},
 'Behavior_Policy': {'actor_version_max': 59904,
                     'actor_version_min': 59392,
                     'beta': 0.0,
                     'buffer_lag_max': 704,
                     'ema_kl': None,
                     'forward_kl': 0.030091775581240654,
                     'learner_version': 60096,
                     'log_rho_max': 1.4653091430664062,
                     'log_rho_mean': -0.2949349880218506,
                     'log_rho_p95': 0.433824747800827,
                     'reverse_kl': 0.027321625500917435,
                     'target': None,
                     'vtrace_rho_clipped_fraction': 0.1953125},
 'Entropy': {'cart': 1.5051658153533936,
             'city_tile': 0.44618040323257446,
             'overall': 3.116067111492157,
             'worker': 1.164720892906189},
 'Env': {'carts_final': nan,
         'carts_peak': nan,
         'city_tiles_final': nan,
         'city_tiles_peak': nan,
         'max_cumulative_rewards': nan,
         'mean_cumulative_reward_magnitudes': nan,
         'mean_cumulative_rewards': nan,
         'research_points': nan,
         'separate_cities_final': nan,
         'separate_cities_peak': nan,
         'step': nan,
         'workers_final': nan,
         'workers_peak': nan},
 'Gradient': {'clipped': 1.0, 'norm_before_clip': 45.54705047607422},
 'Intent': {'accuracy': nan,
            'target_build': 0,
            'target_deliver': 0,
            'target_mine': 0,
            'target_return': 0},
 'Loss': {'baseline_loss': 0.08840667456388474,
          'behavior_kl_loss': 0.0,
          'entropy_loss': -0.18128494918346405,
          'intent_aux_loss': 0.0,
          'rule_aux_loss': 0.0,
          'teacher_baseline_loss': 0.0,
          'teacher_kl_loss': 0.0,
          'total_loss': 1.424977421760559,
          'upgo_pg_loss': 4.627113342285156,
          'vtrace_pg_loss': -3.109257698059082},
 'Misc': {'actor_policy_tta_rot180': 1.0,
          'league_opponents': {'first_place': 0.75, 'selfplay': 0.25},
          'learning_rate': 4.7025247999999996e-05,
          'teacher_kl_cost': 0.0,
          'teacher_policy_tta_rot180': 1.0,
          'total_games_played': 197},
 'Normalized_Entropy': {'cart': 0.9538595080375671,
                        'city_tile': 0.4308033585548401,
                        'overall': 0.6743443225255276,
                        'worker': 0.7233883738517761},
 'Teacher_KL_Divergence': {'cart': 0.0,
                           'city_tile': 0.0,
                           'overall': 0.0,
                           'worker': 0.0},
 'Value': {'bias': 1.9674189388751984e-08,
           'explained_variance': 0.9920353293418884,
           'support_outside_fraction': 0.0,
           'target_std': 0.5826607942581177}}[0m
[[36m2026-08-16 11:23:24,016[0m][[34mroot[0m][[32mINFO[0m] - Steps 60544 @ 76.7 SPS / 1.2 BPS. Stats:
{'Actions': {'cart': {'MOVE': nan, 'NO-OP': nan, 'TRANSFER': nan},
             'city_tile': {'BUILD_CART': 0.0,
                           'BUILD_WORKER': 0.019640479360852198,
                           'NO-OP': 0.9690412782956058,
                           'RESEARCH': 0.011318242343541944},
             'worker': {'BUILD_CITY': 0.06533575317604355,
                        'MOVE': 0.5771324863883848,
                        'NO-OP': 0.3393829401088929,
                        'PILLAGE': 0.0,
                        'TRANSFER': 0.018148820326678767}},
 'Active_Entities': {'cart': 0, 'city_tile': 92, 'worker': 290},
 'Behavior_Policy': {'actor_version_max': 60416,
                     'actor_version_min': 59904,
                     'beta': 0.0,
                     'buffer_lag_max': 576,
                     'ema_kl': None,
                     'forward_kl': 0.05236254259943962,
                     'learner_version': 60480,
                     'log_rho_max': 1.3356752395629883,
                     'log_rho_mean': -0.20471695065498352,
                     'log_rho_p95': 0.41278523206710815,
                     'reverse_kl': 0.06751172989606857,
                     'target': None,
                     'vtrace_rho_clipped_fraction': 0.1328125},
 'Entropy': {'cart': -0.0,
             'city_tile': 0.4970821738243103,
             'overall': 1.4371765851974487,
             'worker': 0.9400944113731384},
 'Env': {'carts_final': 0.0,
         'carts_peak': 0.0,
         'city_tiles_final': 21.0,
         'city_tiles_peak': 43.5,
         'max_cumulative_rewards': 1.0,
         'mean_cumulative_reward_magnitudes': 1.0,
         'mean_cumulative_rewards': 0.0,
         'research_points': 17.0,
         'separate_cities_final': 2.5,
         'separate_cities_peak': 10.0,
         'step': 113.0,
         'workers_final': 15.0,
         'workers_peak': 20.5},
 'Gradient': {'clipped': 1.0, 'norm_before_clip': 55.27532196044922},
 'Intent': {'accuracy': nan,
            'target_build': 0,
            'target_deliver': 0,
            'target_mine': 0,
            'target_return': 0},
 'Loss': {'baseline_loss': 0.2270323783159256,
          'behavior_kl_loss': 0.0,
          'entropy_loss': -0.0636717900633812,
          'intent_aux_loss': 0.0,
          'rule_aux_loss': 0.0,
          'teacher_baseline_loss': 0.0,
          'teacher_kl_loss': 0.0,
          'total_loss': -2.416301727294922,
          'upgo_pg_loss': 1.8549795150756836,
          'vtrace_pg_loss': -4.4346418380737305},
 'Misc': {'actor_policy_tta_rot180': 1.0,
          'league_opponents': {'first_place': 1.0, 'selfplay': 0.0},
          'learning_rate': 4.700624e-05,
          'teacher_kl_cost': 0.0,
          'teacher_policy_tta_rot180': 1.0,
          'total_games_played': 202},
 'Normalized_Entropy': {'cart': 0.0,
                        'city_tile': 0.6172789931297302,
                        'overall': 0.5972677197755943,
                        'worker': 0.5909193158149719},
 'Teacher_KL_Divergence': {'cart': 0.0,
                           'city_tile': 0.0,
                           'overall': 0.0,
                           'worker': 0.0},
 'Value': {'bias': -7.683411240577698e-09,
           'explained_variance': 0.9796667098999023,
           'support_outside_fraction': 0.0,
           'target_std': 0.5906975269317627}}[0m
[[36m2026-08-16 11:23:29,021[0m][[34mroot[0m][[32mINFO[0m] - Steps 60928 @ 76.7 SPS / 1.2 BPS. Stats:
{'Actions': {'cart': {'MOVE': nan, 'NO-OP': nan, 'TRANSFER': nan},
             'city_tile': {'BUILD_CART': nan,
                           'BUILD_WORKER': nan,
                           'NO-OP': nan,
                           'RESEARCH': nan},
             'worker': {'BUILD_CITY': nan,
                        'MOVE': nan,
                        'NO-OP': nan,
                        'PILLAGE': nan,
                        'TRANSFER': nan}},
 'Active_Entities': {'cart': 0, 'city_tile': 452, 'worker': 632},
 'Behavior_Policy': {'actor_version_max': 60672,
                     'actor_version_min': 60160,
                     'beta': 0.0,
                     'buffer_lag_max': 704,
                     'ema_kl': None,
                     'forward_kl': 0.04530469328165054,
                     'learner_version': 60864,
                     'log_rho_max': 1.348672866821289,
                     'log_rho_mean': -0.21475788950920105,
                     'log_rho_p95': 0.8683609962463379,
                     'reverse_kl': 0.04395398497581482,
                     'target': None,
                     'vtrace_rho_clipped_fraction': 0.3046875},
 'Entropy': {'cart': -0.0,
             'city_tile': 0.1157824769616127,
             'overall': 0.9793212786316872,
             'worker': 0.8635388016700745},
 'Env': {'carts_final': nan,
         'carts_peak': nan,
         'city_tiles_final': nan,
         'city_tiles_peak': nan,
         'max_cumulative_rewards': nan,
         'mean_cumulative_reward_magnitudes': nan,
         'mean_cumulative_rewards': nan,
         'research_points': nan,
         'separate_cities_final': nan,
         'separate_cities_peak': nan,
         'step': nan,
         'workers_final': nan,
         'workers_peak': nan},
 'Gradient': {'clipped': 1.0, 'norm_before_clip': 86.67762756347656},
 'Intent': {'accuracy': nan,
            'target_build': 0,
            'target_deliver': 0,
            'target_mine': 0,
            'target_return': 0},
 'Loss': {'baseline_loss': 0.19426633417606354,
          'behavior_kl_loss': 0.0,
          'entropy_loss': -0.11961803585290909,
          'intent_aux_loss': 0.0,
          'rule_aux_loss': 0.0,
          'teacher_baseline_loss': 0.0,
          'teacher_kl_loss': 0.0,
          'total_loss': 9.0584135055542,
          'upgo_pg_loss': 9.243180274963379,
          'vtrace_pg_loss': -0.2594148516654968},
 'Misc': {'actor_policy_tta_rot180': 1.0,
          'league_opponents': {'first_place': 0.5, 'selfplay': 0.5},
          'learning_rate': 4.6987232000000004e-05,
          'teacher_kl_cost': 0.0,
          'teacher_policy_tta_rot180': 1.0,
          'total_games_played': 202},
 'Normalized_Entropy': {'cart': 0.0,
                        'city_tile': 0.1398601233959198,
                        'overall': 0.3781172493507062,
                        'worker': 0.5485163331031799},
 'Teacher_KL_Divergence': {'cart': 0.0,
                           'city_tile': 0.0,
                           'overall': 0.0,
                           'worker': 0.0},
 'Value': {'bias': 7.30506144464016e-09,
           'explained_variance': 0.9692454934120178,
           'support_outside_fraction': 0.0,
           'target_std': 0.4173775613307953}}[0m
[[36m2026-08-16 11:23:34,027[0m][[34mroot[0m][[32mINFO[0m] - Steps 61440 @ 102.3 SPS / 1.6 BPS. Stats:
{'Actions': {'cart': {'MOVE': nan, 'NO-OP': nan, 'TRANSFER': nan},
             'city_tile': {'BUILD_CART': nan,
                           'BUILD_WORKER': nan,
                           'NO-OP': nan,
                           'RESEARCH': nan},
             'worker': {'BUILD_CITY': nan,
                        'MOVE': nan,
                        'NO-OP': nan,
                        'PILLAGE': nan,
                        'TRANSFER': nan}},
 'Active_Entities': {'cart': 0, 'city_tile': 393, 'worker': 799},
 'Behavior_Policy': {'actor_version_max': 61184,
                     'actor_version_min': 60672,
                     'beta': 0.0,
                     'buffer_lag_max': 704,
                     'ema_kl': None,
                     'forward_kl': 0.04145164415240288,
                     'learner_version': 61376,
                     'log_rho_max': 2.197166919708252,
                     'log_rho_mean': -0.2875217795372009,
                     'log_rho_p95': 0.5840369462966919,
                     'reverse_kl': 0.04169834777712822,
                     'target': None,
                     'vtrace_rho_clipped_fraction': 0.296875},
 'Entropy': {'cart': -0.0,
             'city_tile': 0.21586166322231293,
             'overall': 0.7750307768583298,
             'worker': 0.5591691136360168},
 'Env': {'carts_final': nan,
         'carts_peak': nan,
         'city_tiles_final': nan,
         'city_tiles_peak': nan,
         'max_cumulative_rewards': nan,
         'mean_cumulative_reward_magnitudes': nan,
         'mean_cumulative_rewards': nan,
         'research_points': nan,
         'separate_cities_final': nan,
         'separate_cities_peak': nan,
         'step': nan,
         'workers_final': nan,
         'workers_peak': nan},
 'Gradient': {'clipped': 1.0, 'norm_before_clip': 114.92304229736328},
 'Intent': {'accuracy': nan,
            'target_build': 0,
            'target_deliver': 0,
            'target_mine': 0,
            'target_return': 0},
 'Loss': {'baseline_loss': 0.26205605268478394,
          'behavior_kl_loss': 0.0,
          'entropy_loss': -0.10632194578647614,
          'intent_aux_loss': 0.0,
          'rule_aux_loss': 0.0,
          'teacher_baseline_loss': 0.0,
          'teacher_kl_loss': 0.0,
          'total_loss': 18.049297332763672,
          'upgo_pg_loss': 13.58799934387207,
          'vtrace_pg_loss': 4.3055620193481445},
 'Misc': {'actor_policy_tta_rot180': 1.0,
          'league_opponents': {'first_place': 0.5, 'selfplay': 0.5},
          'learning_rate': 4.6961888e-05,
          'teacher_kl_cost': 0.0,
          'teacher_policy_tta_rot180': 1.0,
          'total_games_played': 208},
 'Normalized_Entropy': {'cart': 0.0,
                        'city_tile': 0.19014017283916473,
                        'overall': 0.2997967963475709,
                        'worker': 0.35373303294181824},
 'Teacher_KL_Divergence': {'cart': 0.0,
                           'city_tile': 0.0,
                           'overall': 0.0,
                           'worker': 0.0},
 'Value': {'bias': 1.469743438065052e-08,
           'explained_variance': 0.9578099846839905,
           'support_outside_fraction': 0.0,
           'target_std': 0.3919369578361511}}[0m
[[36m2026-08-16 11:23:39,032[0m][[34mroot[0m][[32mINFO[0m] - Steps 61824 @ 76.7 SPS / 1.2 BPS. Stats:
{'Actions': {'cart': {'MOVE': nan, 'NO-OP': nan, 'TRANSFER': nan},
             'city_tile': {'BUILD_CART': nan,
                           'BUILD_WORKER': nan,
                           'NO-OP': nan,
                           'RESEARCH': nan},
             'worker': {'BUILD_CITY': nan,
                        'MOVE': nan,
                        'NO-OP': nan,
                        'PILLAGE': nan,
                        'TRANSFER': nan}},
 'Active_Entities': {'cart': 0, 'city_tile': 329, 'worker': 466},
 'Behavior_Policy': {'actor_version_max': 61696,
                     'actor_version_min': 61184,
                     'beta': 0.0,
                     'buffer_lag_max': 576,
                     'ema_kl': None,
                     'forward_kl': 0.019181247800588608,
                     'learner_version': 61760,
                     'log_rho_max': 1.0882272720336914,
                     'log_rho_mean': -0.09364362061023712,
                     'log_rho_p95': 0.3884465992450714,
                     'reverse_kl': 0.01729331538081169,
                     'target': None,
                     'vtrace_rho_clipped_fraction': 0.3125},
 'Entropy': {'cart': -0.0,
             'city_tile': 0.057716891169548035,
             'overall': 0.6528634279966354,
             'worker': 0.5951465368270874},
 'Env': {'carts_final': nan,
         'carts_peak': nan,
         'city_tiles_final': nan,
         'city_tiles_peak': nan,
         'max_cumulative_rewards': nan,
         'mean_cumulative_reward_magnitudes': nan,
         'mean_cumulative_rewards': nan,
         'research_points': nan,
         'separate_cities_final': nan,
         'separate_cities_peak': nan,
         'step': nan,
         'workers_final': nan,
         'workers_peak': nan},
 'Gradient': {'clipped': 1.0, 'norm_before_clip': 33.038631439208984},
 'Intent': {'accuracy': nan,
            'target_build': 0,
            'target_deliver': 0,
            'target_mine': 0,
            'target_return': 0},
 'Loss': {'baseline_loss': 0.01720048487186432,
          'behavior_kl_loss': 0.0,
          'entropy_loss': -0.05926542729139328,
          'intent_aux_loss': 0.0,
          'rule_aux_loss': 0.0,
          'teacher_baseline_loss': 0.0,
          'teacher_kl_loss': 0.0,
          'total_loss': 6.94459867477417,
          'upgo_pg_loss': 5.106808662414551,
          'vtrace_pg_loss': 1.8798553943634033},
 'Misc': {'actor_policy_tta_rot180': 1.0,
          'league_opponents': {'first_place': 0.75, 'selfplay': 0.25},
          'learning_rate': 4.694288e-05,
          'teacher_kl_cost': 0.0,
          'teacher_policy_tta_rot180': 1.0,
          'total_games_played': 208},
 'Normalized_Entropy': {'cart': 0.0,
                        'city_tile': 0.07036381959915161,
                        'overall': 0.2553334135679329,
                        'worker': 0.3859235346317291},
 'Teacher_KL_Divergence': {'cart': 0.0,
                           'city_tile': 0.0,
                           'overall': 0.0,
                           'worker': 0.0},
 'Value': {'bias': -1.6065314412117004e-08,
           'explained_variance': 0.9981358647346497,
           'support_outside_fraction': 0.0,
           'target_std': 0.5105400681495667}}[0m
[[36m2026-08-16 11:23:44,038[0m][[34mroot[0m][[32mINFO[0m] - Steps 62208 @ 76.7 SPS / 1.2 BPS. Stats:
{'Actions': {'cart': {'MOVE': nan, 'NO-OP': nan, 'TRANSFER': nan},
             'city_tile': {'BUILD_CART': nan,
                           'BUILD_WORKER': nan,
                           'NO-OP': nan,
                           'RESEARCH': nan},
             'worker': {'BUILD_CITY': nan,
                        'MOVE': nan,
                        'NO-OP': nan,
                        'PILLAGE': nan,
                        'TRANSFER': nan}},
 'Active_Entities': {'cart': 27, 'city_tile': 224, 'worker': 369},
 'Behavior_Policy': {'actor_version_max': 61952,
                     'actor_version_min': 61440,
                     'beta': 0.0,
                     'buffer_lag_max': 704,
                     'ema_kl': None,
                     'forward_kl': 0.035234399139881134,
                     'learner_version': 62144,
                     'log_rho_max': 2.83211350440979,
                     'log_rho_mean': -0.1304081529378891,
                     'log_rho_p95': 0.5521321296691895,
                     'reverse_kl': 0.0341566801071167,
                     'target': None,
                     'vtrace_rho_clipped_fraction': 0.1796875},
 'Entropy': {'cart': 1.0138335227966309,
             'city_tile': 0.3517136871814728,
             'overall': 2.3127329647541046,
             'worker': 0.947185754776001},
 'Env': {'carts_final': nan,
         'carts_peak': nan,
         'city_tiles_final': nan,
         'city_tiles_peak': nan,
         'max_cumulative_rewards': nan,
         'mean_cumulative_reward_magnitudes': nan,
         'mean_cumulative_rewards': nan,
         'research_points': nan,
         'separate_cities_final': nan,
         'separate_cities_peak': nan,
         'step': nan,
         'workers_final': nan,
         'workers_peak': nan},
 'Gradient': {'clipped': 1.0, 'norm_before_clip': 29.759023666381836},
 'Intent': {'accuracy': nan,
            'target_build': 0,
            'target_deliver': 0,
            'target_mine': 0,
            'target_return': 0},
 'Loss': {'baseline_loss': 0.03880063444375992,
          'behavior_kl_loss': 0.0,
          'entropy_loss': -0.09113378077745438,
          'intent_aux_loss': 0.0,
          'rule_aux_loss': 0.0,
          'teacher_baseline_loss': 0.0,
          'teacher_kl_loss': 0.0,
          'total_loss': 5.052037239074707,
          'upgo_pg_loss': 5.1911725997924805,
          'vtrace_pg_loss': -0.08680258691310883},
 'Misc': {'actor_policy_tta_rot180': 1.0,
          'league_opponents': {'first_place': 1.0, 'selfplay': 0.0},
          'learning_rate': 4.6923872e-05,
          'teacher_kl_cost': 0.0,
          'teacher_policy_tta_rot180': 1.0,
          'total_games_played': 208},
 'Normalized_Entropy': {'cart': 0.6623665690422058,
                        'city_tile': 0.34775999188423157,
                        'overall': 0.513690891573506,
                        'worker': 0.6035398840904236},
 'Teacher_KL_Divergence': {'cart': 0.0,
                           'city_tile': 0.0,
                           'overall': 0.0,
                           'worker': 0.0},
 'Value': {'bias': 1.0826624929904938e-08,
           'explained_variance': 0.9969549179077148,
           'support_outside_fraction': 0.0,
           'target_std': 0.6310245394706726}}[0m
[[36m2026-08-16 11:23:49,043[0m][[34mroot[0m][[32mINFO[0m] - Steps 62592 @ 76.7 SPS / 1.2 BPS. Stats:
{'Actions': {'cart': {'MOVE': nan, 'NO-OP': nan, 'TRANSFER': nan},
             'city_tile': {'BUILD_CART': nan,
                           'BUILD_WORKER': nan,
                           'NO-OP': nan,
                           'RESEARCH': nan},
             'worker': {'BUILD_CITY': nan,
                        'MOVE': nan,
                        'NO-OP': nan,
                        'PILLAGE': nan,
                        'TRANSFER': nan}},
 'Active_Entities': {'cart': 0, 'city_tile': 79, 'worker': 414},
 'Behavior_Policy': {'actor_version_max': 62464,
                     'actor_version_min': 61952,
                     'beta': 0.0,
                     'buffer_lag_max': 576,
                     'ema_kl': None,
                     'forward_kl': 0.02023613639175892,
                     'learner_version': 62528,
                     'log_rho_max': 1.1138954162597656,
                     'log_rho_mean': -0.10053674876689911,
                     'log_rho_p95': 0.5256855487823486,
                     'reverse_kl': 0.020949585363268852,
                     'target': None,
                     'vtrace_rho_clipped_fraction': 0.1484375},
 'Entropy': {'cart': -0.0,
             'city_tile': 0.5675854086875916,
             'overall': 1.5318475365638733,
             'worker': 0.9642621278762817},
 'Env': {'carts_final': nan,
         'carts_peak': nan,
         'city_tiles_final': nan,
         'city_tiles_peak': nan,
         'max_cumulative_rewards': nan,
         'mean_cumulative_reward_magnitudes': nan,
         'mean_cumulative_rewards': nan,
         'research_points': nan,
         'separate_cities_final': nan,
         'separate_cities_peak': nan,
         'step': nan,
         'workers_final': nan,
         'workers_peak': nan},
 'Gradient': {'clipped': 1.0, 'norm_before_clip': 50.5956916809082},
 'Intent': {'accuracy': nan,
            'target_build': 0,
            'target_deliver': 0,
            'target_mine': 0,
            'target_return': 0},
 'Loss': {'baseline_loss': 0.11895667016506195,
          'behavior_kl_loss': 0.0,
          'entropy_loss': -0.08880876004695892,
          'intent_aux_loss': 0.0,
          'rule_aux_loss': 0.0,
          'teacher_baseline_loss': 0.0,
          'teacher_kl_loss': 0.0,
          'total_loss': 0.500292181968689,
          'upgo_pg_loss': 4.646480560302734,
          'vtrace_pg_loss': -4.176336288452148},
 'Misc': {'actor_policy_tta_rot180': 1.0,
          'league_opponents': {'first_place': 1.0, 'selfplay': 0.0},
          'learning_rate': 4.690486400000001e-05,
          'teacher_kl_cost': 0.0,
          'teacher_policy_tta_rot180': 1.0,
          'total_games_played': 208},
 'Normalized_Entropy': {'cart': 0.0,
                        'city_tile': 0.6179819107055664,
                        'overall': 0.629983513156976,
                        'worker': 0.6322736740112305},
 'Teacher_KL_Divergence': {'cart': 0.0,
                           'city_tile': 0.0,
                           'overall': 0.0,
                           'worker': 0.0},
 'Value': {'bias': 6.05359673500061e-09,
           'explained_variance': 0.9902452230453491,
           'support_outside_fraction': 0.0,
           'target_std': 0.6173210740089417}}[0m
[[36m2026-08-16 11:23:54,048[0m][[34mroot[0m][[32mINFO[0m] - Steps 62976 @ 76.7 SPS / 1.2 BPS. Stats:
{'Actions': {'cart': {'MOVE': nan, 'NO-OP': nan, 'TRANSFER': nan},
             'city_tile': {'BUILD_CART': nan,
                           'BUILD_WORKER': nan,
                           'NO-OP': nan,
                           'RESEARCH': nan},
             'worker': {'BUILD_CITY': nan,
                        'MOVE': nan,
                        'NO-OP': nan,
                        'PILLAGE': nan,
                        'TRANSFER': nan}},
 'Active_Entities': {'cart': 9, 'city_tile': 361, 'worker': 839},
 'Behavior_Policy': {'actor_version_max': 62720,
                     'actor_version_min': 62208,
                     'beta': 0.0,
                     'buffer_lag_max': 704,
                     'ema_kl': None,
                     'forward_kl': 0.013143437914550304,
                     'learner_version': 62912,
                     'log_rho_max': 1.3263473510742188,
                     'log_rho_mean': -0.11663778871297836,
                     'log_rho_p95': 0.4284008741378784,
                     'reverse_kl': 0.01257317140698433,
                     'target': None,
                     'vtrace_rho_clipped_fraction': 0.3125},
 'Entropy': {'cart': 1.393363356590271,
             'city_tile': 0.3194909393787384,
             'overall': 2.6346313059329987,
             'worker': 0.9217770099639893},
 'Env': {'carts_final': nan,
         'carts_peak': nan,
         'city_tiles_final': nan,
         'city_tiles_peak': nan,
         'max_cumulative_rewards': nan,
         'mean_cumulative_reward_magnitudes': nan,
         'mean_cumulative_rewards': nan,
         'research_points': nan,
         'separate_cities_final': nan,
         'separate_cities_peak': nan,
         'step': nan,
         'workers_final': nan,
         'workers_peak': nan},
 'Gradient': {'clipped': 1.0, 'norm_before_clip': 201.6134796142578},
 'Intent': {'accuracy': nan,
            'target_build': 0,
            'target_deliver': 0,
            'target_mine': 0,
            'target_return': 0},
 'Loss': {'baseline_loss': 1.0719966888427734,
          'behavior_kl_loss': 0.0,
          'entropy_loss': -0.18024946749210358,
          'intent_aux_loss': 0.0,
          'rule_aux_loss': 0.0,
          'teacher_baseline_loss': 0.0,
          'teacher_kl_loss': 0.0,
          'total_loss': 41.05288314819336,
          'upgo_pg_loss': 32.22505187988281,
          'vtrace_pg_loss': 7.936080455780029},
 'Misc': {'actor_policy_tta_rot180': 1.0,
          'league_opponents': {'first_place': 0.5, 'selfplay': 0.5},
          'learning_rate': 4.6885856e-05,
          'teacher_kl_cost': 0.0,
          'teacher_policy_tta_rot180': 1.0,
          'total_games_played': 209},
 'Normalized_Entropy': {'cart': 0.9069660902023315,
                        'city_tile': 0.2768678665161133,
                        'overall': 0.49640953767585594,
                        'worker': 0.5864685773849487},
 'Teacher_KL_Divergence': {'cart': 0.0,
                           'city_tile': 0.0,
                           'overall': 0.0,
                           'worker': 0.0},
 'Value': {'bias': 2.0721927285194397e-08,
           'explained_variance': 0.8856936693191528,
           'support_outside_fraction': 0.0,
           'target_std': 0.3876825273036957}}[0m
[[36m2026-08-16 11:23:59,054[0m][[34mroot[0m][[32mINFO[0m] - Steps 63488 @ 102.3 SPS / 1.6 BPS. Stats:
{'Actions': {'cart': {'MOVE': nan, 'NO-OP': nan, 'TRANSFER': nan},
             'city_tile': {'BUILD_CART': nan,
                           'BUILD_WORKER': nan,
                           'NO-OP': nan,
                           'RESEARCH': nan},
             'worker': {'BUILD_CITY': nan,
                        'MOVE': nan,
                        'NO-OP': nan,
                        'PILLAGE': nan,
                        'TRANSFER': nan}},
 'Active_Entities': {'cart': 25, 'city_tile': 740, 'worker': 884},
 'Behavior_Policy': {'actor_version_max': 63232,
                     'actor_version_min': 62720,
                     'beta': 0.0,
                     'buffer_lag_max': 704,
                     'ema_kl': None,
                     'forward_kl': 0.01640615426003933,
                     'learner_version': 63424,
                     'log_rho_max': 1.5385141372680664,
                     'log_rho_mean': -0.05702915042638779,
                     'log_rho_p95': 1.0232325792312622,
                     'reverse_kl': 0.01660154014825821,
                     'target': None,
                     'vtrace_rho_clipped_fraction': 0.3515625},
 'Entropy': {'cart': 1.3666476011276245,
             'city_tile': 0.1940091997385025,
             'overall': 2.5249291211366653,
             'worker': 0.9642723202705383},
 'Env': {'carts_final': nan,
         'carts_peak': nan,
         'city_tiles_final': nan,
         'city_tiles_peak': nan,
         'max_cumulative_rewards': nan,
         'mean_cumulative_reward_magnitudes': nan,
         'mean_cumulative_rewards': nan,
         'research_points': nan,
         'separate_cities_final': nan,
         'separate_cities_peak': nan,
         'step': nan,
         'workers_final': nan,
         'workers_peak': nan},
 'Gradient': {'clipped': 1.0, 'norm_before_clip': 77.48978424072266},
 'Intent': {'accuracy': nan,
            'target_build': 0,
            'target_deliver': 0,
            'target_mine': 0,
            'target_return': 0},
 'Loss': {'baseline_loss': 0.1842367798089981,
          'behavior_kl_loss': 0.0,
          'entropy_loss': -0.2060299813747406,
          'intent_aux_loss': 0.0,
          'rule_aux_loss': 0.0,
          'teacher_baseline_loss': 0.0,
          'teacher_kl_loss': 0.0,
          'total_loss': 5.005211353302002,
          'upgo_pg_loss': 10.055912971496582,
          'vtrace_pg_loss': -5.028908729553223},
 'Misc': {'actor_policy_tta_rot180': 1.0,
          'league_opponents': {'first_place': 0.5, 'selfplay': 0.5},
          'learning_rate': 4.6860512e-05,
          'teacher_kl_cost': 0.0,
          'teacher_policy_tta_rot180': 1.0,
          'total_games_played': 210},
 'Normalized_Entropy': {'cart': 0.8491458892822266,
                        'city_tile': 0.182768315076828,
                        'overall': 0.4222873043045266,
                        'worker': 0.6107178330421448},
 'Teacher_KL_Divergence': {'cart': 0.0,
                           'city_tile': 0.0,
                           'overall': 0.0,
                           'worker': 0.0},
 'Value': {'bias': -2.4097971618175507e-08,
           'explained_variance': 0.9720233678817749,
           'support_outside_fraction': 0.0,
           'target_std': 0.43149083852767944}}[0m
[[36m2026-08-16 11:24:04,059[0m][[34mroot[0m][[32mINFO[0m] - Steps 64000 @ 102.3 SPS / 1.6 BPS. Stats:
{'Actions': {'cart': {'MOVE': nan, 'NO-OP': nan, 'TRANSFER': nan},
             'city_tile': {'BUILD_CART': 0.0,
                           'BUILD_WORKER': 0.03642857142857143,
                           'NO-OP': 0.7964285714285714,
                           'RESEARCH': 0.16714285714285715},
             'worker': {'BUILD_CITY': 0.018427518427518427,
                        'MOVE': 0.5778050778050778,
                        'NO-OP': 0.34234234234234234,
                        'PILLAGE': 0.0,
                        'TRANSFER': 0.06142506142506143}},
 'Active_Entities': {'cart': 0, 'city_tile': 310, 'worker': 527},
 'Behavior_Policy': {'actor_version_max': 63744,
                     'actor_version_min': 63232,
                     'beta': 0.0,
                     'buffer_lag_max': 704,
                     'ema_kl': None,
                     'forward_kl': 0.016168298199772835,
                     'learner_version': 63936,
                     'log_rho_max': 1.2283685207366943,
                     'log_rho_mean': -0.07194115221500397,
                     'log_rho_p95': 0.5520954728126526,
                     'reverse_kl': 0.01471321564167738,
                     'target': None,
                     'vtrace_rho_clipped_fraction': 0.34375},
 'Entropy': {'cart': -0.0,
             'city_tile': 0.0655640959739685,
             'overall': 0.5575290024280548,
             'worker': 0.4919649064540863},
 'Env': {'carts_final': 0.0,
         'carts_peak': 0.0,
         'city_tiles_final': 9.0,
         'city_tiles_peak': 14.5,
         'max_cumulative_rewards': 1.0,
         'mean_cumulative_reward_magnitudes': 1.0,
         'mean_cumulative_rewards': 0.0,
         'research_points': 117.0,
         'separate_cities_final': 1.5,
         'separate_cities_peak': 5.0,
         'step': 193.0,
         'workers_final': 5.0,
         'workers_peak': 13.0},
 'Gradient': {'clipped': 1.0, 'norm_before_clip': 51.81820297241211},
 'Intent': {'accuracy': nan,
            'target_build': 0,
            'target_deliver': 0,
            'target_mine': 0,
            'target_return': 0},
 'Loss': {'baseline_loss': 0.5474164485931396,
          'behavior_kl_loss': 0.0,
          'entropy_loss': -0.055918071419000626,
          'intent_aux_loss': 0.0,
          'rule_aux_loss': 0.0,
          'teacher_baseline_loss': 0.0,
          'teacher_kl_loss': 0.0,
          'total_loss': 5.632457256317139,
          'upgo_pg_loss': 5.710266590118408,
          'vtrace_pg_loss': -0.5693072080612183},
 'Misc': {'actor_policy_tta_rot180': 1.0,
          'league_opponents': {'first_place': 0.5, 'selfplay': 0.5},
          'learning_rate': 4.6835168e-05,
          'teacher_kl_cost': 0.0,
          'teacher_policy_tta_rot180': 1.0,
          'total_games_played': 212},
 'Normalized_Entropy': {'cart': 0.0,
                        'city_tile': 0.06259096413850784,
                        'overall': 0.2188895019116225,
                        'worker': 0.3108298182487488},
 'Teacher_KL_Divergence': {'cart': 0.0,
                           'city_tile': 0.0,
                           'overall': 0.0,
                           'worker': 0.0},
 'Value': {'bias': 2.0867446437478065e-08,
           'explained_variance': 0.9240623712539673,
           'support_outside_fraction': 0.0,
           'target_std': 0.43304765224456787}}[0m
[[36m2026-08-16 11:24:09,064[0m][[34mroot[0m][[32mINFO[0m] - Steps 64256 @ 51.2 SPS / 0.8 BPS. Stats:
{'Actions': {'cart': {'MOVE': 0.38961038961038963,
                      'NO-OP': 0.6103896103896104,
                      'TRANSFER': 0.0},
             'city_tile': {'BUILD_CART': 0.0018324607329842932,
                           'BUILD_WORKER': 0.024607329842931937,
                           'NO-OP': 0.9321989528795811,
                           'RESEARCH': 0.041361256544502616},
             'worker': {'BUILD_CITY': 0.02750239846498241,
                        'MOVE': 0.6018548129197314,
                        'NO-OP': 0.33578509753757596,
                        'PILLAGE': 0.0006395906619763352,
                        'TRANSFER': 0.03421810041573393}},
 'Active_Entities': {'cart': 0, 'city_tile': 112, 'worker': 180},
 'Behavior_Policy': {'actor_version_max': 64000,
                     'actor_version_min': 63488,
                     'beta': 0.0,
                     'buffer_lag_max': 704,
                     'ema_kl': None,
                     'forward_kl': 0.025444859638810158,
                     'learner_version': 64192,
                     'log_rho_max': 0.6072646379470825,
                     'log_rho_mean': -0.01683296263217926,
                     'log_rho_p95': 0.27575066685676575,
                     'reverse_kl': 0.02462134324014187,
                     'target': None,
                     'vtrace_rho_clipped_fraction': 0.1875},
 'Entropy': {'cart': -0.0,
             'city_tile': 0.14609567821025848,
             'overall': 0.9042826145887375,
             'worker': 0.758186936378479},
 'Env': {'carts_final': 0.0,
         'carts_peak': 1.5,
         'city_tiles_final': 23.5,
         'city_tiles_peak': 33.5,
         'max_cumulative_rewards': 1.0,
         'mean_cumulative_reward_magnitudes': 1.0,
         'mean_cumulative_rewards': 0.0,
         'research_points': 79.0,
         'separate_cities_final': 1.5,
         'separate_cities_peak': 9.5,
         'step': 154.0,
         'workers_final': 10.5,
         'workers_peak': 23.5},
 'Gradient': {'clipped': 1.0, 'norm_before_clip': 17.161592483520508},
 'Intent': {'accuracy': nan,
            'target_build': 0,
            'target_deliver': 0,
            'target_mine': 0,
            'target_return': 0},
 'Loss': {'baseline_loss': 0.20571306347846985,
          'behavior_kl_loss': 0.0,
          'entropy_loss': -0.030567271634936333,
          'intent_aux_loss': 0.0,
          'rule_aux_loss': 0.0,
          'teacher_baseline_loss': 0.0,
          'teacher_kl_loss': 0.0,
          'total_loss': 0.3911784291267395,
          'upgo_pg_loss': 1.322819471359253,
          'vtrace_pg_loss': -1.106786847114563},
 'Misc': {'actor_policy_tta_rot180': 1.0,
          'league_opponents': {'first_place': 1.0, 'selfplay': 0.0},
          'learning_rate': 4.6822496000000003e-05,
          'teacher_kl_cost': 0.0,
          'teacher_policy_tta_rot180': 1.0,
          'total_games_played': 213},
 'Normalized_Entropy': {'cart': 0.0,
                        'city_tile': 0.18906846642494202,
                        'overall': 0.37501418631370753,
                        'worker': 0.4907137453556061},
 'Teacher_KL_Divergence': {'cart': 0.0,
                           'city_tile': 0.0,
                           'overall': 0.0,
                           'worker': 0.0},
 'Value': {'bias': 1.280568540096283e-08,
           'explained_variance': 0.986118495464325,
           'support_outside_fraction': 0.0,
           'target_std': 0.6805148720741272}}[0m
[[36m2026-08-16 11:24:14,069[0m][[34mroot[0m][[32mINFO[0m] - Steps 64704 @ 89.5 SPS / 1.4 BPS. Stats:
{'Actions': {'cart': {'MOVE': nan, 'NO-OP': nan, 'TRANSFER': nan},
             'city_tile': {'BUILD_CART': nan,
                           'BUILD_WORKER': nan,
                           'NO-OP': nan,
                           'RESEARCH': nan},
             'worker': {'BUILD_CITY': nan,
                        'MOVE': nan,
                        'NO-OP': nan,
                        'PILLAGE': nan,
                        'TRANSFER': nan}},
 'Active_Entities': {'cart': 18, 'city_tile': 167, 'worker': 462},
 'Behavior_Policy': {'actor_version_max': 64512,
                     'actor_version_min': 64000,
                     'beta': 0.0,
                     'buffer_lag_max': 640,
                     'ema_kl': None,
                     'forward_kl': 0.01168623473495245,
                     'learner_version': 64640,
                     'log_rho_max': 1.1346807479858398,
                     'log_rho_mean': -0.04151160642504692,
                     'log_rho_p95': 0.46949225664138794,
                     'reverse_kl': 0.01143480371683836,
                     'target': None,
                     'vtrace_rho_clipped_fraction': 0.2421875},
 'Entropy': {'cart': 1.3570692539215088,
             'city_tile': 0.6586058139801025,
             'overall': 2.74859619140625,
             'worker': 0.7329211235046387},
 'Env': {'carts_final': nan,
         'carts_peak': nan,
         'city_tiles_final': nan,
         'city_tiles_peak': nan,
         'max_cumulative_rewards': nan,
         'mean_cumulative_reward_magnitudes': nan,
         'mean_cumulative_rewards': nan,
         'research_points': nan,
         'separate_cities_final': nan,
         'separate_cities_peak': nan,
         'step': nan,
         'workers_final': nan,
         'workers_peak': nan},
 'Gradient': {'clipped': 1.0, 'norm_before_clip': 19.40401268005371},
 'Intent': {'accuracy': nan,
            'target_build': 0,
            'target_deliver': 0,
            'target_mine': 0,
            'target_return': 0},
 'Loss': {'baseline_loss': 0.014906455762684345,
          'behavior_kl_loss': 0.0,
          'entropy_loss': -0.09460479766130447,
          'intent_aux_loss': 0.0,
          'rule_aux_loss': 0.0,
          'teacher_baseline_loss': 0.0,
          'teacher_kl_loss': 0.0,
          'total_loss': 9.843161582946777,
          'upgo_pg_loss': 7.3773112297058105,
          'vtrace_pg_loss': 2.5455479621887207},
 'Misc': {'actor_policy_tta_rot180': 1.0,
          'league_opponents': {'first_place': 1.0, 'selfplay': 0.0},
          'learning_rate': 4.680032e-05,
          'teacher_kl_cost': 0.0,
          'teacher_policy_tta_rot180': 1.0,
          'total_games_played': 214},
 'Normalized_Entropy': {'cart': 0.8431944251060486,
                        'city_tile': 0.7559505701065063,
                        'overall': 0.5589247812075077,
                        'worker': 0.4766300618648529},
 'Teacher_KL_Divergence': {'cart': 0.0,
                           'city_tile': 0.0,
                           'overall': 0.0,
                           'worker': 0.0},
 'Value': {'bias': -1.3504177331924438e-08,
           'explained_variance': 0.9989797472953796,
           'support_outside_fraction': 0.0,
           'target_std': 0.6757050156593323}}[0m
[[36m2026-08-16 11:24:19,074[0m][[34mroot[0m][[32mINFO[0m] - Steps 65024 @ 63.9 SPS / 1.0 BPS. Stats:
{'Actions': {'cart': {'MOVE': nan, 'NO-OP': nan, 'TRANSFER': nan},
             'city_tile': {'BUILD_CART': nan,
                           'BUILD_WORKER': nan,
                           'NO-OP': nan,
                           'RESEARCH': nan},
             'worker': {'BUILD_CITY': nan,
                        'MOVE': nan,
                        'NO-OP': nan,
                        'PILLAGE': nan,
                        'TRANSFER': nan}},
 'Active_Entities': {'cart': 1, 'city_tile': 368, 'worker': 536},
 'Behavior_Policy': {'actor_version_max': 64768,
                     'actor_version_min': 64256,
                     'beta': 0.0,
                     'buffer_lag_max': 704,
                     'ema_kl': None,
                     'forward_kl': 0.013599956408143044,
                     'learner_version': 64960,
                     'log_rho_max': 1.0660343170166016,
                     'log_rho_mean': -0.07888755947351456,
                     'log_rho_p95': 0.585016667842865,
                     'reverse_kl': 0.012749469839036465,
                     'target': None,
                     'vtrace_rho_clipped_fraction': 0.3046875},
 'Entropy': {'cart': 1.291911244392395,
             'city_tile': 0.13966889679431915,
             'overall': 1.8553612381219864,
             'worker': 0.4237810969352722},
 'Env': {'carts_final': nan,
         'carts_peak': nan,
         'city_tiles_final': nan,
         'city_tiles_peak': nan,
         'max_cumulative_rewards': nan,
         'mean_cumulative_reward_magnitudes': nan,
         'mean_cumulative_rewards': nan,
         'research_points': nan,
         'separate_cities_final': nan,
         'separate_cities_peak': nan,
         'step': nan,
         'workers_final': nan,
         'workers_peak': nan},
 'Gradient': {'clipped': 1.0, 'norm_before_clip': 75.90084075927734},
 'Intent': {'accuracy': nan,
            'target_build': 0,
            'target_deliver': 0,
            'target_mine': 0,
            'target_return': 0},
 'Loss': {'baseline_loss': 0.17694158852100372,
          'behavior_kl_loss': 0.0,
          'entropy_loss': -0.05596734583377838,
          'intent_aux_loss': 0.0,
          'rule_aux_loss': 0.0,
          'teacher_baseline_loss': 0.0,
          'teacher_kl_loss': 0.0,
          'total_loss': 6.3546833992004395,
          'upgo_pg_loss': 8.153425216674805,
          'vtrace_pg_loss': -1.9197156429290771},
 'Misc': {'actor_policy_tta_rot180': 1.0,
          'league_opponents': {'first_place': 0.5, 'selfplay': 0.5},
          'learning_rate': 4.6784480000000004e-05,
          'teacher_kl_cost': 0.0,
          'teacher_policy_tta_rot180': 1.0,
          'total_games_played': 215},
 'Normalized_Entropy': {'cart': 0.8027095794677734,
                        'city_tile': 0.13797657191753387,
                        'overall': 0.21628878498604284,
                        'worker': 0.2689613103866577},
 'Teacher_KL_Divergence': {'cart': 0.0,
                           'city_tile': 0.0,
                           'overall': 0.0,
                           'worker': 0.0},
 'Value': {'bias': 5.908077582716942e-09,
           'explained_variance': 0.9823037981987,
           'support_outside_fraction': 0.0,
           'target_std': 0.4918169379234314}}[0m
[[36m2026-08-16 11:24:24,080[0m][[34mroot[0m][[32mINFO[0m] - Steps 65536 @ 102.3 SPS / 1.6 BPS. Stats:
{'Actions': {'cart': {'MOVE': nan, 'NO-OP': nan, 'TRANSFER': nan},
             'city_tile': {'BUILD_CART': nan,
                           'BUILD_WORKER': nan,
                           'NO-OP': nan,
                           'RESEARCH': nan},
             'worker': {'BUILD_CITY': nan,
                        'MOVE': nan,
                        'NO-OP': nan,
                        'PILLAGE': nan,
                        'TRANSFER': nan}},
 'Active_Entities': {'cart': 0, 'city_tile': 346, 'worker': 487},
 'Behavior_Policy': {'actor_version_max': 65280,
                     'actor_version_min': 64768,
                     'beta': 0.0,
                     'buffer_lag_max': 704,
                     'ema_kl': None,
                     'forward_kl': 0.008393196389079094,
                     'learner_version': 65472,
                     'log_rho_max': 0.5190658569335938,
                     'log_rho_mean': -0.08973907679319382,
                     'log_rho_p95': 0.22908338904380798,
                     'reverse_kl': 0.00860709697008133,
                     'target': None,
                     'vtrace_rho_clipped_fraction': 0.1640625},
 'Entropy': {'cart': -0.0,
             'city_tile': 0.0920129269361496,
             'overall': 0.6121159642934799,
             'worker': 0.5201030373573303},
 'Env': {'carts_final': nan,
         'carts_peak': nan,
         'city_tiles_final': nan,
         'city_tiles_peak': nan,
         'max_cumulative_rewards': nan,
         'mean_cumulative_reward_magnitudes': nan,
         'mean_cumulative_rewards': nan,
         'research_points': nan,
         'separate_cities_final': nan,
         'separate_cities_peak': nan,
         'step': nan,
         'workers_final': nan,
         'workers_peak': nan},
 'Gradient': {'clipped': 1.0, 'norm_before_clip': 29.50493049621582},
 'Intent': {'accuracy': nan,
            'target_build': 0,
            'target_deliver': 0,
            'target_mine': 0,
            'target_return': 0},
 'Loss': {'baseline_loss': 0.04117722064256668,
          'behavior_kl_loss': 0.0,
          'entropy_loss': -0.057025328278541565,
          'intent_aux_loss': 0.0,
          'rule_aux_loss': 0.0,
          'teacher_baseline_loss': 0.0,
          'teacher_kl_loss': 0.0,
          'total_loss': 4.39620304107666,
          'upgo_pg_loss': 2.672715663909912,
          'vtrace_pg_loss': 1.739335536956787},
 'Misc': {'actor_policy_tta_rot180': 1.0,
          'league_opponents': {'first_place': 0.5, 'selfplay': 0.5},
          'learning_rate': 4.6759136e-05,
          'teacher_kl_cost': 0.0,
          'teacher_policy_tta_rot180': 1.0,
          'total_games_played': 215},
 'Normalized_Entropy': {'cart': 0.0,
                        'city_tile': 0.10142155736684799,
                        'overall': 0.23697799725048826,
                        'worker': 0.3332870900630951},
 'Teacher_KL_Divergence': {'cart': 0.0,
                           'city_tile': 0.0,
                           'overall': 0.0,
                           'worker': 0.0},
 'Value': {'bias': -1.3387762010097504e-09,
           'explained_variance': 0.997399628162384,
           'support_outside_fraction': 0.0,
           'target_std': 0.5184165239334106}}[0m
[[36m2026-08-16 11:24:29,085[0m][[34mroot[0m][[32mINFO[0m] - Steps 66048 @ 102.3 SPS / 1.6 BPS. Stats:
{'Actions': {'cart': {'MOVE': nan, 'NO-OP': nan, 'TRANSFER': nan},
             'city_tile': {'BUILD_CART': nan,
                           'BUILD_WORKER': nan,
                           'NO-OP': nan,
                           'RESEARCH': nan},
             'worker': {'BUILD_CITY': nan,
                        'MOVE': nan,
                        'NO-OP': nan,
                        'PILLAGE': nan,
                        'TRANSFER': nan}},
 'Active_Entities': {'cart': 3, 'city_tile': 349, 'worker': 449},
 'Behavior_Policy': {'actor_version_max': 65792,
                     'actor_version_min': 65280,
                     'beta': 0.0,
                     'buffer_lag_max': 704,
                     'ema_kl': None,
                     'forward_kl': 0.010770680382847786,
                     'learner_version': 65984,
                     'log_rho_max': 1.1115360260009766,
                     'log_rho_mean': -0.06852133572101593,
                     'log_rho_p95': 0.3267408609390259,
                     'reverse_kl': 0.011399882845580578,
                     'target': None,
                     'vtrace_rho_clipped_fraction': 0.2734375},
 'Entropy': {'cart': 1.4026203155517578,
             'city_tile': 0.08391257375478745,
             'overall': 2.1495446190238,
             'worker': 0.6630117297172546},
 'Env': {'carts_final': nan,
         'carts_peak': nan,
         'city_tiles_final': nan,
         'city_tiles_peak': nan,
         'max_cumulative_rewards': nan,
         'mean_cumulative_reward_magnitudes': nan,
         'mean_cumulative_rewards': nan,
         'research_points': nan,
         'separate_cities_final': nan,
         'separate_cities_peak': nan,
         'step': nan,
         'workers_final': nan,
         'workers_peak': nan},
 'Gradient': {'clipped': 1.0, 'norm_before_clip': 17.811931610107422},
 'Intent': {'accuracy': nan,
            'target_build': 0,
            'target_deliver': 0,
            'target_mine': 0,
            'target_return': 0},
 'Loss': {'baseline_loss': 0.025365304201841354,
          'behavior_kl_loss': 0.0,
          'entropy_loss': -0.06623712182044983,
          'intent_aux_loss': 0.0,
          'rule_aux_loss': 0.0,
          'teacher_baseline_loss': 0.0,
          'teacher_kl_loss': 0.0,
          'total_loss': 3.7903268337249756,
          'upgo_pg_loss': 3.3745932579040527,
          'vtrace_pg_loss': 0.45660531520843506},
 'Misc': {'actor_policy_tta_rot180': 1.0,
          'league_opponents': {'first_place': 0.5, 'selfplay': 0.5},
          'learning_rate': 4.6733792e-05,
          'teacher_kl_cost': 0.0,
          'teacher_policy_tta_rot180': 1.0,
          'total_games_played': 216},
 'Normalized_Entropy': {'cart': 0.8714969754219055,
                        'city_tile': 0.09655707329511642,
                        'overall': 0.2896143676394529,
                        'worker': 0.435786634683609},
 'Teacher_KL_Divergence': {'cart': 0.0,
                           'city_tile': 0.0,
                           'overall': 0.0,
                           'worker': 0.0},
 'Value': {'bias': -2.1871528588235378e-08,
           'explained_variance': 0.9982811212539673,
           'support_outside_fraction': 0.0,
           'target_std': 0.5081502199172974}}[0m
[[36m2026-08-16 11:24:34,090[0m][[34mroot[0m][[32mINFO[0m] - Steps 66560 @ 102.3 SPS / 1.6 BPS. Stats:
{'Actions': {'cart': {'MOVE': nan, 'NO-OP': nan, 'TRANSFER': nan},
             'city_tile': {'BUILD_CART': nan,
                           'BUILD_WORKER': nan,
                           'NO-OP': nan,
                           'RESEARCH': nan},
             'worker': {'BUILD_CITY': nan,
                        'MOVE': nan,
                        'NO-OP': nan,
                        'PILLAGE': nan,
                        'TRANSFER': nan}},
 'Active_Entities': {'cart': 15, 'city_tile': 285, 'worker': 418},
 'Behavior_Policy': {'actor_version_max': 66304,
                     'actor_version_min': 65792,
                     'beta': 0.0,
                     'buffer_lag_max': 704,
                     'ema_kl': None,
                     'forward_kl': 0.010075440630316734,
                     'learner_version': 66496,
                     'log_rho_max': 0.7176809310913086,
                     'log_rho_mean': -0.06264180690050125,
                     'log_rho_p95': 0.29870396852493286,
                     'reverse_kl': 0.00966702401638031,
                     'target': None,
                     'vtrace_rho_clipped_fraction': 0.3671875},
 'Entropy': {'cart': 1.3694292306900024,
             'city_tile': 0.10106027126312256,
             'overall': 1.9937161803245544,
             'worker': 0.5232266783714294},
 'Env': {'carts_final': nan,
         'carts_peak': nan,
         'city_tiles_final': nan,
         'city_tiles_peak': nan,
         'max_cumulative_rewards': nan,
         'mean_cumulative_reward_magnitudes': nan,
         'mean_cumulative_rewards': nan,
         'research_points': nan,
         'separate_cities_final': nan,
         'separate_cities_peak': nan,
         'step': nan,
         'workers_final': nan,
         'workers_peak': nan},
 'Gradient': {'clipped': 1.0, 'norm_before_clip': 15.648725509643555},
 'Intent': {'accuracy': nan,
            'target_build': 0,
            'target_deliver': 0,
            'target_mine': 0,
            'target_return': 0},
 'Loss': {'baseline_loss': 0.04214608296751976,
          'behavior_kl_loss': 0.0,
          'entropy_loss': -0.05361047387123108,
          'intent_aux_loss': 0.0,
          'rule_aux_loss': 0.0,
          'teacher_baseline_loss': 0.0,
          'teacher_kl_loss': 0.0,
          'total_loss': 0.3834000527858734,
          'upgo_pg_loss': 1.593178153038025,
          'vtrace_pg_loss': -1.1983137130737305},
 'Misc': {'actor_policy_tta_rot180': 1.0,
          'league_opponents': {'first_place': 0.5, 'selfplay': 0.5},
          'learning_rate': 4.6708448000000006e-05,
          'teacher_kl_cost': 0.0,
          'teacher_policy_tta_rot180': 1.0,
          'total_games_played': 217},
 'Normalized_Entropy': {'cart': 0.8983615636825562,
                        'city_tile': 0.10943752527236938,
                        'overall': 0.25656335059978835,
                        'worker': 0.3338453769683838},
 'Teacher_KL_Divergence': {'cart': 0.0,
                           'city_tile': 0.0,
                           'overall': 0.0,
                           'worker': 0.0},
 'Value': {'bias': -5.791662260890007e-09,
           'explained_variance': 0.9971498250961304,
           'support_outside_fraction': 0.0,
           'target_std': 0.49367332458496094}}[0m
[[36m2026-08-16 11:24:39,095[0m][[34mroot[0m][[32mINFO[0m] - Steps 66816 @ 51.2 SPS / 0.8 BPS. Stats:
{'Actions': {'cart': {'MOVE': nan, 'NO-OP': nan, 'TRANSFER': nan},
             'city_tile': {'BUILD_CART': nan,
                           'BUILD_WORKER': nan,
                           'NO-OP': nan,
                           'RESEARCH': nan},
             'worker': {'BUILD_CITY': nan,
                        'MOVE': nan,
                        'NO-OP': nan,
                        'PILLAGE': nan,
                        'TRANSFER': nan}},
 'Active_Entities': {'cart': 0, 'city_tile': 125, 'worker': 247},
 'Behavior_Policy': {'actor_version_max': 66560,
                     'actor_version_min': 66048,
                     'beta': 0.0,
                     'buffer_lag_max': 704,
                     'ema_kl': None,
                     'forward_kl': 0.012205217964947224,
                     'learner_version': 66752,
                     'log_rho_max': 0.9846572875976562,
                     'log_rho_mean': -0.007469311356544495,
                     'log_rho_p95': 0.38557302951812744,
                     'reverse_kl': 0.010610202327370644,
                     'target': None,
                     'vtrace_rho_clipped_fraction': 0.2421875},
 'Entropy': {'cart': -0.0,
             'city_tile': 0.18084153532981873,
             'overall': 0.6693429052829742,
             'worker': 0.4885013699531555},
 'Env': {'carts_final': nan,
         'carts_peak': nan,
         'city_tiles_final': nan,
         'city_tiles_peak': nan,
         'max_cumulative_rewards': nan,
         'mean_cumulative_reward_magnitudes': nan,
         'mean_cumulative_rewards': nan,
         'research_points': nan,
         'separate_cities_final': nan,
         'separate_cities_peak': nan,
         'step': nan,
         'workers_final': nan,
         'workers_peak': nan},
 'Gradient': {'clipped': 1.0, 'norm_before_clip': 14.666081428527832},
 'Intent': {'accuracy': nan,
            'target_build': 0,
            'target_deliver': 0,
            'target_mine': 0,
            'target_return': 0},
 'Loss': {'baseline_loss': 0.006527222227305174,
          'behavior_kl_loss': 0.0,
          'entropy_loss': -0.02865300513803959,
          'intent_aux_loss': 0.0,
          'rule_aux_loss': 0.0,
          'teacher_baseline_loss': 0.0,
          'teacher_kl_loss': 0.0,
          'total_loss': 1.899178147315979,
          'upgo_pg_loss': 1.819847583770752,
          'vtrace_pg_loss': 0.10145638883113861},
 'Misc': {'actor_policy_tta_rot180': 1.0,
          'league_opponents': {'first_place': 1.0, 'selfplay': 0.0},
          'learning_rate': 4.6695776e-05,
          'teacher_kl_cost': 0.0,
          'teacher_policy_tta_rot180': 1.0,
          'total_games_played': 217},
 'Normalized_Entropy': {'cart': 0.0,
                        'city_tile': 0.23912668228149414,
                        'overall': 0.2846123239686412,
                        'worker': 0.30763137340545654},
 'Teacher_KL_Divergence': {'cart': 0.0,
                           'city_tile': 0.0,
                           'overall': 0.0,
                           'worker': 0.0},
 'Value': {'bias': 9.546056389808655e-09,
           'explained_variance': 0.9993416666984558,
           'support_outside_fraction': 0.0,
           'target_std': 0.55661940574646}}[0m
[[36m2026-08-16 11:24:44,100[0m][[34mroot[0m][[32mINFO[0m] - Steps 67200 @ 76.7 SPS / 1.2 BPS. Stats:
{'Actions': {'cart': {'MOVE': nan, 'NO-OP': nan, 'TRANSFER': nan},
             'city_tile': {'BUILD_CART': nan,
                           'BUILD_WORKER': nan,
                           'NO-OP': nan,
                           'RESEARCH': nan},
             'worker': {'BUILD_CITY': nan,
                        'MOVE': nan,
                        'NO-OP': nan,
                        'PILLAGE': nan,
                        'TRANSFER': nan}},
 'Active_Entities': {'cart': 0, 'city_tile': 54, 'worker': 142},
 'Behavior_Policy': {'actor_version_max': 67072,
                     'actor_version_min': 66560,
                     'beta': 0.0,
                     'buffer_lag_max': 576,
                     'ema_kl': None,
                     'forward_kl': 0.01944708451628685,
                     'learner_version': 67136,
                     'log_rho_max': 0.7345800399780273,
                     'log_rho_mean': 0.0012370012700557709,
                     'log_rho_p95': 0.4285316467285156,
                     'reverse_kl': 0.019757436588406563,
                     'target': None,
                     'vtrace_rho_clipped_fraction': 0.234375},
 'Entropy': {'cart': -0.0,
             'city_tile': 0.35604074597358704,
             'overall': 0.9375339448451996,
             'worker': 0.5814931988716125},
 'Env': {'carts_final': nan,
         'carts_peak': nan,
         'city_tiles_final': nan,
         'city_tiles_peak': nan,
         'max_cumulative_rewards': nan,
         'mean_cumulative_reward_magnitudes': nan,
         'mean_cumulative_rewards': nan,
         'research_points': nan,
         'separate_cities_final': nan,
         'separate_cities_peak': nan,
         'step': nan,
         'workers_final': nan,
         'workers_peak': nan},
 'Gradient': {'clipped': 1.0, 'norm_before_clip': 22.74201774597168},
 'Intent': {'accuracy': nan,
            'target_build': 0,
            'target_deliver': 0,
            'target_mine': 0,
            'target_return': 0},
 'Loss': {'baseline_loss': 0.029591012746095657,
          'behavior_kl_loss': 0.0,
          'entropy_loss': -0.020359648391604424,
          'intent_aux_loss': 0.0,
          'rule_aux_loss': 0.0,
          'teacher_baseline_loss': 0.0,
          'teacher_kl_loss': 0.0,
          'total_loss': 3.765698194503784,
          'upgo_pg_loss': 2.3179731369018555,
          'vtrace_pg_loss': 1.4384938478469849},
 'Misc': {'actor_policy_tta_rot180': 1.0,
          'league_opponents': {'first_place': 1.0, 'selfplay': 0.0},
          'learning_rate': 4.6676768000000006e-05,
          'teacher_kl_cost': 0.0,
          'teacher_policy_tta_rot180': 1.0,
          'total_games_played': 218},
 'Normalized_Entropy': {'cart': 0.0,
                        'city_tile': 0.5032106041908264,
                        'overall': 0.42428880595431034,
                        'worker': 0.39427629113197327},
 'Teacher_KL_Divergence': {'cart': 0.0,
                           'city_tile': 0.0,
                           'overall': 0.0,
                           'worker': 0.0},
 'Value': {'bias': 1.4202669262886047e-08,
           'explained_variance': 0.9974277019500732,
           'support_outside_fraction': 0.0,
           'target_std': 0.5995736122131348}}[0m
[[36m2026-08-16 11:24:49,106[0m][[34mroot[0m][[32mINFO[0m] - Steps 67584 @ 76.7 SPS / 1.2 BPS. Stats:
{'Actions': {'cart': {'MOVE': nan, 'NO-OP': nan, 'TRANSFER': nan},
             'city_tile': {'BUILD_CART': nan,
                           'BUILD_WORKER': nan,
                           'NO-OP': nan,
                           'RESEARCH': nan},
             'worker': {'BUILD_CITY': nan,
                        'MOVE': nan,
                        'NO-OP': nan,
                        'PILLAGE': nan,
                        'TRANSFER': nan}},
 'Active_Entities': {'cart': 4, 'city_tile': 137, 'worker': 413},
 'Behavior_Policy': {'actor_version_max': 67328,
                     'actor_version_min': 66816,
                     'beta': 0.0,
                     'buffer_lag_max': 704,
                     'ema_kl': None,
                     'forward_kl': 0.036041729152202606,
                     'learner_version': 67520,
                     'log_rho_max': 1.3081340789794922,
                     'log_rho_mean': -0.1416478306055069,
                     'log_rho_p95': 0.5065270066261292,
                     'reverse_kl': 0.036237992346286774,
                     'target': None,
                     'vtrace_rho_clipped_fraction': 0.28125},
 'Entropy': {'cart': 1.0102901458740234,
             'city_tile': 0.25515055656433105,
             'overall': 1.820185363292694,
             'worker': 0.5547446608543396},
 'Env': {'carts_final': nan,
         'carts_peak': nan,
         'city_tiles_final': nan,
         'city_tiles_peak': nan,
         'max_cumulative_rewards': nan,
         'mean_cumulative_reward_magnitudes': nan,
         'mean_cumulative_rewards': nan,
         'research_points': nan,
         'separate_cities_final': nan,
         'separate_cities_peak': nan,
         'step': nan,
         'workers_final': nan,
         'workers_peak': nan},
 'Gradient': {'clipped': 1.0, 'norm_before_clip': 112.49597930908203},
 'Intent': {'accuracy': nan,
            'target_build': 0,
            'target_deliver': 0,
            'target_mine': 0,
            'target_return': 0},
 'Loss': {'baseline_loss': 0.5864400863647461,
          'behavior_kl_loss': 0.0,
          'entropy_loss': -0.053621262311935425,
          'intent_aux_loss': 0.0,
          'rule_aux_loss': 0.0,
          'teacher_baseline_loss': 0.0,
          'teacher_kl_loss': 0.0,
          'total_loss': 9.621064186096191,
          'upgo_pg_loss': 9.282029151916504,
          'vtrace_pg_loss': -0.1937837302684784},
 'Misc': {'actor_policy_tta_rot180': 1.0,
          'league_opponents': {'first_place': 0.5, 'selfplay': 0.5},
          'learning_rate': 4.665776e-05,
          'teacher_kl_cost': 0.0,
          'teacher_policy_tta_rot180': 1.0,
          'total_games_played': 220},
 'Normalized_Entropy': {'cart': 0.69833904504776,
                        'city_tile': 0.22041501104831696,
                        'overall': 0.3313455507697181,
                        'worker': 0.3645889163017273},
 'Teacher_KL_Divergence': {'cart': 0.0,
                           'city_tile': 0.0,
                           'overall': 0.0,
                           'worker': 0.0},
 'Value': {'bias': 1.6880221664905548e-09,
           'explained_variance': 0.9573257565498352,
           'support_outside_fraction': 0.0,
           'target_std': 0.4691072106361389}}[0m
[[36m2026-08-16 11:24:54,112[0m][[34mroot[0m][[32mINFO[0m] - Steps 68096 @ 102.3 SPS / 1.6 BPS. Stats:
{'Actions': {'cart': {'MOVE': nan, 'NO-OP': nan, 'TRANSFER': nan},
             'city_tile': {'BUILD_CART': nan,
                           'BUILD_WORKER': nan,
                           'NO-OP': nan,
                           'RESEARCH': nan},
             'worker': {'BUILD_CITY': nan,
                        'MOVE': nan,
                        'NO-OP': nan,
                        'PILLAGE': nan,
                        'TRANSFER': nan}},
 'Active_Entities': {'cart': 0, 'city_tile': 149, 'worker': 385},
 'Behavior_Policy': {'actor_version_max': 67840,
                     'actor_version_min': 67328,
                     'beta': 0.0,
                     'buffer_lag_max': 704,
                     'ema_kl': None,
                     'forward_kl': 0.015143233351409435,
                     'learner_version': 68032,
                     'log_rho_max': 0.8368501663208008,
                     'log_rho_mean': -0.0989910438656807,
                     'log_rho_p95': 0.4329047203063965,
                     'reverse_kl': 0.015040004625916481,
                     'target': None,
                     'vtrace_rho_clipped_fraction': 0.21875},
 'Entropy': {'cart': -0.0,
             'city_tile': 0.06915725022554398,
             'overall': 0.5412086918950081,
             'worker': 0.4720514416694641},
 'Env': {'carts_final': nan,
         'carts_peak': nan,
         'city_tiles_final': nan,
         'city_tiles_peak': nan,
         'max_cumulative_rewards': nan,
         'mean_cumulative_reward_magnitudes': nan,
         'mean_cumulative_rewards': nan,
         'research_points': nan,
         'separate_cities_final': nan,
         'separate_cities_peak': nan,
         'step': nan,
         'workers_final': nan,
         'workers_peak': nan},
 'Gradient': {'clipped': 1.0, 'norm_before_clip': 82.46033477783203},
 'Intent': {'accuracy': nan,
            'target_build': 0,
            'target_deliver': 0,
            'target_mine': 0,
            'target_return': 0},
 'Loss': {'baseline_loss': 0.432668000459671,
          'behavior_kl_loss': 0.0,
          'entropy_loss': -0.03840884193778038,
          'intent_aux_loss': 0.0,
          'rule_aux_loss': 0.0,
          'teacher_baseline_loss': 0.0,
          'teacher_kl_loss': 0.0,
          'total_loss': 3.4084746837615967,
          'upgo_pg_loss': 4.495309829711914,
          'vtrace_pg_loss': -1.481094241142273},
 'Misc': {'actor_policy_tta_rot180': 1.0,
          'league_opponents': {'first_place': 0.5, 'selfplay': 0.5},
          'learning_rate': 4.6632416e-05,
          'teacher_kl_cost': 0.0,
          'teacher_policy_tta_rot180': 1.0,
          'total_games_played': 224},
 'Normalized_Entropy': {'cart': 0.0,
                        'city_tile': 0.07594689726829529,
                        'overall': 0.2341732078612074,
                        'worker': 0.29540884494781494},
 'Teacher_KL_Divergence': {'cart': 0.0,
                           'city_tile': 0.0,
                           'overall': 0.0,
                           'worker': 0.0},
 'Value': {'bias': -4.6566128730773926e-09,
           'explained_variance': 0.9698596596717834,
           'support_outside_fraction': 0.0,
           'target_std': 0.4747563600540161}}[0m
[[36m2026-08-16 11:24:59,117[0m][[34mroot[0m][[32mINFO[0m] - Steps 68608 @ 102.3 SPS / 1.6 BPS. Stats:
{'Actions': {'cart': {'MOVE': nan, 'NO-OP': nan, 'TRANSFER': nan},
             'city_tile': {'BUILD_CART': nan,
                           'BUILD_WORKER': nan,
                           'NO-OP': nan,
                           'RESEARCH': nan},
             'worker': {'BUILD_CITY': nan,
                        'MOVE': nan,
                        'NO-OP': nan,
                        'PILLAGE': nan,
                        'TRANSFER': nan}},
 'Active_Entities': {'cart': 0, 'city_tile': 158, 'worker': 375},
 'Behavior_Policy': {'actor_version_max': 68352,
                     'actor_version_min': 67840,
                     'beta': 0.0,
                     'buffer_lag_max': 704,
                     'ema_kl': None,
                     'forward_kl': 0.029331691563129425,
                     'learner_version': 68544,
                     'log_rho_max': 1.0990300178527832,
                     'log_rho_mean': -0.15338677167892456,
                     'log_rho_p95': 0.5997691750526428,
                     'reverse_kl': 0.02750447392463684,
                     'target': None,
                     'vtrace_rho_clipped_fraction': 0.1875},
 'Entropy': {'cart': -0.0,
             'city_tile': 0.14621520042419434,
             'overall': 0.8260453343391418,
             'worker': 0.6798301339149475},
 'Env': {'carts_final': nan,
         'carts_peak': nan,
         'city_tiles_final': nan,
         'city_tiles_peak': nan,
         'max_cumulative_rewards': nan,
         'mean_cumulative_reward_magnitudes': nan,
         'mean_cumulative_rewards': nan,
         'research_points': nan,
         'separate_cities_final': nan,
         'separate_cities_peak': nan,
         'step': nan,
         'workers_final': nan,
         'workers_peak': nan},
 'Gradient': {'clipped': 1.0, 'norm_before_clip': 53.95622253417969},
 'Intent': {'accuracy': nan,
            'target_build': 0,
            'target_deliver': 0,
            'target_mine': 0,
            'target_return': 0},
 'Loss': {'baseline_loss': 0.04889942333102226,
          'behavior_kl_loss': 0.0,
          'entropy_loss': -0.05560765415430069,
          'intent_aux_loss': 0.0,
          'rule_aux_loss': 0.0,
          'teacher_baseline_loss': 0.0,
          'teacher_kl_loss': 0.0,
          'total_loss': 1.5863655805587769,
          'upgo_pg_loss': 2.548457622528076,
          'vtrace_pg_loss': -0.955383837223053},
 'Misc': {'actor_policy_tta_rot180': 1.0,
          'league_opponents': {'first_place': 0.5, 'selfplay': 0.5},
          'learning_rate': 4.6607072e-05,
          'teacher_kl_cost': 0.0,
          'teacher_policy_tta_rot180': 1.0,
          'total_games_played': 224},
 'Normalized_Entropy': {'cart': 0.0,
                        'city_tile': 0.12691748142242432,
                        'overall': 0.3427486679120091,
                        'worker': 0.4336855411529541},
 'Teacher_KL_Divergence': {'cart': 0.0,
                           'city_tile': 0.0,
                           'overall': 0.0,
                           'worker': 0.0},
 'Value': {'bias': -5.529727786779404e-09,
           'explained_variance': 0.9968421459197998,
           'support_outside_fraction': 0.0,
           'target_std': 0.5049083232879639}}[0m
[[36m2026-08-16 11:25:04,122[0m][[34mroot[0m][[32mINFO[0m] - Steps 69056 @ 89.5 SPS / 1.4 BPS. Stats:
{'Actions': {'cart': {'MOVE': nan, 'NO-OP': nan, 'TRANSFER': nan},
             'city_tile': {'BUILD_CART': nan,
                           'BUILD_WORKER': nan,
                           'NO-OP': nan,
                           'RESEARCH': nan},
             'worker': {'BUILD_CITY': nan,
                        'MOVE': nan,
                        'NO-OP': nan,
                        'PILLAGE': nan,
                        'TRANSFER': nan}},
 'Active_Entities': {'cart': 22, 'city_tile': 334, 'worker': 632},
 'Behavior_Policy': {'actor_version_max': 68864,
                     'actor_version_min': 68352,
                     'beta': 0.0,
                     'buffer_lag_max': 640,
                     'ema_kl': None,
                     'forward_kl': 0.010273803025484085,
                     'learner_version': 68992,
                     'log_rho_max': 0.8825283050537109,
                     'log_rho_mean': -0.055337030440568924,
                     'log_rho_p95': 0.5574145317077637,
                     'reverse_kl': 0.010446690954267979,
                     'target': None,
                     'vtrace_rho_clipped_fraction': 0.1875},
 'Entropy': {'cart': 1.4051265716552734,
             'city_tile': 0.13523182272911072,
             'overall': 2.1224215924739838,
             'worker': 0.5820631980895996},
 'Env': {'carts_final': nan,
         'carts_peak': nan,
         'city_tiles_final': nan,
         'city_tiles_peak': nan,
         'max_cumulative_rewards': nan,
         'mean_cumulative_reward_magnitudes': nan,
         'mean_cumulative_rewards': nan,
         'research_points': nan,
         'separate_cities_final': nan,
         'separate_cities_peak': nan,
         'step': nan,
         'workers_final': nan,
         'workers_peak': nan},
 'Gradient': {'clipped': 1.0, 'norm_before_clip': 41.55936050415039},
 'Intent': {'accuracy': nan,
            'target_build': 0,
            'target_deliver': 0,
            'target_mine': 0,
            'target_return': 0},
 'Loss': {'baseline_loss': 0.027393579483032227,
          'behavior_kl_loss': 0.0,
          'entropy_loss': -0.08878883719444275,
          'intent_aux_loss': 0.0,
          'rule_aux_loss': 0.0,
          'teacher_baseline_loss': 0.0,
          'teacher_kl_loss': 0.0,
          'total_loss': 4.33154296875,
          'upgo_pg_loss': 3.381389617919922,
          'vtrace_pg_loss': 1.0115487575531006},
 'Misc': {'actor_policy_tta_rot180': 1.0,
          'league_opponents': {'first_place': 1.0, 'selfplay': 0.0},
          'learning_rate': 4.6584896e-05,
          'teacher_kl_cost': 0.0,
          'teacher_policy_tta_rot180': 1.0,
          'total_games_played': 224},
 'Normalized_Entropy': {'cart': 0.9098756909370422,
                        'city_tile': 0.15639419853687286,
                        'overall': 0.30682903669985684,
                        'worker': 0.36533886194229126},
 'Teacher_KL_Divergence': {'cart': 0.0,
                           'city_tile': 0.0,
                           'overall': 0.0,
                           'worker': 0.0},
 'Value': {'bias': -1.0477378964424133e-08,
           'explained_variance': 0.9967144727706909,
           'support_outside_fraction': 0.0,
           'target_std': 0.5104440450668335}}[0m
[[36m2026-08-16 11:25:09,127[0m][[34mroot[0m][[32mINFO[0m] - Steps 69440 @ 76.7 SPS / 1.2 BPS. Stats:
{'Actions': {'cart': {'MOVE': nan, 'NO-OP': nan, 'TRANSFER': nan},
             'city_tile': {'BUILD_CART': nan,
                           'BUILD_WORKER': nan,
                           'NO-OP': nan,
                           'RESEARCH': nan},
             'worker': {'BUILD_CITY': nan,
                        'MOVE': nan,
                        'NO-OP': nan,
                        'PILLAGE': nan,
                        'TRANSFER': nan}},
 'Active_Entities': {'cart': 27, 'city_tile': 760, 'worker': 598},
 'Behavior_Policy': {'actor_version_max': 69376,
                     'actor_version_min': 68864,
                     'beta': 0.0,
                     'buffer_lag_max': 512,
                     'ema_kl': None,
                     'forward_kl': 0.008537347428500652,
                     'learner_version': 69376,
                     'log_rho_max': 0.9797210693359375,
                     'log_rho_mean': -0.06195320934057236,
                     'log_rho_p95': 0.44053971767425537,
                     'reverse_kl': 0.008348519913852215,
                     'target': None,
                     'vtrace_rho_clipped_fraction': 0.265625},
 'Entropy': {'cart': 1.4191142320632935,
             'city_tile': 0.06938959658145905,
             'overall': 2.311622515320778,
             'worker': 0.8231186866760254},
 'Env': {'carts_final': nan,
         'carts_peak': nan,
         'city_tiles_final': nan,
         'city_tiles_peak': nan,
         'max_cumulative_rewards': nan,
         'mean_cumulative_reward_magnitudes': nan,
         'mean_cumulative_rewards': nan,
         'research_points': nan,
         'separate_cities_final': nan,
         'separate_cities_peak': nan,
         'step': nan,
         'workers_final': nan,
         'workers_peak': nan},
 'Gradient': {'clipped': 1.0, 'norm_before_clip': 19.888830184936523},
 'Intent': {'accuracy': nan,
            'target_build': 0,
            'target_deliver': 0,
            'target_mine': 0,
            'target_return': 0},
 'Loss': {'baseline_loss': 0.036618106067180634,
          'behavior_kl_loss': 0.0,
          'entropy_loss': -0.11665541678667068,
          'intent_aux_loss': 0.0,
          'rule_aux_loss': 0.0,
          'teacher_baseline_loss': 0.0,
          'teacher_kl_loss': 0.0,
          'total_loss': -2.4914257526397705,
          'upgo_pg_loss': 1.6767102479934692,
          'vtrace_pg_loss': -4.088098526000977},
 'Misc': {'actor_policy_tta_rot180': 1.0,
          'league_opponents': {'first_place': 0.75, 'selfplay': 0.25},
          'learning_rate': 4.6565888e-05,
          'teacher_kl_cost': 0.0,
          'teacher_policy_tta_rot180': 1.0,
          'total_games_played': 224},
 'Normalized_Entropy': {'cart': 0.8865357637405396,
                        'city_tile': 0.0664849653840065,
                        'overall': 0.27693441718924344,
                        'worker': 0.516871452331543},
 'Teacher_KL_Divergence': {'cart': 0.0,
                           'city_tile': 0.0,
                           'overall': 0.0,
                           'worker': 0.0},
 'Value': {'bias': 1.2281816452741623e-08,
           'explained_variance': 0.996597945690155,
           'support_outside_fraction': 0.0,
           'target_std': 0.4884612560272217}}[0m
[[36m2026-08-16 11:25:14,132[0m][[34mroot[0m][[32mINFO[0m] - Steps 69888 @ 89.5 SPS / 1.4 BPS. Stats:
{'Actions': {'cart': {'MOVE': nan, 'NO-OP': nan, 'TRANSFER': nan},
             'city_tile': {'BUILD_CART': nan,
                           'BUILD_WORKER': nan,
                           'NO-OP': nan,
                           'RESEARCH': nan},
             'worker': {'BUILD_CITY': nan,
                        'MOVE': nan,
                        'NO-OP': nan,
                        'PILLAGE': nan,
                        'TRANSFER': nan}},
 'Active_Entities': {'cart': 0, 'city_tile': 62, 'worker': 221},
 'Behavior_Policy': {'actor_version_max': 69632,
                     'actor_version_min': 69120,
                     'beta': 0.0,
                     'buffer_lag_max': 704,
                     'ema_kl': None,
                     'forward_kl': 0.015478177927434444,
                     'learner_version': 69824,
                     'log_rho_max': 0.7146272659301758,
                     'log_rho_mean': -0.04253631830215454,
                     'log_rho_p95': 0.4016025960445404,
                     'reverse_kl': 0.016393069177865982,
                     'target': None,
                     'vtrace_rho_clipped_fraction': 0.2109375},
 'Entropy': {'cart': -0.0,
             'city_tile': 0.500274121761322,
             'overall': 0.8416282534599304,
             'worker': 0.3413541316986084},
 'Env': {'carts_final': nan,
         'carts_peak': nan,
         'city_tiles_final': nan,
         'city_tiles_peak': nan,
         'max_cumulative_rewards': nan,
         'mean_cumulative_reward_magnitudes': nan,
         'mean_cumulative_rewards': nan,
         'research_points': nan,
         'separate_cities_final': nan,
         'separate_cities_peak': nan,
         'step': nan,
         'workers_final': nan,
         'workers_peak': nan},
 'Gradient': {'clipped': 1.0, 'norm_before_clip': 20.023286819458008},
 'Intent': {'accuracy': nan,
            'target_build': 0,
            'target_deliver': 0,
            'target_mine': 0,
            'target_return': 0},
 'Loss': {'baseline_loss': 0.03320195525884628,
          'behavior_kl_loss': 0.0,
          'entropy_loss': -0.021291250362992287,
          'intent_aux_loss': 0.0,
          'rule_aux_loss': 0.0,
          'teacher_baseline_loss': 0.0,
          'teacher_kl_loss': 0.0,
          'total_loss': 1.1310045719146729,
          'upgo_pg_loss': 2.3497753143310547,
          'vtrace_pg_loss': -1.2306814193725586},
 'Misc': {'actor_policy_tta_rot180': 1.0,
          'league_opponents': {'first_place': 1.0, 'selfplay': 0.0},
          'learning_rate': 4.6543712e-05,
          'teacher_kl_cost': 0.0,
          'teacher_policy_tta_rot180': 1.0,
          'total_games_played': 225},
 'Normalized_Entropy': {'cart': 0.0,
                        'city_tile': 0.5830734968185425,
                        'overall': 0.3190387414748593,
                        'worker': 0.24496564269065857},
 'Teacher_KL_Divergence': {'cart': 0.0,
                           'city_tile': 0.0,
                           'overall': 0.0,
                           'worker': 0.0},
 'Value': {'bias': -1.0943040251731873e-08,
           'explained_variance': 0.9973485469818115,
           'support_outside_fraction': 0.0,
           'target_std': 0.6255529522895813}}[0m
[[36m2026-08-16 11:25:19,137[0m][[34mroot[0m][[32mINFO[0m] - Steps 70272 @ 76.7 SPS / 1.2 BPS. Stats:
{'Actions': {'cart': {'MOVE': nan, 'NO-OP': nan, 'TRANSFER': nan},
             'city_tile': {'BUILD_CART': nan,
                           'BUILD_WORKER': nan,
                           'NO-OP': nan,
                           'RESEARCH': nan},
             'worker': {'BUILD_CITY': nan,
                        'MOVE': nan,
                        'NO-OP': nan,
                        'PILLAGE': nan,
                        'TRANSFER': nan}},
 'Active_Entities': {'cart': 0, 'city_tile': 98, 'worker': 173},
 'Behavior_Policy': {'actor_version_max': 70144,
                     'actor_version_min': 69632,
                     'beta': 0.0,
                     'buffer_lag_max': 576,
                     'ema_kl': None,
                     'forward_kl': 0.0093202730640769,
                     'learner_version': 70208,
                     'log_rho_max': 0.665827751159668,
                     'log_rho_mean': -0.024370037019252777,
                     'log_rho_p95': 0.13380789756774902,
                     'reverse_kl': 0.010712271556258202,
                     'target': None,
                     'vtrace_rho_clipped_fraction': 0.1015625},
 'Entropy': {'cart': -0.0,
             'city_tile': 0.17302538454532623,
             'overall': 0.7614894658327103,
             'worker': 0.588464081287384},
 'Env': {'carts_final': nan,
         'carts_peak': nan,
         'city_tiles_final': nan,
         'city_tiles_peak': nan,
         'max_cumulative_rewards': nan,
         'mean_cumulative_reward_magnitudes': nan,
         'mean_cumulative_rewards': nan,
         'research_points': nan,
         'separate_cities_final': nan,
         'separate_cities_peak': nan,
         'step': nan,
         'workers_final': nan,
         'workers_peak': nan},
 'Gradient': {'clipped': 0.0, 'norm_before_clip': 9.656240463256836},
 'Intent': {'accuracy': nan,
            'target_build': 0,
            'target_deliver': 0,
            'target_mine': 0,
            'target_return': 0},
 'Loss': {'baseline_loss': 0.009623846039175987,
          'behavior_kl_loss': 0.0,
          'entropy_loss': -0.023752154782414436,
          'intent_aux_loss': 0.0,
          'rule_aux_loss': 0.0,
          'teacher_baseline_loss': 0.0,
          'teacher_kl_loss': 0.0,
          'total_loss': 1.5228676795959473,
          'upgo_pg_loss': 1.1613378524780273,
          'vtrace_pg_loss': 0.37565815448760986},
 'Misc': {'actor_policy_tta_rot180': 1.0,
          'league_opponents': {'first_place': 1.0, 'selfplay': 0.0},
          'learning_rate': 4.6524704e-05,
          'teacher_kl_cost': 0.0,
          'teacher_policy_tta_rot180': 1.0,
          'total_games_played': 226},
 'Normalized_Entropy': {'cart': 0.0,
                        'city_tile': 0.18805229663848877,
                        'overall': 0.30765671934588806,
                        'worker': 0.3754095137119293},
 'Teacher_KL_Divergence': {'cart': 0.0,
                           'city_tile': 0.0,
                           'overall': 0.0,
                           'worker': 0.0},
 'Value': {'bias': 6.51925802230835e-09,
           'explained_variance': 0.9990426898002625,
           'support_outside_fraction': 0.0,
           'target_std': 0.5605008602142334}}[0m
[[36m2026-08-16 11:25:24,142[0m][[34mroot[0m][[32mINFO[0m] - Steps 70656 @ 76.7 SPS / 1.2 BPS. Stats:
{'Actions': {'cart': {'MOVE': nan, 'NO-OP': nan, 'TRANSFER': nan},
             'city_tile': {'BUILD_CART': nan,
                           'BUILD_WORKER': nan,
                           'NO-OP': nan,
                           'RESEARCH': nan},
             'worker': {'BUILD_CITY': nan,
                        'MOVE': nan,
                        'NO-OP': nan,
                        'PILLAGE': nan,
                        'TRANSFER': nan}},
 'Active_Entities': {'cart': 2, 'city_tile': 136, 'worker': 270},
 'Behavior_Policy': {'actor_version_max': 70400,
                     'actor_version_min': 69888,
                     'beta': 0.0,
                     'buffer_lag_max': 704,
                     'ema_kl': None,
                     'forward_kl': 0.00932261347770691,
                     'learner_version': 70592,
                     'log_rho_max': 0.6359481811523438,
                     'log_rho_mean': -0.0467781238257885,
                     'log_rho_p95': 0.28840333223342896,
                     'reverse_kl': 0.009612862952053547,
                     'target': None,
                     'vtrace_rho_clipped_fraction': 0.3125},
 'Entropy': {'cart': 1.149068832397461,
             'city_tile': 0.13401088118553162,
             'overall': 1.874362200498581,
             'worker': 0.5912824869155884},
 'Env': {'carts_final': nan,
         'carts_peak': nan,
         'city_tiles_final': nan,
         'city_tiles_peak': nan,
         'max_cumulative_rewards': nan,
         'mean_cumulative_reward_magnitudes': nan,
         'mean_cumulative_rewards': nan,
         'research_points': nan,
         'separate_cities_final': nan,
         'separate_cities_peak': nan,
         'step': nan,
         'workers_final': nan,
         'workers_peak': nan},
 'Gradient': {'clipped': 1.0, 'norm_before_clip': 57.07303237915039},
 'Intent': {'accuracy': nan,
            'target_build': 0,
            'target_deliver': 0,
            'target_mine': 0,
            'target_return': 0},
 'Loss': {'baseline_loss': 0.22802382707595825,
          'behavior_kl_loss': 0.0,
          'entropy_loss': -0.03603397682309151,
          'intent_aux_loss': 0.0,
          'rule_aux_loss': 0.0,
          'teacher_baseline_loss': 0.0,
          'teacher_kl_loss': 0.0,
          'total_loss': 4.800265789031982,
          'upgo_pg_loss': 3.950110673904419,
          'vtrace_pg_loss': 0.6581652164459229},
 'Misc': {'actor_policy_tta_rot180': 1.0,
          'league_opponents': {'first_place': 0.5, 'selfplay': 0.5},
          'learning_rate': 4.650569600000001e-05,
          'teacher_kl_cost': 0.0,
          'teacher_policy_tta_rot180': 1.0,
          'total_games_played': 228},
 'Normalized_Entropy': {'cart': 0.7615214586257935,
                        'city_tile': 0.15275949239730835,
                        'overall': 0.2990468487727876,
                        'worker': 0.3693065941333771},
 'Teacher_KL_Divergence': {'cart': 0.0,
                           'city_tile': 0.0,
                           'overall': 0.0,
                           'worker': 0.0},
 'Value': {'bias': -6.51925802230835e-09,
           'explained_variance': 0.9761219024658203,
           'support_outside_fraction': 0.0,
           'target_std': 0.3892287611961365}}[0m
[[36m2026-08-16 11:25:29,148[0m][[34mroot[0m][[32mINFO[0m] - Steps 71168 @ 102.3 SPS / 1.6 BPS. Stats:
{'Actions': {'cart': {'MOVE': nan, 'NO-OP': nan, 'TRANSFER': nan},
             'city_tile': {'BUILD_CART': nan,
                           'BUILD_WORKER': nan,
                           'NO-OP': nan,
                           'RESEARCH': nan},
             'worker': {'BUILD_CITY': nan,
                        'MOVE': nan,
                        'NO-OP': nan,
                        'PILLAGE': nan,
                        'TRANSFER': nan}},
 'Active_Entities': {'cart': 14, 'city_tile': 202, 'worker': 285},
 'Behavior_Policy': {'actor_version_max': 70912,
                     'actor_version_min': 70400,
                     'beta': 0.0,
                     'buffer_lag_max': 704,
                     'ema_kl': None,
                     'forward_kl': 0.01353352889418602,
                     'learner_version': 71104,
                     'log_rho_max': 1.067519187927246,
                     'log_rho_mean': -0.05459873378276825,
                     'log_rho_p95': 0.5423584580421448,
                     'reverse_kl': 0.014032895676791668,
                     'target': None,
                     'vtrace_rho_clipped_fraction': 0.3203125},
 'Entropy': {'cart': 1.3202106952667236,
             'city_tile': 0.1270584613084793,
             'overall': 2.207470253109932,
             'worker': 0.760201096534729},
 'Env': {'carts_final': nan,
         'carts_peak': nan,
         'city_tiles_final': nan,
         'city_tiles_peak': nan,
         'max_cumulative_rewards': nan,
         'mean_cumulative_reward_magnitudes': nan,
         'mean_cumulative_rewards': nan,
         'research_points': nan,
         'separate_cities_final': nan,
         'separate_cities_peak': nan,
         'step': nan,
         'workers_final': nan,
         'workers_peak': nan},
 'Gradient': {'clipped': 1.0, 'norm_before_clip': 14.69453239440918},
 'Intent': {'accuracy': nan,
            'target_build': 0,
            'target_deliver': 0,
            'target_mine': 0,
            'target_return': 0},
 'Loss': {'baseline_loss': 0.02998238615691662,
          'behavior_kl_loss': 0.0,
          'entropy_loss': -0.052161216735839844,
          'intent_aux_loss': 0.0,
          'rule_aux_loss': 0.0,
          'teacher_baseline_loss': 0.0,
          'teacher_kl_loss': 0.0,
          'total_loss': 1.623159408569336,
          'upgo_pg_loss': 2.8659896850585938,
          'vtrace_pg_loss': -1.220651388168335},
 'Misc': {'actor_policy_tta_rot180': 1.0,
          'league_opponents': {'first_place': 0.5, 'selfplay': 0.5},
          'learning_rate': 4.6480352000000005e-05,
          'teacher_kl_cost': 0.0,
          'teacher_policy_tta_rot180': 1.0,
          'total_games_played': 231},
 'Normalized_Entropy': {'cart': 0.8618664145469666,
                        'city_tile': 0.13090354204177856,
                        'overall': 0.3499216709784167,
                        'worker': 0.4800074100494385},
 'Teacher_KL_Divergence': {'cart': 0.0,
                           'city_tile': 0.0,
                           'overall': 0.0,
                           'worker': 0.0},
 'Value': {'bias': 3.259629011154175e-09,
           'explained_variance': 0.9964983463287354,
           'support_outside_fraction': 0.0,
           'target_std': 0.38774970173835754}}[0m
[[36m2026-08-16 11:25:34,153[0m][[34mroot[0m][[32mINFO[0m] - Steps 71680 @ 102.3 SPS / 1.6 BPS. Stats:
{'Actions': {'cart': {'MOVE': 0.7627118644067796,
                      'NO-OP': 0.23728813559322035,
                      'TRANSFER': 0.0},
             'city_tile': {'BUILD_CART': 0.0011115227862171174,
                           'BUILD_WORKER': 0.011346795109299741,
                           'NO-OP': 0.9752223045572435,
                           'RESEARCH': 0.012319377547239718},
             'worker': {'BUILD_CITY': 0.03512443016217024,
                        'MOVE': 0.32635826918765415,
                        'NO-OP': 0.6226739406621329,
                        'PILLAGE': 0.0001494656602645542,
                        'TRANSFER': 0.015693894327778193}},
 'Active_Entities': {'cart': 17, 'city_tile': 160, 'worker': 271},
 'Behavior_Policy': {'actor_version_max': 71424,
                     'actor_version_min': 70912,
                     'beta': 0.0,
                     'buffer_lag_max': 704,
                     'ema_kl': None,
                     'forward_kl': 0.03861965984106064,
                     'learner_version': 71616,
                     'log_rho_max': 1.3299827575683594,
                     'log_rho_mean': -0.0972767025232315,
                     'log_rho_p95': 0.28965041041374207,
                     'reverse_kl': 0.03477466106414795,
                     'target': None,
                     'vtrace_rho_clipped_fraction': 0.3125},
 'Entropy': {'cart': 1.2297488451004028,
             'city_tile': 0.28047052025794983,
             'overall': 2.01532045006752,
             'worker': 0.5051010847091675},
 'Env': {'carts_final': 0.0,
         'carts_peak': 2.5,
         'city_tiles_final': 46.5,
         'city_tiles_peak': 73.0,
         'max_cumulative_rewards': 1.0,
         'mean_cumulative_reward_magnitudes': 1.0,
         'mean_cumulative_rewards': 0.0,
         'research_points': 133.0,
         'separate_cities_final': 4.0,
         'separate_cities_peak': 17.5,
         'step': 361.0,
         'workers_final': 22.5,
         'workers_peak': 47.5},
 'Gradient': {'clipped': 1.0, 'norm_before_clip': 139.93655395507812},
 'Intent': {'accuracy': nan,
            'target_build': 0,
            'target_deliver': 0,
            'target_mine': 0,
            'target_return': 0},
 'Loss': {'baseline_loss': 1.1214451789855957,
          'behavior_kl_loss': 0.0,
          'entropy_loss': -0.0405326783657074,
          'intent_aux_loss': 0.0,
          'rule_aux_loss': 0.0,
          'teacher_baseline_loss': 0.0,
          'teacher_kl_loss': 0.0,
          'total_loss': -1.3423141241073608,
          'upgo_pg_loss': 1.137761116027832,
          'vtrace_pg_loss': -3.560987710952759},
 'Misc': {'actor_policy_tta_rot180': 1.0,
          'league_opponents': {'first_place': 0.359375, 'selfplay': 0.640625},
          'learning_rate': 4.6455008e-05,
          'teacher_kl_cost': 0.0,
          'teacher_policy_tta_rot180': 1.0,
          'total_games_played': 235},
 'Normalized_Entropy': {'cart': 0.7932098507881165,
                        'city_tile': 0.29523783922195435,
                        'overall': 0.32779516253088203,
                        'worker': 0.3178214430809021},
 'Teacher_KL_Divergence': {'cart': 0.0,
                           'city_tile': 0.0,
                           'overall': 0.0,
                           'worker': 0.0},
 'Value': {'bias': 2.735760062932968e-09,
           'explained_variance': 0.8419586420059204,
           'support_outside_fraction': 0.0,
           'target_std': 0.4009968042373657}}[0m
[[36m2026-08-16 11:25:39,159[0m][[34mroot[0m][[32mINFO[0m] - Steps 72064 @ 76.7 SPS / 1.2 BPS. Stats:
{'Actions': {'cart': {'MOVE': nan, 'NO-OP': nan, 'TRANSFER': nan},
             'city_tile': {'BUILD_CART': nan,
                           'BUILD_WORKER': nan,
                           'NO-OP': nan,
                           'RESEARCH': nan},
             'worker': {'BUILD_CITY': nan,
                        'MOVE': nan,
                        'NO-OP': nan,
                        'PILLAGE': nan,
                        'TRANSFER': nan}},
 'Active_Entities': {'cart': 0, 'city_tile': 214, 'worker': 206},
 'Behavior_Policy': {'actor_version_max': 71936,
                     'actor_version_min': 71424,
                     'beta': 0.0,
                     'buffer_lag_max': 576,
                     'ema_kl': None,
                     'forward_kl': 0.020589226856827736,
                     'learner_version': 72000,
                     'log_rho_max': 1.3245620727539062,
                     'log_rho_mean': -0.08686252683401108,
                     'log_rho_p95': 0.07536116242408752,
                     'reverse_kl': 0.022298011928796768,
                     'target': None,
                     'vtrace_rho_clipped_fraction': 0.109375},
 'Entropy': {'cart': -0.0,
             'city_tile': 0.06438539922237396,
             'overall': 0.959730252623558,
             'worker': 0.8953448534011841},
 'Env': {'carts_final': nan,
         'carts_peak': nan,
         'city_tiles_final': nan,
         'city_tiles_peak': nan,
         'max_cumulative_rewards': nan,
         'mean_cumulative_reward_magnitudes': nan,
         'mean_cumulative_rewards': nan,
         'research_points': nan,
         'separate_cities_final': nan,
         'separate_cities_peak': nan,
         'step': nan,
         'workers_final': nan,
         'workers_peak': nan},
 'Gradient': {'clipped': 1.0, 'norm_before_clip': 48.5941162109375},
 'Intent': {'accuracy': nan,
            'target_build': 0,
            'target_deliver': 0,
            'target_mine': 0,
            'target_return': 0},
 'Loss': {'baseline_loss': 0.053705617785453796,
          'behavior_kl_loss': 0.0,
          'entropy_loss': -0.03964390605688095,
          'intent_aux_loss': 0.0,
          'rule_aux_loss': 0.0,
          'teacher_baseline_loss': 0.0,
          'teacher_kl_loss': 0.0,
          'total_loss': 2.0082201957702637,
          'upgo_pg_loss': 1.9430856704711914,
          'vtrace_pg_loss': 0.051072776317596436},
 'Misc': {'actor_policy_tta_rot180': 1.0,
          'league_opponents': {'first_place': 1.0, 'selfplay': 0.0},
          'learning_rate': 4.6436e-05,
          'teacher_kl_cost': 0.0,
          'teacher_policy_tta_rot180': 1.0,
          'total_games_played': 236},
 'Normalized_Entropy': {'cart': 0.0,
                        'city_tile': 0.08858766406774521,
                        'overall': 0.3280361164538633,
                        'worker': 0.5767835378646851},
 'Teacher_KL_Divergence': {'cart': 0.0,
                           'city_tile': 0.0,
                           'overall': 0.0,
                           'worker': 0.0},
 'Value': {'bias': -1.6298145055770874e-08,
           'explained_variance': 0.9925757050514221,
           'support_outside_fraction': 0.0,
           'target_std': 0.4754534959793091}}[0m
[[36m2026-08-16 11:25:44,164[0m][[34mroot[0m][[32mINFO[0m] - Steps 72448 @ 76.7 SPS / 1.2 BPS. Stats:
{'Actions': {'cart': {'MOVE': nan, 'NO-OP': nan, 'TRANSFER': nan},
             'city_tile': {'BUILD_CART': 0.0,
                           'BUILD_WORKER': 0.01209080440861984,
                           'NO-OP': 0.9716236223063004,
                           'RESEARCH': 0.016285573285079784},
             'worker': {'BUILD_CITY': 0.04232429298460349,
                        'MOVE': 0.370031566063261,
                        'NO-OP': 0.5659344198930619,
                        'PILLAGE': 0.0,
                        'TRANSFER': 0.021709721059073633}},
 'Active_Entities': {'cart': 0, 'city_tile': 108, 'worker': 188},
 'Behavior_Policy': {'actor_version_max': 72192,
                     'actor_version_min': 71680,
                     'beta': 0.0,
                     'buffer_lag_max': 704,
                     'ema_kl': None,
                     'forward_kl': 0.024741163477301598,
                     'learner_version': 72384,
                     'log_rho_max': 0.8167791366577148,
                     'log_rho_mean': -0.018820494413375854,
                     'log_rho_p95': 0.2016807198524475,
                     'reverse_kl': 0.0244978629052639,
                     'target': None,
                     'vtrace_rho_clipped_fraction': 0.1796875},
 'Entropy': {'cart': -0.0,
             'city_tile': 0.0412263348698616,
             'overall': 0.4676913097500801,
             'worker': 0.4264649748802185},
 'Env': {'carts_final': 0.0,
         'carts_peak': 0.0,
         'city_tiles_final': 28.166667938232422,
         'city_tiles_peak': 48.0,
         'max_cumulative_rewards': 1.0,
         'mean_cumulative_reward_magnitudes': 1.0,
         'mean_cumulative_rewards': 0.0,
         'research_points': 66.0,
         'separate_cities_final': 3.5,
         'separate_cities_peak': 11.666666984558105,
         'step': 221.6666717529297,
         'workers_final': 15.166666984558105,
         'workers_peak': 23.5},
 'Gradient': {'clipped': 1.0, 'norm_before_clip': 78.18073272705078},
 'Intent': {'accuracy': nan,
            'target_build': 0,
            'target_deliver': 0,
            'target_mine': 0,
            'target_return': 0},
 'Loss': {'baseline_loss': 1.0335495471954346,
          'behavior_kl_loss': 0.0,
          'entropy_loss': -0.016925569623708725,
          'intent_aux_loss': 0.0,
          'rule_aux_loss': 0.0,
          'teacher_baseline_loss': 0.0,
          'teacher_kl_loss': 0.0,
          'total_loss': -13.770062446594238,
          'upgo_pg_loss': -3.0872080326080322,
          'vtrace_pg_loss': -11.699478149414062},
 'Misc': {'actor_policy_tta_rot180': 1.0,
          'league_opponents': {'first_place': 1.0, 'selfplay': 0.0},
          'learning_rate': 4.6416992000000004e-05,
          'teacher_kl_cost': 0.0,
          'teacher_policy_tta_rot180': 1.0,
          'total_games_played': 242},
 'Normalized_Entropy': {'cart': 0.0,
                        'city_tile': 0.05436274781823158,
                        'overall': 0.23110064879261158,
                        'worker': 0.3326309323310852},
 'Teacher_KL_Divergence': {'cart': 0.0,
                           'city_tile': 0.0,
                           'overall': 0.0,
                           'worker': 0.0},
 'Value': {'bias': 1.6298145055770874e-09,
           'explained_variance': 0.9265128970146179,
           'support_outside_fraction': 0.0,
           'target_std': 0.662956714630127}}[0m
[[36m2026-08-16 11:25:49,170[0m][[34mroot[0m][[32mINFO[0m] - Steps 72960 @ 102.3 SPS / 1.6 BPS. Stats:
{'Actions': {'cart': {'MOVE': nan, 'NO-OP': nan, 'TRANSFER': nan},
             'city_tile': {'BUILD_CART': nan,
                           'BUILD_WORKER': nan,
                           'NO-OP': nan,
                           'RESEARCH': nan},
             'worker': {'BUILD_CITY': nan,
                        'MOVE': nan,
                        'NO-OP': nan,
                        'PILLAGE': nan,
                        'TRANSFER': nan}},
 'Active_Entities': {'cart': 0, 'city_tile': 50, 'worker': 186},
 'Behavior_Policy': {'actor_version_max': 72704,
                     'actor_version_min': 72192,
                     'beta': 0.0,
                     'buffer_lag_max': 704,
                     'ema_kl': None,
                     'forward_kl': 0.06784959137439728,
                     'learner_version': 72896,
                     'log_rho_max': 1.792043924331665,
                     'log_rho_mean': -0.08835432678461075,
                     'log_rho_p95': 0.2113719880580902,
                     'reverse_kl': 0.0653313547372818,
                     'target': None,
                     'vtrace_rho_clipped_fraction': 0.1953125},
 'Entropy': {'cart': -0.0,
             'city_tile': 0.203562930226326,
             'overall': 0.5918274968862534,
             'worker': 0.38826456665992737},
 'Env': {'carts_final': nan,
         'carts_peak': nan,
         'city_tiles_final': nan,
         'city_tiles_peak': nan,
         'max_cumulative_rewards': nan,
         'mean_cumulative_reward_magnitudes': nan,
         'mean_cumulative_rewards': nan,
         'research_points': nan,
         'separate_cities_final': nan,
         'separate_cities_peak': nan,
         'step': nan,
         'workers_final': nan,
         'workers_peak': nan},
 'Gradient': {'clipped': 1.0, 'norm_before_clip': 36.167015075683594},
 'Intent': {'accuracy': nan,
            'target_build': 0,
            'target_deliver': 0,
            'target_mine': 0,
            'target_return': 0},
 'Loss': {'baseline_loss': 0.22811460494995117,
          'behavior_kl_loss': 0.0,
          'entropy_loss': -0.016479069367051125,
          'intent_aux_loss': 0.0,
          'rule_aux_loss': 0.0,
          'teacher_baseline_loss': 0.0,
          'teacher_kl_loss': 0.0,
          'total_loss': -1.2632317543029785,
          'upgo_pg_loss': 0.6464600563049316,
          'vtrace_pg_loss': -2.1213274002075195},
 'Misc': {'actor_policy_tta_rot180': 1.0,
          'league_opponents': {'first_place': 1.0, 'selfplay': 0.0},
          'learning_rate': 4.6391648e-05,
          'teacher_kl_cost': 0.0,
          'teacher_policy_tta_rot180': 1.0,
          'total_games_played': 243},
 'Normalized_Entropy': {'cart': 0.0,
                        'city_tile': 0.2327042818069458,
                        'overall': 0.2999276195542287,
                        'worker': 0.31799840927124023},
 'Teacher_KL_Divergence': {'cart': 0.0,
                           'city_tile': 0.0,
                           'overall': 0.0,
                           'worker': 0.0},
 'Value': {'bias': -2.0954757928848267e-09,
           'explained_variance': 0.9510654807090759,
           'support_outside_fraction': 0.0,
           'target_std': 0.38167503476142883}}[0m
[[36m2026-08-16 11:25:54,176[0m][[34mroot[0m][[32mINFO[0m] - Steps 73280 @ 63.9 SPS / 1.0 BPS. Stats:
{'Actions': {'cart': {'MOVE': nan, 'NO-OP': nan, 'TRANSFER': nan},
             'city_tile': {'BUILD_CART': nan,
                           'BUILD_WORKER': nan,
                           'NO-OP': nan,
                           'RESEARCH': nan},
             'worker': {'BUILD_CITY': nan,
                        'MOVE': nan,
                        'NO-OP': nan,
                        'PILLAGE': nan,
                        'TRANSFER': nan}},
 'Active_Entities': {'cart': 13, 'city_tile': 153, 'worker': 465},
 'Behavior_Policy': {'actor_version_max': 73216,
                     'actor_version_min': 72704,
                     'beta': 0.0,
                     'buffer_lag_max': 512,
                     'ema_kl': None,
                     'forward_kl': 0.036010660231113434,
                     'learner_version': 73216,
                     'log_rho_max': 1.1720364093780518,
                     'log_rho_mean': -0.17816758155822754,
                     'log_rho_p95': 0.5756985545158386,
                     'reverse_kl': 0.03637135401368141,
                     'target': None,
                     'vtrace_rho_clipped_fraction': 0.21875},
 'Entropy': {'cart': 1.2804033756256104,
             'city_tile': 0.5143924355506897,
             'overall': 2.8124406933784485,
             'worker': 1.0176448822021484},
 'Env': {'carts_final': nan,
         'carts_peak': nan,
         'city_tiles_final': nan,
         'city_tiles_peak': nan,
         'max_cumulative_rewards': nan,
         'mean_cumulative_reward_magnitudes': nan,
         'mean_cumulative_rewards': nan,
         'research_points': nan,
         'separate_cities_final': nan,
         'separate_cities_peak': nan,
         'step': nan,
         'workers_final': nan,
         'workers_peak': nan},
 'Gradient': {'clipped': 1.0, 'norm_before_clip': 40.36139678955078},
 'Intent': {'accuracy': nan,
            'target_build': 0,
            'target_deliver': 0,
            'target_mine': 0,
            'target_return': 0},
 'Loss': {'baseline_loss': 0.07518181204795837,
          'behavior_kl_loss': 0.0,
          'entropy_loss': -0.1137104332447052,
          'intent_aux_loss': 0.0,
          'rule_aux_loss': 0.0,
          'teacher_baseline_loss': 0.0,
          'teacher_kl_loss': 0.0,
          'total_loss': 0.8483082056045532,
          'upgo_pg_loss': 3.3976104259490967,
          'vtrace_pg_loss': -2.5107736587524414},
 'Misc': {'actor_policy_tta_rot180': 1.0,
          'league_opponents': {'first_place': 0.75, 'selfplay': 0.25},
          'learning_rate': 4.6375808000000006e-05,
          'teacher_kl_cost': 0.0,
          'teacher_policy_tta_rot180': 1.0,
          'total_games_played': 246},
 'Normalized_Entropy': {'cart': 0.8393181562423706,
                        'city_tile': 0.591571033000946,
                        'overall': 0.6349219366223234,
                        'worker': 0.6434714794158936},
 'Teacher_KL_Divergence': {'cart': 0.0,
                           'city_tile': 0.0,
                           'overall': 0.0,
                           'worker': 0.0},
 'Value': {'bias': 5.122274160385132e-09,
           'explained_variance': 0.9947016835212708,
           'support_outside_fraction': 0.0,
           'target_std': 0.6590542793273926}}[0m
[[36m2026-08-16 11:25:59,182[0m][[34mroot[0m][[32mINFO[0m] - Steps 73728 @ 89.5 SPS / 1.4 BPS. Stats:
{'Actions': {'cart': {'MOVE': nan, 'NO-OP': nan, 'TRANSFER': nan},
             'city_tile': {'BUILD_CART': nan,
                           'BUILD_WORKER': nan,
                           'NO-OP': nan,
                           'RESEARCH': nan},
             'worker': {'BUILD_CITY': nan,
                        'MOVE': nan,
                        'NO-OP': nan,
                        'PILLAGE': nan,
                        'TRANSFER': nan}},
 'Active_Entities': {'cart': 14, 'city_tile': 215, 'worker': 539},
 'Behavior_Policy': {'actor_version_max': 73472,
                     'actor_version_min': 72960,
                     'beta': 0.0,
                     'buffer_lag_max': 704,
                     'ema_kl': None,
                     'forward_kl': 0.02013659104704857,
                     'learner_version': 73664,
                     'log_rho_max': 1.6834521293640137,
                     'log_rho_mean': -0.09536142647266388,
                     'log_rho_p95': 0.7314726710319519,
                     'reverse_kl': 0.020526958629488945,
                     'target': None,
                     'vtrace_rho_clipped_fraction': 0.28125},
 'Entropy': {'cart': 1.5044511556625366,
             'city_tile': 0.32130593061447144,
             'overall': 2.6112119555473328,
             'worker': 0.7854548692703247},
 'Env': {'carts_final': nan,
         'carts_peak': nan,
         'city_tiles_final': nan,
         'city_tiles_peak': nan,
         'max_cumulative_rewards': nan,
         'mean_cumulative_reward_magnitudes': nan,
         'mean_cumulative_rewards': nan,
         'research_points': nan,
         'separate_cities_final': nan,
         'separate_cities_peak': nan,
         'step': nan,
         'workers_final': nan,
         'workers_peak': nan},
 'Gradient': {'clipped': 1.0, 'norm_before_clip': 27.3205623626709},
 'Intent': {'accuracy': nan,
            'target_build': 0,
            'target_deliver': 0,
            'target_mine': 0,
            'target_return': 0},
 'Loss': {'baseline_loss': 0.036165352910757065,
          'behavior_kl_loss': 0.0,
          'entropy_loss': -0.10270064324140549,
          'intent_aux_loss': 0.0,
          'rule_aux_loss': 0.0,
          'teacher_baseline_loss': 0.0,
          'teacher_kl_loss': 0.0,
          'total_loss': 4.4088897705078125,
          'upgo_pg_loss': 4.951113700866699,
          'vtrace_pg_loss': -0.4756885766983032},
 'Misc': {'actor_policy_tta_rot180': 1.0,
          'league_opponents': {'first_place': 0.5, 'selfplay': 0.5},
          'learning_rate': 4.6353632000000004e-05,
          'teacher_kl_cost': 0.0,
          'teacher_policy_tta_rot180': 1.0,
          'total_games_played': 246},
 'Normalized_Entropy': {'cart': 0.9442081451416016,
                        'city_tile': 0.4072004556655884,
                        'overall': 0.4900622167624533,
                        'worker': 0.5113186836242676},
 'Teacher_KL_Divergence': {'cart': 0.0,
                           'city_tile': 0.0,
                           'overall': 0.0,
                           'worker': 0.0},
 'Value': {'bias': 9.313225746154785e-10,
           'explained_variance': 0.9974355101585388,
           'support_outside_fraction': 0.0,
           'target_std': 0.5421965718269348}}[0m
[[36m2026-08-16 11:26:04,187[0m][[34mroot[0m][[32mINFO[0m] - Steps 74240 @ 102.3 SPS / 1.6 BPS. Stats:
{'Actions': {'cart': {'MOVE': 0.8020833333333334,
                      'NO-OP': 0.19791666666666666,
                      'TRANSFER': 0.0},
             'city_tile': {'BUILD_CART': 0.018823529411764704,
                           'BUILD_WORKER': 0.08470588235294117,
                           'NO-OP': 0.22823529411764706,
                           'RESEARCH': 0.668235294117647},
             'worker': {'BUILD_CITY': 0.01953311100524059,
                        'MOVE': 0.40543115769414007,
                        'NO-OP': 0.5397808480228681,
                        'PILLAGE': 0.0033349213911386373,
                        'TRANSFER': 0.031919961886612676}},
 'Active_Entities': {'cart': 4, 'city_tile': 192, 'worker': 466},
 'Behavior_Policy': {'actor_version_max': 73984,
                     'actor_version_min': 73472,
                     'beta': 0.0,
                     'buffer_lag_max': 704,
                     'ema_kl': None,
                     'forward_kl': 0.022723019123077393,
                     'learner_version': 74176,
                     'log_rho_max': 1.172811508178711,
                     'log_rho_mean': -0.17649608850479126,
                     'log_rho_p95': 0.530648410320282,
                     'reverse_kl': 0.02099161222577095,
                     'target': None,
                     'vtrace_rho_clipped_fraction': 0.2734375},
 'Entropy': {'cart': 1.4578197002410889,
             'city_tile': 0.47864189743995667,
             'overall': 2.726110488176346,
             'worker': 0.7896488904953003},
 'Env': {'carts_final': 0.0,
         'carts_peak': 1.0,
         'city_tiles_final': 4.5,
         'city_tiles_peak': 12.5,
         'max_cumulative_rewards': 1.0,
         'mean_cumulative_reward_magnitudes': 1.0,
         'mean_cumulative_rewards': 0.0,
         'research_points': 142.0,
         'separate_cities_final': 1.0,
         'separate_cities_peak': 4.0,
         'step': 238.0,
         'workers_final': 3.0,
         'workers_peak': 11.5},
 'Gradient': {'clipped': 1.0, 'norm_before_clip': 190.33737182617188},
 'Intent': {'accuracy': nan,
            'target_build': 0,
            'target_deliver': 0,
            'target_mine': 0,
            'target_return': 0},
 'Loss': {'baseline_loss': 2.432906150817871,
          'behavior_kl_loss': 0.0,
          'entropy_loss': -0.09314137697219849,
          'intent_aux_loss': 0.0,
          'rule_aux_loss': 0.0,
          'teacher_baseline_loss': 0.0,
          'teacher_kl_loss': 0.0,
          'total_loss': 42.91571807861328,
          'upgo_pg_loss': 30.135135650634766,
          'vtrace_pg_loss': 10.440816879272461},
 'Misc': {'actor_policy_tta_rot180': 1.0,
          'league_opponents': {'first_place': 0.5, 'selfplay': 0.5},
          'learning_rate': 4.6328288e-05,
          'teacher_kl_cost': 0.0,
          'teacher_policy_tta_rot180': 1.0,
          'total_games_played': 249},
 'Normalized_Entropy': {'cart': 0.9057942628860474,
                        'city_tile': 0.554563581943512,
                        'overall': 0.5300051440285052,
                        'worker': 0.5166609883308411},
 'Teacher_KL_Divergence': {'cart': 0.0,
                           'city_tile': 0.0,
                           'overall': 0.0,
                           'worker': 0.0},
 'Value': {'bias': 1.0011717677116394e-08,
           'explained_variance': 0.905911386013031,
           'support_outside_fraction': 0.0,
           'target_std': 0.6397441625595093}}[0m
[[36m2026-08-16 11:26:09,193[0m][[34mroot[0m][[32mINFO[0m] - Steps 74752 @ 102.3 SPS / 1.6 BPS. Stats:
{'Actions': {'cart': {'MOVE': nan, 'NO-OP': nan, 'TRANSFER': nan},
             'city_tile': {'BUILD_CART': nan,
                           'BUILD_WORKER': nan,
                           'NO-OP': nan,
                           'RESEARCH': nan},
             'worker': {'BUILD_CITY': nan,
                        'MOVE': nan,
                        'NO-OP': nan,
                        'PILLAGE': nan,
                        'TRANSFER': nan}},
 'Active_Entities': {'cart': 1, 'city_tile': 163, 'worker': 425},
 'Behavior_Policy': {'actor_version_max': 74496,
                     'actor_version_min': 73984,
                     'beta': 0.0,
                     'buffer_lag_max': 704,
                     'ema_kl': None,
                     'forward_kl': 0.10321085155010223,
                     'learner_version': 74688,
                     'log_rho_max': 2.4152183532714844,
                     'log_rho_mean': -0.21397794783115387,
                     'log_rho_p95': 0.5364660620689392,
                     'reverse_kl': 0.08521682024002075,
                     'target': None,
                     'vtrace_rho_clipped_fraction': 0.234375},
 'Entropy': {'cart': 1.0370957851409912,
             'city_tile': 0.4258161783218384,
             'overall': 2.4068987369537354,
             'worker': 0.9439867734909058},
 'Env': {'carts_final': nan,
         'carts_peak': nan,
         'city_tiles_final': nan,
         'city_tiles_peak': nan,
         'max_cumulative_rewards': nan,
         'mean_cumulative_reward_magnitudes': nan,
         'mean_cumulative_rewards': nan,
         'research_points': nan,
         'separate_cities_final': nan,
         'separate_cities_peak': nan,
         'step': nan,
         'workers_final': nan,
         'workers_peak': nan},
 'Gradient': {'clipped': 1.0, 'norm_before_clip': 39.88351821899414},
 'Intent': {'accuracy': nan,
            'target_build': 0,
            'target_deliver': 0,
            'target_mine': 0,
            'target_return': 0},
 'Loss': {'baseline_loss': 0.130747988820076,
          'behavior_kl_loss': 0.0,
          'entropy_loss': -0.0943278968334198,
          'intent_aux_loss': 0.0,
          'rule_aux_loss': 0.0,
          'teacher_baseline_loss': 0.0,
          'teacher_kl_loss': 0.0,
          'total_loss': 3.377455711364746,
          'upgo_pg_loss': 3.1521759033203125,
          'vtrace_pg_loss': 0.188859760761261},
 'Misc': {'actor_policy_tta_rot180': 1.0,
          'league_opponents': {'first_place': 0.5, 'selfplay': 0.5},
          'learning_rate': 4.6302944e-05,
          'teacher_kl_cost': 0.0,
          'teacher_policy_tta_rot180': 1.0,
          'total_games_played': 249},
 'Normalized_Entropy': {'cart': 0.6443837285041809,
                        'city_tile': 0.5447518229484558,
                        'overall': 0.6099407141601291,
                        'worker': 0.6348615288734436},
 'Teacher_KL_Divergence': {'cart': 0.0,
                           'city_tile': 0.0,
                           'overall': 0.0,
                           'worker': 0.0},
 'Value': {'bias': -2.561137080192566e-09,
           'explained_variance': 0.9934857487678528,
           'support_outside_fraction': 0.0,
           'target_std': 0.5700628757476807}}[0m
[[36m2026-08-16 11:26:14,199[0m][[34mroot[0m][[32mINFO[0m] - Steps 75200 @ 89.5 SPS / 1.4 BPS. Stats:
{'Actions': {'cart': {'MOVE': 0.5238095238095238,
                      'NO-OP': 0.47619047619047616,
                      'TRANSFER': 0.0},
             'city_tile': {'BUILD_CART': 0.0004572473708276177,
                           'BUILD_WORKER': 0.007773205304069501,
                           'NO-OP': 0.9718792866941015,
                           'RESEARCH': 0.019890260631001373},
             'worker': {'BUILD_CITY': 0.022493887530562348,
                        'MOVE': 0.3695843520782396,
                        'NO-OP': 0.5763325183374083,
                        'PILLAGE': 0.00039119804400977997,
                        'TRANSFER': 0.031198044009779952}},
 'Active_Entities': {'cart': 24, 'city_tile': 187, 'worker': 203},
 'Behavior_Policy': {'actor_version_max': 75008,
                     'actor_version_min': 74496,
                     'beta': 0.0,
                     'buffer_lag_max': 640,
                     'ema_kl': None,
                     'forward_kl': 0.04893897846341133,
                     'learner_version': 75136,
                     'log_rho_max': 1.2201447486877441,
                     'log_rho_mean': -0.02792273461818695,
                     'log_rho_p95': 0.34679344296455383,
                     'reverse_kl': 0.05333579331636429,
                     'target': None,
                     'vtrace_rho_clipped_fraction': 0.28125},
 'Entropy': {'cart': 1.4815024137496948,
             'city_tile': 0.14565204083919525,
             'overall': 2.432854875922203,
             'worker': 0.805700421333313},
 'Env': {'carts_final': 0.0,
         'carts_peak': 0.5,
         'city_tiles_final': 30.5,
         'city_tiles_peak': 67.0,
         'max_cumulative_rewards': 1.0,
         'mean_cumulative_reward_magnitudes': 1.0,
         'mean_cumulative_rewards': 0.0,
         'research_points': 174.0,
         'separate_cities_final': 3.0,
         'separate_cities_peak': 10.5,
         'step': 361.0,
         'workers_final': 14.5,
         'workers_peak': 34.0},
 'Gradient': {'clipped': 1.0, 'norm_before_clip': 71.04503631591797},
 'Intent': {'accuracy': nan,
            'target_build': 0,
            'target_deliver': 0,
            'target_mine': 0,
            'target_return': 0},
 'Loss': {'baseline_loss': 0.6543025970458984,
          'behavior_kl_loss': 0.0,
          'entropy_loss': -0.045270033180713654,
          'intent_aux_loss': 0.0,
          'rule_aux_loss': 0.0,
          'teacher_baseline_loss': 0.0,
          'teacher_kl_loss': 0.0,
          'total_loss': -8.713730812072754,
          'upgo_pg_loss': -2.107455253601074,
          'vtrace_pg_loss': -7.215307712554932},
 'Misc': {'actor_policy_tta_rot180': 1.0,
          'league_opponents': {'first_place': 1.0, 'selfplay': 0.0},
          'learning_rate': 4.6280768000000005e-05,
          'teacher_kl_cost': 0.0,
          'teacher_policy_tta_rot180': 1.0,
          'total_games_played': 251},
 'Normalized_Entropy': {'cart': 0.9205092787742615,
                        'city_tile': 0.14605529606342316,
                        'overall': 0.38013383756945096,
                        'worker': 0.5318760871887207},
 'Teacher_KL_Divergence': {'cart': 0.0,
                           'city_tile': 0.0,
                           'overall': 0.0,
                           'worker': 0.0},
 'Value': {'bias': 8.614733815193176e-09,
           'explained_variance': 0.9422882199287415,
           'support_outside_fraction': 0.0,
           'target_std': 0.5952262878417969}}[0m
[[36m2026-08-16 11:26:19,205[0m][[34mroot[0m][[32mINFO[0m] - Steps 75520 @ 63.9 SPS / 1.0 BPS. Stats:
{'Actions': {'cart': {'MOVE': nan, 'NO-OP': nan, 'TRANSFER': nan},
             'city_tile': {'BUILD_CART': nan,
                           'BUILD_WORKER': nan,
                           'NO-OP': nan,
                           'RESEARCH': nan},
             'worker': {'BUILD_CITY': nan,
                        'MOVE': nan,
                        'NO-OP': nan,
                        'PILLAGE': nan,
                        'TRANSFER': nan}},
 'Active_Entities': {'cart': 12, 'city_tile': 171, 'worker': 583},
 'Behavior_Policy': {'actor_version_max': 75264,
                     'actor_version_min': 74752,
                     'beta': 0.0,
                     'buffer_lag_max': 704,
                     'ema_kl': None,
                     'forward_kl': 0.02269747480750084,
                     'learner_version': 75456,
                     'log_rho_max': 0.9791536331176758,
                     'log_rho_mean': -0.17492496967315674,
                     'log_rho_p95': 0.47365957498550415,
                     'reverse_kl': 0.02193565107882023,
                     'target': None,
                     'vtrace_rho_clipped_fraction': 0.28125},
 'Entropy': {'cart': 1.2026152610778809,
             'city_tile': 0.4643910229206085,
             'overall': 2.6641038954257965,
             'worker': 0.9970976114273071},
 'Env': {'carts_final': nan,
         'carts_peak': nan,
         'city_tiles_final': nan,
         'city_tiles_peak': nan,
         'max_cumulative_rewards': nan,
         'mean_cumulative_reward_magnitudes': nan,
         'mean_cumulative_rewards': nan,
         'research_points': nan,
         'separate_cities_final': nan,
         'separate_cities_peak': nan,
         'step': nan,
         'workers_final': nan,
         'workers_peak': nan},
 'Gradient': {'clipped': 1.0, 'norm_before_clip': 27.200353622436523},
 'Intent': {'accuracy': nan,
            'target_build': 0,
            'target_deliver': 0,
            'target_mine': 0,
            'target_return': 0},
 'Loss': {'baseline_loss': 0.029754608869552612,
          'behavior_kl_loss': 0.0,
          'entropy_loss': -0.13503003120422363,
          'intent_aux_loss': 0.0,
          'rule_aux_loss': 0.0,
          'teacher_baseline_loss': 0.0,
          'teacher_kl_loss': 0.0,
          'total_loss': 2.663278818130493,
          'upgo_pg_loss': 4.8422722816467285,
          'vtrace_pg_loss': -2.0737180709838867},
 'Misc': {'actor_policy_tta_rot180': 1.0,
          'league_opponents': {'first_place': 1.0, 'selfplay': 0.0},
          'learning_rate': 4.6264928e-05,
          'teacher_kl_cost': 0.0,
          'teacher_policy_tta_rot180': 1.0,
          'total_games_played': 253},
 'Normalized_Entropy': {'cart': 0.8332855105400085,
                        'city_tile': 0.5625425577163696,
                        'overall': 0.634414760468834,
                        'worker': 0.6514022350311279},
 'Teacher_KL_Divergence': {'cart': 0.0,
                           'city_tile': 0.0,
                           'overall': 0.0,
                           'worker': 0.0},
 'Value': {'bias': 2.3283064365386963e-09,
           'explained_variance': 0.9978474974632263,
           'support_outside_fraction': 0.0,
           'target_std': 0.6572533845901489}}[0m
[[36m2026-08-16 11:26:24,210[0m][[34mroot[0m][[32mINFO[0m] - Steps 75904 @ 76.7 SPS / 1.2 BPS. Stats:
{'Actions': {'cart': {'MOVE': nan, 'NO-OP': nan, 'TRANSFER': nan},
             'city_tile': {'BUILD_CART': nan,
                           'BUILD_WORKER': nan,
                           'NO-OP': nan,
                           'RESEARCH': nan},
             'worker': {'BUILD_CITY': nan,
                        'MOVE': nan,
                        'NO-OP': nan,
                        'PILLAGE': nan,
                        'TRANSFER': nan}},
 'Active_Entities': {'cart': 18, 'city_tile': 1004, 'worker': 1443},
 'Behavior_Policy': {'actor_version_max': 75776,
                     'actor_version_min': 75264,
                     'beta': 0.0,
                     'buffer_lag_max': 576,
                     'ema_kl': None,
                     'forward_kl': 0.013705750927329063,
                     'learner_version': 75840,
                     'log_rho_max': 2.059803009033203,
                     'log_rho_mean': -0.41687241196632385,
                     'log_rho_p95': 0.3771192133426666,
                     'reverse_kl': 0.013668293133378029,
                     'target': None,
                     'vtrace_rho_clipped_fraction': 0.2109375},
 'Entropy': {'cart': 1.473429799079895,
             'city_tile': 0.2867283821105957,
             'overall': 2.8396544456481934,
             'worker': 1.0794962644577026},
 'Env': {'carts_final': nan,
         'carts_peak': nan,
         'city_tiles_final': nan,
         'city_tiles_peak': nan,
         'max_cumulative_rewards': nan,
         'mean_cumulative_reward_magnitudes': nan,
         'mean_cumulative_rewards': nan,
         'research_points': nan,
         'separate_cities_final': nan,
         'separate_cities_peak': nan,
         'step': nan,
         'workers_final': nan,
         'workers_peak': nan},
 'Gradient': {'clipped': 1.0, 'norm_before_clip': 59.3324089050293},
 'Intent': {'accuracy': nan,
            'target_build': 0,
            'target_deliver': 0,
            'target_mine': 0,
            'target_return': 0},
 'Loss': {'baseline_loss': 0.08172167837619781,
          'behavior_kl_loss': 0.0,
          'entropy_loss': -0.37442201375961304,
          'intent_aux_loss': 0.0,
          'rule_aux_loss': 0.0,
          'teacher_baseline_loss': 0.0,
          'teacher_kl_loss': 0.0,
          'total_loss': 20.079030990600586,
          'upgo_pg_loss': 19.84082794189453,
          'vtrace_pg_loss': 0.5309038162231445},
 'Misc': {'actor_policy_tta_rot180': 1.0,
          'league_opponents': {'first_place': 0.5, 'selfplay': 0.5},
          'learning_rate': 4.6245920000000005e-05,
          'teacher_kl_cost': 0.0,
          'teacher_policy_tta_rot180': 1.0,
          'total_games_played': 255},
 'Normalized_Entropy': {'cart': 0.9373384118080139,
                        'city_tile': 0.27200910449028015,
                        'overall': 0.5160508645959123,
                        'worker': 0.6805933117866516},
 'Teacher_KL_Divergence': {'cart': 0.0,
                           'city_tile': 0.0,
                           'overall': 0.0,
                           'worker': 0.0},
 'Value': {'bias': 1.3853423297405243e-08,
           'explained_variance': 0.9962794184684753,
           'support_outside_fraction': 0.0,
           'target_std': 0.6179162859916687}}[0m
[[36m2026-08-16 11:26:29,217[0m][[34mroot[0m][[32mINFO[0m] - Steps 76288 @ 76.7 SPS / 1.2 BPS. Stats:
{'Actions': {'cart': {'MOVE': nan, 'NO-OP': nan, 'TRANSFER': nan},
             'city_tile': {'BUILD_CART': nan,
                           'BUILD_WORKER': nan,
                           'NO-OP': nan,
                           'RESEARCH': nan},
             'worker': {'BUILD_CITY': nan,
                        'MOVE': nan,
                        'NO-OP': nan,
                        'PILLAGE': nan,
                        'TRANSFER': nan}},
 'Active_Entities': {'cart': 37, 'city_tile': 215, 'worker': 620},
 'Behavior_Policy': {'actor_version_max': 76032,
                     'actor_version_min': 75520,
                     'beta': 0.0,
                     'buffer_lag_max': 704,
                     'ema_kl': None,
                     'forward_kl': 0.03027285262942314,
                     'learner_version': 76224,
                     'log_rho_max': 1.250810146331787,
                     'log_rho_mean': -0.28219515085220337,
                     'log_rho_p95': 0.5878168940544128,
                     'reverse_kl': 0.029778774827718735,
                     'target': None,
                     'vtrace_rho_clipped_fraction': 0.328125},
 'Entropy': {'cart': 1.4937902688980103,
             'city_tile': 0.3932889997959137,
             'overall': 2.6736524403095245,
             'worker': 0.7865731716156006},
 'Env': {'carts_final': nan,
         'carts_peak': nan,
         'city_tiles_final': nan,
         'city_tiles_peak': nan,
         'max_cumulative_rewards': nan,
         'mean_cumulative_reward_magnitudes': nan,
         'mean_cumulative_rewards': nan,
         'research_points': nan,
         'separate_cities_final': nan,
         'separate_cities_peak': nan,
         'step': nan,
         'workers_final': nan,
         'workers_peak': nan},
 'Gradient': {'clipped': 1.0, 'norm_before_clip': 41.96426010131836},
 'Intent': {'accuracy': nan,
            'target_build': 0,
            'target_deliver': 0,
            'target_mine': 0,
            'target_return': 0},
 'Loss': {'baseline_loss': 0.06371518969535828,
          'behavior_kl_loss': 0.0,
          'entropy_loss': -0.12550053000450134,
          'intent_aux_loss': 0.0,
          'rule_aux_loss': 0.0,
          'teacher_baseline_loss': 0.0,
          'teacher_kl_loss': 0.0,
          'total_loss': 3.0743651390075684,
          'upgo_pg_loss': 4.5207366943359375,
          'vtrace_pg_loss': -1.384586215019226},
 'Misc': {'actor_policy_tta_rot180': 1.0,
          'league_opponents': {'first_place': 0.5, 'selfplay': 0.5},
          'learning_rate': 4.6226912e-05,
          'teacher_kl_cost': 0.0,
          'teacher_policy_tta_rot180': 1.0,
          'total_games_played': 256},
 'Normalized_Entropy': {'cart': 0.9790492653846741,
                        'city_tile': 0.49635961651802063,
                        'overall': 0.5239173403915462,
                        'worker': 0.5063125491142273},
 'Teacher_KL_Divergence': {'cart': 0.0,
                           'city_tile': 0.0,
                           'overall': 0.0,
                           'worker': 0.0},
 'Value': {'bias': -1.0826624929904938e-08,
           'explained_variance': 0.9960389137268066,
           'support_outside_fraction': 0.0,
           'target_std': 0.6714988946914673}}[0m
[[36m2026-08-16 11:26:34,223[0m][[34mroot[0m][[32mINFO[0m] - Steps 76800 @ 102.3 SPS / 1.6 BPS. Stats:
{'Actions': {'cart': {'MOVE': 1.0, 'NO-OP': 0.0, 'TRANSFER': 0.0},
             'city_tile': {'BUILD_CART': 0.0006345177664974619,
                           'BUILD_WORKER': 0.037436548223350255,
                           'NO-OP': 0.891497461928934,
                           'RESEARCH': 0.07043147208121828},
             'worker': {'BUILD_CITY': 0.02532228360957643,
                        'MOVE': 0.5791896869244936,
                        'NO-OP': 0.36556169429097607,
                        'PILLAGE': 0.0,
                        'TRANSFER': 0.02992633517495396}},
 'Active_Entities': {'cart': 13, 'city_tile': 168, 'worker': 676},
 'Behavior_Policy': {'actor_version_max': 76480,
                     'actor_version_min': 76032,
                     'beta': 0.0,
                     'buffer_lag_max': 704,
                     'ema_kl': None,
                     'forward_kl': 0.04434141144156456,
                     'learner_version': 76736,
                     'log_rho_max': 1.2846412658691406,
                     'log_rho_mean': -0.11755729466676712,
                     'log_rho_p95': 0.6773797869682312,
                     'reverse_kl': 0.040534328669309616,
                     'target': None,
                     'vtrace_rho_clipped_fraction': 0.3515625},
 'Entropy': {'cart': 1.251029372215271,
             'city_tile': 0.4819529354572296,
             'overall': 2.4481591880321503,
             'worker': 0.7151768803596497},
 'Env': {'carts_final': 0.0,
         'carts_peak': 0.5,
         'city_tiles_final': 7.5,
         'city_tiles_peak': 16.0,
         'max_cumulative_rewards': 1.0,
         'mean_cumulative_reward_magnitudes': 1.0,
         'mean_cumulative_rewards': 0.0,
         'research_points': 55.5,
         'separate_cities_final': 1.0,
         'separate_cities_peak': 5.5,
         'step': 154.0,
         'workers_final': 8.0,
         'workers_peak': 15.0},
 'Gradient': {'clipped': 1.0, 'norm_before_clip': 83.6479721069336},
 'Intent': {'accuracy': nan,
            'target_build': 0,
            'target_deliver': 0,
            'target_mine': 0,
            'target_return': 0},
 'Loss': {'baseline_loss': 0.2616118788719177,
          'behavior_kl_loss': 0.0,
          'entropy_loss': -0.11613820493221283,
          'intent_aux_loss': 0.0,
          'rule_aux_loss': 0.0,
          'teacher_baseline_loss': 0.0,
          'teacher_kl_loss': 0.0,
          'total_loss': 11.6817626953125,
          'upgo_pg_loss': 13.104140281677246,
          'vtrace_pg_loss': -1.567850947380066},
 'Misc': {'actor_policy_tta_rot180': 1.0,
          'league_opponents': {'first_place': 0.5, 'selfplay': 0.5},
          'learning_rate': 4.6201568e-05,
          'teacher_kl_cost': 0.0,
          'teacher_policy_tta_rot180': 1.0,
          'total_games_played': 260},
 'Normalized_Entropy': {'cart': 0.9098752737045288,
                        'city_tile': 0.5188376903533936,
                        'overall': 0.47588395515984944,
                        'worker': 0.45686307549476624},
 'Teacher_KL_Divergence': {'cart': 0.0,
                           'city_tile': 0.0,
                           'overall': 0.0,
                           'worker': 0.0},
 'Value': {'bias': 4.423782229423523e-09,
           'explained_variance': 0.9863572716712952,
           'support_outside_fraction': 0.0,
           'target_std': 0.6904865503311157}}[0m
[[36m2026-08-16 11:26:39,228[0m][[34mroot[0m][[32mINFO[0m] - Steps 77312 @ 102.3 SPS / 1.6 BPS. Stats:
{'Actions': {'cart': {'MOVE': nan, 'NO-OP': nan, 'TRANSFER': nan},
             'city_tile': {'BUILD_CART': nan,
                           'BUILD_WORKER': nan,
                           'NO-OP': nan,
                           'RESEARCH': nan},
             'worker': {'BUILD_CITY': nan,
                        'MOVE': nan,
                        'NO-OP': nan,
                        'PILLAGE': nan,
                        'TRANSFER': nan}},
 'Active_Entities': {'cart': 18, 'city_tile': 203, 'worker': 650},
 'Behavior_Policy': {'actor_version_max': 76992,
                     'actor_version_min': 76544,
                     'beta': 0.0,
                     'buffer_lag_max': 704,
                     'ema_kl': None,
                     'forward_kl': 0.03955758363008499,
                     'learner_version': 77248,
                     'log_rho_max': 1.1349906921386719,
                     'log_rho_mean': -0.212007075548172,
                     'log_rho_p95': 0.5778734683990479,
                     'reverse_kl': 0.035280048847198486,
                     'target': None,
                     'vtrace_rho_clipped_fraction': 0.2890625},
 'Entropy': {'cart': 1.4795905351638794,
             'city_tile': 0.4140995442867279,
             'overall': 2.726308196783066,
             'worker': 0.8326181173324585},
 'Env': {'carts_final': nan,
         'carts_peak': nan,
         'city_tiles_final': nan,
         'city_tiles_peak': nan,
         'max_cumulative_rewards': nan,
         'mean_cumulative_reward_magnitudes': nan,
         'mean_cumulative_rewards': nan,
         'research_points': nan,
         'separate_cities_final': nan,
         'separate_cities_peak': nan,
         'step': nan,
         'workers_final': nan,
         'workers_peak': nan},
 'Gradient': {'clipped': 1.0, 'norm_before_clip': 101.05158233642578},
 'Intent': {'accuracy': nan,
            'target_build': 0,
            'target_deliver': 0,
            'target_mine': 0,
            'target_return': 0},
 'Loss': {'baseline_loss': 0.12489835172891617,
          'behavior_kl_loss': 0.0,
          'entropy_loss': -0.1303793340921402,
          'intent_aux_loss': 0.0,
          'rule_aux_loss': 0.0,
          'teacher_baseline_loss': 0.0,
          'teacher_kl_loss': 0.0,
          'total_loss': 8.733750343322754,
          'upgo_pg_loss': 9.161396026611328,
          'vtrace_pg_loss': -0.42216426134109497},
 'Misc': {'actor_policy_tta_rot180': 1.0,
          'league_opponents': {'first_place': 0.5, 'selfplay': 0.5},
          'learning_rate': 4.6176224e-05,
          'teacher_kl_cost': 0.0,
          'teacher_policy_tta_rot180': 1.0,
          'total_games_played': 260},
 'Normalized_Entropy': {'cart': 0.9651169180870056,
                        'city_tile': 0.4506452679634094,
                        'overall': 0.5360610120332063,
                        'worker': 0.5508554577827454},
 'Teacher_KL_Divergence': {'cart': 0.0,
                           'city_tile': 0.0,
                           'overall': 0.0,
                           'worker': 0.0},
 'Value': {'bias': -9.371433407068253e-09,
           'explained_variance': 0.9925543665885925,
           'support_outside_fraction': 0.0,
           'target_std': 0.5450006723403931}}[0m
[[36m2026-08-16 11:26:44,234[0m][[34mroot[0m][[32mINFO[0m] - Steps 77696 @ 76.7 SPS / 1.2 BPS. Stats:
{'Actions': {'cart': {'MOVE': nan, 'NO-OP': nan, 'TRANSFER': nan},
             'city_tile': {'BUILD_CART': nan,
                           'BUILD_WORKER': nan,
                           'NO-OP': nan,
                           'RESEARCH': nan},
             'worker': {'BUILD_CITY': nan,
                        'MOVE': nan,
                        'NO-OP': nan,
                        'PILLAGE': nan,
                        'TRANSFER': nan}},
 'Active_Entities': {'cart': 4, 'city_tile': 198, 'worker': 564},
 'Behavior_Policy': {'actor_version_max': 77568,
                     'actor_version_min': 77056,
                     'beta': 0.0,
                     'buffer_lag_max': 576,
                     'ema_kl': None,
                     'forward_kl': 0.02493801899254322,
                     'learner_version': 77632,
                     'log_rho_max': 1.3676776885986328,
                     'log_rho_mean': -0.24477411806583405,
                     'log_rho_p95': 0.32889676094055176,
                     'reverse_kl': 0.024473151192069054,
                     'target': None,
                     'vtrace_rho_clipped_fraction': 0.171875},
 'Entropy': {'cart': 1.4564073085784912,
             'city_tile': 0.49206873774528503,
             'overall': 2.853722482919693,
             'worker': 0.9052464365959167},
 'Env': {'carts_final': nan,
         'carts_peak': nan,
         'city_tiles_final': nan,
         'city_tiles_peak': nan,
         'max_cumulative_rewards': nan,
         'mean_cumulative_reward_magnitudes': nan,
         'mean_cumulative_rewards': nan,
         'research_points': nan,
         'separate_cities_final': nan,
         'separate_cities_peak': nan,
         'step': nan,
         'workers_final': nan,
         'workers_peak': nan},
 'Gradient': {'clipped': 1.0, 'norm_before_clip': 49.31696701049805},
 'Intent': {'accuracy': nan,
            'target_build': 0,
            'target_deliver': 0,
            'target_mine': 0,
            'target_return': 0},
 'Loss': {'baseline_loss': 0.050807807594537735,
          'behavior_kl_loss': 0.0,
          'entropy_loss': -0.12276285141706467,
          'intent_aux_loss': 0.0,
          'rule_aux_loss': 0.0,
          'teacher_baseline_loss': 0.0,
          'teacher_kl_loss': 0.0,
          'total_loss': 1.9839454889297485,
          'upgo_pg_loss': 6.212383270263672,
          'vtrace_pg_loss': -4.156482696533203},
 'Misc': {'actor_policy_tta_rot180': 1.0,
          'league_opponents': {'first_place': 1.0, 'selfplay': 0.0},
          'learning_rate': 4.6157216e-05,
          'teacher_kl_cost': 0.0,
          'teacher_policy_tta_rot180': 1.0,
          'total_games_played': 260},
 'Normalized_Entropy': {'cart': 0.9049167633056641,
                        'city_tile': 0.5718651413917542,
                        'overall': 0.589525484073878,
                        'worker': 0.5934885740280151},
 'Teacher_KL_Divergence': {'cart': 0.0,
                           'city_tile': 0.0,
                           'overall': 0.0,
                           'worker': 0.0},
 'Value': {'bias': 1.7229467630386353e-08,
           'explained_variance': 0.9968706965446472,
           'support_outside_fraction': 0.0,
           'target_std': 0.7123064398765564}}[0m
[[36m2026-08-16 11:26:49,239[0m][[34mroot[0m][[32mINFO[0m] - Steps 78080 @ 76.7 SPS / 1.2 BPS. Stats:
{'Actions': {'cart': {'MOVE': nan, 'NO-OP': nan, 'TRANSFER': nan},
             'city_tile': {'BUILD_CART': 0.0,
                           'BUILD_WORKER': 0.016101694915254237,
                           'NO-OP': 0.8813559322033898,
                           'RESEARCH': 0.10254237288135593},
             'worker': {'BUILD_CITY': 0.0223463687150838,
                        'MOVE': 0.5620111731843576,
                        'NO-OP': 0.3813780260707635,
                        'PILLAGE': 0.0,
                        'TRANSFER': 0.03426443202979516}},
 'Active_Entities': {'cart': 54, 'city_tile': 430, 'worker': 440},
 'Behavior_Policy': {'actor_version_max': 77824,
                     'actor_version_min': 77312,
                     'beta': 0.0,
                     'buffer_lag_max': 704,
                     'ema_kl': None,
                     'forward_kl': 0.10594191402196884,
                     'learner_version': 78016,
                     'log_rho_max': 1.2677803039550781,
                     'log_rho_mean': -0.2517601251602173,
                     'log_rho_p95': 0.4292348325252533,
                     'reverse_kl': 0.09775713831186295,
                     'target': None,
                     'vtrace_rho_clipped_fraction': 0.15625},
 'Entropy': {'cart': 1.1158086061477661,
             'city_tile': 0.045161277055740356,
             'overall': 2.204081803560257,
             'worker': 1.0431119203567505},
 'Env': {'carts_final': 0.0,
         'carts_peak': 0.0,
         'city_tiles_final': 7.5,
         'city_tiles_peak': 17.5,
         'max_cumulative_rewards': 1.0,
         'mean_cumulative_reward_magnitudes': 1.0,
         'mean_cumulative_rewards': 0.0,
         'research_points': 121.0,
         'separate_cities_final': 2.0,
         'separate_cities_peak': 7.0,
         'step': 234.0,
         'workers_final': 5.0,
         'workers_peak': 11.5},
 'Gradient': {'clipped': 1.0, 'norm_before_clip': 46.030887603759766},
 'Intent': {'accuracy': nan,
            'target_build': 0,
            'target_deliver': 0,
            'target_mine': 0,
            'target_return': 0},
 'Loss': {'baseline_loss': 0.736421525478363,
          'behavior_kl_loss': 0.0,
          'entropy_loss': -0.10772843658924103,
          'intent_aux_loss': 0.0,
          'rule_aux_loss': 0.0,
          'teacher_baseline_loss': 0.0,
          'teacher_kl_loss': 0.0,
          'total_loss': 2.6460142135620117,
          'upgo_pg_loss': 3.9588940143585205,
          'vtrace_pg_loss': -1.9415727853775024},
 'Misc': {'actor_policy_tta_rot180': 1.0,
          'league_opponents': {'first_place': 0.875, 'selfplay': 0.125},
          'learning_rate': 4.613820800000001e-05,
          'teacher_kl_cost': 0.0,
          'teacher_policy_tta_rot180': 1.0,
          'total_games_played': 261},
 'Normalized_Entropy': {'cart': 0.7687790393829346,
                        'city_tile': 0.04263198375701904,
                        'overall': 0.38028908162922054,
                        'worker': 0.6625938415527344},
 'Teacher_KL_Divergence': {'cart': 0.0,
                           'city_tile': 0.0,
                           'overall': 0.0,
                           'worker': 0.0},
 'Value': {'bias': 1.1641532182693481e-09,
           'explained_variance': 0.9331740140914917,
           'support_outside_fraction': 0.0,
           'target_std': 0.5867412686347961}}[0m
[[36m2026-08-16 11:26:54,246[0m][[34mroot[0m][[32mINFO[0m] - Steps 78336 @ 51.2 SPS / 0.8 BPS. Stats:
{'Actions': {'cart': {'MOVE': nan, 'NO-OP': nan, 'TRANSFER': nan},
             'city_tile': {'BUILD_CART': nan,
                           'BUILD_WORKER': nan,
                           'NO-OP': nan,
                           'RESEARCH': nan},
             'worker': {'BUILD_CITY': nan,
                        'MOVE': nan,
                        'NO-OP': nan,
                        'PILLAGE': nan,
                        'TRANSFER': nan}},
 'Active_Entities': {'cart': 26, 'city_tile': 137, 'worker': 595},
 'Behavior_Policy': {'actor_version_max': 78080,
                     'actor_version_min': 77568,
                     'beta': 0.0,
                     'buffer_lag_max': 704,
                     'ema_kl': None,
                     'forward_kl': 0.03914564847946167,
                     'learner_version': 78272,
                     'log_rho_max': 0.9921159744262695,
                     'log_rho_mean': -0.3325628638267517,
                     'log_rho_p95': 0.4153214395046234,
                     'reverse_kl': 0.03730658441781998,
                     'target': None,
                     'vtrace_rho_clipped_fraction': 0.2421875},
 'Entropy': {'cart': 1.5260111093521118,
             'city_tile': 0.4229377210140228,
             'overall': 2.7437181770801544,
             'worker': 0.7947693467140198},
 'Env': {'carts_final': nan,
         'carts_peak': nan,
         'city_tiles_final': nan,
         'city_tiles_peak': nan,
         'max_cumulative_rewards': nan,
         'mean_cumulative_reward_magnitudes': nan,
         'mean_cumulative_rewards': nan,
         'research_points': nan,
         'separate_cities_final': nan,
         'separate_cities_peak': nan,
         'step': nan,
         'workers_final': nan,
         'workers_peak': nan},
 'Gradient': {'clipped': 1.0, 'norm_before_clip': 153.04440307617188},
 'Intent': {'accuracy': nan,
            'target_build': 0,
            'target_deliver': 0,
            'target_mine': 0,
            'target_return': 0},
 'Loss': {'baseline_loss': 0.36538320779800415,
          'behavior_kl_loss': 0.0,
          'entropy_loss': -0.11410129070281982,
          'intent_aux_loss': 0.0,
          'rule_aux_loss': 0.0,
          'teacher_baseline_loss': 0.0,
          'teacher_kl_loss': 0.0,
          'total_loss': 9.740476608276367,
          'upgo_pg_loss': 10.194074630737305,
          'vtrace_pg_loss': -0.7048802375793457},
 'Misc': {'actor_policy_tta_rot180': 1.0,
          'league_opponents': {'first_place': 0.5, 'selfplay': 0.5},
          'learning_rate': 4.6125536e-05,
          'teacher_kl_cost': 0.0,
          'teacher_policy_tta_rot180': 1.0,
          'total_games_played': 262},
 'Normalized_Entropy': {'cart': 0.9739243388175964,
                        'city_tile': 0.3467976748943329,
                        'overall': 0.5004415057973056,
                        'worker': 0.5151283144950867},
 'Teacher_KL_Divergence': {'cart': 0.0,
                           'city_tile': 0.0,
                           'overall': 0.0,
                           'worker': 0.0},
 'Value': {'bias': 9.778887033462524e-09,
           'explained_variance': 0.9789215922355652,
           'support_outside_fraction': 0.0,
           'target_std': 0.5490716695785522}}[0m
[[36m2026-08-16 11:26:59,252[0m][[34mroot[0m][[32mINFO[0m] - Steps 78848 @ 102.3 SPS / 1.6 BPS. Stats:
{'Actions': {'cart': {'MOVE': nan, 'NO-OP': nan, 'TRANSFER': nan},
             'city_tile': {'BUILD_CART': 0.0,
                           'BUILD_WORKER': 0.02680965147453083,
                           'NO-OP': 0.9448487169666794,
                           'RESEARCH': 0.028341631558789736},
             'worker': {'BUILD_CITY': 0.038480272771553824,
                        'MOVE': 0.48416950803701897,
                        'NO-OP': 0.4593278129566488,
                        'PILLAGE': 0.0,
                        'TRANSFER': 0.01802240623477837}},
 'Active_Entities': {'cart': 53, 'city_tile': 421, 'worker': 825},
 'Behavior_Policy': {'actor_version_max': 78528,
                     'actor_version_min': 78080,
                     'beta': 0.0,
                     'buffer_lag_max': 704,
                     'ema_kl': None,
                     'forward_kl': 0.06187206879258156,
                     'learner_version': 78784,
                     'log_rho_max': 2.987712860107422,
                     'log_rho_mean': -0.399384081363678,
                     'log_rho_p95': 0.48917144536972046,
                     'reverse_kl': 0.055474769324064255,
                     'target': None,
                     'vtrace_rho_clipped_fraction': 0.203125},
 'Entropy': {'cart': 1.5577905178070068,
             'city_tile': 0.17449674010276794,
             'overall': 2.6379912197589874,
             'worker': 0.9057039618492126},
 'Env': {'carts_final': 0.0,
         'carts_peak': 0.0,
         'city_tiles_final': 31.0,
         'city_tiles_peak': 34.0,
         'max_cumulative_rewards': 1.0,
         'mean_cumulative_reward_magnitudes': 1.0,
         'mean_cumulative_rewards': 0.0,
         'research_points': 37.0,
         'separate_cities_final': 2.0,
         'separate_cities_peak': 5.5,
         'step': 111.0,
         'workers_final': 18.5,
         'workers_peak': 25.0},
 'Gradient': {'clipped': 1.0, 'norm_before_clip': 106.7672348022461},
 'Intent': {'accuracy': nan,
            'target_build': 0,
            'target_deliver': 0,
            'target_mine': 0,
            'target_return': 0},
 'Loss': {'baseline_loss': 0.1925741285085678,
          'behavior_kl_loss': 0.0,
          'entropy_loss': -0.18064633011817932,
          'intent_aux_loss': 0.0,
          'rule_aux_loss': 0.0,
          'teacher_baseline_loss': 0.0,
          'teacher_kl_loss': 0.0,
          'total_loss': 0.030129149556159973,
          'upgo_pg_loss': 4.1086649894714355,
          'vtrace_pg_loss': -4.090463638305664},
 'Misc': {'actor_policy_tta_rot180': 1.0,
          'league_opponents': {'first_place': 0.4375, 'selfplay': 0.5625},
          'learning_rate': 4.6100192e-05,
          'teacher_kl_cost': 0.0,
          'teacher_policy_tta_rot180': 1.0,
          'total_games_played': 264},
 'Normalized_Entropy': {'cart': 0.9808061718940735,
                        'city_tile': 0.16632047295570374,
                        'overall': 0.46070310202720444,
                        'worker': 0.5775147676467896},
 'Teacher_KL_Divergence': {'cart': 0.0,
                           'city_tile': 0.0,
                           'overall': 0.0,
                           'worker': 0.0},
 'Value': {'bias': 2.7939677238464355e-09,
           'explained_variance': 0.9819523692131042,
           'support_outside_fraction': 0.0,
           'target_std': 0.5580131411552429}}[0m
[[36m2026-08-16 11:27:04,258[0m][[34mroot[0m][[32mINFO[0m] - Steps 79360 @ 102.3 SPS / 1.6 BPS. Stats:
{'Actions': {'cart': {'MOVE': nan, 'NO-OP': nan, 'TRANSFER': nan},
             'city_tile': {'BUILD_CART': nan,
                           'BUILD_WORKER': nan,
                           'NO-OP': nan,
                           'RESEARCH': nan},
             'worker': {'BUILD_CITY': nan,
                        'MOVE': nan,
                        'NO-OP': nan,
                        'PILLAGE': nan,
                        'TRANSFER': nan}},
 'Active_Entities': {'cart': 83, 'city_tile': 230, 'worker': 846},
 'Behavior_Policy': {'actor_version_max': 79104,
                     'actor_version_min': 78592,
                     'beta': 0.0,
                     'buffer_lag_max': 704,
                     'ema_kl': None,
                     'forward_kl': 0.055299077183008194,
                     'learner_version': 79296,
                     'log_rho_max': 1.0257246494293213,
                     'log_rho_mean': -0.21569907665252686,
                     'log_rho_p95': 0.6309804320335388,
                     'reverse_kl': 0.05336763337254524,
                     'target': None,
                     'vtrace_rho_clipped_fraction': 0.359375},
 'Entropy': {'cart': 1.4288663864135742,
             'city_tile': 0.5144460201263428,
             'overall': 2.7417176961898804,
             'worker': 0.7984052896499634},
 'Env': {'carts_final': nan,
         'carts_peak': nan,
         'city_tiles_final': nan,
         'city_tiles_peak': nan,
         'max_cumulative_rewards': nan,
         'mean_cumulative_reward_magnitudes': nan,
         'mean_cumulative_rewards': nan,
         'research_points': nan,
         'separate_cities_final': nan,
         'separate_cities_peak': nan,
         'step': nan,
         'workers_final': nan,
         'workers_peak': nan},
 'Gradient': {'clipped': 1.0, 'norm_before_clip': 85.70771026611328},
 'Intent': {'accuracy': nan,
            'target_build': 0,
            'target_deliver': 0,
            'target_mine': 0,
            'target_return': 0},
 'Loss': {'baseline_loss': 0.28047433495521545,
          'behavior_kl_loss': 0.0,
          'entropy_loss': -0.18247386813163757,
          'intent_aux_loss': 0.0,
          'rule_aux_loss': 0.0,
          'teacher_baseline_loss': 0.0,
          'teacher_kl_loss': 0.0,
          'total_loss': 11.695588111877441,
          'upgo_pg_loss': 20.548274993896484,
          'vtrace_pg_loss': -8.950687408447266},
 'Misc': {'actor_policy_tta_rot180': 1.0,
          'league_opponents': {'first_place': 0.25, 'selfplay': 0.75},
          'learning_rate': 4.6074848000000006e-05,
          'teacher_kl_cost': 0.0,
          'teacher_policy_tta_rot180': 1.0,
          'total_games_played': 267},
 'Normalized_Entropy': {'cart': 0.9230930209159851,
                        'city_tile': 0.45767995715141296,
                        'overall': 0.5229510197462555,
                        'worker': 0.5014386773109436},
 'Teacher_KL_Divergence': {'cart': 0.0,
                           'city_tile': 0.0,
                           'overall': 0.0,
                           'worker': 0.0},
 'Value': {'bias': -9.313225746154785e-10,
           'explained_variance': 0.976726233959198,
           'support_outside_fraction': 0.0,
           'target_std': 0.45311710238456726}}[0m
[[36m2026-08-16 11:27:09,263[0m][[34mroot[0m][[32mINFO[0m] - Steps 79808 @ 89.5 SPS / 1.4 BPS. Stats:
{'Actions': {'cart': {'MOVE': nan, 'NO-OP': nan, 'TRANSFER': nan},
             'city_tile': {'BUILD_CART': nan,
                           'BUILD_WORKER': nan,
                           'NO-OP': nan,
                           'RESEARCH': nan},
             'worker': {'BUILD_CITY': nan,
                        'MOVE': nan,
                        'NO-OP': nan,
                        'PILLAGE': nan,
                        'TRANSFER': nan}},
 'Active_Entities': {'cart': 0, 'city_tile': 68, 'worker': 277},
 'Behavior_Policy': {'actor_version_max': 79360,
                     'actor_version_min': 79104,
                     'beta': 0.0,
                     'buffer_lag_max': 640,
                     'ema_kl': None,
                     'forward_kl': 0.07815681397914886,
                     'learner_version': 79744,
                     'log_rho_max': 1.1121529340744019,
                     'log_rho_mean': -0.16920816898345947,
                     'log_rho_p95': 0.47166335582733154,
                     'reverse_kl': 0.07654614746570587,
                     'target': None,
                     'vtrace_rho_clipped_fraction': 0.1875},
 'Entropy': {'cart': -0.0,
             'city_tile': 0.28237032890319824,
             'overall': 0.831321656703949,
             'worker': 0.5489513278007507},
 'Env': {'carts_final': nan,
         'carts_peak': nan,
         'city_tiles_final': nan,
         'city_tiles_peak': nan,
         'max_cumulative_rewards': nan,
         'mean_cumulative_reward_magnitudes': nan,
         'mean_cumulative_rewards': nan,
         'research_points': nan,
         'separate_cities_final': nan,
         'separate_cities_peak': nan,
         'step': nan,
         'workers_final': nan,
         'workers_peak': nan},
 'Gradient': {'clipped': 1.0, 'norm_before_clip': 72.97803497314453},
 'Intent': {'accuracy': nan,
            'target_build': 0,
            'target_deliver': 0,
            'target_mine': 0,
            'target_return': 0},
 'Loss': {'baseline_loss': 0.3342829644680023,
          'behavior_kl_loss': 0.0,
          'entropy_loss': -0.034252140671014786,
          'intent_aux_loss': 0.0,
          'rule_aux_loss': 0.0,
          'teacher_baseline_loss': 0.0,
          'teacher_kl_loss': 0.0,
          'total_loss': -0.2343052625656128,
          'upgo_pg_loss': 1.1070834398269653,
          'vtrace_pg_loss': -1.641419529914856},
 'Misc': {'actor_policy_tta_rot180': 1.0,
          'league_opponents': {'first_place': 1.0, 'selfplay': 0.0},
          'learning_rate': 4.6052672000000004e-05,
          'teacher_kl_cost': 0.0,
          'teacher_policy_tta_rot180': 1.0,
          'total_games_played': 268},
 'Normalized_Entropy': {'cart': 0.0,
                        'city_tile': 0.2894974946975708,
                        'overall': 0.35536335317984874,
                        'worker': 0.3715325891971588},
 'Teacher_KL_Divergence': {'cart': 0.0,
                           'city_tile': 0.0,
                           'overall': 0.0,
                           'worker': 0.0},
 'Value': {'bias': 1.0360963642597198e-08,
           'explained_variance': 0.9698199033737183,
           'support_outside_fraction': 0.0,
           'target_std': 0.5883310437202454}}[0m
[[36m2026-08-16 11:27:14,268[0m][[34mroot[0m][[32mINFO[0m] - Steps 80128 @ 63.9 SPS / 1.0 BPS. Stats:
{'Actions': {'cart': {'MOVE': nan, 'NO-OP': nan, 'TRANSFER': nan},
             'city_tile': {'BUILD_CART': nan,
                           'BUILD_WORKER': nan,
                           'NO-OP': nan,
                           'RESEARCH': nan},
             'worker': {'BUILD_CITY': nan,
                        'MOVE': nan,
                        'NO-OP': nan,
                        'PILLAGE': nan,
                        'TRANSFER': nan}},
 'Active_Entities': {'cart': 3, 'city_tile': 176, 'worker': 639},
 'Behavior_Policy': {'actor_version_max': 79872,
                     'actor_version_min': 79360,
                     'beta': 0.0,
                     'buffer_lag_max': 704,
                     'ema_kl': None,
                     'forward_kl': 0.030880963429808617,
                     'learner_version': 80064,
                     'log_rho_max': 1.9958248138427734,
                     'log_rho_mean': -0.2745347023010254,
                     'log_rho_p95': 0.4000357687473297,
                     'reverse_kl': 0.03461964428424835,
                     'target': None,
                     'vtrace_rho_clipped_fraction': 0.171875},
 'Entropy': {'cart': 1.3238774538040161,
             'city_tile': 0.4545747637748718,
             'overall': 2.5081785917282104,
             'worker': 0.7297263741493225},
 'Env': {'carts_final': nan,
         'carts_peak': nan,
         'city_tiles_final': nan,
         'city_tiles_peak': nan,
         'max_cumulative_rewards': nan,
         'mean_cumulative_reward_magnitudes': nan,
         'mean_cumulative_rewards': nan,
         'research_points': nan,
         'separate_cities_final': nan,
         'separate_cities_peak': nan,
         'step': nan,
         'workers_final': nan,
         'workers_peak': nan},
 'Gradient': {'clipped': 1.0, 'norm_before_clip': 95.79267883300781},
 'Intent': {'accuracy': nan,
            'target_build': 0,
            'target_deliver': 0,
            'target_mine': 0,
            'target_return': 0},
 'Loss': {'baseline_loss': 0.17291738092899323,
          'behavior_kl_loss': 0.0,
          'entropy_loss': -0.1100543886423111,
          'intent_aux_loss': 0.0,
          'rule_aux_loss': 0.0,
          'teacher_baseline_loss': 0.0,
          'teacher_kl_loss': 0.0,
          'total_loss': 6.871187686920166,
          'upgo_pg_loss': 15.22404670715332,
          'vtrace_pg_loss': -8.415721893310547},
 'Misc': {'actor_policy_tta_rot180': 1.0,
          'league_opponents': {'first_place': 0.75, 'selfplay': 0.25},
          'learning_rate': 4.6036832e-05,
          'teacher_kl_cost': 0.0,
          'teacher_policy_tta_rot180': 1.0,
          'total_games_played': 268},
 'Normalized_Entropy': {'cart': 0.9090445637702942,
                        'city_tile': 0.3883465826511383,
                        'overall': 0.4536268851722074,
                        'worker': 0.46946895122528076},
 'Teacher_KL_Divergence': {'cart': 0.0,
                           'city_tile': 0.0,
                           'overall': 0.0,
                           'worker': 0.0},
 'Value': {'bias': -1.862645149230957e-08,
           'explained_variance': 0.9899978041648865,
           'support_outside_fraction': 0.0,
           'target_std': 0.6579031944274902}}[0m
[[36m2026-08-16 11:27:19,273[0m][[34mroot[0m][[32mINFO[0m] - Steps 80384 @ 51.2 SPS / 0.8 BPS. Stats:
{'Actions': {'cart': {'MOVE': nan, 'NO-OP': nan, 'TRANSFER': nan},
             'city_tile': {'BUILD_CART': nan,
                           'BUILD_WORKER': nan,
                           'NO-OP': nan,
                           'RESEARCH': nan},
             'worker': {'BUILD_CITY': nan,
                        'MOVE': nan,
                        'NO-OP': nan,
                        'PILLAGE': nan,
                        'TRANSFER': nan}},
 'Active_Entities': {'cart': 128, 'city_tile': 863, 'worker': 1114},
 'Behavior_Policy': {'actor_version_max': 79872,
                     'actor_version_min': 79488,
                     'beta': 0.0,
                     'buffer_lag_max': 832,
                     'ema_kl': None,
                     'forward_kl': 0.029268236830830574,
                     'learner_version': 80320,
                     'log_rho_max': 1.0341033935546875,
                     'log_rho_mean': -0.2650754749774933,
                     'log_rho_p95': 0.6256130933761597,
                     'reverse_kl': 0.030872616916894913,
                     'target': None,
                     'vtrace_rho_clipped_fraction': 0.3046875},
 'Entropy': {'cart': 1.4516260623931885,
             'city_tile': 0.31504493951797485,
             'overall': 2.822011172771454,
             'worker': 1.0553401708602905},
 'Env': {'carts_final': nan,
         'carts_peak': nan,
         'city_tiles_final': nan,
         'city_tiles_peak': nan,
         'max_cumulative_rewards': nan,
         'mean_cumulative_reward_magnitudes': nan,
         'mean_cumulative_rewards': nan,
         'research_points': nan,
         'separate_cities_final': nan,
         'separate_cities_peak': nan,
         'step': nan,
         'workers_final': nan,
         'workers_peak': nan},
 'Gradient': {'clipped': 1.0, 'norm_before_clip': 52.59963607788086},
 'Intent': {'accuracy': nan,
            'target_build': 0,
            'target_deliver': 0,
            'target_mine': 0,
            'target_return': 0},
 'Loss': {'baseline_loss': 0.08776236325502396,
          'behavior_kl_loss': 0.0,
          'entropy_loss': -0.3266681730747223,
          'intent_aux_loss': 0.0,
          'rule_aux_loss': 0.0,
          'teacher_baseline_loss': 0.0,
          'teacher_kl_loss': 0.0,
          'total_loss': 6.801042556762695,
          'upgo_pg_loss': 16.53765106201172,
          'vtrace_pg_loss': -9.497702598571777},
 'Misc': {'actor_policy_tta_rot180': 1.0,
          'league_opponents': {'first_place': 0.25, 'selfplay': 0.75},
          'learning_rate': 4.602416e-05,
          'teacher_kl_cost': 0.0,
          'teacher_policy_tta_rot180': 1.0,
          'total_games_played': 268},
 'Normalized_Entropy': {'cart': 0.9307858943939209,
                        'city_tile': 0.29895666241645813,
                        'overall': 0.5284654935436973,
                        'worker': 0.6600356101989746},
 'Teacher_KL_Divergence': {'cart': 0.0,
                           'city_tile': 0.0,
                           'overall': 0.0,
                           'worker': 0.0},
 'Value': {'bias': -1.1990778148174286e-08,
           'explained_variance': 0.994760274887085,
           'support_outside_fraction': 0.0,
           'target_std': 0.5588148832321167}}[0m
[[36m2026-08-16 11:27:24,278[0m][[34mroot[0m][[32mINFO[0m] - Saving checkpoint to 0080896[0m
[[36m2026-08-16 11:27:24,315[0m][[34mroot[0m][[32mINFO[0m] - Verified learner-to-actor model synchronization: max_abs_diff=0[0m
[[36m2026-08-16 11:27:24,328[0m][[34mroot[0m][[32mINFO[0m] - Checkpoint learner delta from run start: max_abs_diff=0.273369849[0m
[[36m2026-08-16 11:27:24,401[0m][[34mroot[0m][[32mINFO[0m] - Steps 80896 @ 99.9 SPS / 1.6 BPS. Stats:
{'Actions': {'cart': {'MOVE': nan, 'NO-OP': nan, 'TRANSFER': nan},
             'city_tile': {'BUILD_CART': nan,
                           'BUILD_WORKER': nan,
                           'NO-OP': nan,
                           'RESEARCH': nan},
             'worker': {'BUILD_CITY': nan,
                        'MOVE': nan,
                        'NO-OP': nan,
                        'PILLAGE': nan,
                        'TRANSFER': nan}},
 'Active_Entities': {'cart': 127, 'city_tile': 706, 'worker': 1103},
 'Behavior_Policy': {'actor_version_max': 80384,
                     'actor_version_min': 79936,
                     'beta': 0.0,
                     'buffer_lag_max': 896,
                     'ema_kl': None,
                     'forward_kl': 0.0181905385106802,
                     'learner_version': 80832,
                     'log_rho_max': 1.9475421905517578,
                     'log_rho_mean': -0.29642748832702637,
                     'log_rho_p95': 0.5743811726570129,
                     'reverse_kl': 0.01881757192313671,
                     'target': None,
                     'vtrace_rho_clipped_fraction': 0.296875},
 'Entropy': {'cart': 1.5173470973968506,
             'city_tile': 0.3077896237373352,
             'overall': 2.87895005941391,
             'worker': 1.0538133382797241},
 'Env': {'carts_final': nan,
         'carts_peak': nan,
         'city_tiles_final': nan,
         'city_tiles_peak': nan,
         'max_cumulative_rewards': nan,
         'mean_cumulative_reward_magnitudes': nan,
         'mean_cumulative_rewards': nan,
         'research_points': nan,
         'separate_cities_final': nan,
         'separate_cities_peak': nan,
         'step': nan,
         'workers_final': nan,
         'workers_peak': nan},
 'Gradient': {'clipped': 1.0, 'norm_before_clip': 101.70897674560547},
 'Intent': {'accuracy': nan,
            'target_build': 0,
            'target_deliver': 0,
            'target_mine': 0,
            'target_return': 0},
 'Loss': {'baseline_loss': 0.36715418100357056,
          'behavior_kl_loss': 0.0,
          'entropy_loss': -0.3144717216491699,
          'intent_aux_loss': 0.0,
          'rule_aux_loss': 0.0,
          'teacher_baseline_loss': 0.0,
          'teacher_kl_loss': 0.0,
          'total_loss': -42.18885040283203,
          'upgo_pg_loss': 11.911188125610352,
          'vtrace_pg_loss': -54.15271759033203},
 'Misc': {'actor_policy_tta_rot180': 1.0,
          'league_opponents': {'first_place': 0.25, 'selfplay': 0.75},
          'learning_rate': 4.5998816e-05,
          'teacher_kl_cost': 0.0,
          'teacher_policy_tta_rot180': 1.0,
          'total_games_played': 269},
 'Normalized_Entropy': {'cart': 0.9550988078117371,
                        'city_tile': 0.29622676968574524,
                        'overall': 0.5472649588318895,
                        'worker': 0.6609894037246704},
 'Teacher_KL_Divergence': {'cart': 0.0,
                           'city_tile': 0.0,
                           'overall': 0.0,
                           'worker': 0.0},
 'Value': {'bias': 8.149072527885437e-09,
           'explained_variance': 0.9670833945274353,
           'support_outside_fraction': 0.0,
           'target_std': 0.5806924700737}}[0m
[[36m2026-08-16 11:27:29,406[0m][[34mroot[0m][[32mINFO[0m] - Steps 81408 @ 102.3 SPS / 1.6 BPS. Stats:
{'Actions': {'cart': {'MOVE': nan, 'NO-OP': nan, 'TRANSFER': nan},
             'city_tile': {'BUILD_CART': nan,
                           'BUILD_WORKER': nan,
                           'NO-OP': nan,
                           'RESEARCH': nan},
             'worker': {'BUILD_CITY': nan,
                        'MOVE': nan,
                        'NO-OP': nan,
                        'PILLAGE': nan,
                        'TRANSFER': nan}},
 'Active_Entities': {'cart': 129, 'city_tile': 894, 'worker': 925},
 'Behavior_Policy': {'actor_version_max': 80960,
                     'actor_version_min': 80448,
                     'beta': 0.0,
                     'buffer_lag_max': 896,
                     'ema_kl': None,
                     'forward_kl': 0.011533176526427269,
                     'learner_version': 81344,
                     'log_rho_max': 1.699702262878418,
                     'log_rho_mean': -0.08821839094161987,
                     'log_rho_p95': 0.9611429572105408,
                     'reverse_kl': 0.01185978576540947,
                     'target': None,
                     'vtrace_rho_clipped_fraction': 0.3671875},
 'Entropy': {'cart': 1.4972169399261475,
             'city_tile': 0.16173473000526428,
             'overall': 2.902415782213211,
             'worker': 1.2434641122817993},
 'Env': {'carts_final': nan,
         'carts_peak': nan,
         'city_tiles_final': nan,
         'city_tiles_peak': nan,
         'max_cumulative_rewards': nan,
         'mean_cumulative_reward_magnitudes': nan,
         'mean_cumulative_rewards': nan,
         'research_points': nan,
         'separate_cities_final': nan,
         'separate_cities_peak': nan,
         'step': nan,
         'workers_final': nan,
         'workers_peak': nan},
 'Gradient': {'clipped': 1.0, 'norm_before_clip': 71.25138092041016},
 'Intent': {'accuracy': nan,
            'target_build': 0,
            'target_deliver': 0,
            'target_mine': 0,
            'target_return': 0},
 'Loss': {'baseline_loss': 0.10594750940799713,
          'behavior_kl_loss': 0.0,
          'entropy_loss': -0.29758721590042114,
          'intent_aux_loss': 0.0,
          'rule_aux_loss': 0.0,
          'teacher_baseline_loss': 0.0,
          'teacher_kl_loss': 0.0,
          'total_loss': 10.669327735900879,
          'upgo_pg_loss': 14.026870727539062,
          'vtrace_pg_loss': -3.165902614593506},
 'Misc': {'actor_policy_tta_rot180': 1.0,
          'league_opponents': {'first_place': 0.25, 'selfplay': 0.75},
          'learning_rate': 4.5973472e-05,
          'teacher_kl_cost': 0.0,
          'teacher_policy_tta_rot180': 1.0,
          'total_games_played': 269},
 'Normalized_Entropy': {'cart': 0.9634019136428833,
                        'city_tile': 0.1714615821838379,
                        'overall': 0.5115239969330402,
                        'worker': 0.7771710753440857},
 'Teacher_KL_Divergence': {'cart': 0.0,
                           'city_tile': 0.0,
                           'overall': 0.0,
                           'worker': 0.0},
 'Value': {'bias': 7.334165275096893e-09,
           'explained_variance': 0.9956967234611511,
           'support_outside_fraction': 0.0,
           'target_std': 0.6232844591140747}}[0m
[[36m2026-08-16 11:27:34,413[0m][[34mroot[0m][[32mINFO[0m] - Steps 81920 @ 102.3 SPS / 1.6 BPS. Stats:
{'Actions': {'cart': {'MOVE': 0.8370786516853933,
                      'NO-OP': 0.1544943820224719,
                      'TRANSFER': 0.008426966292134831},
             'city_tile': {'BUILD_CART': 0.029232643118148598,
                           'BUILD_WORKER': 0.07145757206658547,
                           'NO-OP': 0.8038976857490865,
                           'RESEARCH': 0.09541209906617945},
             'worker': {'BUILD_CITY': 0.014184397163120567,
                        'MOVE': 0.5482815057283142,
                        'NO-OP': 0.37261320240043644,
                        'PILLAGE': 0.023458810692853247,
                        'TRANSFER': 0.041462084015275506}},
 'Active_Entities': {'cart': 36, 'city_tile': 412, 'worker': 645},
 'Behavior_Policy': {'actor_version_max': 81408,
                     'actor_version_min': 81088,
                     'beta': 0.0,
                     'buffer_lag_max': 768,
                     'ema_kl': None,
                     'forward_kl': 0.02128717489540577,
                     'learner_version': 81856,
                     'log_rho_max': 1.0020027160644531,
                     'log_rho_mean': -0.10914472490549088,
                     'log_rho_p95': 0.4466748833656311,
                     'reverse_kl': 0.024192897602915764,
                     'target': None,
                     'vtrace_rho_clipped_fraction': 0.359375},
 'Entropy': {'cart': 1.4866441488265991,
             'city_tile': 0.35686951875686646,
             'overall': 2.943938195705414,
             'worker': 1.1004245281219482},
 'Env': {'carts_final': 2.5,
         'carts_peak': 4.5,
         'city_tiles_final': 11.5,
         'city_tiles_peak': 15.5,
         'max_cumulative_rewards': 1.0,
         'mean_cumulative_reward_magnitudes': 1.0,
         'mean_cumulative_rewards': 0.0,
         'research_points': 117.5,
         'separate_cities_final': 2.0,
         'separate_cities_peak': 7.5,
         'step': 315.0,
         'workers_final': 7.0,
         'workers_peak': 13.0},
 'Gradient': {'clipped': 1.0, 'norm_before_clip': 67.46050262451172},
 'Intent': {'accuracy': nan,
            'target_build': 0,
            'target_deliver': 0,
            'target_mine': 0,
            'target_return': 0},
 'Loss': {'baseline_loss': 0.3663138747215271,
          'behavior_kl_loss': 0.0,
          'entropy_loss': -0.18206463754177094,
          'intent_aux_loss': 0.0,
          'rule_aux_loss': 0.0,
          'teacher_baseline_loss': 0.0,
          'teacher_kl_loss': 0.0,
          'total_loss': 43.398048400878906,
          'upgo_pg_loss': 24.27924919128418,
          'vtrace_pg_loss': 18.93454933166504},
 'Misc': {'actor_policy_tta_rot180': 1.0,
          'league_opponents': {'first_place': 0.46875, 'selfplay': 0.53125},
          'learning_rate': 4.5948128000000005e-05,
          'teacher_kl_cost': 0.0,
          'teacher_policy_tta_rot180': 1.0,
          'total_games_played': 270},
 'Normalized_Entropy': {'cart': 0.9274318218231201,
                        'city_tile': 0.397283673286438,
                        'overall': 0.5884254107972622,
                        'worker': 0.6915977597236633},
 'Teacher_KL_Divergence': {'cart': 0.0,
                           'city_tile': 0.0,
                           'overall': 0.0,
                           'worker': 0.0},
 'Value': {'bias': 5.3551048040390015e-09,
           'explained_variance': 0.976318359375,
           'support_outside_fraction': 0.0,
           'target_std': 0.5441169142723083}}[0m
[[36m2026-08-16 11:27:39,418[0m][[34mroot[0m][[32mINFO[0m] - Steps 82240 @ 63.9 SPS / 1.0 BPS. Stats:
{'Actions': {'cart': {'MOVE': nan, 'NO-OP': nan, 'TRANSFER': nan},
             'city_tile': {'BUILD_CART': nan,
                           'BUILD_WORKER': nan,
                           'NO-OP': nan,
                           'RESEARCH': nan},
             'worker': {'BUILD_CITY': nan,
                        'MOVE': nan,
                        'NO-OP': nan,
                        'PILLAGE': nan,
                        'TRANSFER': nan}},
 'Active_Entities': {'cart': 14, 'city_tile': 1063, 'worker': 1157},
 'Behavior_Policy': {'actor_version_max': 81984,
                     'actor_version_min': 81536,
                     'beta': 0.0,
                     'buffer_lag_max': 640,
                     'ema_kl': None,
                     'forward_kl': 0.016254013404250145,
                     'learner_version': 82176,
                     'log_rho_max': 1.2946958541870117,
                     'log_rho_mean': -0.4571579694747925,
                     'log_rho_p95': 0.49566829204559326,
                     'reverse_kl': 0.015672653913497925,
                     'target': None,
                     'vtrace_rho_clipped_fraction': 0.1640625},
 'Entropy': {'cart': 0.9398617744445801,
             'city_tile': 0.17956215143203735,
             'overall': 2.056819498538971,
             'worker': 0.9373955726623535},
 'Env': {'carts_final': nan,
         'carts_peak': nan,
         'city_tiles_final': nan,
         'city_tiles_peak': nan,
         'max_cumulative_rewards': nan,
         'mean_cumulative_reward_magnitudes': nan,
         'mean_cumulative_rewards': nan,
         'research_points': nan,
         'separate_cities_final': nan,
         'separate_cities_peak': nan,
         'step': nan,
         'workers_final': nan,
         'workers_peak': nan},
 'Gradient': {'clipped': 1.0, 'norm_before_clip': 104.65167999267578},
 'Intent': {'accuracy': nan,
            'target_build': 0,
            'target_deliver': 0,
            'target_mine': 0,
            'target_return': 0},
 'Loss': {'baseline_loss': 0.07114052772521973,
          'behavior_kl_loss': 0.0,
          'entropy_loss': -0.25771987438201904,
          'intent_aux_loss': 0.0,
          'rule_aux_loss': 0.0,
          'teacher_baseline_loss': 0.0,
          'teacher_kl_loss': 0.0,
          'total_loss': 26.79534912109375,
          'upgo_pg_loss': 25.799732208251953,
          'vtrace_pg_loss': 1.1821954250335693},
 'Misc': {'actor_policy_tta_rot180': 1.0,
          'league_opponents': {'first_place': 0.75, 'selfplay': 0.25},
          'learning_rate': 4.5932288e-05,
          'teacher_kl_cost': 0.0,
          'teacher_policy_tta_rot180': 1.0,
          'total_games_played': 271},
 'Normalized_Entropy': {'cart': 0.6015825271606445,
                        'city_tile': 0.18569955229759216,
                        'overall': 0.40340610523520565,
                        'worker': 0.6010271906852722},
 'Teacher_KL_Divergence': {'cart': 0.0,
                           'city_tile': 0.0,
                           'overall': 0.0,
                           'worker': 0.0},
 'Value': {'bias': 4.423782229423523e-09,
           'explained_variance': 0.9962038993835449,
           'support_outside_fraction': 0.0,
           'target_std': 0.5742450952529907}}[0m
[[36m2026-08-16 11:27:44,424[0m][[34mroot[0m][[32mINFO[0m] - Steps 82432 @ 38.4 SPS / 0.6 BPS. Stats:
{'Actions': {'cart': {'MOVE': nan, 'NO-OP': nan, 'TRANSFER': nan},
             'city_tile': {'BUILD_CART': nan,
                           'BUILD_WORKER': nan,
                           'NO-OP': nan,
                           'RESEARCH': nan},
             'worker': {'BUILD_CITY': nan,
                        'MOVE': nan,
                        'NO-OP': nan,
                        'PILLAGE': nan,
                        'TRANSFER': nan}},
 'Active_Entities': {'cart': 28, 'city_tile': 332, 'worker': 601},
 'Behavior_Policy': {'actor_version_max': 81984,
                     'actor_version_min': 81536,
                     'beta': 0.0,
                     'buffer_lag_max': 832,
                     'ema_kl': None,
                     'forward_kl': 0.02417457103729248,
                     'learner_version': 82368,
                     'log_rho_max': 1.6525039672851562,
                     'log_rho_mean': -0.07019911706447601,
                     'log_rho_p95': 0.8189223408699036,
                     'reverse_kl': 0.024807890877127647,
                     'target': None,
                     'vtrace_rho_clipped_fraction': 0.3203125},
 'Entropy': {'cart': 1.4285558462142944,
             'city_tile': 0.4113365113735199,
             'overall': 2.952650398015976,
             'worker': 1.1127580404281616},
 'Env': {'carts_final': nan,
         'carts_peak': nan,
         'city_tiles_final': nan,
         'city_tiles_peak': nan,
         'max_cumulative_rewards': nan,
         'mean_cumulative_reward_magnitudes': nan,
         'mean_cumulative_rewards': nan,
         'research_points': nan,
         'separate_cities_final': nan,
         'separate_cities_peak': nan,
         'step': nan,
         'workers_final': nan,
         'workers_peak': nan},
 'Gradient': {'clipped': 1.0, 'norm_before_clip': 53.129520416259766},
 'Intent': {'accuracy': nan,
            'target_build': 0,
            'target_deliver': 0,
            'target_mine': 0,
            'target_return': 0},
 'Loss': {'baseline_loss': 0.4773638844490051,
          'behavior_kl_loss': 0.0,
          'entropy_loss': -0.1690661758184433,
          'intent_aux_loss': 0.0,
          'rule_aux_loss': 0.0,
          'teacher_baseline_loss': 0.0,
          'teacher_kl_loss': 0.0,
          'total_loss': 7.921514987945557,
          'upgo_pg_loss': 6.968366622924805,
          'vtrace_pg_loss': 0.6448502540588379},
 'Misc': {'actor_policy_tta_rot180': 1.0,
          'league_opponents': {'first_place': 0.5, 'selfplay': 0.5},
          'learning_rate': 4.5922784e-05,
          'teacher_kl_cost': 0.0,
          'teacher_policy_tta_rot180': 1.0,
          'total_games_played': 272},
 'Normalized_Entropy': {'cart': 0.9058142900466919,
                        'city_tile': 0.41408640146255493,
                        'overall': 0.6119167047410304,
                        'worker': 0.7075082659721375},
 'Teacher_KL_Divergence': {'cart': 0.0,
                           'city_tile': 0.0,
                           'overall': 0.0,
                           'worker': 0.0},
 'Value': {'bias': 6.51925802230835e-09,
           'explained_variance': 0.9592421650886536,
           'support_outside_fraction': 0.0,
           'target_std': 0.595144510269165}}[0m
[[36m2026-08-16 11:27:49,430[0m][[34mroot[0m][[32mINFO[0m] - Steps 82944 @ 102.3 SPS / 1.6 BPS. Stats:
{'Actions': {'cart': {'MOVE': nan, 'NO-OP': nan, 'TRANSFER': nan},
             'city_tile': {'BUILD_CART': nan,
                           'BUILD_WORKER': nan,
                           'NO-OP': nan,
                           'RESEARCH': nan},
             'worker': {'BUILD_CITY': nan,
                        'MOVE': nan,
                        'NO-OP': nan,
                        'PILLAGE': nan,
                        'TRANSFER': nan}},
 'Active_Entities': {'cart': 9, 'city_tile': 296, 'worker': 524},
 'Behavior_Policy': {'actor_version_max': 82496,
                     'actor_version_min': 82112,
                     'beta': 0.0,
                     'buffer_lag_max': 768,
                     'ema_kl': None,
                     'forward_kl': 0.016581065952777863,
                     'learner_version': 82880,
                     'log_rho_max': 1.0369176864624023,
                     'log_rho_mean': -0.12014412134885788,
                     'log_rho_p95': 0.6052386164665222,
                     'reverse_kl': 0.01612706109881401,
                     'target': None,
                     'vtrace_rho_clipped_fraction': 0.2734375},
 'Entropy': {'cart': 1.4395203590393066,
             'city_tile': 0.32481250166893005,
             'overall': 2.8316273391246796,
             'worker': 1.0672944784164429},
 'Env': {'carts_final': nan,
         'carts_peak': nan,
         'city_tiles_final': nan,
         'city_tiles_peak': nan,
         'max_cumulative_rewards': nan,
         'mean_cumulative_reward_magnitudes': nan,
         'mean_cumulative_rewards': nan,
         'research_points': nan,
         'separate_cities_final': nan,
         'separate_cities_peak': nan,
         'step': nan,
         'workers_final': nan,
         'workers_peak': nan},
 'Gradient': {'clipped': 1.0, 'norm_before_clip': 38.30664825439453},
 'Intent': {'accuracy': nan,
            'target_build': 0,
            'target_deliver': 0,
            'target_mine': 0,
            'target_return': 0},
 'Loss': {'baseline_loss': 0.09068804979324341,
          'behavior_kl_loss': 0.0,
          'entropy_loss': -0.13367249071598053,
          'intent_aux_loss': 0.0,
          'rule_aux_loss': 0.0,
          'teacher_baseline_loss': 0.0,
          'teacher_kl_loss': 0.0,
          'total_loss': -2.259700298309326,
          'upgo_pg_loss': 2.053424835205078,
          'vtrace_pg_loss': -4.270140647888184},
 'Misc': {'actor_policy_tta_rot180': 1.0,
          'league_opponents': {'first_place': 0.5, 'selfplay': 0.5},
          'learning_rate': 4.589744e-05,
          'teacher_kl_cost': 0.0,
          'teacher_policy_tta_rot180': 1.0,
          'total_games_played': 275},
 'Normalized_Entropy': {'cart': 0.9682434797286987,
                        'city_tile': 0.33808794617652893,
                        'overall': 0.5617567070718266,
                        'worker': 0.6811223030090332},
 'Teacher_KL_Divergence': {'cart': 0.0,
                           'city_tile': 0.0,
                           'overall': 0.0,
                           'worker': 0.0},
 'Value': {'bias': 8.265487849712372e-09,
           'explained_variance': 0.9956439733505249,
           'support_outside_fraction': 0.0,
           'target_std': 0.6414811611175537}}[0m
[[36m2026-08-16 11:27:54,435[0m][[34mroot[0m][[32mINFO[0m] - Steps 83456 @ 102.3 SPS / 1.6 BPS. Stats:
{'Actions': {'cart': {'MOVE': nan, 'NO-OP': nan, 'TRANSFER': nan},
             'city_tile': {'BUILD_CART': nan,
                           'BUILD_WORKER': nan,
                           'NO-OP': nan,
                           'RESEARCH': nan},
             'worker': {'BUILD_CITY': nan,
                        'MOVE': nan,
                        'NO-OP': nan,
                        'PILLAGE': nan,
                        'TRANSFER': nan}},
 'Active_Entities': {'cart': 49, 'city_tile': 304, 'worker': 566},
 'Behavior_Policy': {'actor_version_max': 83136,
                     'actor_version_min': 82624,
                     'beta': 0.0,
                     'buffer_lag_max': 768,
                     'ema_kl': None,
                     'forward_kl': 0.00885561853647232,
                     'learner_version': 83392,
                     'log_rho_max': 0.9307594299316406,
                     'log_rho_mean': -0.13319192826747894,
                     'log_rho_p95': 0.2738243639469147,
                     'reverse_kl': 0.008905858732759953,
                     'target': None,
                     'vtrace_rho_clipped_fraction': 0.234375},
 'Entropy': {'cart': 1.4170781373977661,
             'city_tile': 0.3531649112701416,
             'overall': 2.8642024993896484,
             'worker': 1.0939594507217407},
 'Env': {'carts_final': nan,
         'carts_peak': nan,
         'city_tiles_final': nan,
         'city_tiles_peak': nan,
         'max_cumulative_rewards': nan,
         'mean_cumulative_reward_magnitudes': nan,
         'mean_cumulative_rewards': nan,
         'research_points': nan,
         'separate_cities_final': nan,
         'separate_cities_peak': nan,
         'step': nan,
         'workers_final': nan,
         'workers_peak': nan},
 'Gradient': {'clipped': 1.0, 'norm_before_clip': 24.54556655883789},
 'Intent': {'accuracy': nan,
            'target_build': 0,
            'target_deliver': 0,
            'target_mine': 0,
            'target_return': 0},
 'Loss': {'baseline_loss': 0.05065109580755234,
          'behavior_kl_loss': 0.0,
          'entropy_loss': -0.15919598937034607,
          'intent_aux_loss': 0.0,
          'rule_aux_loss': 0.0,
          'teacher_baseline_loss': 0.0,
          'teacher_kl_loss': 0.0,
          'total_loss': 6.499977111816406,
          'upgo_pg_loss': 5.405608654022217,
          'vtrace_pg_loss': 1.2029132843017578},
 'Misc': {'actor_policy_tta_rot180': 1.0,
          'league_opponents': {'first_place': 0.5, 'selfplay': 0.5},
          'learning_rate': 4.587209600000001e-05,
          'teacher_kl_cost': 0.0,
          'teacher_policy_tta_rot180': 1.0,
          'total_games_played': 277},
 'Normalized_Entropy': {'cart': 0.9597626328468323,
                        'city_tile': 0.39244160056114197,
                        'overall': 0.6161154345796729,
                        'worker': 0.7065008282661438},
 'Teacher_KL_Divergence': {'cart': 0.0,
                           'city_tile': 0.0,
                           'overall': 0.0,
                           'worker': 0.0},
 'Value': {'bias': -8.09086486697197e-09,
           'explained_variance': 0.9973353743553162,
           'support_outside_fraction': 0.0,
           'target_std': 0.615229070186615}}[0m
[[36m2026-08-16 11:27:59,441[0m][[34mroot[0m][[32mINFO[0m] - Steps 83776 @ 63.9 SPS / 1.0 BPS. Stats:
{'Actions': {'cart': {'MOVE': nan, 'NO-OP': nan, 'TRANSFER': nan},
             'city_tile': {'BUILD_CART': nan,
                           'BUILD_WORKER': nan,
                           'NO-OP': nan,
                           'RESEARCH': nan},
             'worker': {'BUILD_CITY': nan,
                        'MOVE': nan,
                        'NO-OP': nan,
                        'PILLAGE': nan,
                        'TRANSFER': nan}},
 'Active_Entities': {'cart': 10, 'city_tile': 826, 'worker': 727},
 'Behavior_Policy': {'actor_version_max': 83648,
                     'actor_version_min': 83200,
                     'beta': 0.0,
                     'buffer_lag_max': 512,
                     'ema_kl': None,
                     'forward_kl': 0.010656523518264294,
                     'learner_version': 83712,
                     'log_rho_max': 1.0112380981445312,
                     'log_rho_mean': -0.1231984943151474,
                     'log_rho_p95': 0.5394331216812134,
                     'reverse_kl': 0.009897585026919842,
                     'target': None,
                     'vtrace_rho_clipped_fraction': 0.2265625},
 'Entropy': {'cart': 1.1057921648025513,
             'city_tile': 0.20535242557525635,
             'overall': 2.0698604583740234,
             'worker': 0.7587158679962158},
 'Env': {'carts_final': nan,
         'carts_peak': nan,
         'city_tiles_final': nan,
         'city_tiles_peak': nan,
         'max_cumulative_rewards': nan,
         'mean_cumulative_reward_magnitudes': nan,
         'mean_cumulative_rewards': nan,
         'research_points': nan,
         'separate_cities_final': nan,
         'separate_cities_peak': nan,
         'step': nan,
         'workers_final': nan,
         'workers_peak': nan},
 'Gradient': {'clipped': 1.0, 'norm_before_clip': 114.50141906738281},
 'Intent': {'accuracy': nan,
            'target_build': 0,
            'target_deliver': 0,
            'target_mine': 0,
            'target_return': 0},
 'Loss': {'baseline_loss': 0.09007767587900162,
          'behavior_kl_loss': 0.0,
          'entropy_loss': -0.1464530974626541,
          'intent_aux_loss': 0.0,
          'rule_aux_loss': 0.0,
          'teacher_baseline_loss': 0.0,
          'teacher_kl_loss': 0.0,
          'total_loss': 24.494029998779297,
          'upgo_pg_loss': 17.2673397064209,
          'vtrace_pg_loss': 7.283066272735596},
 'Misc': {'actor_policy_tta_rot180': 1.0,
          'league_opponents': {'first_place': 0.75, 'selfplay': 0.25},
          'learning_rate': 4.5856256e-05,
          'teacher_kl_cost': 0.0,
          'teacher_policy_tta_rot180': 1.0,
          'total_games_played': 279},
 'Normalized_Entropy': {'cart': 0.704396665096283,
                        'city_tile': 0.19864937663078308,
                        'overall': 0.33432209280081765,
                        'worker': 0.4833797514438629},
 'Teacher_KL_Divergence': {'cart': 0.0,
                           'city_tile': 0.0,
                           'overall': 0.0,
                           'worker': 0.0},
 'Value': {'bias': 9.313225746154785e-09,
           'explained_variance': 0.995398223400116,
           'support_outside_fraction': 0.0,
           'target_std': 0.5818011164665222}}[0m
[[36m2026-08-16 11:28:04,447[0m][[34mroot[0m][[32mINFO[0m] - Steps 84160 @ 76.7 SPS / 1.2 BPS. Stats:
{'Actions': {'cart': {'MOVE': 0.6, 'NO-OP': 0.4, 'TRANSFER': 0.0},
             'city_tile': {'BUILD_CART': 0.00017604084147522224,
                           'BUILD_WORKER': 0.01179473637883989,
                           'NO-OP': 0.9702490977906875,
                           'RESEARCH': 0.017780124988997448},
             'worker': {'BUILD_CITY': 0.017614424410540914,
                        'MOVE': 0.5507628294036061,
                        'NO-OP': 0.41262135922330095,
                        'PILLAGE': 0.00027739251040221914,
                        'TRANSFER': 0.01872399445214979}},
 'Active_Entities': {'cart': 24, 'city_tile': 154, 'worker': 189},
 'Behavior_Policy': {'actor_version_max': 83968,
                     'actor_version_min': 83456,
                     'beta': 0.0,
                     'buffer_lag_max': 640,
                     'ema_kl': None,
                     'forward_kl': 0.04366738721728325,
                     'learner_version': 84096,
                     'log_rho_max': 1.2587761878967285,
                     'log_rho_mean': -0.07026934623718262,
                     'log_rho_p95': 0.49051591753959656,
                     'reverse_kl': 0.041318316012620926,
                     'target': None,
                     'vtrace_rho_clipped_fraction': 0.15625},
 'Entropy': {'cart': 1.4570813179016113,
             'city_tile': 0.07686356455087662,
             'overall': 2.7221458330750465,
             'worker': 1.1882009506225586},
 'Env': {'carts_final': 0.0,
         'carts_peak': 0.5,
         'city_tiles_final': 2.5,
         'city_tiles_peak': 48.0,
         'max_cumulative_rewards': 1.0,
         'mean_cumulative_reward_magnitudes': 1.0,
         'mean_cumulative_rewards': 0.0,
         'research_points': 101.0,
         'separate_cities_final': 1.0,
         'separate_cities_peak': 9.0,
         'step': 361.0,
         'workers_final': 4.0,
         'workers_peak': 22.0},
 'Gradient': {'clipped': 1.0, 'norm_before_clip': 130.17381286621094},
 'Intent': {'accuracy': nan,
            'target_build': 0,
            'target_deliver': 0,
            'target_mine': 0,
            'target_return': 0},
 'Loss': {'baseline_loss': 3.0906145572662354,
          'behavior_kl_loss': 0.0,
          'entropy_loss': -0.054275382310152054,
          'intent_aux_loss': 0.0,
          'rule_aux_loss': 0.0,
          'teacher_baseline_loss': 0.0,
          'teacher_kl_loss': 0.0,
          'total_loss': 17.75110626220703,
          'upgo_pg_loss': 8.11790943145752,
          'vtrace_pg_loss': 6.596858501434326},
 'Misc': {'actor_policy_tta_rot180': 1.0,
          'league_opponents': {'first_place': 1.0, 'selfplay': 0.0},
          'learning_rate': 4.5837248e-05,
          'teacher_kl_cost': 0.0,
          'teacher_policy_tta_rot180': 1.0,
          'total_games_played': 280},
 'Normalized_Entropy': {'cart': 0.9212896823883057,
                        'city_tile': 0.08448158949613571,
                        'overall': 0.48166516427285666,
                        'worker': 0.7494708895683289},
 'Teacher_KL_Divergence': {'cart': 0.0,
                           'city_tile': 0.0,
                           'overall': 0.0,
                           'worker': 0.0},
 'Value': {'bias': 1.3969838619232178e-08,
           'explained_variance': 0.8008626699447632,
           'support_outside_fraction': 0.0,
           'target_std': 0.6972882747650146}}[0m
[[36m2026-08-16 11:28:09,452[0m][[34mroot[0m][[32mINFO[0m] - Steps 84480 @ 63.9 SPS / 1.0 BPS. Stats:
{'Actions': {'cart': {'MOVE': 1.0, 'NO-OP': 0.0, 'TRANSFER': 0.0},
             'city_tile': {'BUILD_CART': 0.002070393374741201,
                           'BUILD_WORKER': 0.17598343685300208,
                           'NO-OP': 0.13043478260869565,
                           'RESEARCH': 0.6915113871635611},
             'worker': {'BUILD_CITY': 0.020947470190138574,
                        'MOVE': 0.4382855301321302,
                        'NO-OP': 0.5172413793103449,
                        'PILLAGE': 0.0,
                        'TRANSFER': 0.0235256203673864}},
 'Active_Entities': {'cart': 97, 'city_tile': 545, 'worker': 557},
 'Behavior_Policy': {'actor_version_max': 84160,
                     'actor_version_min': 83712,
                     'beta': 0.0,
                     'buffer_lag_max': 704,
                     'ema_kl': None,
                     'forward_kl': 0.04343365132808685,
                     'learner_version': 84416,
                     'log_rho_max': 0.7901763916015625,
                     'log_rho_mean': -0.07419804483652115,
                     'log_rho_p95': 0.5519654154777527,
                     'reverse_kl': 0.03467840701341629,
                     'target': None,
                     'vtrace_rho_clipped_fraction': 0.3125},
 'Entropy': {'cart': 1.4499335289001465,
             'city_tile': 0.3194064199924469,
             'overall': 2.934621959924698,
             'worker': 1.1652820110321045},
 'Env': {'carts_final': 0.0,
         'carts_peak': 0.5,
         'city_tiles_final': 0.5,
         'city_tiles_peak': 20.0,
         'max_cumulative_rewards': 1.0,
         'mean_cumulative_reward_magnitudes': 1.0,
         'mean_cumulative_rewards': 0.0,
         'research_points': 167.0,
         'separate_cities_final': 0.5,
         'separate_cities_peak': 7.0,
         'step': 312.0,
         'workers_final': 0.5,
         'workers_peak': 19.5},
 'Gradient': {'clipped': 1.0, 'norm_before_clip': 97.19387817382812},
 'Intent': {'accuracy': nan,
            'target_build': 0,
            'target_deliver': 0,
            'target_mine': 0,
            'target_return': 0},
 'Loss': {'baseline_loss': 4.275356292724609,
          'behavior_kl_loss': 0.0,
          'entropy_loss': -0.19275641441345215,
          'intent_aux_loss': 0.0,
          'rule_aux_loss': 0.0,
          'teacher_baseline_loss': 0.0,
          'teacher_kl_loss': 0.0,
          'total_loss': 1.480884313583374,
          'upgo_pg_loss': 2.3372364044189453,
          'vtrace_pg_loss': -4.9389519691467285},
 'Misc': {'actor_policy_tta_rot180': 1.0,
          'league_opponents': {'first_place': 0.640625, 'selfplay': 0.359375},
          'learning_rate': 4.5821407999999997e-05,
          'teacher_kl_cost': 0.0,
          'teacher_policy_tta_rot180': 1.0,
          'total_games_played': 284},
 'Normalized_Entropy': {'cart': 0.9617167115211487,
                        'city_tile': 0.31339436769485474,
                        'overall': 0.5670626423476237,
                        'worker': 0.746537983417511},
 'Teacher_KL_Divergence': {'cart': 0.0,
                           'city_tile': 0.0,
                           'overall': 0.0,
                           'worker': 0.0},
 'Value': {'bias': -3.166496753692627e-08,
           'explained_variance': 0.8492225408554077,
           'support_outside_fraction': 0.0,
           'target_std': 0.6672081351280212}}[0m
[[36m2026-08-16 11:28:14,457[0m][[34mroot[0m][[32mINFO[0m] - Steps 84992 @ 102.3 SPS / 1.6 BPS. Stats:
{'Actions': {'cart': {'MOVE': nan, 'NO-OP': nan, 'TRANSFER': nan},
             'city_tile': {'BUILD_CART': nan,
                           'BUILD_WORKER': nan,
                           'NO-OP': nan,
                           'RESEARCH': nan},
             'worker': {'BUILD_CITY': nan,
                        'MOVE': nan,
                        'NO-OP': nan,
                        'PILLAGE': nan,
                        'TRANSFER': nan}},
 'Active_Entities': {'cart': 136, 'city_tile': 689, 'worker': 566},
 'Behavior_Policy': {'actor_version_max': 84736,
                     'actor_version_min': 84224,
                     'beta': 0.0,
                     'buffer_lag_max': 704,
                     'ema_kl': None,
                     'forward_kl': 0.0364525131881237,
                     'learner_version': 84928,
                     'log_rho_max': 1.1485633850097656,
                     'log_rho_mean': -0.15915939211845398,
                     'log_rho_p95': 0.5766163468360901,
                     'reverse_kl': 0.033883851021528244,
                     'target': None,
                     'vtrace_rho_clipped_fraction': 0.203125},
 'Entropy': {'cart': 1.4917564392089844,
             'city_tile': 0.35665765404701233,
             'overall': 3.0339830219745636,
             'worker': 1.185568928718567},
 'Env': {'carts_final': nan,
         'carts_peak': nan,
         'city_tiles_final': nan,
         'city_tiles_peak': nan,
         'max_cumulative_rewards': nan,
         'mean_cumulative_reward_magnitudes': nan,
         'mean_cumulative_rewards': nan,
         'research_points': nan,
         'separate_cities_final': nan,
         'separate_cities_peak': nan,
         'step': nan,
         'workers_final': nan,
         'workers_peak': nan},
 'Gradient': {'clipped': 0.0, 'norm_before_clip': 9.801679611206055},
 'Intent': {'accuracy': nan,
            'target_build': 0,
            'target_deliver': 0,
            'target_mine': 0,
            'target_return': 0},
 'Loss': {'baseline_loss': 0.0783117413520813,
          'behavior_kl_loss': 0.0,
          'entropy_loss': -0.22392958402633667,
          'intent_aux_loss': 0.0,
          'rule_aux_loss': 0.0,
          'teacher_baseline_loss': 0.0,
          'teacher_kl_loss': 0.0,
          'total_loss': 2.2154808044433594,
          'upgo_pg_loss': 2.8927931785583496,
          'vtrace_pg_loss': -0.5316943526268005},
 'Misc': {'actor_policy_tta_rot180': 1.0,
          'league_opponents': {'first_place': 0.75, 'selfplay': 0.25},
          'learning_rate': 4.5796064e-05,
          'teacher_kl_cost': 0.0,
          'teacher_policy_tta_rot180': 1.0,
          'total_games_played': 285},
 'Normalized_Entropy': {'cart': 0.9605018496513367,
                        'city_tile': 0.34269657731056213,
                        'overall': 0.579066182729754,
                        'worker': 0.775149941444397},
 'Teacher_KL_Divergence': {'cart': 0.0,
                           'city_tile': 0.0,
                           'overall': 0.0,
                           'worker': 0.0},
 'Value': {'bias': -2.2118911147117615e-09,
           'explained_variance': 0.9937703013420105,
           'support_outside_fraction': 0.0,
           'target_std': 0.6232832670211792}}[0m
[[36m2026-08-16 11:28:19,463[0m][[34mroot[0m][[32mINFO[0m] - Steps 85376 @ 76.7 SPS / 1.2 BPS. Stats:
{'Actions': {'cart': {'MOVE': nan, 'NO-OP': nan, 'TRANSFER': nan},
             'city_tile': {'BUILD_CART': nan,
                           'BUILD_WORKER': nan,
                           'NO-OP': nan,
                           'RESEARCH': nan},
             'worker': {'BUILD_CITY': nan,
                        'MOVE': nan,
                        'NO-OP': nan,
                        'PILLAGE': nan,
                        'TRANSFER': nan}},
 'Active_Entities': {'cart': 7, 'city_tile': 423, 'worker': 447},
 'Behavior_Policy': {'actor_version_max': 85248,
                     'actor_version_min': 84736,
                     'beta': 0.0,
                     'buffer_lag_max': 576,
                     'ema_kl': None,
                     'forward_kl': 0.010959181934595108,
                     'learner_version': 85312,
                     'log_rho_max': 1.5180473327636719,
                     'log_rho_mean': -0.07727599143981934,
                     'log_rho_p95': 0.40345749258995056,
                     'reverse_kl': 0.01069716177880764,
                     'target': None,
                     'vtrace_rho_clipped_fraction': 0.25},
 'Entropy': {'cart': 1.3990650177001953,
             'city_tile': 0.187111958861351,
             'overall': 2.851438745856285,
             'worker': 1.2652617692947388},
 'Env': {'carts_final': nan,
         'carts_peak': nan,
         'city_tiles_final': nan,
         'city_tiles_peak': nan,
         'max_cumulative_rewards': nan,
         'mean_cumulative_reward_magnitudes': nan,
         'mean_cumulative_rewards': nan,
         'research_points': nan,
         'separate_cities_final': nan,
         'separate_cities_peak': nan,
         'step': nan,
         'workers_final': nan,
         'workers_peak': nan},
 'Gradient': {'clipped': 1.0, 'norm_before_clip': 19.291454315185547},
 'Intent': {'accuracy': nan,
            'target_build': 0,
            'target_deliver': 0,
            'target_mine': 0,
            'target_return': 0},
 'Loss': {'baseline_loss': 0.012543213553726673,
          'behavior_kl_loss': 0.0,
          'entropy_loss': -0.1309027522802353,
          'intent_aux_loss': 0.0,
          'rule_aux_loss': 0.0,
          'teacher_baseline_loss': 0.0,
          'teacher_kl_loss': 0.0,
          'total_loss': 7.047792434692383,
          'upgo_pg_loss': 7.892313480377197,
          'vtrace_pg_loss': -0.726161539554596},
 'Misc': {'actor_policy_tta_rot180': 1.0,
          'league_opponents': {'first_place': 1.0, 'selfplay': 0.0},
          'learning_rate': 4.5777056e-05,
          'teacher_kl_cost': 0.0,
          'teacher_policy_tta_rot180': 1.0,
          'total_games_played': 285},
 'Normalized_Entropy': {'cart': 0.86928790807724,
                        'city_tile': 0.21113236248493195,
                        'overall': 0.5160481093648902,
                        'worker': 0.7990608215332031},
 'Teacher_KL_Divergence': {'cart': 0.0,
                           'city_tile': 0.0,
                           'overall': 0.0,
                           'worker': 0.0},
 'Value': {'bias': 1.3504177331924438e-08,
           'explained_variance': 0.999114453792572,
           'support_outside_fraction': 0.0,
           'target_std': 0.665306031703949}}[0m
[[36m2026-08-16 11:28:24,469[0m][[34mroot[0m][[32mINFO[0m] - Steps 85760 @ 76.7 SPS / 1.2 BPS. Stats:
{'Actions': {'cart': {'MOVE': nan, 'NO-OP': nan, 'TRANSFER': nan},
             'city_tile': {'BUILD_CART': nan,
                           'BUILD_WORKER': nan,
                           'NO-OP': nan,
                           'RESEARCH': nan},
             'worker': {'BUILD_CITY': nan,
                        'MOVE': nan,
                        'NO-OP': nan,
                        'PILLAGE': nan,
                        'TRANSFER': nan}},
 'Active_Entities': {'cart': 2, 'city_tile': 225, 'worker': 475},
 'Behavior_Policy': {'actor_version_max': 85504,
                     'actor_version_min': 84992,
                     'beta': 0.0,
                     'buffer_lag_max': 704,
                     'ema_kl': None,
                     'forward_kl': 0.025693094357848167,
                     'learner_version': 85696,
                     'log_rho_max': 1.0737919807434082,
                     'log_rho_mean': -0.18608632683753967,
                     'log_rho_p95': 0.5505961775779724,
                     'reverse_kl': 0.023504018783569336,
                     'target': None,
                     'vtrace_rho_clipped_fraction': 0.203125},
 'Entropy': {'cart': 1.1152222156524658,
             'city_tile': 0.18662577867507935,
             'overall': 1.9045047760009766,
             'worker': 0.6026567816734314},
 'Env': {'carts_final': nan,
         'carts_peak': nan,
         'city_tiles_final': nan,
         'city_tiles_peak': nan,
         'max_cumulative_rewards': nan,
         'mean_cumulative_reward_magnitudes': nan,
         'mean_cumulative_rewards': nan,
         'research_points': nan,
         'separate_cities_final': nan,
         'separate_cities_peak': nan,
         'step': nan,
         'workers_final': nan,
         'workers_peak': nan},
 'Gradient': {'clipped': 1.0, 'norm_before_clip': 62.595584869384766},
 'Intent': {'accuracy': nan,
            'target_build': 0,
            'target_deliver': 0,
            'target_mine': 0,
            'target_return': 0},
 'Loss': {'baseline_loss': 0.10589072853326797,
          'behavior_kl_loss': 0.0,
          'entropy_loss': -0.06609663367271423,
          'intent_aux_loss': 0.0,
          'rule_aux_loss': 0.0,
          'teacher_baseline_loss': 0.0,
          'teacher_kl_loss': 0.0,
          'total_loss': 11.144003868103027,
          'upgo_pg_loss': 8.898611068725586,
          'vtrace_pg_loss': 2.205599308013916},
 'Misc': {'actor_policy_tta_rot180': 1.0,
          'league_opponents': {'first_place': 0.75, 'selfplay': 0.25},
          'learning_rate': 4.5758048e-05,
          'teacher_kl_cost': 0.0,
          'teacher_policy_tta_rot180': 1.0,
          'total_games_played': 286},
 'Normalized_Entropy': {'cart': 0.6929265260696411,
                        'city_tile': 0.16914615035057068,
                        'overall': 0.31747381198100555,
                        'worker': 0.3861534297466278},
 'Teacher_KL_Divergence': {'cart': 0.0,
                           'city_tile': 0.0,
                           'overall': 0.0,
                           'worker': 0.0},
 'Value': {'bias': -1.1175870895385742e-08,
           'explained_variance': 0.992769181728363,
           'support_outside_fraction': 0.0,
           'target_std': 0.5304005146026611}}[0m
[[36m2026-08-16 11:28:29,475[0m][[34mroot[0m][[32mINFO[0m] - Steps 86016 @ 51.2 SPS / 0.8 BPS. Stats:
{'Actions': {'cart': {'MOVE': nan, 'NO-OP': nan, 'TRANSFER': nan},
             'city_tile': {'BUILD_CART': nan,
                           'BUILD_WORKER': nan,
                           'NO-OP': nan,
                           'RESEARCH': nan},
             'worker': {'BUILD_CITY': nan,
                        'MOVE': nan,
                        'NO-OP': nan,
                        'PILLAGE': nan,
                        'TRANSFER': nan}},
 'Active_Entities': {'cart': 159, 'city_tile': 848, 'worker': 792},
 'Behavior_Policy': {'actor_version_max': 85760,
                     'actor_version_min': 85248,
                     'beta': 0.0,
                     'buffer_lag_max': 704,
                     'ema_kl': None,
                     'forward_kl': 0.017236515879631042,
                     'learner_version': 85952,
                     'log_rho_max': 2.1644439697265625,
                     'log_rho_mean': -0.15067286789417267,
                     'log_rho_p95': 0.855198085308075,
                     'reverse_kl': 0.01742919161915779,
                     'target': None,
                     'vtrace_rho_clipped_fraction': 0.21875},
 'Entropy': {'cart': 1.4845576286315918,
             'city_tile': 0.11647678166627884,
             'overall': 2.820645697414875,
             'worker': 1.2196112871170044},
 'Env': {'carts_final': nan,
         'carts_peak': nan,
         'city_tiles_final': nan,
         'city_tiles_peak': nan,
         'max_cumulative_rewards': nan,
         'mean_cumulative_reward_magnitudes': nan,
         'mean_cumulative_rewards': nan,
         'research_points': nan,
         'separate_cities_final': nan,
         'separate_cities_peak': nan,
         'step': nan,
         'workers_final': nan,
         'workers_peak': nan},
 'Gradient': {'clipped': 1.0, 'norm_before_clip': 50.463401794433594},
 'Intent': {'accuracy': nan,
            'target_build': 0,
            'target_deliver': 0,
            'target_mine': 0,
            'target_return': 0},
 'Loss': {'baseline_loss': 0.03786095231771469,
          'behavior_kl_loss': 0.0,
          'entropy_loss': -0.26014983654022217,
          'intent_aux_loss': 0.0,
          'rule_aux_loss': 0.0,
          'teacher_baseline_loss': 0.0,
          'teacher_kl_loss': 0.0,
          'total_loss': -2.0027482509613037,
          'upgo_pg_loss': 4.031427383422852,
          'vtrace_pg_loss': -5.811886787414551},
 'Misc': {'actor_policy_tta_rot180': 1.0,
          'league_opponents': {'first_place': 0.75, 'selfplay': 0.25},
          'learning_rate': 4.5745376e-05,
          'teacher_kl_cost': 0.0,
          'teacher_policy_tta_rot180': 1.0,
          'total_games_played': 287},
 'Normalized_Entropy': {'cart': 0.9580124020576477,
                        'city_tile': 0.11727293580770493,
                        'overall': 0.47959315455443596,
                        'worker': 0.7714856863021851},
 'Teacher_KL_Divergence': {'cart': 0.0,
                           'city_tile': 0.0,
                           'overall': 0.0,
                           'worker': 0.0},
 'Value': {'bias': -2.1653249859809875e-08,
           'explained_variance': 0.9970729947090149,
           'support_outside_fraction': 0.0,
           'target_std': 0.624841034412384}}[0m
[[36m2026-08-16 11:28:34,480[0m][[34mroot[0m][[32mINFO[0m] - Steps 86528 @ 102.3 SPS / 1.6 BPS. Stats:
{'Actions': {'cart': {'MOVE': nan, 'NO-OP': nan, 'TRANSFER': nan},
             'city_tile': {'BUILD_CART': nan,
                           'BUILD_WORKER': nan,
                           'NO-OP': nan,
                           'RESEARCH': nan},
             'worker': {'BUILD_CITY': nan,
                        'MOVE': nan,
                        'NO-OP': nan,
                        'PILLAGE': nan,
                        'TRANSFER': nan}},
 'Active_Entities': {'cart': 94, 'city_tile': 558, 'worker': 861},
 'Behavior_Policy': {'actor_version_max': 86272,
                     'actor_version_min': 85760,
                     'beta': 0.0,
                     'buffer_lag_max': 704,
                     'ema_kl': None,
                     'forward_kl': 0.009695645421743393,
                     'learner_version': 86464,
                     'log_rho_max': 1.1715126037597656,
                     'log_rho_mean': -0.09537503123283386,
                     'log_rho_p95': 0.5843733549118042,
                     'reverse_kl': 0.009752734564244747,
                     'target': None,
                     'vtrace_rho_clipped_fraction': 0.28125},
 'Entropy': {'cart': 1.4616007804870605,
             'city_tile': 0.5852774977684021,
             'overall': 3.2689536213874817,
             'worker': 1.222075343132019},
 'Env': {'carts_final': nan,
         'carts_peak': nan,
         'city_tiles_final': nan,
         'city_tiles_peak': nan,
         'max_cumulative_rewards': nan,
         'mean_cumulative_reward_magnitudes': nan,
         'mean_cumulative_rewards': nan,
         'research_points': nan,
         'separate_cities_final': nan,
         'separate_cities_peak': nan,
         'step': nan,
         'workers_final': nan,
         'workers_peak': nan},
 'Gradient': {'clipped': 1.0, 'norm_before_clip': 33.69341278076172},
 'Intent': {'accuracy': nan,
            'target_build': 0,
            'target_deliver': 0,
            'target_mine': 0,
            'target_return': 0},
 'Loss': {'baseline_loss': 0.020810812711715698,
          'behavior_kl_loss': 0.0,
          'entropy_loss': -0.3032364249229431,
          'intent_aux_loss': 0.0,
          'rule_aux_loss': 0.0,
          'teacher_baseline_loss': 0.0,
          'teacher_kl_loss': 0.0,
          'total_loss': 19.169031143188477,
          'upgo_pg_loss': 16.113811492919922,
          'vtrace_pg_loss': 3.3376448154449463},
 'Misc': {'actor_policy_tta_rot180': 1.0,
          'league_opponents': {'first_place': 0.75, 'selfplay': 0.25},
          'learning_rate': 4.5720032000000004e-05,
          'teacher_kl_cost': 0.0,
          'teacher_policy_tta_rot180': 1.0,
          'total_games_played': 288},
 'Normalized_Entropy': {'cart': 0.9395482540130615,
                        'city_tile': 0.5358275175094604,
                        'overall': 0.7008784943200544,
                        'worker': 0.7817884683609009},
 'Teacher_KL_Divergence': {'cart': 0.0,
                           'city_tile': 0.0,
                           'overall': 0.0,
                           'worker': 0.0},
 'Value': {'bias': -2.0954757928848267e-09,
           'explained_variance': 0.9984809160232544,
           'support_outside_fraction': 0.0,
           'target_std': 0.6148686408996582}}[0m
[[36m2026-08-16 11:28:39,485[0m][[34mroot[0m][[32mINFO[0m] - Steps 86784 @ 51.2 SPS / 0.8 BPS. Stats:
{'Actions': {'cart': {'MOVE': nan, 'NO-OP': nan, 'TRANSFER': nan},
             'city_tile': {'BUILD_CART': nan,
                           'BUILD_WORKER': nan,
                           'NO-OP': nan,
                           'RESEARCH': nan},
             'worker': {'BUILD_CITY': nan,
                        'MOVE': nan,
                        'NO-OP': nan,
                        'PILLAGE': nan,
                        'TRANSFER': nan}},
 'Active_Entities': {'cart': 8, 'city_tile': 371, 'worker': 634},
 'Behavior_Policy': {'actor_version_max': 86528,
                     'actor_version_min': 86016,
                     'beta': 0.0,
                     'buffer_lag_max': 704,
                     'ema_kl': None,
                     'forward_kl': 0.021428875625133514,
                     'learner_version': 86720,
                     'log_rho_max': 1.5987415313720703,
                     'log_rho_mean': -0.11331211030483246,
                     'log_rho_p95': 0.6120187640190125,
                     'reverse_kl': 0.019681407138705254,
                     'target': None,
                     'vtrace_rho_clipped_fraction': 0.203125},
 'Entropy': {'cart': 1.1600220203399658,
             'city_tile': 0.2264343798160553,
             'overall': 2.0863523185253143,
             'worker': 0.6998959183692932},
 'Env': {'carts_final': nan,
         'carts_peak': nan,
         'city_tiles_final': nan,
         'city_tiles_peak': nan,
         'max_cumulative_rewards': nan,
         'mean_cumulative_reward_magnitudes': nan,
         'mean_cumulative_rewards': nan,
         'research_points': nan,
         'separate_cities_final': nan,
         'separate_cities_peak': nan,
         'step': nan,
         'workers_final': nan,
         'workers_peak': nan},
 'Gradient': {'clipped': 1.0, 'norm_before_clip': 62.81510925292969},
 'Intent': {'accuracy': nan,
            'target_build': 0,
            'target_deliver': 0,
            'target_mine': 0,
            'target_return': 0},
 'Loss': {'baseline_loss': 0.0755629912018776,
          'behavior_kl_loss': 0.0,
          'entropy_loss': -0.10740426927804947,
          'intent_aux_loss': 0.0,
          'rule_aux_loss': 0.0,
          'teacher_baseline_loss': 0.0,
          'teacher_kl_loss': 0.0,
          'total_loss': 16.611263275146484,
          'upgo_pg_loss': 13.339607238769531,
          'vtrace_pg_loss': 3.303497791290283},
 'Misc': {'actor_policy_tta_rot180': 1.0,
          'league_opponents': {'first_place': 0.75, 'selfplay': 0.25},
          'learning_rate': 4.570736e-05,
          'teacher_kl_cost': 0.0,
          'teacher_policy_tta_rot180': 1.0,
          'total_games_played': 289},
 'Normalized_Entropy': {'cart': 0.7844043970108032,
                        'city_tile': 0.21478413045406342,
                        'overall': 0.36966800514649073,
                        'worker': 0.4550686776638031},
 'Teacher_KL_Divergence': {'cart': 0.0,
                           'city_tile': 0.0,
                           'overall': 0.0,
                           'worker': 0.0},
 'Value': {'bias': -2.3283064365386963e-09,
           'explained_variance': 0.992812991142273,
           'support_outside_fraction': 0.0,
           'target_std': 0.5177782773971558}}[0m
[[36m2026-08-16 11:28:44,490[0m][[34mroot[0m][[32mINFO[0m] - Steps 87296 @ 102.3 SPS / 1.6 BPS. Stats:
{'Actions': {'cart': {'MOVE': nan, 'NO-OP': nan, 'TRANSFER': nan},
             'city_tile': {'BUILD_CART': nan,
                           'BUILD_WORKER': nan,
                           'NO-OP': nan,
                           'RESEARCH': nan},
             'worker': {'BUILD_CITY': nan,
                        'MOVE': nan,
                        'NO-OP': nan,
                        'PILLAGE': nan,
                        'TRANSFER': nan}},
 'Active_Entities': {'cart': 0, 'city_tile': 406, 'worker': 691},
 'Behavior_Policy': {'actor_version_max': 87040,
                     'actor_version_min': 86528,
                     'beta': 0.0,
                     'buffer_lag_max': 704,
                     'ema_kl': None,
                     'forward_kl': 0.021184829995036125,
                     'learner_version': 87232,
                     'log_rho_max': 1.2361869812011719,
                     'log_rho_mean': -0.32942649722099304,
                     'log_rho_p95': 0.3737334907054901,
                     'reverse_kl': 0.020008502528071404,
                     'target': None,
                     'vtrace_rho_clipped_fraction': 0.2421875},
 'Entropy': {'cart': -0.0,
             'city_tile': 0.19291642308235168,
             'overall': 1.139578491449356,
             'worker': 0.9466620683670044},
 'Env': {'carts_final': nan,
         'carts_peak': nan,
         'city_tiles_final': nan,
         'city_tiles_peak': nan,
         'max_cumulative_rewards': nan,
         'mean_cumulative_reward_magnitudes': nan,
         'mean_cumulative_rewards': nan,
         'research_points': nan,
         'separate_cities_final': nan,
         'separate_cities_peak': nan,
         'step': nan,
         'workers_final': nan,
         'workers_peak': nan},
 'Gradient': {'clipped': 1.0, 'norm_before_clip': 31.21529197692871},
 'Intent': {'accuracy': nan,
            'target_build': 0,
            'target_deliver': 0,
            'target_mine': 0,
            'target_return': 0},
 'Loss': {'baseline_loss': 0.03332887962460518,
          'behavior_kl_loss': 0.0,
          'entropy_loss': -0.14649350941181183,
          'intent_aux_loss': 0.0,
          'rule_aux_loss': 0.0,
          'teacher_baseline_loss': 0.0,
          'teacher_kl_loss': 0.0,
          'total_loss': 7.953187465667725,
          'upgo_pg_loss': 7.570559501647949,
          'vtrace_pg_loss': 0.4957921802997589},
 'Misc': {'actor_policy_tta_rot180': 1.0,
          'league_opponents': {'first_place': 0.75, 'selfplay': 0.25},
          'learning_rate': 4.5682016e-05,
          'teacher_kl_cost': 0.0,
          'teacher_policy_tta_rot180': 1.0,
          'total_games_played': 292},
 'Normalized_Entropy': {'cart': 0.0,
                        'city_tile': 0.2023482322692871,
                        'overall': 0.4623278967879964,
                        'worker': 0.6150800585746765},
 'Teacher_KL_Divergence': {'cart': 0.0,
                           'city_tile': 0.0,
                           'overall': 0.0,
                           'worker': 0.0},
 'Value': {'bias': -1.257285475730896e-08,
           'explained_variance': 0.9967519640922546,
           'support_outside_fraction': 0.0,
           'target_std': 0.5145618319511414}}[0m
[[36m2026-08-16 11:28:49,496[0m][[34mroot[0m][[32mINFO[0m] - Steps 87680 @ 76.7 SPS / 1.2 BPS. Stats:
{'Actions': {'cart': {'MOVE': nan, 'NO-OP': nan, 'TRANSFER': nan},
             'city_tile': {'BUILD_CART': 0.00033311125916055963,
                           'BUILD_WORKER': 0.029980013324450366,
                           'NO-OP': 0.9350433044636909,
                           'RESEARCH': 0.034643570952698204},
             'worker': {'BUILD_CITY': 0.0297466030113845,
                        'MOVE': 0.6132941608520015,
                        'NO-OP': 0.31692985677561514,
                        'PILLAGE': 0.0,
                        'TRANSFER': 0.0400293793609989}},
 'Active_Entities': {'cart': 6, 'city_tile': 157, 'worker': 499},
 'Behavior_Policy': {'actor_version_max': 87552,
                     'actor_version_min': 87040,
                     'beta': 0.0,
                     'buffer_lag_max': 576,
                     'ema_kl': None,
                     'forward_kl': 0.024223119020462036,
                     'learner_version': 87616,
                     'log_rho_max': 1.0728578567504883,
                     'log_rho_mean': -0.05231401324272156,
                     'log_rho_p95': 0.6223771572113037,
                     'reverse_kl': 0.020024342462420464,
                     'target': None,
                     'vtrace_rho_clipped_fraction': 0.296875},
 'Entropy': {'cart': 1.380636215209961,
             'city_tile': 0.43814173340797424,
             'overall': 2.7839334905147552,
             'worker': 0.9651555418968201},
 'Env': {'carts_final': 0.0,
         'carts_peak': 0.0,
         'city_tiles_final': 22.0,
         'city_tiles_peak': 28.0,
         'max_cumulative_rewards': 1.0,
         'mean_cumulative_reward_magnitudes': 1.0,
         'mean_cumulative_rewards': 0.0,
         'research_points': 52.0,
         'separate_cities_final': 3.0,
         'separate_cities_peak': 8.5,
         'step': 160.0,
         'workers_final': 14.5,
         'workers_peak': 20.0},
 'Gradient': {'clipped': 1.0, 'norm_before_clip': 35.83000183105469},
 'Intent': {'accuracy': nan,
            'target_build': 0,
            'target_deliver': 0,
            'target_mine': 0,
            'target_return': 0},
 'Loss': {'baseline_loss': 0.09901484847068787,
          'behavior_kl_loss': 0.0,
          'entropy_loss': -0.11173693835735321,
          'intent_aux_loss': 0.0,
          'rule_aux_loss': 0.0,
          'teacher_baseline_loss': 0.0,
          'teacher_kl_loss': 0.0,
          'total_loss': 3.269073963165283,
          'upgo_pg_loss': 5.848812580108643,
          'vtrace_pg_loss': -2.567016363143921},
 'Misc': {'actor_policy_tta_rot180': 1.0,
          'league_opponents': {'first_place': 0.75, 'selfplay': 0.25},
          'learning_rate': 4.5663008e-05,
          'teacher_kl_cost': 0.0,
          'teacher_policy_tta_rot180': 1.0,
          'total_games_played': 294},
 'Normalized_Entropy': {'cart': 0.9003964066505432,
                        'city_tile': 0.4976150691509247,
                        'overall': 0.6008072756118285,
                        'worker': 0.6296722888946533},
 'Teacher_KL_Divergence': {'cart': 0.0,
                           'city_tile': 0.0,
                           'overall': 0.0,
                           'worker': 0.0},
 'Value': {'bias': 4.16184775531292e-09,
           'explained_variance': 0.9899399280548096,
           'support_outside_fraction': 0.0,
           'target_std': 0.5449120402336121}}[0m
[[36m2026-08-16 11:28:54,503[0m][[34mroot[0m][[32mINFO[0m] - Steps 88064 @ 76.7 SPS / 1.2 BPS. Stats:
{'Actions': {'cart': {'MOVE': nan, 'NO-OP': nan, 'TRANSFER': nan},
             'city_tile': {'BUILD_CART': nan,
                           'BUILD_WORKER': nan,
                           'NO-OP': nan,
                           'RESEARCH': nan},
             'worker': {'BUILD_CITY': nan,
                        'MOVE': nan,
                        'NO-OP': nan,
                        'PILLAGE': nan,
                        'TRANSFER': nan}},
 'Active_Entities': {'cart': 162, 'city_tile': 661, 'worker': 1170},
 'Behavior_Policy': {'actor_version_max': 87808,
                     'actor_version_min': 87296,
                     'beta': 0.0,
                     'buffer_lag_max': 704,
                     'ema_kl': None,
                     'forward_kl': 0.01994245871901512,
                     'learner_version': 88000,
                     'log_rho_max': 2.199657440185547,
                     'log_rho_mean': -0.13466353714466095,
                     'log_rho_p95': 0.7768850326538086,
                     'reverse_kl': 0.022057469934225082,
                     'target': None,
                     'vtrace_rho_clipped_fraction': 0.296875},
 'Entropy': {'cart': 1.4396159648895264,
             'city_tile': 0.28013524413108826,
             'overall': 2.728377193212509,
             'worker': 1.0086259841918945},
 'Env': {'carts_final': nan,
         'carts_peak': nan,
         'city_tiles_final': nan,
         'city_tiles_peak': nan,
         'max_cumulative_rewards': nan,
         'mean_cumulative_reward_magnitudes': nan,
         'mean_cumulative_rewards': nan,
         'research_points': nan,
         'separate_cities_final': nan,
         'separate_cities_peak': nan,
         'step': nan,
         'workers_final': nan,
         'workers_peak': nan},
 'Gradient': {'clipped': 1.0, 'norm_before_clip': 132.51527404785156},
 'Intent': {'accuracy': nan,
            'target_build': 0,
            'target_deliver': 0,
            'target_mine': 0,
            'target_return': 0},
 'Loss': {'baseline_loss': 0.1474151611328125,
          'behavior_kl_loss': 0.0,
          'entropy_loss': -0.31969594955444336,
          'intent_aux_loss': 0.0,
          'rule_aux_loss': 0.0,
          'teacher_baseline_loss': 0.0,
          'teacher_kl_loss': 0.0,
          'total_loss': 75.71056365966797,
          'upgo_pg_loss': 60.502662658691406,
          'vtrace_pg_loss': 15.380176544189453},
 'Misc': {'actor_policy_tta_rot180': 1.0,
          'league_opponents': {'first_place': 0.5, 'selfplay': 0.5},
          'learning_rate': 4.5644000000000005e-05,
          'teacher_kl_cost': 0.0,
          'teacher_policy_tta_rot180': 1.0,
          'total_games_played': 298},
 'Normalized_Entropy': {'cart': 0.9400582909584045,
                        'city_tile': 0.2930156886577606,
                        'overall': 0.5518108145621214,
                        'worker': 0.6442616581916809},
 'Teacher_KL_Divergence': {'cart': 0.0,
                           'city_tile': 0.0,
                           'overall': 0.0,
                           'worker': 0.0},
 'Value': {'bias': -7.916241884231567e-09,
           'explained_variance': 0.9870438575744629,
           'support_outside_fraction': 0.0,
           'target_std': 0.5298438668251038}}[0m
[[36m2026-08-16 11:28:59,508[0m][[34mroot[0m][[32mINFO[0m] - Steps 88576 @ 102.3 SPS / 1.6 BPS. Stats:
{'Actions': {'cart': {'MOVE': 0.7152777777777778,
                      'NO-OP': 0.2777777777777778,
                      'TRANSFER': 0.006944444444444444},
             'city_tile': {'BUILD_CART': 0.0014670896114195083,
                           'BUILD_WORKER': 0.016732751784298176,
                           'NO-OP': 0.9694686756542427,
                           'RESEARCH': 0.01233148295003965},
             'worker': {'BUILD_CITY': 0.02915511060001353,
                        'MOVE': 0.3734695258066698,
                        'NO-OP': 0.5789082053710343,
                        'PILLAGE': 0.0011499695596293039,
                        'TRANSFER': 0.017317188662653048}},
 'Active_Entities': {'cart': 177, 'city_tile': 1244, 'worker': 1273},
 'Behavior_Policy': {'actor_version_max': 88320,
                     'actor_version_min': 87808,
                     'beta': 0.0,
                     'buffer_lag_max': 704,
                     'ema_kl': None,
                     'forward_kl': 0.021823493763804436,
                     'learner_version': 88512,
                     'log_rho_max': 2.51279354095459,
                     'log_rho_mean': -0.27190524339675903,
                     'log_rho_p95': 0.4814262092113495,
                     'reverse_kl': 0.022620640695095062,
                     'target': None,
                     'vtrace_rho_clipped_fraction': 0.2109375},
 'Entropy': {'cart': 1.469276785850525,
             'city_tile': 0.17082218825817108,
             'overall': 2.769741341471672,
             'worker': 1.129642367362976},
 'Env': {'carts_final': 0.0,
         'carts_peak': 3.0,
         'city_tiles_final': 40.5,
         'city_tiles_peak': 81.0,
         'max_cumulative_rewards': 1.0,
         'mean_cumulative_reward_magnitudes': 1.0,
         'mean_cumulative_rewards': 0.0,
         'research_points': 155.5,
         'separate_cities_final': 4.0,
         'separate_cities_peak': 19.0,
         'step': 361.0,
         'workers_final': 18.0,
         'workers_peak': 56.5},
 'Gradient': {'clipped': 1.0, 'norm_before_clip': 140.20864868164062},
 'Intent': {'accuracy': nan,
            'target_build': 0,
            'target_deliver': 0,
            'target_mine': 0,
            'target_return': 0},
 'Loss': {'baseline_loss': 0.7180657386779785,
          'behavior_kl_loss': 0.0,
          'entropy_loss': -0.3821198642253876,
          'intent_aux_loss': 0.0,
          'rule_aux_loss': 0.0,
          'teacher_baseline_loss': 0.0,
          'teacher_kl_loss': 0.0,
          'total_loss': 1.7861268520355225,
          'upgo_pg_loss': 10.938475608825684,
          'vtrace_pg_loss': -9.48829460144043},
 'Misc': {'actor_policy_tta_rot180': 1.0,
          'league_opponents': {'first_place': 0.5, 'selfplay': 0.5},
          'learning_rate': 4.5618656000000004e-05,
          'teacher_kl_cost': 0.0,
          'teacher_policy_tta_rot180': 1.0,
          'total_games_played': 299},
 'Normalized_Entropy': {'cart': 0.955288827419281,
                        'city_tile': 0.16301850974559784,
                        'overall': 0.474880564230499,
                        'worker': 0.7128413915634155},
 'Teacher_KL_Divergence': {'cart': 0.0,
                           'city_tile': 0.0,
                           'overall': 0.0,
                           'worker': 0.0},
 'Value': {'bias': -1.280568540096283e-09,
           'explained_variance': 0.9256622791290283,
           'support_outside_fraction': 0.0,
           'target_std': 0.5237199664115906}}[0m
[[36m2026-08-16 11:29:04,513[0m][[34mroot[0m][[32mINFO[0m] - Steps 89024 @ 89.5 SPS / 1.4 BPS. Stats:
{'Actions': {'cart': {'MOVE': nan, 'NO-OP': nan, 'TRANSFER': nan},
             'city_tile': {'BUILD_CART': nan,
                           'BUILD_WORKER': nan,
                           'NO-OP': nan,
                           'RESEARCH': nan},
             'worker': {'BUILD_CITY': nan,
                        'MOVE': nan,
                        'NO-OP': nan,
                        'PILLAGE': nan,
                        'TRANSFER': nan}},
 'Active_Entities': {'cart': 37, 'city_tile': 1386, 'worker': 1675},
 'Behavior_Policy': {'actor_version_max': 88832,
                     'actor_version_min': 88320,
                     'beta': 0.0,
                     'buffer_lag_max': 640,
                     'ema_kl': None,
                     'forward_kl': 0.015130436047911644,
                     'learner_version': 88960,
                     'log_rho_max': 1.4882240295410156,
                     'log_rho_mean': -0.3533906638622284,
                     'log_rho_p95': 0.6015219688415527,
                     'reverse_kl': 0.015111014246940613,
                     'target': None,
                     'vtrace_rho_clipped_fraction': 0.2890625},
 'Entropy': {'cart': 1.3712859153747559,
             'city_tile': 0.2557658553123474,
             'overall': 2.529178500175476,
             'worker': 0.9021267294883728},
 'Env': {'carts_final': nan,
         'carts_peak': nan,
         'city_tiles_final': nan,
         'city_tiles_peak': nan,
         'max_cumulative_rewards': nan,
         'mean_cumulative_reward_magnitudes': nan,
         'mean_cumulative_rewards': nan,
         'research_points': nan,
         'separate_cities_final': nan,
         'separate_cities_peak': nan,
         'step': nan,
         'workers_final': nan,
         'workers_peak': nan},
 'Gradient': {'clipped': 1.0, 'norm_before_clip': 121.29480743408203},
 'Intent': {'accuracy': nan,
            'target_build': 0,
            'target_deliver': 0,
            'target_mine': 0,
            'target_return': 0},
 'Loss': {'baseline_loss': 0.42375698685646057,
          'behavior_kl_loss': 0.0,
          'entropy_loss': -0.38325825333595276,
          'intent_aux_loss': 0.0,
          'rule_aux_loss': 0.0,
          'teacher_baseline_loss': 0.0,
          'teacher_kl_loss': 0.0,
          'total_loss': 21.641942977905273,
          'upgo_pg_loss': 25.295928955078125,
          'vtrace_pg_loss': -3.694485664367676},
 'Misc': {'actor_policy_tta_rot180': 1.0,
          'league_opponents': {'first_place': 0.5, 'selfplay': 0.5},
          'learning_rate': 4.559648e-05,
          'teacher_kl_cost': 0.0,
          'teacher_policy_tta_rot180': 1.0,
          'total_games_played': 299},
 'Normalized_Entropy': {'cart': 0.8590066432952881,
                        'city_tile': 0.23422770202159882,
                        'overall': 0.4232380885493763,
                        'worker': 0.5700111985206604},
 'Teacher_KL_Divergence': {'cart': 0.0,
                           'city_tile': 0.0,
                           'overall': 0.0,
                           'worker': 0.0},
 'Value': {'bias': 7.043126970529556e-09,
           'explained_variance': 0.9662895202636719,
           'support_outside_fraction': 0.0,
           'target_std': 0.4465315043926239}}[0m
[[36m2026-08-16 11:29:09,518[0m][[34mroot[0m][[32mINFO[0m] - Steps 89344 @ 63.9 SPS / 1.0 BPS. Stats:
{'Actions': {'cart': {'MOVE': nan, 'NO-OP': nan, 'TRANSFER': nan},
             'city_tile': {'BUILD_CART': nan,
                           'BUILD_WORKER': nan,
                           'NO-OP': nan,
                           'RESEARCH': nan},
             'worker': {'BUILD_CITY': nan,
                        'MOVE': nan,
                        'NO-OP': nan,
                        'PILLAGE': nan,
                        'TRANSFER': nan}},
 'Active_Entities': {'cart': 0, 'city_tile': 299, 'worker': 508},
 'Behavior_Policy': {'actor_version_max': 89088,
                     'actor_version_min': 88576,
                     'beta': 0.0,
                     'buffer_lag_max': 704,
                     'ema_kl': None,
                     'forward_kl': 0.026659367606043816,
                     'learner_version': 89280,
                     'log_rho_max': 0.8415002822875977,
                     'log_rho_mean': -0.18024495244026184,
                     'log_rho_p95': 0.49653398990631104,
                     'reverse_kl': 0.02810681238770485,
                     'target': None,
                     'vtrace_rho_clipped_fraction': 0.25},
 'Entropy': {'cart': -0.0,
             'city_tile': 0.19687627255916595,
             'overall': 0.9256563633680344,
             'worker': 0.7287800908088684},
 'Env': {'carts_final': nan,
         'carts_peak': nan,
         'city_tiles_final': nan,
         'city_tiles_peak': nan,
         'max_cumulative_rewards': nan,
         'mean_cumulative_reward_magnitudes': nan,
         'mean_cumulative_rewards': nan,
         'research_points': nan,
         'separate_cities_final': nan,
         'separate_cities_peak': nan,
         'step': nan,
         'workers_final': nan,
         'workers_peak': nan},
 'Gradient': {'clipped': 1.0, 'norm_before_clip': 77.8175277709961},
 'Intent': {'accuracy': nan,
            'target_build': 0,
            'target_deliver': 0,
            'target_mine': 0,
            'target_return': 0},
 'Loss': {'baseline_loss': 0.9834290742874146,
          'behavior_kl_loss': 0.0,
          'entropy_loss': -0.08581724762916565,
          'intent_aux_loss': 0.0,
          'rule_aux_loss': 0.0,
          'teacher_baseline_loss': 0.0,
          'teacher_kl_loss': 0.0,
          'total_loss': 15.10134220123291,
          'upgo_pg_loss': 15.752257347106934,
          'vtrace_pg_loss': -1.5485265254974365},
 'Misc': {'actor_policy_tta_rot180': 1.0,
          'league_opponents': {'first_place': 0.75, 'selfplay': 0.25},
          'learning_rate': 4.5580640000000005e-05,
          'teacher_kl_cost': 0.0,
          'teacher_policy_tta_rot180': 1.0,
          'total_games_played': 299},
 'Normalized_Entropy': {'cart': 0.0,
                        'city_tile': 0.18032091856002808,
                        'overall': 0.3593082908804089,
                        'worker': 0.46465715765953064},
 'Teacher_KL_Divergence': {'cart': 0.0,
                           'city_tile': 0.0,
                           'overall': 0.0,
                           'worker': 0.0},
 'Value': {'bias': 5.3551048040390015e-09,
           'explained_variance': 0.9009318947792053,
           'support_outside_fraction': 0.0,
           'target_std': 0.46082666516304016}}[0m
[[36m2026-08-16 11:29:14,524[0m][[34mroot[0m][[32mINFO[0m] - Steps 89856 @ 102.3 SPS / 1.6 BPS. Stats:
{'Actions': {'cart': {'MOVE': 0.7647058823529411,
                      'NO-OP': 0.23529411764705882,
                      'TRANSFER': 0.0},
             'city_tile': {'BUILD_CART': 0.008609271523178808,
                           'BUILD_WORKER': 0.10231788079470198,
                           'NO-OP': 0.7556291390728477,
                           'RESEARCH': 0.13344370860927152},
             'worker': {'BUILD_CITY': 0.017103153393907,
                        'MOVE': 0.45430251202565475,
                        'NO-OP': 0.48868697666132194,
                        'PILLAGE': 0.004097630500623553,
                        'TRANSFER': 0.03580972741849278}},
 'Active_Entities': {'cart': 5, 'city_tile': 77, 'worker': 297},
 'Behavior_Policy': {'actor_version_max': 89600,
                     'actor_version_min': 89088,
                     'beta': 0.0,
                     'buffer_lag_max': 704,
                     'ema_kl': None,
                     'forward_kl': 0.024683663621544838,
                     'learner_version': 89792,
                     'log_rho_max': 1.388503074645996,
                     'log_rho_mean': -0.12151242792606354,
                     'log_rho_p95': 0.4307315945625305,
                     'reverse_kl': 0.02313997782766819,
                     'target': None,
                     'vtrace_rho_clipped_fraction': 0.1796875},
 'Entropy': {'cart': 1.3758865594863892,
             'city_tile': 0.4169142544269562,
             'overall': 2.5361509025096893,
             'worker': 0.743350088596344},
 'Env': {'carts_final': 1.0,
         'carts_peak': 2.5,
         'city_tiles_final': 8.5,
         'city_tiles_peak': 17.5,
         'max_cumulative_rewards': 1.0,
         'mean_cumulative_reward_magnitudes': 1.0,
         'mean_cumulative_rewards': 0.0,
         'research_points': 201.5,
         'separate_cities_final': 5.0,
         'separate_cities_peak': 10.5,
         'step': 361.0,
         'workers_final': 8.5,
         'workers_peak': 15.5},
 'Gradient': {'clipped': 1.0, 'norm_before_clip': 66.67414855957031},
 'Intent': {'accuracy': nan,
            'target_build': 0,
            'target_deliver': 0,
            'target_mine': 0,
            'target_return': 0},
 'Loss': {'baseline_loss': 0.33915093541145325,
          'behavior_kl_loss': 0.0,
          'entropy_loss': -0.05195135995745659,
          'intent_aux_loss': 0.0,
          'rule_aux_loss': 0.0,
          'teacher_baseline_loss': 0.0,
          'teacher_kl_loss': 0.0,
          'total_loss': 6.298312187194824,
          'upgo_pg_loss': 6.2054057121276855,
          'vtrace_pg_loss': -0.19429302215576172},
 'Misc': {'actor_policy_tta_rot180': 1.0,
          'league_opponents': {'first_place': 0.984375, 'selfplay': 0.015625},
          'learning_rate': 4.5555296e-05,
          'teacher_kl_cost': 0.0,
          'teacher_policy_tta_rot180': 1.0,
          'total_games_played': 301},
 'Normalized_Entropy': {'cart': 0.8548864126205444,
                        'city_tile': 0.41994452476501465,
                        'overall': 0.4677884800452985,
                        'worker': 0.4736756682395935},
 'Teacher_KL_Divergence': {'cart': 0.0,
                           'city_tile': 0.0,
                           'overall': 0.0,
                           'worker': 0.0},
 'Value': {'bias': 7.654307410120964e-09,
           'explained_variance': 0.9766551852226257,
           'support_outside_fraction': 0.0,
           'target_std': 0.522426962852478}}[0m
[[36m2026-08-16 11:29:19,529[0m][[34mroot[0m][[32mINFO[0m] - Steps 90368 @ 102.3 SPS / 1.6 BPS. Stats:
{'Actions': {'cart': {'MOVE': nan, 'NO-OP': nan, 'TRANSFER': nan},
             'city_tile': {'BUILD_CART': nan,
                           'BUILD_WORKER': nan,
                           'NO-OP': nan,
                           'RESEARCH': nan},
             'worker': {'BUILD_CITY': nan,
                        'MOVE': nan,
                        'NO-OP': nan,
                        'PILLAGE': nan,
                        'TRANSFER': nan}},
 'Active_Entities': {'cart': 0, 'city_tile': 69, 'worker': 315},
 'Behavior_Policy': {'actor_version_max': 90112,
                     'actor_version_min': 89600,
                     'beta': 0.0,
                     'buffer_lag_max': 704,
                     'ema_kl': None,
                     'forward_kl': 0.027995765209197998,
                     'learner_version': 90304,
                     'log_rho_max': 0.9301433563232422,
                     'log_rho_mean': -0.049920327961444855,
                     'log_rho_p95': 0.4868994653224945,
                     'reverse_kl': 0.02719859778881073,
                     'target': None,
                     'vtrace_rho_clipped_fraction': 0.25},
 'Entropy': {'cart': -0.0,
             'city_tile': 0.6243534684181213,
             'overall': 1.2817450165748596,
             'worker': 0.6573915481567383},
 'Env': {'carts_final': nan,
         'carts_peak': nan,
         'city_tiles_final': nan,
         'city_tiles_peak': nan,
         'max_cumulative_rewards': nan,
         'mean_cumulative_reward_magnitudes': nan,
         'mean_cumulative_rewards': nan,
         'research_points': nan,
         'separate_cities_final': nan,
         'separate_cities_peak': nan,
         'step': nan,
         'workers_final': nan,
         'workers_peak': nan},
 'Gradient': {'clipped': 1.0, 'norm_before_clip': 39.099632263183594},
 'Intent': {'accuracy': nan,
            'target_build': 0,
            'target_deliver': 0,
            'target_mine': 0,
            'target_return': 0},
 'Loss': {'baseline_loss': 0.04079614579677582,
          'behavior_kl_loss': 0.0,
          'entropy_loss': -0.05003174766898155,
          'intent_aux_loss': 0.0,
          'rule_aux_loss': 0.0,
          'teacher_baseline_loss': 0.0,
          'teacher_kl_loss': 0.0,
          'total_loss': 9.407022476196289,
          'upgo_pg_loss': 6.711627006530762,
          'vtrace_pg_loss': 2.7046308517456055},
 'Misc': {'actor_policy_tta_rot180': 1.0,
          'league_opponents': {'first_place': 1.0, 'selfplay': 0.0},
          'learning_rate': 4.5529952e-05,
          'teacher_kl_cost': 0.0,
          'teacher_policy_tta_rot180': 1.0,
          'total_games_played': 301},
 'Normalized_Entropy': {'cart': 0.0,
                        'city_tile': 0.5277689695358276,
                        'overall': 0.4352647808846086,
                        'worker': 0.4150019586086273},
 'Teacher_KL_Divergence': {'cart': 0.0,
                           'city_tile': 0.0,
                           'overall': 0.0,
                           'worker': 0.0},
 'Value': {'bias': 2.270098775625229e-09,
           'explained_variance': 0.9951601028442383,
           'support_outside_fraction': 0.0,
           'target_std': 0.513236403465271}}[0m
[[36m2026-08-16 11:29:24,534[0m][[34mroot[0m][[32mINFO[0m] - Steps 90752 @ 76.7 SPS / 1.2 BPS. Stats:
{'Actions': {'cart': {'MOVE': nan, 'NO-OP': nan, 'TRANSFER': nan},
             'city_tile': {'BUILD_CART': nan,
                           'BUILD_WORKER': nan,
                           'NO-OP': nan,
                           'RESEARCH': nan},
             'worker': {'BUILD_CITY': nan,
                        'MOVE': nan,
                        'NO-OP': nan,
                        'PILLAGE': nan,
                        'TRANSFER': nan}},
 'Active_Entities': {'cart': 16, 'city_tile': 283, 'worker': 597},
 'Behavior_Policy': {'actor_version_max': 90624,
                     'actor_version_min': 90112,
                     'beta': 0.0,
                     'buffer_lag_max': 576,
                     'ema_kl': None,
                     'forward_kl': 0.013435875065624714,
                     'learner_version': 90688,
                     'log_rho_max': 1.1798820495605469,
                     'log_rho_mean': -0.06332633644342422,
                     'log_rho_p95': 0.6380706429481506,
                     'reverse_kl': 0.013012992218136787,
                     'target': None,
                     'vtrace_rho_clipped_fraction': 0.3046875},
 'Entropy': {'cart': 1.4682769775390625,
             'city_tile': 0.4080580174922943,
             'overall': 3.0165551602840424,
             'worker': 1.1402201652526855},
 'Env': {'carts_final': nan,
         'carts_peak': nan,
         'city_tiles_final': nan,
         'city_tiles_peak': nan,
         'max_cumulative_rewards': nan,
         'mean_cumulative_reward_magnitudes': nan,
         'mean_cumulative_rewards': nan,
         'research_points': nan,
         'separate_cities_final': nan,
         'separate_cities_peak': nan,
         'step': nan,
         'workers_final': nan,
         'workers_peak': nan},
 'Gradient': {'clipped': 1.0, 'norm_before_clip': 13.730162620544434},
 'Intent': {'accuracy': nan,
            'target_build': 0,
            'target_deliver': 0,
            'target_mine': 0,
            'target_return': 0},
 'Loss': {'baseline_loss': 0.020423388108611107,
          'behavior_kl_loss': 0.0,
          'entropy_loss': -0.16393685340881348,
          'intent_aux_loss': 0.0,
          'rule_aux_loss': 0.0,
          'teacher_baseline_loss': 0.0,
          'teacher_kl_loss': 0.0,
          'total_loss': -1.6242828369140625,
          'upgo_pg_loss': 3.9598519802093506,
          'vtrace_pg_loss': -5.440621376037598},
 'Misc': {'actor_policy_tta_rot180': 1.0,
          'league_opponents': {'first_place': 0.75, 'selfplay': 0.25},
          'learning_rate': 4.5510944e-05,
          'teacher_kl_cost': 0.0,
          'teacher_policy_tta_rot180': 1.0,
          'total_games_played': 304},
 'Normalized_Entropy': {'cart': 0.9122917652130127,
                        'city_tile': 0.4922678768634796,
                        'overall': 0.652059387448909,
                        'worker': 0.7208320498466492},
 'Teacher_KL_Divergence': {'cart': 0.0,
                           'city_tile': 0.0,
                           'overall': 0.0,
                           'worker': 0.0},
 'Value': {'bias': -2.2824679035693407e-08,
           'explained_variance': 0.998196005821228,
           'support_outside_fraction': 0.0,
           'target_std': 0.5742781758308411}}[0m
[[36m2026-08-16 11:29:29,540[0m][[34mroot[0m][[32mINFO[0m] - Steps 91136 @ 76.7 SPS / 1.2 BPS. Stats:
{'Actions': {'cart': {'MOVE': nan, 'NO-OP': nan, 'TRANSFER': nan},
             'city_tile': {'BUILD_CART': nan,
                           'BUILD_WORKER': nan,
                           'NO-OP': nan,
                           'RESEARCH': nan},
             'worker': {'BUILD_CITY': nan,
                        'MOVE': nan,
                        'NO-OP': nan,
                        'PILLAGE': nan,
                        'TRANSFER': nan}},
 'Active_Entities': {'cart': 15, 'city_tile': 258, 'worker': 721},
 'Behavior_Policy': {'actor_version_max': 90880,
                     'actor_version_min': 90368,
                     'beta': 0.0,
                     'buffer_lag_max': 704,
                     'ema_kl': None,
                     'forward_kl': 0.017954153940081596,
                     'learner_version': 91072,
                     'log_rho_max': 1.6823234558105469,
                     'log_rho_mean': -0.29024359583854675,
                     'log_rho_p95': 0.49529513716697693,
                     'reverse_kl': 0.01872597448527813,
                     'target': None,
                     'vtrace_rho_clipped_fraction': 0.1796875},
 'Entropy': {'cart': 1.199818730354309,
             'city_tile': 0.28941723704338074,
             'overall': 2.703326791524887,
             'worker': 1.2140908241271973},
 'Env': {'carts_final': nan,
         'carts_peak': nan,
         'city_tiles_final': nan,
         'city_tiles_peak': nan,
         'max_cumulative_rewards': nan,
         'mean_cumulative_reward_magnitudes': nan,
         'mean_cumulative_rewards': nan,
         'research_points': nan,
         'separate_cities_final': nan,
         'separate_cities_peak': nan,
         'step': nan,
         'workers_final': nan,
         'workers_peak': nan},
 'Gradient': {'clipped': 1.0, 'norm_before_clip': 40.62480926513672},
 'Intent': {'accuracy': nan,
            'target_build': 0,
            'target_deliver': 0,
            'target_mine': 0,
            'target_return': 0},
 'Loss': {'baseline_loss': 0.2280983030796051,
          'behavior_kl_loss': 0.0,
          'entropy_loss': -0.19360528886318207,
          'intent_aux_loss': 0.0,
          'rule_aux_loss': 0.0,
          'teacher_baseline_loss': 0.0,
          'teacher_kl_loss': 0.0,
          'total_loss': 2.376136064529419,
          'upgo_pg_loss': 6.98734712600708,
          'vtrace_pg_loss': -4.64570426940918},
 'Misc': {'actor_policy_tta_rot180': 1.0,
          'league_opponents': {'first_place': 0.75, 'selfplay': 0.25},
          'learning_rate': 4.5491936e-05,
          'teacher_kl_cost': 0.0,
          'teacher_policy_tta_rot180': 1.0,
          'total_games_played': 305},
 'Normalized_Entropy': {'cart': 0.8303835988044739,
                        'city_tile': 0.3183499872684479,
                        'overall': 0.6572749046252767,
                        'worker': 0.7749531269073486},
 'Teacher_KL_Divergence': {'cart': 0.0,
                           'city_tile': 0.0,
                           'overall': 0.0,
                           'worker': 0.0},
 'Value': {'bias': -1.1641532182693481e-08,
           'explained_variance': 0.9810415506362915,
           'support_outside_fraction': 0.0,
           'target_std': 0.5869569182395935}}[0m
[[36m2026-08-16 11:29:34,545[0m][[34mroot[0m][[32mINFO[0m] - Steps 91648 @ 102.3 SPS / 1.6 BPS. Stats:
{'Actions': {'cart': {'MOVE': nan, 'NO-OP': nan, 'TRANSFER': nan},
             'city_tile': {'BUILD_CART': nan,
                           'BUILD_WORKER': nan,
                           'NO-OP': nan,
                           'RESEARCH': nan},
             'worker': {'BUILD_CITY': nan,
                        'MOVE': nan,
                        'NO-OP': nan,
                        'PILLAGE': nan,
                        'TRANSFER': nan}},
 'Active_Entities': {'cart': 28, 'city_tile': 521, 'worker': 762},
 'Behavior_Policy': {'actor_version_max': 91392,
                     'actor_version_min': 90880,
                     'beta': 0.0,
                     'buffer_lag_max': 704,
                     'ema_kl': None,
                     'forward_kl': 0.016994658857584,
                     'learner_version': 91584,
                     'log_rho_max': 3.7358131408691406,
                     'log_rho_mean': -0.19165164232254028,
                     'log_rho_p95': 0.5956437587738037,
                     'reverse_kl': 0.018612993881106377,
                     'target': None,
                     'vtrace_rho_clipped_fraction': 0.1640625},
 'Entropy': {'cart': 1.328965187072754,
             'city_tile': 0.3626127243041992,
             'overall': 2.6780444979667664,
             'worker': 0.9864665865898132},
 'Env': {'carts_final': nan,
         'carts_peak': nan,
         'city_tiles_final': nan,
         'city_tiles_peak': nan,
         'max_cumulative_rewards': nan,
         'mean_cumulative_reward_magnitudes': nan,
         'mean_cumulative_rewards': nan,
         'research_points': nan,
         'separate_cities_final': nan,
         'separate_cities_peak': nan,
         'step': nan,
         'workers_final': nan,
         'workers_peak': nan},
 'Gradient': {'clipped': 1.0, 'norm_before_clip': 99.4757080078125},
 'Intent': {'accuracy': nan,
            'target_build': 0,
            'target_deliver': 0,
            'target_mine': 0,
            'target_return': 0},
 'Loss': {'baseline_loss': 0.6059391498565674,
          'behavior_kl_loss': 0.0,
          'entropy_loss': -0.19556395709514618,
          'intent_aux_loss': 0.0,
          'rule_aux_loss': 0.0,
          'teacher_baseline_loss': 0.0,
          'teacher_kl_loss': 0.0,
          'total_loss': 30.210201263427734,
          'upgo_pg_loss': 32.633056640625,
          'vtrace_pg_loss': -2.833231210708618},
 'Misc': {'actor_policy_tta_rot180': 1.0,
          'league_opponents': {'first_place': 0.75, 'selfplay': 0.25},
          'learning_rate': 4.5466592e-05,
          'teacher_kl_cost': 0.0,
          'teacher_policy_tta_rot180': 1.0,
          'total_games_played': 306},
 'Normalized_Entropy': {'cart': 0.8979620337486267,
                        'city_tile': 0.3526381254196167,
                        'overall': 0.5249335189342135,
                        'worker': 0.6290294528007507},
 'Teacher_KL_Divergence': {'cart': 0.0,
                           'city_tile': 0.0,
                           'overall': 0.0,
                           'worker': 0.0},
 'Value': {'bias': -1.3969838619232178e-09,
           'explained_variance': 0.9741902351379395,
           'support_outside_fraction': 0.0,
           'target_std': 0.6443508863449097}}[0m
[[36m2026-08-16 11:29:39,550[0m][[34mroot[0m][[32mINFO[0m] - Steps 92160 @ 102.3 SPS / 1.6 BPS. Stats:
{'Actions': {'cart': {'MOVE': nan, 'NO-OP': nan, 'TRANSFER': nan},
             'city_tile': {'BUILD_CART': nan,
                           'BUILD_WORKER': nan,
                           'NO-OP': nan,
                           'RESEARCH': nan},
             'worker': {'BUILD_CITY': nan,
                        'MOVE': nan,
                        'NO-OP': nan,
                        'PILLAGE': nan,
                        'TRANSFER': nan}},
 'Active_Entities': {'cart': 0, 'city_tile': 284, 'worker': 535},
 'Behavior_Policy': {'actor_version_max': 91904,
                     'actor_version_min': 91392,
                     'beta': 0.0,
                     'buffer_lag_max': 704,
                     'ema_kl': None,
                     'forward_kl': 0.020588234066963196,
                     'learner_version': 92096,
                     'log_rho_max': 1.7299327850341797,
                     'log_rho_mean': -0.12919288873672485,
                     'log_rho_p95': 0.43535521626472473,
                     'reverse_kl': 0.020603898912668228,
                     'target': None,
                     'vtrace_rho_clipped_fraction': 0.2265625},
 'Entropy': {'cart': -0.0,
             'city_tile': 0.29188406467437744,
             'overall': 1.1614723205566406,
             'worker': 0.8695882558822632},
 'Env': {'carts_final': nan,
         'carts_peak': nan,
         'city_tiles_final': nan,
         'city_tiles_peak': nan,
         'max_cumulative_rewards': nan,
         'mean_cumulative_reward_magnitudes': nan,
         'mean_cumulative_rewards': nan,
         'research_points': nan,
         'separate_cities_final': nan,
         'separate_cities_peak': nan,
         'step': nan,
         'workers_final': nan,
         'workers_peak': nan},
 'Gradient': {'clipped': 1.0, 'norm_before_clip': 56.90741729736328},
 'Intent': {'accuracy': nan,
            'target_build': 0,
            'target_deliver': 0,
            'target_mine': 0,
            'target_return': 0},
 'Loss': {'baseline_loss': 0.07594089955091476,
          'behavior_kl_loss': 0.0,
          'entropy_loss': -0.1096249520778656,
          'intent_aux_loss': 0.0,
          'rule_aux_loss': 0.0,
          'teacher_baseline_loss': 0.0,
          'teacher_kl_loss': 0.0,
          'total_loss': 14.486271858215332,
          'upgo_pg_loss': 10.431328773498535,
          'vtrace_pg_loss': 4.088626861572266},
 'Misc': {'actor_policy_tta_rot180': 1.0,
          'league_opponents': {'first_place': 0.75, 'selfplay': 0.25},
          'learning_rate': 4.5441248000000006e-05,
          'teacher_kl_cost': 0.0,
          'teacher_policy_tta_rot180': 1.0,
          'total_games_played': 306},
 'Normalized_Entropy': {'cart': 0.0,
                        'city_tile': 0.27610695362091064,
                        'overall': 0.46604384207172417,
                        'worker': 0.5668701529502869},
 'Teacher_KL_Divergence': {'cart': 0.0,
                           'city_tile': 0.0,
                           'overall': 0.0,
                           'worker': 0.0},
 'Value': {'bias': 3.725290298461914e-09,
           'explained_variance': 0.9959926009178162,
           'support_outside_fraction': 0.0,
           'target_std': 0.6039537787437439}}[0m
[[36m2026-08-16 11:29:44,555[0m][[34mroot[0m][[32mINFO[0m] - Steps 92608 @ 89.5 SPS / 1.4 BPS. Stats:
{'Actions': {'cart': {'MOVE': nan, 'NO-OP': nan, 'TRANSFER': nan},
             'city_tile': {'BUILD_CART': nan,
                           'BUILD_WORKER': nan,
                           'NO-OP': nan,
                           'RESEARCH': nan},
             'worker': {'BUILD_CITY': nan,
                        'MOVE': nan,
                        'NO-OP': nan,
                        'PILLAGE': nan,
                        'TRANSFER': nan}},
 'Active_Entities': {'cart': 26, 'city_tile': 494, 'worker': 568},
 'Behavior_Policy': {'actor_version_max': 92416,
                     'actor_version_min': 91904,
                     'beta': 0.0,
                     'buffer_lag_max': 640,
                     'ema_kl': None,
                     'forward_kl': 0.008333120495080948,
                     'learner_version': 92544,
                     'log_rho_max': 1.0447454452514648,
                     'log_rho_mean': -0.04833630472421646,
                     'log_rho_p95': 0.5702196955680847,
                     'reverse_kl': 0.008324793539941311,
                     'target': None,
                     'vtrace_rho_clipped_fraction': 0.3671875},
 'Entropy': {'cart': 1.4968056678771973,
             'city_tile': 0.11583522707223892,
             'overall': 2.3780346289277077,
             'worker': 0.7653937339782715},
 'Env': {'carts_final': nan,
         'carts_peak': nan,
         'city_tiles_final': nan,
         'city_tiles_peak': nan,
         'max_cumulative_rewards': nan,
         'mean_cumulative_reward_magnitudes': nan,
         'mean_cumulative_rewards': nan,
         'research_points': nan,
         'separate_cities_final': nan,
         'separate_cities_peak': nan,
         'step': nan,
         'workers_final': nan,
         'workers_peak': nan},
 'Gradient': {'clipped': 1.0, 'norm_before_clip': 12.893281936645508},
 'Intent': {'accuracy': nan,
            'target_build': 0,
            'target_deliver': 0,
            'target_mine': 0,
            'target_return': 0},
 'Loss': {'baseline_loss': 0.01378279086202383,
          'behavior_kl_loss': 0.0,
          'entropy_loss': -0.10617662966251373,
          'intent_aux_loss': 0.0,
          'rule_aux_loss': 0.0,
          'teacher_baseline_loss': 0.0,
          'teacher_kl_loss': 0.0,
          'total_loss': 4.1973700523376465,
          'upgo_pg_loss': 4.009369850158691,
          'vtrace_pg_loss': 0.28039413690567017},
 'Misc': {'actor_policy_tta_rot180': 1.0,
          'league_opponents': {'first_place': 0.5, 'selfplay': 0.5},
          'learning_rate': 4.5419072000000004e-05,
          'teacher_kl_cost': 0.0,
          'teacher_policy_tta_rot180': 1.0,
          'total_games_played': 308},
 'Normalized_Entropy': {'cart': 0.9708569645881653,
                        'city_tile': 0.11486388742923737,
                        'overall': 0.32711157210938197,
                        'worker': 0.48224005103111267},
 'Teacher_KL_Divergence': {'cart': 0.0,
                           'city_tile': 0.0,
                           'overall': 0.0,
                           'worker': 0.0},
 'Value': {'bias': 1.7666025087237358e-08,
           'explained_variance': 0.9992439150810242,
           'support_outside_fraction': 0.0,
           'target_std': 0.578147292137146}}[0m
[[36m2026-08-16 11:29:49,561[0m][[34mroot[0m][[32mINFO[0m] - Steps 92928 @ 63.9 SPS / 1.0 BPS. Stats:
{'Actions': {'cart': {'MOVE': nan, 'NO-OP': nan, 'TRANSFER': nan},
             'city_tile': {'BUILD_CART': nan,
                           'BUILD_WORKER': nan,
                           'NO-OP': nan,
                           'RESEARCH': nan},
             'worker': {'BUILD_CITY': nan,
                        'MOVE': nan,
                        'NO-OP': nan,
                        'PILLAGE': nan,
                        'TRANSFER': nan}},
 'Active_Entities': {'cart': 0, 'city_tile': 92, 'worker': 484},
 'Behavior_Policy': {'actor_version_max': 92672,
                     'actor_version_min': 92160,
                     'beta': 0.0,
                     'buffer_lag_max': 704,
                     'ema_kl': None,
                     'forward_kl': 0.027565795928239822,
                     'learner_version': 92864,
                     'log_rho_max': 0.6038804054260254,
                     'log_rho_mean': -0.18703939020633698,
                     'log_rho_p95': 0.19232486188411713,
                     'reverse_kl': 0.029141250997781754,
                     'target': None,
                     'vtrace_rho_clipped_fraction': 0.1640625},
 'Entropy': {'cart': -0.0,
             'city_tile': 0.6364136338233948,
             'overall': 1.4868097305297852,
             'worker': 0.8503960967063904},
 'Env': {'carts_final': nan,
         'carts_peak': nan,
         'city_tiles_final': nan,
         'city_tiles_peak': nan,
         'max_cumulative_rewards': nan,
         'mean_cumulative_reward_magnitudes': nan,
         'mean_cumulative_rewards': nan,
         'research_points': nan,
         'separate_cities_final': nan,
         'separate_cities_peak': nan,
         'step': nan,
         'workers_final': nan,
         'workers_peak': nan},
 'Gradient': {'clipped': 1.0, 'norm_before_clip': 86.15364074707031},
 'Intent': {'accuracy': nan,
            'target_build': 0,
            'target_deliver': 0,
            'target_mine': 0,
            'target_return': 0},
 'Loss': {'baseline_loss': 0.5705605149269104,
          'behavior_kl_loss': 0.0,
          'entropy_loss': -0.09402835369110107,
          'intent_aux_loss': 0.0,
          'rule_aux_loss': 0.0,
          'teacher_baseline_loss': 0.0,
          'teacher_kl_loss': 0.0,
          'total_loss': 8.602580070495605,
          'upgo_pg_loss': 10.278850555419922,
          'vtrace_pg_loss': -2.1528027057647705},
 'Misc': {'actor_policy_tta_rot180': 1.0,
          'league_opponents': {'first_place': 1.0, 'selfplay': 0.0},
          'learning_rate': 4.5403232e-05,
          'teacher_kl_cost': 0.0,
          'teacher_policy_tta_rot180': 1.0,
          'total_games_played': 309},
 'Normalized_Entropy': {'cart': 0.0,
                        'city_tile': 0.6856384873390198,
                        'overall': 0.5651466494633092,
                        'worker': 0.542243242263794},
 'Teacher_KL_Divergence': {'cart': 0.0,
                           'city_tile': 0.0,
                           'overall': 0.0,
                           'worker': 0.0},
 'Value': {'bias': 5.587935447692871e-09,
           'explained_variance': 0.9443063139915466,
           'support_outside_fraction': 0.0,
           'target_std': 0.5658128261566162}}[0m
[[36m2026-08-16 11:29:54,566[0m][[34mroot[0m][[32mINFO[0m] - Steps 93440 @ 102.3 SPS / 1.6 BPS. Stats:
{'Actions': {'cart': {'MOVE': nan, 'NO-OP': nan, 'TRANSFER': nan},
             'city_tile': {'BUILD_CART': nan,
                           'BUILD_WORKER': nan,
                           'NO-OP': nan,
                           'RESEARCH': nan},
             'worker': {'BUILD_CITY': nan,
                        'MOVE': nan,
                        'NO-OP': nan,
                        'PILLAGE': nan,
                        'TRANSFER': nan}},
 'Active_Entities': {'cart': 5, 'city_tile': 109, 'worker': 375},
 'Behavior_Policy': {'actor_version_max': 93184,
                     'actor_version_min': 92672,
                     'beta': 0.0,
                     'buffer_lag_max': 704,
                     'ema_kl': None,
                     'forward_kl': 0.016366979107260704,
                     'learner_version': 93376,
                     'log_rho_max': 0.8506946563720703,
                     'log_rho_mean': -0.08837495744228363,
                     'log_rho_p95': 0.12303396314382553,
                     'reverse_kl': 0.01766551285982132,
                     'target': None,
                     'vtrace_rho_clipped_fraction': 0.1796875},
 'Entropy': {'cart': 1.2681865692138672,
             'city_tile': 0.614456295967102,
             'overall': 2.5490221977233887,
             'worker': 0.6663793325424194},
 'Env': {'carts_final': nan,
         'carts_peak': nan,
         'city_tiles_final': nan,
         'city_tiles_peak': nan,
         'max_cumulative_rewards': nan,
         'mean_cumulative_reward_magnitudes': nan,
         'mean_cumulative_rewards': nan,
         'research_points': nan,
         'separate_cities_final': nan,
         'separate_cities_peak': nan,
         'step': nan,
         'workers_final': nan,
         'workers_peak': nan},
 'Gradient': {'clipped': 1.0, 'norm_before_clip': 83.9745101928711},
 'Intent': {'accuracy': nan,
            'target_build': 0,
            'target_deliver': 0,
            'target_mine': 0,
            'target_return': 0},
 'Loss': {'baseline_loss': 0.13205771148204803,
          'behavior_kl_loss': 0.0,
          'entropy_loss': -0.06464177370071411,
          'intent_aux_loss': 0.0,
          'rule_aux_loss': 0.0,
          'teacher_baseline_loss': 0.0,
          'teacher_kl_loss': 0.0,
          'total_loss': 0.9471165537834167,
          'upgo_pg_loss': 3.447481632232666,
          'vtrace_pg_loss': -2.5677809715270996},
 'Misc': {'actor_policy_tta_rot180': 1.0,
          'league_opponents': {'first_place': 1.0, 'selfplay': 0.0},
          'learning_rate': 4.5377888e-05,
          'teacher_kl_cost': 0.0,
          'teacher_policy_tta_rot180': 1.0,
          'total_games_played': 309},
 'Normalized_Entropy': {'cart': 0.787968635559082,
                        'city_tile': 0.6374061107635498,
                        'overall': 0.47735188209693613,
                        'worker': 0.42668789625167847},
 'Teacher_KL_Divergence': {'cart': 0.0,
                           'city_tile': 0.0,
                           'overall': 0.0,
                           'worker': 0.0},
 'Value': {'bias': -8.847564458847046e-09,
           'explained_variance': 0.9898321032524109,
           'support_outside_fraction': 0.0,
           'target_std': 0.6370755434036255}}[0m
[[36m2026-08-16 11:29:59,572[0m][[34mroot[0m][[32mINFO[0m] - Steps 93760 @ 63.9 SPS / 1.0 BPS. Stats:
{'Actions': {'cart': {'MOVE': 1.0, 'NO-OP': 0.0, 'TRANSFER': 0.0},
             'city_tile': {'BUILD_CART': 0.00011494252873563218,
                           'BUILD_WORKER': 0.013448275862068966,
                           'NO-OP': 0.9435632183908046,
                           'RESEARCH': 0.0428735632183908},
             'worker': {'BUILD_CITY': 0.0277602523659306,
                        'MOVE': 0.42801261829653,
                        'NO-OP': 0.534384858044164,
                        'PILLAGE': 0.0,
                        'TRANSFER': 0.009842271293375395}},
 'Active_Entities': {'cart': 0, 'city_tile': 98, 'worker': 465},
 'Behavior_Policy': {'actor_version_max': 93696,
                     'actor_version_min': 93184,
                     'beta': 0.0,
                     'buffer_lag_max': 512,
                     'ema_kl': None,
                     'forward_kl': 0.02954263798892498,
                     'learner_version': 93696,
                     'log_rho_max': 1.260528564453125,
                     'log_rho_mean': -0.05256319046020508,
                     'log_rho_p95': 0.5798940658569336,
                     'reverse_kl': 0.030605843290686607,
                     'target': None,
                     'vtrace_rho_clipped_fraction': 0.375},
 'Entropy': {'cart': -0.0,
             'city_tile': 0.5130340456962585,
             'overall': 1.293595314025879,
             'worker': 0.7805612683296204},
 'Env': {'carts_final': 0.0,
         'carts_peak': 0.5,
         'city_tiles_final': 8.0,
         'city_tiles_peak': 34.0,
         'max_cumulative_rewards': 1.0,
         'mean_cumulative_reward_magnitudes': 1.0,
         'mean_cumulative_rewards': 0.0,
         'research_points': 186.5,
         'separate_cities_final': 3.5,
         'separate_cities_peak': 14.0,
         'step': 361.0,
         'workers_final': 7.5,
         'workers_peak': 27.5},
 'Gradient': {'clipped': 1.0, 'norm_before_clip': 126.34744262695312},
 'Intent': {'accuracy': nan,
            'target_build': 0,
            'target_deliver': 0,
            'target_mine': 0,
            'target_return': 0},
 'Loss': {'baseline_loss': 0.9657368063926697,
          'behavior_kl_loss': 0.0,
          'entropy_loss': -0.0826476663351059,
          'intent_aux_loss': 0.0,
          'rule_aux_loss': 0.0,
          'teacher_baseline_loss': 0.0,
          'teacher_kl_loss': 0.0,
          'total_loss': 4.33784294128418,
          'upgo_pg_loss': 6.633233547210693,
          'vtrace_pg_loss': -3.1784796714782715},
 'Misc': {'actor_policy_tta_rot180': 1.0,
          'league_opponents': {'first_place': 0.609375, 'selfplay': 0.390625},
          'learning_rate': 4.5362048e-05,
          'teacher_kl_cost': 0.0,
          'teacher_policy_tta_rot180': 1.0,
          'total_games_played': 310},
 'Normalized_Entropy': {'cart': 0.0,
                        'city_tile': 0.6896384954452515,
                        'overall': 0.5456200122409773,
                        'worker': 0.5152677297592163},
 'Teacher_KL_Divergence': {'cart': 0.0,
                           'city_tile': 0.0,
                           'overall': 0.0,
                           'worker': 0.0},
 'Value': {'bias': -1.210719347000122e-08,
           'explained_variance': 0.8794306516647339,
           'support_outside_fraction': 0.0,
           'target_std': 0.48810604214668274}}[0m
[[36m2026-08-16 11:30:04,578[0m][[34mroot[0m][[32mINFO[0m] - Steps 94208 @ 89.5 SPS / 1.4 BPS. Stats:
{'Actions': {'cart': {'MOVE': nan, 'NO-OP': nan, 'TRANSFER': nan},
             'city_tile': {'BUILD_CART': 0.0,
                           'BUILD_WORKER': 0.05862361937128292,
                           'NO-OP': 0.836873406966865,
                           'RESEARCH': 0.10450297366185217},
             'worker': {'BUILD_CITY': 0.03236994219653179,
                        'MOVE': 0.5121387283236994,
                        'NO-OP': 0.43410404624277454,
                        'PILLAGE': 0.0,
                        'TRANSFER': 0.02138728323699422}},
 'Active_Entities': {'cart': 0, 'city_tile': 620, 'worker': 541},
 'Behavior_Policy': {'actor_version_max': 93952,
                     'actor_version_min': 93440,
                     'beta': 0.0,
                     'buffer_lag_max': 704,
                     'ema_kl': None,
                     'forward_kl': 0.017527587711811066,
                     'learner_version': 94144,
                     'log_rho_max': 2.3024282455444336,
                     'log_rho_mean': -0.07847859710454941,
                     'log_rho_p95': 0.7003157734870911,
                     'reverse_kl': 0.017306644469499588,
                     'target': None,
                     'vtrace_rho_clipped_fraction': 0.2265625},
 'Entropy': {'cart': -0.0,
             'city_tile': 0.11850950121879578,
             'overall': 0.907580703496933,
             'worker': 0.7890712022781372},
 'Env': {'carts_final': 0.0,
         'carts_peak': 0.0,
         'city_tiles_final': 11.0,
         'city_tiles_peak': 19.5,
         'max_cumulative_rewards': 1.0,
         'mean_cumulative_reward_magnitudes': 1.0,
         'mean_cumulative_rewards': 0.0,
         'research_points': 61.5,
         'separate_cities_final': 1.5,
         'separate_cities_peak': 5.5,
         'step': 117.0,
         'workers_final': 10.5,
         'workers_peak': 17.0},
 'Gradient': {'clipped': 1.0, 'norm_before_clip': 39.049800872802734},
 'Intent': {'accuracy': nan,
            'target_build': 0,
            'target_deliver': 0,
            'target_mine': 0,
            'target_return': 0},
 'Loss': {'baseline_loss': 0.29787349700927734,
          'behavior_kl_loss': 0.0,
          'entropy_loss': -0.10007267445325851,
          'intent_aux_loss': 0.0,
          'rule_aux_loss': 0.0,
          'teacher_baseline_loss': 0.0,
          'teacher_kl_loss': 0.0,
          'total_loss': -0.3246820569038391,
          'upgo_pg_loss': 5.782910346984863,
          'vtrace_pg_loss': -6.305393218994141},
 'Misc': {'actor_policy_tta_rot180': 1.0,
          'league_opponents': {'first_place': 0.75, 'selfplay': 0.25},
          'learning_rate': 4.5339872e-05,
          'teacher_kl_cost': 0.0,
          'teacher_policy_tta_rot180': 1.0,
          'total_games_played': 312},
 'Normalized_Entropy': {'cart': 0.0,
                        'city_tile': 0.11202222853899002,
                        'overall': 0.29799283462080023,
                        'worker': 0.5111199617385864},
 'Teacher_KL_Divergence': {'cart': 0.0,
                           'city_tile': 0.0,
                           'overall': 0.0,
                           'worker': 0.0},
 'Value': {'bias': 1.9441358745098114e-08,
           'explained_variance': 0.9787032604217529,
           'support_outside_fraction': 0.0,
           'target_std': 0.6384169459342957}}[0m
[[36m2026-08-16 11:30:09,584[0m][[34mroot[0m][[32mINFO[0m] - Steps 94720 @ 102.3 SPS / 1.6 BPS. Stats:
{'Actions': {'cart': {'MOVE': nan, 'NO-OP': nan, 'TRANSFER': nan},
             'city_tile': {'BUILD_CART': 0.0,
                           'BUILD_WORKER': 0.015602836879432624,
                           'NO-OP': 0.9081560283687943,
                           'RESEARCH': 0.07624113475177305},
             'worker': {'BUILD_CITY': 0.02099400171379606,
                        'MOVE': 0.5012853470437018,
                        'NO-OP': 0.37275064267352187,
                        'PILLAGE': 0.0,
                        'TRANSFER': 0.1049700085689803}},
 'Active_Entities': {'cart': 0, 'city_tile': 338, 'worker': 377},
 'Behavior_Policy': {'actor_version_max': 94464,
                     'actor_version_min': 93952,
                     'beta': 0.0,
                     'buffer_lag_max': 704,
                     'ema_kl': None,
                     'forward_kl': 0.041724152863025665,
                     'learner_version': 94656,
                     'log_rho_max': 1.309315800666809,
                     'log_rho_mean': -0.06515119969844818,
                     'log_rho_p95': 0.5473249554634094,
                     'reverse_kl': 0.03645572438836098,
                     'target': None,
                     'vtrace_rho_clipped_fraction': 0.2734375},
 'Entropy': {'cart': -0.0,
             'city_tile': 0.05079273879528046,
             'overall': 1.0813938826322556,
             'worker': 1.030601143836975},
 'Env': {'carts_final': 0.0,
         'carts_peak': 0.0,
         'city_tiles_final': 18.0,
         'city_tiles_peak': 20.5,
         'max_cumulative_rewards': 1.0,
         'mean_cumulative_reward_magnitudes': 1.0,
         'mean_cumulative_rewards': 0.0,
         'research_points': 107.5,
         'separate_cities_final': 1.5,
         'separate_cities_peak': 5.5,
         'step': 194.0,
         'workers_final': 3.5,
         'workers_peak': 13.0},
 'Gradient': {'clipped': 1.0, 'norm_before_clip': 146.7242889404297},
 'Intent': {'accuracy': nan,
            'target_build': 0,
            'target_deliver': 0,
            'target_mine': 0,
            'target_return': 0},
 'Loss': {'baseline_loss': 2.265820264816284,
          'behavior_kl_loss': 0.0,
          'entropy_loss': -0.0811409056186676,
          'intent_aux_loss': 0.0,
          'rule_aux_loss': 0.0,
          'teacher_baseline_loss': 0.0,
          'teacher_kl_loss': 0.0,
          'total_loss': 6.628836154937744,
          'upgo_pg_loss': 6.702271461486816,
          'vtrace_pg_loss': -2.25811505317688},
 'Misc': {'actor_policy_tta_rot180': 1.0,
          'league_opponents': {'first_place': 0.75, 'selfplay': 0.25},
          'learning_rate': 4.5314528e-05,
          'teacher_kl_cost': 0.0,
          'teacher_policy_tta_rot180': 1.0,
          'total_games_played': 316},
 'Normalized_Entropy': {'cart': 0.0,
                        'city_tile': 0.05058440938591957,
                        'overall': 0.37299156365069475,
                        'worker': 0.6620462536811829},
 'Teacher_KL_Divergence': {'cart': 0.0,
                           'city_tile': 0.0,
                           'overall': 0.0,
                           'worker': 0.0},
 'Value': {'bias': 3.958120942115784e-09,
           'explained_variance': 0.8865118622779846,
           'support_outside_fraction': 0.0,
           'target_std': 0.6282634735107422}}[0m
[[36m2026-08-16 11:30:14,589[0m][[34mroot[0m][[32mINFO[0m] - Steps 95232 @ 102.3 SPS / 1.6 BPS. Stats:
{'Actions': {'cart': {'MOVE': nan, 'NO-OP': nan, 'TRANSFER': nan},
             'city_tile': {'BUILD_CART': nan,
                           'BUILD_WORKER': nan,
                           'NO-OP': nan,
                           'RESEARCH': nan},
             'worker': {'BUILD_CITY': nan,
                        'MOVE': nan,
                        'NO-OP': nan,
                        'PILLAGE': nan,
                        'TRANSFER': nan}},
 'Active_Entities': {'cart': 0, 'city_tile': 459, 'worker': 441},
 'Behavior_Policy': {'actor_version_max': 94976,
                     'actor_version_min': 94464,
                     'beta': 0.0,
                     'buffer_lag_max': 704,
                     'ema_kl': None,
                     'forward_kl': 0.021310849115252495,
                     'learner_version': 95168,
                     'log_rho_max': 1.219822883605957,
                     'log_rho_mean': -0.05950462818145752,
                     'log_rho_p95': 0.42744898796081543,
                     'reverse_kl': 0.022707823663949966,
                     'target': None,
                     'vtrace_rho_clipped_fraction': 0.3203125},
 'Entropy': {'cart': -0.0,
             'city_tile': 0.06322373449802399,
             'overall': 1.1666838079690933,
             'worker': 1.1034600734710693},
 'Env': {'carts_final': nan,
         'carts_peak': nan,
         'city_tiles_final': nan,
         'city_tiles_peak': nan,
         'max_cumulative_rewards': nan,
         'mean_cumulative_reward_magnitudes': nan,
         'mean_cumulative_rewards': nan,
         'research_points': nan,
         'separate_cities_final': nan,
         'separate_cities_peak': nan,
         'step': nan,
         'workers_final': nan,
         'workers_peak': nan},
 'Gradient': {'clipped': 1.0, 'norm_before_clip': 70.11609649658203},
 'Intent': {'accuracy': nan,
            'target_build': 0,
            'target_deliver': 0,
            'target_mine': 0,
            'target_return': 0},
 'Loss': {'baseline_loss': 0.46531277894973755,
          'behavior_kl_loss': 0.0,
          'entropy_loss': -0.10312912613153458,
          'intent_aux_loss': 0.0,
          'rule_aux_loss': 0.0,
          'teacher_baseline_loss': 0.0,
          'teacher_kl_loss': 0.0,
          'total_loss': 0.9472470283508301,
          'upgo_pg_loss': 2.461665391921997,
          'vtrace_pg_loss': -1.876602053642273},
 'Misc': {'actor_policy_tta_rot180': 1.0,
          'league_opponents': {'first_place': 0.75, 'selfplay': 0.25},
          'learning_rate': 4.5289184e-05,
          'teacher_kl_cost': 0.0,
          'teacher_policy_tta_rot180': 1.0,
          'total_games_played': 317},
 'Normalized_Entropy': {'cart': 0.0,
                        'city_tile': 0.061968568712472916,
                        'overall': 0.37851897787302735,
                        'worker': 0.7079898118972778},
 'Teacher_KL_Divergence': {'cart': 0.0,
                           'city_tile': 0.0,
                           'overall': 0.0,
                           'worker': 0.0},
 'Value': {'bias': -1.3969838619232178e-08,
           'explained_variance': 0.9575173258781433,
           'support_outside_fraction': 0.0,
           'target_std': 0.584398627281189}}[0m
[[36m2026-08-16 11:30:19,595[0m][[34mroot[0m][[32mINFO[0m] - Steps 95744 @ 102.3 SPS / 1.6 BPS. Stats:
{'Actions': {'cart': {'MOVE': 0.727810650887574,
                      'NO-OP': 0.2603550295857988,
                      'TRANSFER': 0.011834319526627219},
             'city_tile': {'BUILD_CART': 0.0014857737166629522,
                           'BUILD_WORKER': 0.013891984250798604,
                           'NO-OP': 0.9731446400713172,
                           'RESEARCH': 0.011477601961221306},
             'worker': {'BUILD_CITY': 0.03258579169175196,
                        'MOVE': 0.35513245033112584,
                        'NO-OP': 0.5915111378687538,
                        'PILLAGE': 0.001053582179409994,
                        'TRANSFER': 0.01971703792895846}},
 'Active_Entities': {'cart': 6, 'city_tile': 324, 'worker': 453},
 'Behavior_Policy': {'actor_version_max': 95424,
                     'actor_version_min': 94976,
                     'beta': 0.0,
                     'buffer_lag_max': 704,
                     'ema_kl': None,
                     'forward_kl': 0.015753965824842453,
                     'learner_version': 95680,
                     'log_rho_max': 1.8342866897583008,
                     'log_rho_mean': -0.1292148232460022,
                     'log_rho_p95': 0.5072265267372131,
                     'reverse_kl': 0.016427326947450638,
                     'target': None,
                     'vtrace_rho_clipped_fraction': 0.265625},
 'Entropy': {'cart': 1.4127205610275269,
             'city_tile': 0.22056379914283752,
             'overall': 2.376754969358444,
             'worker': 0.7434706091880798},
 'Env': {'carts_final': 0.0,
         'carts_peak': 3.0,
         'city_tiles_final': 58.5,
         'city_tiles_peak': 88.0,
         'max_cumulative_rewards': 1.0,
         'mean_cumulative_reward_magnitudes': 1.0,
         'mean_cumulative_rewards': 0.0,
         'research_points': 154.5,
         'separate_cities_final': 4.5,
         'separate_cities_peak': 19.0,
         'step': 361.0,
         'workers_final': 25.0,
         'workers_peak': 46.0},
 'Gradient': {'clipped': 1.0, 'norm_before_clip': 103.0241470336914},
 'Intent': {'accuracy': nan,
            'target_build': 0,
            'target_deliver': 0,
            'target_mine': 0,
            'target_return': 0},
 'Loss': {'baseline_loss': 0.9081031084060669,
          'behavior_kl_loss': 0.0,
          'entropy_loss': -0.08334622532129288,
          'intent_aux_loss': 0.0,
          'rule_aux_loss': 0.0,
          'teacher_baseline_loss': 0.0,
          'teacher_kl_loss': 0.0,
          'total_loss': 1.1911795139312744,
          'upgo_pg_loss': 7.14103889465332,
          'vtrace_pg_loss': -6.774616241455078},
 'Misc': {'actor_policy_tta_rot180': 1.0,
          'league_opponents': {'first_place': 0.75, 'selfplay': 0.25},
          'learning_rate': 4.526384e-05,
          'teacher_kl_cost': 0.0,
          'teacher_policy_tta_rot180': 1.0,
          'total_games_played': 321},
 'Normalized_Entropy': {'cart': 0.8777726292610168,
                        'city_tile': 0.2205308973789215,
                        'overall': 0.37311167278509033,
                        'worker': 0.4755580425262451},
 'Teacher_KL_Divergence': {'cart': 0.0,
                           'city_tile': 0.0,
                           'overall': 0.0,
                           'worker': 0.0},
 'Value': {'bias': -1.1641532182693481e-09,
           'explained_variance': 0.936133086681366,
           'support_outside_fraction': 0.0,
           'target_std': 0.6650722026824951}}[0m
[[36m2026-08-16 11:30:24,601[0m][[34mroot[0m][[32mINFO[0m] - Steps 96128 @ 76.7 SPS / 1.2 BPS. Stats:
{'Actions': {'cart': {'MOVE': nan, 'NO-OP': nan, 'TRANSFER': nan},
             'city_tile': {'BUILD_CART': nan,
                           'BUILD_WORKER': nan,
                           'NO-OP': nan,
                           'RESEARCH': nan},
             'worker': {'BUILD_CITY': nan,
                        'MOVE': nan,
                        'NO-OP': nan,
                        'PILLAGE': nan,
                        'TRANSFER': nan}},
 'Active_Entities': {'cart': 19, 'city_tile': 542, 'worker': 507},
 'Behavior_Policy': {'actor_version_max': 95808,
                     'actor_version_min': 95488,
                     'beta': 0.0,
                     'buffer_lag_max': 576,
                     'ema_kl': None,
                     'forward_kl': 0.013358152471482754,
                     'learner_version': 96064,
                     'log_rho_max': 1.9501972198486328,
                     'log_rho_mean': -0.1649807095527649,
                     'log_rho_p95': 0.23933780193328857,
                     'reverse_kl': 0.012979984283447266,
                     'target': None,
                     'vtrace_rho_clipped_fraction': 0.2421875},
 'Entropy': {'cart': 1.5569448471069336,
             'city_tile': 0.2923886477947235,
             'overall': 2.900064915418625,
             'worker': 1.0507314205169678},
 'Env': {'carts_final': nan,
         'carts_peak': nan,
         'city_tiles_final': nan,
         'city_tiles_peak': nan,
         'max_cumulative_rewards': nan,
         'mean_cumulative_reward_magnitudes': nan,
         'mean_cumulative_rewards': nan,
         'research_points': nan,
         'separate_cities_final': nan,
         'separate_cities_peak': nan,
         'step': nan,
         'workers_final': nan,
         'workers_peak': nan},
 'Gradient': {'clipped': 0.0, 'norm_before_clip': 8.966850280761719},
 'Intent': {'accuracy': nan,
            'target_build': 0,
            'target_deliver': 0,
            'target_mine': 0,
            'target_return': 0},
 'Loss': {'baseline_loss': 0.019475553184747696,
          'behavior_kl_loss': 0.0,
          'entropy_loss': -0.14415547251701355,
          'intent_aux_loss': 0.0,
          'rule_aux_loss': 0.0,
          'teacher_baseline_loss': 0.0,
          'teacher_kl_loss': 0.0,
          'total_loss': -0.03646421432495117,
          'upgo_pg_loss': 1.0887906551361084,
          'vtrace_pg_loss': -1.0005749464035034},
 'Misc': {'actor_policy_tta_rot180': 1.0,
          'league_opponents': {'first_place': 0.75, 'selfplay': 0.25},
          'learning_rate': 4.5244832000000005e-05,
          'teacher_kl_cost': 0.0,
          'teacher_policy_tta_rot180': 1.0,
          'total_games_played': 324},
 'Normalized_Entropy': {'cart': 0.9673841595649719,
                        'city_tile': 0.27956023812294006,
                        'overall': 0.4696835792912973,
                        'worker': 0.6542803049087524},
 'Teacher_KL_Divergence': {'cart': 0.0,
                           'city_tile': 0.0,
                           'overall': 0.0,
                           'worker': 0.0},
 'Value': {'bias': -1.0710209608078003e-08,
           'explained_variance': 0.9993034601211548,
           'support_outside_fraction': 0.0,
           'target_std': 0.750775158405304}}[0m
[[36m2026-08-16 11:30:29,606[0m][[34mroot[0m][[32mINFO[0m] - Steps 96512 @ 76.7 SPS / 1.2 BPS. Stats:
{'Actions': {'cart': {'MOVE': nan, 'NO-OP': nan, 'TRANSFER': nan},
             'city_tile': {'BUILD_CART': nan,
                           'BUILD_WORKER': nan,
                           'NO-OP': nan,
                           'RESEARCH': nan},
             'worker': {'BUILD_CITY': nan,
                        'MOVE': nan,
                        'NO-OP': nan,
                        'PILLAGE': nan,
                        'TRANSFER': nan}},
 'Active_Entities': {'cart': 0, 'city_tile': 193, 'worker': 300},
 'Behavior_Policy': {'actor_version_max': 96256,
                     'actor_version_min': 95744,
                     'beta': 0.0,
                     'buffer_lag_max': 704,
                     'ema_kl': None,
                     'forward_kl': 0.03105965629220009,
                     'learner_version': 96448,
                     'log_rho_max': 2.60426926612854,
                     'log_rho_mean': -0.13551847636699677,
                     'log_rho_p95': 0.33316436409950256,
                     'reverse_kl': 0.03148695081472397,
                     'target': None,
                     'vtrace_rho_clipped_fraction': 0.1640625},
 'Entropy': {'cart': -0.0,
             'city_tile': 0.11617837101221085,
             'overall': 0.8481433168053627,
             'worker': 0.7319649457931519},
 'Env': {'carts_final': nan,
         'carts_peak': nan,
         'city_tiles_final': nan,
         'city_tiles_peak': nan,
         'max_cumulative_rewards': nan,
         'mean_cumulative_reward_magnitudes': nan,
         'mean_cumulative_rewards': nan,
         'research_points': nan,
         'separate_cities_final': nan,
         'separate_cities_peak': nan,
         'step': nan,
         'workers_final': nan,
         'workers_peak': nan},
 'Gradient': {'clipped': 1.0, 'norm_before_clip': 44.66957473754883},
 'Intent': {'accuracy': nan,
            'target_build': 0,
            'target_deliver': 0,
            'target_mine': 0,
            'target_return': 0},
 'Loss': {'baseline_loss': 0.12181628495454788,
          'behavior_kl_loss': 0.0,
          'entropy_loss': -0.04840238019824028,
          'intent_aux_loss': 0.0,
          'rule_aux_loss': 0.0,
          'teacher_baseline_loss': 0.0,
          'teacher_kl_loss': 0.0,
          'total_loss': 1.7323076725006104,
          'upgo_pg_loss': 1.6129642724990845,
          'vtrace_pg_loss': 0.04592952877283096},
 'Misc': {'actor_policy_tta_rot180': 1.0,
          'league_opponents': {'first_place': 1.0, 'selfplay': 0.0},
          'learning_rate': 4.5225824e-05,
          'teacher_kl_cost': 0.0,
          'teacher_policy_tta_rot180': 1.0,
          'total_games_played': 324},
 'Normalized_Entropy': {'cart': 0.0,
                        'city_tile': 0.14395366609096527,
                        'overall': 0.34187315295603404,
                        'worker': 0.46920135617256165},
 'Teacher_KL_Divergence': {'cart': 0.0,
                           'city_tile': 0.0,
                           'overall': 0.0,
                           'worker': 0.0},
 'Value': {'bias': -1.6298145055770874e-08,
           'explained_variance': 0.9908403158187866,
           'support_outside_fraction': 0.0,
           'target_std': 0.6446709036827087}}[0m
[[36m2026-08-16 11:30:34,612[0m][[34mroot[0m][[32mINFO[0m] - Steps 96768 @ 51.1 SPS / 0.8 BPS. Stats:
{'Actions': {'cart': {'MOVE': nan, 'NO-OP': nan, 'TRANSFER': nan},
             'city_tile': {'BUILD_CART': nan,
                           'BUILD_WORKER': nan,
                           'NO-OP': nan,
                           'RESEARCH': nan},
             'worker': {'BUILD_CITY': nan,
                        'MOVE': nan,
                        'NO-OP': nan,
                        'PILLAGE': nan,
                        'TRANSFER': nan}},
 'Active_Entities': {'cart': 9, 'city_tile': 332, 'worker': 492},
 'Behavior_Policy': {'actor_version_max': 96320,
                     'actor_version_min': 95936,
                     'beta': 0.0,
                     'buffer_lag_max': 768,
                     'ema_kl': None,
                     'forward_kl': 0.02368113584816456,
                     'learner_version': 96704,
                     'log_rho_max': 1.145249366760254,
                     'log_rho_mean': -0.18015176057815552,
                     'log_rho_p95': 0.4073595404624939,
                     'reverse_kl': 0.023801570758223534,
                     'target': None,
                     'vtrace_rho_clipped_fraction': 0.2890625},
 'Entropy': {'cart': 1.4242854118347168,
             'city_tile': 0.22104759514331818,
             'overall': 2.490287199616432,
             'worker': 0.8449541926383972},
 'Env': {'carts_final': nan,
         'carts_peak': nan,
         'city_tiles_final': nan,
         'city_tiles_peak': nan,
         'max_cumulative_rewards': nan,
         'mean_cumulative_reward_magnitudes': nan,
         'mean_cumulative_rewards': nan,
         'research_points': nan,
         'separate_cities_final': nan,
         'separate_cities_peak': nan,
         'step': nan,
         'workers_final': nan,
         'workers_peak': nan},
 'Gradient': {'clipped': 1.0, 'norm_before_clip': 29.277677536010742},
 'Intent': {'accuracy': nan,
            'target_build': 0,
            'target_deliver': 0,
            'target_mine': 0,
            'target_return': 0},
 'Loss': {'baseline_loss': 0.04270397126674652,
          'behavior_kl_loss': 0.0,
          'entropy_loss': -0.10038476437330246,
          'intent_aux_loss': 0.0,
          'rule_aux_loss': 0.0,
          'teacher_baseline_loss': 0.0,
          'teacher_kl_loss': 0.0,
          'total_loss': 5.169384002685547,
          'upgo_pg_loss': 5.245811462402344,
          'vtrace_pg_loss': -0.018746793270111084},
 'Misc': {'actor_policy_tta_rot180': 1.0,
          'league_opponents': {'first_place': 0.75, 'selfplay': 0.25},
          'learning_rate': 4.5213152000000005e-05,
          'teacher_kl_cost': 0.0,
          'teacher_policy_tta_rot180': 1.0,
          'total_games_played': 324},
 'Normalized_Entropy': {'cart': 0.9278850555419922,
                        'city_tile': 0.247996985912323,
                        'overall': 0.44010161580730317,
                        'worker': 0.5608103275299072},
 'Teacher_KL_Divergence': {'cart': 0.0,
                           'city_tile': 0.0,
                           'overall': 0.0,
                           'worker': 0.0},
 'Value': {'bias': -1.3504177331924438e-08,
           'explained_variance': 0.9974076747894287,
           'support_outside_fraction': 0.0,
           'target_std': 0.6945141553878784}}[0m
[[36m2026-08-16 11:30:39,617[0m][[34mroot[0m][[32mINFO[0m] - Steps 97280 @ 102.3 SPS / 1.6 BPS. Stats:
{'Actions': {'cart': {'MOVE': nan, 'NO-OP': nan, 'TRANSFER': nan},
             'city_tile': {'BUILD_CART': nan,
                           'BUILD_WORKER': nan,
                           'NO-OP': nan,
                           'RESEARCH': nan},
             'worker': {'BUILD_CITY': nan,
                        'MOVE': nan,
                        'NO-OP': nan,
                        'PILLAGE': nan,
                        'TRANSFER': nan}},
 'Active_Entities': {'cart': 0, 'city_tile': 331, 'worker': 468},
 'Behavior_Policy': {'actor_version_max': 96768,
                     'actor_version_min': 96448,
                     'beta': 0.0,
                     'buffer_lag_max': 768,
                     'ema_kl': None,
                     'forward_kl': 0.02740047685801983,
                     'learner_version': 97216,
                     'log_rho_max': 0.8001453876495361,
                     'log_rho_mean': -0.19312047958374023,
                     'log_rho_p95': 0.502206027507782,
                     'reverse_kl': 0.027229884639382362,
                     'target': None,
                     'vtrace_rho_clipped_fraction': 0.28125},
 'Entropy': {'cart': -0.0,
             'city_tile': 0.13896365463733673,
             'overall': 1.0200435668230057,
             'worker': 0.881079912185669},
 'Env': {'carts_final': nan,
         'carts_peak': nan,
         'city_tiles_final': nan,
         'city_tiles_peak': nan,
         'max_cumulative_rewards': nan,
         'mean_cumulative_reward_magnitudes': nan,
         'mean_cumulative_rewards': nan,
         'research_points': nan,
         'separate_cities_final': nan,
         'separate_cities_peak': nan,
         'step': nan,
         'workers_final': nan,
         'workers_peak': nan},
 'Gradient': {'clipped': 1.0, 'norm_before_clip': 37.8878059387207},
 'Intent': {'accuracy': nan,
            'target_build': 0,
            'target_deliver': 0,
            'target_mine': 0,
            'target_return': 0},
 'Loss': {'baseline_loss': 0.0402267761528492,
          'behavior_kl_loss': 0.0,
          'entropy_loss': -0.09166846424341202,
          'intent_aux_loss': 0.0,
          'rule_aux_loss': 0.0,
          'teacher_baseline_loss': 0.0,
          'teacher_kl_loss': 0.0,
          'total_loss': 4.954994201660156,
          'upgo_pg_loss': 4.589272975921631,
          'vtrace_pg_loss': 0.41716277599334717},
 'Misc': {'actor_policy_tta_rot180': 1.0,
          'league_opponents': {'first_place': 0.75, 'selfplay': 0.25},
          'learning_rate': 4.5187808e-05,
          'teacher_kl_cost': 0.0,
          'teacher_policy_tta_rot180': 1.0,
          'total_games_played': 327},
 'Normalized_Entropy': {'cart': 0.0,
                        'city_tile': 0.175917848944664,
                        'overall': 0.41354829626850254,
                        'worker': 0.5816159844398499},
 'Teacher_KL_Divergence': {'cart': 0.0,
                           'city_tile': 0.0,
                           'overall': 0.0,
                           'worker': 0.0},
 'Value': {'bias': 2.0256265997886658e-08,
           'explained_variance': 0.9977745413780212,
           'support_outside_fraction': 0.0,
           'target_std': 0.6743007302284241}}[0m
[[36m2026-08-16 11:30:44,622[0m][[34mroot[0m][[32mINFO[0m] - Steps 97792 @ 102.3 SPS / 1.6 BPS. Stats:
{'Actions': {'cart': {'MOVE': nan, 'NO-OP': nan, 'TRANSFER': nan},
             'city_tile': {'BUILD_CART': nan,
                           'BUILD_WORKER': nan,
                           'NO-OP': nan,
                           'RESEARCH': nan},
             'worker': {'BUILD_CITY': nan,
                        'MOVE': nan,
                        'NO-OP': nan,
                        'PILLAGE': nan,
                        'TRANSFER': nan}},
 'Active_Entities': {'cart': 4, 'city_tile': 152, 'worker': 309},
 'Behavior_Policy': {'actor_version_max': 97280,
                     'actor_version_min': 96768,
                     'beta': 0.0,
                     'buffer_lag_max': 960,
                     'ema_kl': None,
                     'forward_kl': 0.023876450955867767,
                     'learner_version': 97728,
                     'log_rho_max': 0.7666540145874023,
                     'log_rho_mean': -0.08093804121017456,
                     'log_rho_p95': 0.5361435413360596,
                     'reverse_kl': 0.02490878850221634,
                     'target': None,
                     'vtrace_rho_clipped_fraction': 0.15625},
 'Entropy': {'cart': 1.277965784072876,
             'city_tile': 0.328339159488678,
             'overall': 2.274207592010498,
             'worker': 0.6679026484489441},
 'Env': {'carts_final': nan,
         'carts_peak': nan,
         'city_tiles_final': nan,
         'city_tiles_peak': nan,
         'max_cumulative_rewards': nan,
         'mean_cumulative_reward_magnitudes': nan,
         'mean_cumulative_rewards': nan,
         'research_points': nan,
         'separate_cities_final': nan,
         'separate_cities_peak': nan,
         'step': nan,
         'workers_final': nan,
         'workers_peak': nan},
 'Gradient': {'clipped': 0.0, 'norm_before_clip': 8.952178955078125},
 'Intent': {'accuracy': nan,
            'target_build': 0,
            'target_deliver': 0,
            'target_mine': 0,
            'target_return': 0},
 'Loss': {'baseline_loss': 0.0081819212064147,
          'behavior_kl_loss': 0.0,
          'entropy_loss': -0.05228027328848839,
          'intent_aux_loss': 0.0,
          'rule_aux_loss': 0.0,
          'teacher_baseline_loss': 0.0,
          'teacher_kl_loss': 0.0,
          'total_loss': 1.5468961000442505,
          'upgo_pg_loss': 1.636855125427246,
          'vtrace_pg_loss': -0.04586061090230942},
 'Misc': {'actor_policy_tta_rot180': 1.0,
          'league_opponents': {'first_place': 1.0, 'selfplay': 0.0},
          'learning_rate': 4.5162464e-05,
          'teacher_kl_cost': 0.0,
          'teacher_policy_tta_rot180': 1.0,
          'total_games_played': 327},
 'Normalized_Entropy': {'cart': 0.7940447330474854,
                        'city_tile': 0.4048856794834137,
                        'overall': 0.43779937573658523,
                        'worker': 0.4493783414363861},
 'Teacher_KL_Divergence': {'cart': 0.0,
                           'city_tile': 0.0,
                           'overall': 0.0,
                           'worker': 0.0},
 'Value': {'bias': 1.1641532182693481e-08,
           'explained_variance': 0.9994251132011414,
           'support_outside_fraction': 0.0,
           'target_std': 0.6668970584869385}}[0m
[[36m2026-08-16 11:30:49,627[0m][[34mroot[0m][[32mINFO[0m] - Steps 98240 @ 89.5 SPS / 1.4 BPS. Stats:
{'Actions': {'cart': {'MOVE': nan, 'NO-OP': nan, 'TRANSFER': nan},
             'city_tile': {'BUILD_CART': nan,
                           'BUILD_WORKER': nan,
                           'NO-OP': nan,
                           'RESEARCH': nan},
             'worker': {'BUILD_CITY': nan,
                        'MOVE': nan,
                        'NO-OP': nan,
                        'PILLAGE': nan,
                        'TRANSFER': nan}},
 'Active_Entities': {'cart': 0, 'city_tile': 347, 'worker': 690},
 'Behavior_Policy': {'actor_version_max': 97792,
                     'actor_version_min': 97344,
                     'beta': 0.0,
                     'buffer_lag_max': 832,
                     'ema_kl': None,
                     'forward_kl': 0.01716606132686138,
                     'learner_version': 98176,
                     'log_rho_max': 1.5241937637329102,
                     'log_rho_mean': -0.21471771597862244,
                     'log_rho_p95': 0.6227869987487793,
                     'reverse_kl': 0.01725769229233265,
                     'target': None,
                     'vtrace_rho_clipped_fraction': 0.1640625},
 'Entropy': {'cart': -0.0,
             'city_tile': 0.2464599609375,
             'overall': 1.1631950736045837,
             'worker': 0.9167351126670837},
 'Env': {'carts_final': nan,
         'carts_peak': nan,
         'city_tiles_final': nan,
         'city_tiles_peak': nan,
         'max_cumulative_rewards': nan,
         'mean_cumulative_reward_magnitudes': nan,
         'mean_cumulative_rewards': nan,
         'research_points': nan,
         'separate_cities_final': nan,
         'separate_cities_peak': nan,
         'step': nan,
         'workers_final': nan,
         'workers_peak': nan},
 'Gradient': {'clipped': 1.0, 'norm_before_clip': 25.609378814697266},
 'Intent': {'accuracy': nan,
            'target_build': 0,
            'target_deliver': 0,
            'target_mine': 0,
            'target_return': 0},
 'Loss': {'baseline_loss': 0.05638504773378372,
          'behavior_kl_loss': 0.0,
          'entropy_loss': -0.1436137557029724,
          'intent_aux_loss': 0.0,
          'rule_aux_loss': 0.0,
          'teacher_baseline_loss': 0.0,
          'teacher_kl_loss': 0.0,
          'total_loss': 6.971839904785156,
          'upgo_pg_loss': 4.872574329376221,
          'vtrace_pg_loss': 2.1864943504333496},
 'Misc': {'actor_policy_tta_rot180': 1.0,
          'league_opponents': {'first_place': 0.75, 'selfplay': 0.25},
          'learning_rate': 4.5140288000000006e-05,
          'teacher_kl_cost': 0.0,
          'teacher_policy_tta_rot180': 1.0,
          'total_games_played': 331},
 'Normalized_Entropy': {'cart': 0.0,
                        'city_tile': 0.2981136739253998,
                        'overall': 0.4804219472201374,
                        'worker': 0.5721045136451721},
 'Teacher_KL_Divergence': {'cart': 0.0,
                           'city_tile': 0.0,
                           'overall': 0.0,
                           'worker': 0.0},
 'Value': {'bias': -2.7939677238464355e-09,
           'explained_variance': 0.9962198734283447,
           'support_outside_fraction': 0.0,
           'target_std': 0.6762649416923523}}[0m
[[36m2026-08-16 11:30:54,633[0m][[34mroot[0m][[32mINFO[0m] - Steps 98624 @ 76.7 SPS / 1.2 BPS. Stats:
{'Actions': {'cart': {'MOVE': nan, 'NO-OP': nan, 'TRANSFER': nan},
             'city_tile': {'BUILD_CART': nan,
                           'BUILD_WORKER': nan,
                           'NO-OP': nan,
                           'RESEARCH': nan},
             'worker': {'BUILD_CITY': nan,
                        'MOVE': nan,
                        'NO-OP': nan,
                        'PILLAGE': nan,
                        'TRANSFER': nan}},
 'Active_Entities': {'cart': 2, 'city_tile': 359, 'worker': 795},
 'Behavior_Policy': {'actor_version_max': 98368,
                     'actor_version_min': 97792,
                     'beta': 0.0,
                     'buffer_lag_max': 768,
                     'ema_kl': None,
                     'forward_kl': 0.01711263880133629,
                     'learner_version': 98560,
                     'log_rho_max': 0.9452977180480957,
                     'log_rho_mean': -0.12011002749204636,
                     'log_rho_p95': 0.7473042011260986,
                     'reverse_kl': 0.01598309725522995,
                     'target': None,
                     'vtrace_rho_clipped_fraction': 0.3984375},
 'Entropy': {'cart': 0.5142667293548584,
             'city_tile': 0.27762743830680847,
             'overall': 1.3657845556735992,
             'worker': 0.5738903880119324},
 'Env': {'carts_final': nan,
         'carts_peak': nan,
         'city_tiles_final': nan,
         'city_tiles_peak': nan,
         'max_cumulative_rewards': nan,
         'mean_cumulative_reward_magnitudes': nan,
         'mean_cumulative_rewards': nan,
         'research_points': nan,
         'separate_cities_final': nan,
         'separate_cities_peak': nan,
         'step': nan,
         'workers_final': nan,
         'workers_peak': nan},
 'Gradient': {'clipped': 1.0, 'norm_before_clip': 30.454914093017578},
 'Intent': {'accuracy': nan,
            'target_build': 0,
            'target_deliver': 0,
            'target_mine': 0,
            'target_return': 0},
 'Loss': {'baseline_loss': 0.061322011053562164,
          'behavior_kl_loss': 0.0,
          'entropy_loss': -0.11138792335987091,
          'intent_aux_loss': 0.0,
          'rule_aux_loss': 0.0,
          'teacher_baseline_loss': 0.0,
          'teacher_kl_loss': 0.0,
          'total_loss': 3.8903615474700928,
          'upgo_pg_loss': 7.854377746582031,
          'vtrace_pg_loss': -3.9139504432678223},
 'Misc': {'actor_policy_tta_rot180': 1.0,
          'league_opponents': {'first_place': 0.5, 'selfplay': 0.5},
          'learning_rate': 4.512128e-05,
          'teacher_kl_cost': 0.0,
          'teacher_policy_tta_rot180': 1.0,
          'total_games_played': 331},
 'Normalized_Entropy': {'cart': 0.3195318579673767,
                        'city_tile': 0.3131321966648102,
                        'overall': 0.363369213024019,
                        'worker': 0.38616514205932617},
 'Teacher_KL_Divergence': {'cart': 0.0,
                           'city_tile': 0.0,
                           'overall': 0.0,
                           'worker': 0.0},
 'Value': {'bias': 9.313225746154785e-10,
           'explained_variance': 0.9955371022224426,
           'support_outside_fraction': 0.0,
           'target_std': 0.5673087239265442}}[0m
[[36m2026-08-16 11:30:59,639[0m][[34mroot[0m][[32mINFO[0m] - Steps 99008 @ 76.7 SPS / 1.2 BPS. Stats:
{'Actions': {'cart': {'MOVE': nan, 'NO-OP': nan, 'TRANSFER': nan},
             'city_tile': {'BUILD_CART': 0.0,
                           'BUILD_WORKER': 0.034755829300483945,
                           'NO-OP': 0.934007919049714,
                           'RESEARCH': 0.031236251649802024},
             'worker': {'BUILD_CITY': 0.026460309535696454,
                        'MOVE': 0.5107338991512731,
                        'NO-OP': 0.4453320019970045,
                        'PILLAGE': 0.0,
                        'TRANSFER': 0.017473789316025962}},
 'Active_Entities': {'cart': 0, 'city_tile': 59, 'worker': 196},
 'Behavior_Policy': {'actor_version_max': 98816,
                     'actor_version_min': 98304,
                     'beta': 0.0,
                     'buffer_lag_max': 640,
                     'ema_kl': None,
                     'forward_kl': 0.02220504730939865,
                     'learner_version': 98944,
                     'log_rho_max': 0.6667711734771729,
                     'log_rho_mean': -0.12511107325553894,
                     'log_rho_p95': 0.05454596132040024,
                     'reverse_kl': 0.022339072078466415,
                     'target': None,
                     'vtrace_rho_clipped_fraction': 0.1484375},
 'Entropy': {'cart': -0.0,
             'city_tile': 0.24777202308177948,
             'overall': 0.6850010305643082,
             'worker': 0.4372290074825287},
 'Env': {'carts_final': 0.0,
         'carts_peak': 0.0,
         'city_tiles_final': 0.0,
         'city_tiles_peak': 19.0,
         'max_cumulative_rewards': 1.0,
         'mean_cumulative_reward_magnitudes': 1.0,
         'mean_cumulative_rewards': 0.0,
         'research_points': 35.5,
         'separate_cities_final': 0.0,
         'separate_cities_peak': 3.0,
         'step': 157.0,
         'workers_final': 9.0,
         'workers_peak': 15.0},
 'Gradient': {'clipped': 1.0, 'norm_before_clip': 25.82530975341797},
 'Intent': {'accuracy': nan,
            'target_build': 0,
            'target_deliver': 0,
            'target_mine': 0,
            'target_return': 0},
 'Loss': {'baseline_loss': 0.2147182822227478,
          'behavior_kl_loss': 0.0,
          'entropy_loss': -0.020063085481524467,
          'intent_aux_loss': 0.0,
          'rule_aux_loss': 0.0,
          'teacher_baseline_loss': 0.0,
          'teacher_kl_loss': 0.0,
          'total_loss': 0.07452596724033356,
          'upgo_pg_loss': 0.7313201427459717,
          'vtrace_pg_loss': -0.8514493703842163},
 'Misc': {'actor_policy_tta_rot180': 1.0,
          'league_opponents': {'first_place': 1.0, 'selfplay': 0.0},
          'learning_rate': 4.5102272e-05,
          'teacher_kl_cost': 0.0,
          'teacher_policy_tta_rot180': 1.0,
          'total_games_played': 333},
 'Normalized_Entropy': {'cart': 0.0,
                        'city_tile': 0.35060998797416687,
                        'overall': 0.32055118656625936,
                        'worker': 0.3115028738975525},
 'Teacher_KL_Divergence': {'cart': 0.0,
                           'city_tile': 0.0,
                           'overall': 0.0,
                           'worker': 0.0},
 'Value': {'bias': 2.3283064365386963e-09,
           'explained_variance': 0.9811269044876099,
           'support_outside_fraction': 0.0,
           'target_std': 0.5962634086608887}}[0m
[[36m2026-08-16 11:31:04,645[0m][[34mroot[0m][[32mINFO[0m] - Steps 99328 @ 63.9 SPS / 1.0 BPS. Stats:
{'Actions': {'cart': {'MOVE': nan, 'NO-OP': nan, 'TRANSFER': nan},
             'city_tile': {'BUILD_CART': nan,
                           'BUILD_WORKER': nan,
                           'NO-OP': nan,
                           'RESEARCH': nan},
             'worker': {'BUILD_CITY': nan,
                        'MOVE': nan,
                        'NO-OP': nan,
                        'PILLAGE': nan,
                        'TRANSFER': nan}},
 'Active_Entities': {'cart': 0, 'city_tile': 182, 'worker': 251},
 'Behavior_Policy': {'actor_version_max': 98880,
                     'actor_version_min': 98432,
                     'beta': 0.0,
                     'buffer_lag_max': 832,
                     'ema_kl': None,
                     'forward_kl': 0.013680262491106987,
                     'learner_version': 99264,
                     'log_rho_max': 1.1137666702270508,
                     'log_rho_mean': -0.10414906591176987,
                     'log_rho_p95': 0.32204756140708923,
                     'reverse_kl': 0.013879358768463135,
                     'target': None,
                     'vtrace_rho_clipped_fraction': 0.1484375},
 'Entropy': {'cart': -0.0,
             'city_tile': 0.21429963409900665,
             'overall': 0.9483627825975418,
             'worker': 0.7340631484985352},
 'Env': {'carts_final': nan,
         'carts_peak': nan,
         'city_tiles_final': nan,
         'city_tiles_peak': nan,
         'max_cumulative_rewards': nan,
         'mean_cumulative_reward_magnitudes': nan,
         'mean_cumulative_rewards': nan,
         'research_points': nan,
         'separate_cities_final': nan,
         'separate_cities_peak': nan,
         'step': nan,
         'workers_final': nan,
         'workers_peak': nan},
 'Gradient': {'clipped': 1.0, 'norm_before_clip': 11.919047355651855},
 'Intent': {'accuracy': nan,
            'target_build': 0,
            'target_deliver': 0,
            'target_mine': 0,
            'target_return': 0},
 'Loss': {'baseline_loss': 0.05651694908738136,
          'behavior_kl_loss': 0.0,
          'entropy_loss': -0.044650476425886154,
          'intent_aux_loss': 0.0,
          'rule_aux_loss': 0.0,
          'teacher_baseline_loss': 0.0,
          'teacher_kl_loss': 0.0,
          'total_loss': 0.23013068735599518,
          'upgo_pg_loss': 0.7896435260772705,
          'vtrace_pg_loss': -0.5713793039321899},
 'Misc': {'actor_policy_tta_rot180': 1.0,
          'league_opponents': {'first_place': 1.0, 'selfplay': 0.0},
          'learning_rate': 4.5086432000000003e-05,
          'teacher_kl_cost': 0.0,
          'teacher_policy_tta_rot180': 1.0,
          'total_games_played': 336},
 'Normalized_Entropy': {'cart': 0.0,
                        'city_tile': 0.285573810338974,
                        'overall': 0.38794810240593575,
                        'worker': 0.46217966079711914},
 'Teacher_KL_Divergence': {'cart': 0.0,
                           'city_tile': 0.0,
                           'overall': 0.0,
                           'worker': 0.0},
 'Value': {'bias': -1.0244548320770264e-08,
           'explained_variance': 0.9957734942436218,
           'support_outside_fraction': 0.0,
           'target_std': 0.6464343070983887}}[0m
[[36m2026-08-16 11:31:09,651[0m][[34mroot[0m][[32mINFO[0m] - Steps 99840 @ 102.3 SPS / 1.6 BPS. Stats:
{'Actions': {'cart': {'MOVE': nan, 'NO-OP': nan, 'TRANSFER': nan},
             'city_tile': {'BUILD_CART': 0.0,
                           'BUILD_WORKER': 0.0066277314784434676,
                           'NO-OP': 0.9795918367346939,
                           'RESEARCH': 0.013780431786862656},
             'worker': {'BUILD_CITY': 0.027007613848584973,
                        'MOVE': 0.36963080017238903,
                        'NO-OP': 0.5869846286453095,
                        'PILLAGE': 0.0,
                        'TRANSFER': 0.01637695733371642}},
 'Active_Entities': {'cart': 0, 'city_tile': 119, 'worker': 167},
 'Behavior_Policy': {'actor_version_max': 99392,
                     'actor_version_min': 99008,
                     'beta': 0.0,
                     'buffer_lag_max': 768,
                     'ema_kl': None,
                     'forward_kl': 0.03198689967393875,
                     'learner_version': 99776,
                     'log_rho_max': 1.618474006652832,
                     'log_rho_mean': -0.011212915182113647,
                     'log_rho_p95': 0.35301923751831055,
                     'reverse_kl': 0.030904177576303482,
                     'target': None,
                     'vtrace_rho_clipped_fraction': 0.25},
 'Entropy': {'cart': -0.0,
             'city_tile': 0.10166966915130615,
             'overall': 0.6631214022636414,
             'worker': 0.5614517331123352},
 'Env': {'carts_final': 0.0,
         'carts_peak': 0.0,
         'city_tiles_final': 26.5,
         'city_tiles_peak': 47.0,
         'max_cumulative_rewards': 1.0,
         'mean_cumulative_reward_magnitudes': 1.0,
         'mean_cumulative_rewards': 0.0,
         'research_points': 105.0,
         'separate_cities_final': 2.0,
         'separate_cities_peak': 8.5,
         'step': 361.0,
         'workers_final': 11.5,
         'workers_peak': 22.5},
 'Gradient': {'clipped': 1.0, 'norm_before_clip': 54.17272186279297},
 'Intent': {'accuracy': nan,
            'target_build': 0,
            'target_deliver': 0,
            'target_mine': 0,
            'target_return': 0},
 'Loss': {'baseline_loss': 0.3819372057914734,
          'behavior_kl_loss': 0.0,
          'entropy_loss': -0.02117222361266613,
          'intent_aux_loss': 0.0,
          'rule_aux_loss': 0.0,
          'teacher_baseline_loss': 0.0,
          'teacher_kl_loss': 0.0,
          'total_loss': -0.30092936754226685,
          'upgo_pg_loss': 0.8443421721458435,
          'vtrace_pg_loss': -1.5060365200042725},
 'Misc': {'actor_policy_tta_rot180': 1.0,
          'league_opponents': {'first_place': 0.84375, 'selfplay': 0.15625},
          'learning_rate': 4.5061088e-05,
          'teacher_kl_cost': 0.0,
          'teacher_policy_tta_rot180': 1.0,
          'total_games_played': 337},
 'Normalized_Entropy': {'cart': 0.0,
                        'city_tile': 0.13159170746803284,
                        'overall': 0.26759644457093484,
                        'worker': 0.3645099997520447},
 'Teacher_KL_Divergence': {'cart': 0.0,
                           'city_tile': 0.0,
                           'overall': 0.0,
                           'worker': 0.0},
 'Value': {'bias': 1.1641532182693481e-09,
           'explained_variance': 0.9763399958610535,
           'support_outside_fraction': 0.0,
           'target_std': 0.623718798160553}}[0m
[[36m2026-08-16 11:31:14,656[0m][[34mroot[0m][[32mINFO[0m] - Steps 100352 @ 102.3 SPS / 1.6 BPS. Stats:
{'Actions': {'cart': {'MOVE': nan, 'NO-OP': nan, 'TRANSFER': nan},
             'city_tile': {'BUILD_CART': nan,
                           'BUILD_WORKER': nan,
                           'NO-OP': nan,
                           'RESEARCH': nan},
             'worker': {'BUILD_CITY': nan,
                        'MOVE': nan,
                        'NO-OP': nan,
                        'PILLAGE': nan,
                        'TRANSFER': nan}},
 'Active_Entities': {'cart': 0, 'city_tile': 141, 'worker': 226},
 'Behavior_Policy': {'actor_version_max': 99904,
                     'actor_version_min': 99456,
                     'beta': 0.0,
                     'buffer_lag_max': 832,
                     'ema_kl': None,
                     'forward_kl': 0.04492334648966789,
                     'learner_version': 100288,
                     'log_rho_max': 1.8170878887176514,
                     'log_rho_mean': -0.10933130979537964,
                     'log_rho_p95': 0.6095993518829346,
                     'reverse_kl': 0.044380467385053635,
                     'target': None,
                     'vtrace_rho_clipped_fraction': 0.203125},
 'Entropy': {'cart': -0.0,
             'city_tile': 0.09109687060117722,
             'overall': 0.7104872390627861,
             'worker': 0.6193903684616089},
 'Env': {'carts_final': nan,
         'carts_peak': nan,
         'city_tiles_final': nan,
         'city_tiles_peak': nan,
         'max_cumulative_rewards': nan,
         'mean_cumulative_reward_magnitudes': nan,
         'mean_cumulative_rewards': nan,
         'research_points': nan,
         'separate_cities_final': nan,
         'separate_cities_peak': nan,
         'step': nan,
         'workers_final': nan,
         'workers_peak': nan},
 'Gradient': {'clipped': 1.0, 'norm_before_clip': 59.48062515258789},
 'Intent': {'accuracy': nan,
            'target_build': 0,
            'target_deliver': 0,
            'target_mine': 0,
            'target_return': 0},
 'Loss': {'baseline_loss': 0.37597617506980896,
          'behavior_kl_loss': 0.0,
          'entropy_loss': -0.030565373599529266,
          'intent_aux_loss': 0.0,
          'rule_aux_loss': 0.0,
          'teacher_baseline_loss': 0.0,
          'teacher_kl_loss': 0.0,
          'total_loss': 2.2881524562835693,
          'upgo_pg_loss': 1.4971716403961182,
          'vtrace_pg_loss': 0.44556987285614014},
 'Misc': {'actor_policy_tta_rot180': 1.0,
          'league_opponents': {'first_place': 0.75, 'selfplay': 0.25},
          'learning_rate': 4.5035744e-05,
          'teacher_kl_cost': 0.0,
          'teacher_policy_tta_rot180': 1.0,
          'total_games_played': 337},
 'Normalized_Entropy': {'cart': 0.0,
                        'city_tile': 0.125363290309906,
                        'overall': 0.29528467190687924,
                        'worker': 0.40129756927490234},
 'Teacher_KL_Divergence': {'cart': 0.0,
                           'city_tile': 0.0,
                           'overall': 0.0,
                           'worker': 0.0},
 'Value': {'bias': 1.932494342327118e-08,
           'explained_variance': 0.9822320342063904,
           'support_outside_fraction': 0.0,
           'target_std': 0.6001877784729004}}[0m
[[36m2026-08-16 11:31:19,661[0m][[34mroot[0m][[32mINFO[0m] - Steps 100864 @ 102.3 SPS / 1.6 BPS. Stats:
{'Actions': {'cart': {'MOVE': nan, 'NO-OP': nan, 'TRANSFER': nan},
             'city_tile': {'BUILD_CART': nan,
                           'BUILD_WORKER': nan,
                           'NO-OP': nan,
                           'RESEARCH': nan},
             'worker': {'BUILD_CITY': nan,
                        'MOVE': nan,
                        'NO-OP': nan,
                        'PILLAGE': nan,
                        'TRANSFER': nan}},
 'Active_Entities': {'cart': 0, 'city_tile': 164, 'worker': 325},
 'Behavior_Policy': {'actor_version_max': 100352,
                     'actor_version_min': 99968,
                     'beta': 0.0,
                     'buffer_lag_max': 832,
                     'ema_kl': None,
                     'forward_kl': 0.029260365292429924,
                     'learner_version': 100800,
                     'log_rho_max': 2.0841777324676514,
                     'log_rho_mean': -0.1289374828338623,
                     'log_rho_p95': 0.3923598527908325,
                     'reverse_kl': 0.027303142473101616,
                     'target': None,
                     'vtrace_rho_clipped_fraction': 0.2578125},
 'Entropy': {'cart': -0.0,
             'city_tile': 0.13458535075187683,
             'overall': 0.7597545087337494,
             'worker': 0.6251691579818726},
 'Env': {'carts_final': nan,
         'carts_peak': nan,
         'city_tiles_final': nan,
         'city_tiles_peak': nan,
         'max_cumulative_rewards': nan,
         'mean_cumulative_reward_magnitudes': nan,
         'mean_cumulative_rewards': nan,
         'research_points': nan,
         'separate_cities_final': nan,
         'separate_cities_peak': nan,
         'step': nan,
         'workers_final': nan,
         'workers_peak': nan},
 'Gradient': {'clipped': 1.0, 'norm_before_clip': 51.51863098144531},
 'Intent': {'accuracy': nan,
            'target_build': 0,
            'target_deliver': 0,
            'target_mine': 0,
            'target_return': 0},
 'Loss': {'baseline_loss': 0.1315423548221588,
          'behavior_kl_loss': 0.0,
          'entropy_loss': -0.04505039379000664,
          'intent_aux_loss': 0.0,
          'rule_aux_loss': 0.0,
          'teacher_baseline_loss': 0.0,
          'teacher_kl_loss': 0.0,
          'total_loss': 7.398965835571289,
          'upgo_pg_loss': 5.207268714904785,
          'vtrace_pg_loss': 2.105205535888672},
 'Misc': {'actor_policy_tta_rot180': 1.0,
          'league_opponents': {'first_place': 0.75, 'selfplay': 0.25},
          'learning_rate': 4.5010400000000005e-05,
          'teacher_kl_cost': 0.0,
          'teacher_policy_tta_rot180': 1.0,
          'total_games_played': 339},
 'Normalized_Entropy': {'cart': 0.0,
                        'city_tile': 0.17976254224777222,
                        'overall': 0.3199200883721038,
                        'worker': 0.39064574241638184},
 'Teacher_KL_Divergence': {'cart': 0.0,
                           'city_tile': 0.0,
                           'overall': 0.0,
                           'worker': 0.0},
 'Value': {'bias': -3.958120942115784e-09,
           'explained_variance': 0.9934748411178589,
           'support_outside_fraction': 0.0,
           'target_std': 0.6161247491836548}}[0m
[[36m2026-08-16 11:31:24,666[0m][[34mroot[0m][[32mINFO[0m] - Steps 101312 @ 89.5 SPS / 1.4 BPS. Stats:
{'Actions': {'cart': {'MOVE': nan, 'NO-OP': nan, 'TRANSFER': nan},
             'city_tile': {'BUILD_CART': nan,
                           'BUILD_WORKER': nan,
                           'NO-OP': nan,
                           'RESEARCH': nan},
             'worker': {'BUILD_CITY': nan,
                        'MOVE': nan,
                        'NO-OP': nan,
                        'PILLAGE': nan,
                        'TRANSFER': nan}},
 'Active_Entities': {'cart': 11, 'city_tile': 700, 'worker': 678},
 'Behavior_Policy': {'actor_version_max': 100864,
                     'actor_version_min': 100416,
                     'beta': 0.0,
                     'buffer_lag_max': 832,
                     'ema_kl': None,
                     'forward_kl': 0.01556998211890459,
                     'learner_version': 101248,
                     'log_rho_max': 1.4599571228027344,
                     'log_rho_mean': -0.09496735781431198,
                     'log_rho_p95': 0.5450373888015747,
                     'reverse_kl': 0.015405148267745972,
                     'target': None,
                     'vtrace_rho_clipped_fraction': 0.2421875},
 'Entropy': {'cart': 1.3989695310592651,
             'city_tile': 0.272305428981781,
             'overall': 2.76531845331192,
             'worker': 1.094043493270874},
 'Env': {'carts_final': nan,
         'carts_peak': nan,
         'city_tiles_final': nan,
         'city_tiles_peak': nan,
         'max_cumulative_rewards': nan,
         'mean_cumulative_reward_magnitudes': nan,
         'mean_cumulative_rewards': nan,
         'research_points': nan,
         'separate_cities_final': nan,
         'separate_cities_peak': nan,
         'step': nan,
         'workers_final': nan,
         'workers_peak': nan},
 'Gradient': {'clipped': 1.0, 'norm_before_clip': 13.193940162658691},
 'Intent': {'accuracy': nan,
            'target_build': 0,
            'target_deliver': 0,
            'target_mine': 0,
            'target_return': 0},
 'Loss': {'baseline_loss': 0.009540325030684471,
          'behavior_kl_loss': 0.0,
          'entropy_loss': -0.18955278396606445,
          'intent_aux_loss': 0.0,
          'rule_aux_loss': 0.0,
          'teacher_baseline_loss': 0.0,
          'teacher_kl_loss': 0.0,
          'total_loss': 2.648332357406616,
          'upgo_pg_loss': 3.232271909713745,
          'vtrace_pg_loss': -0.40392714738845825},
 'Misc': {'actor_policy_tta_rot180': 1.0,
          'league_opponents': {'first_place': 0.75, 'selfplay': 0.25},
          'learning_rate': 4.4988224e-05,
          'teacher_kl_cost': 0.0,
          'teacher_policy_tta_rot180': 1.0,
          'total_games_played': 340},
 'Normalized_Entropy': {'cart': 0.9252321124076843,
                        'city_tile': 0.2649558186531067,
                        'overall': 0.4717240086813639,
                        'worker': 0.6778436899185181},
 'Teacher_KL_Divergence': {'cart': 0.0,
                           'city_tile': 0.0,
                           'overall': 0.0,
                           'worker': 0.0},
 'Value': {'bias': 8.381903171539307e-09,
           'explained_variance': 0.9994358420372009,
           'support_outside_fraction': 0.0,
           'target_std': 0.7060383558273315}}[0m
[[36m2026-08-16 11:31:29,671[0m][[34mroot[0m][[32mINFO[0m] - Steps 101696 @ 76.7 SPS / 1.2 BPS. Stats:
{'Actions': {'cart': {'MOVE': nan, 'NO-OP': nan, 'TRANSFER': nan},
             'city_tile': {'BUILD_CART': nan,
                           'BUILD_WORKER': nan,
                           'NO-OP': nan,
                           'RESEARCH': nan},
             'worker': {'BUILD_CITY': nan,
                        'MOVE': nan,
                        'NO-OP': nan,
                        'PILLAGE': nan,
                        'TRANSFER': nan}},
 'Active_Entities': {'cart': 49, 'city_tile': 284, 'worker': 440},
 'Behavior_Policy': {'actor_version_max': 101376,
                     'actor_version_min': 100928,
                     'beta': 0.0,
                     'buffer_lag_max': 704,
                     'ema_kl': None,
                     'forward_kl': 0.010846137069165707,
                     'learner_version': 101632,
                     'log_rho_max': 1.329629898071289,
                     'log_rho_mean': -0.06484498083591461,
                     'log_rho_p95': 0.46062716841697693,
                     'reverse_kl': 0.010602546855807304,
                     'target': None,
                     'vtrace_rho_clipped_fraction': 0.46875},
 'Entropy': {'cart': 1.4156733751296997,
             'city_tile': 0.20589275658130646,
             'overall': 2.4534722715616226,
             'worker': 0.8319061398506165},
 'Env': {'carts_final': nan,
         'carts_peak': nan,
         'city_tiles_final': nan,
         'city_tiles_peak': nan,
         'max_cumulative_rewards': nan,
         'mean_cumulative_reward_magnitudes': nan,
         'mean_cumulative_rewards': nan,
         'research_points': nan,
         'separate_cities_final': nan,
         'separate_cities_peak': nan,
         'step': nan,
         'workers_final': nan,
         'workers_peak': nan},
 'Gradient': {'clipped': 0.0, 'norm_before_clip': 4.781021595001221},
 'Intent': {'accuracy': nan,
            'target_build': 0,
            'target_deliver': 0,
            'target_mine': 0,
            'target_return': 0},
 'Loss': {'baseline_loss': 0.002846664749085903,
          'behavior_kl_loss': 0.0,
          'entropy_loss': -0.09877604991197586,
          'intent_aux_loss': 0.0,
          'rule_aux_loss': 0.0,
          'teacher_baseline_loss': 0.0,
          'teacher_kl_loss': 0.0,
          'total_loss': 2.7863729000091553,
          'upgo_pg_loss': 2.3051459789276123,
          'vtrace_pg_loss': 0.5771563053131104},
 'Misc': {'actor_policy_tta_rot180': 1.0,
          'league_opponents': {'first_place': 0.5, 'selfplay': 0.5},
          'learning_rate': 4.4969216e-05,
          'teacher_kl_cost': 0.0,
          'teacher_policy_tta_rot180': 1.0,
          'total_games_played': 341},
 'Normalized_Entropy': {'cart': 0.9189684987068176,
                        'city_tile': 0.2100256085395813,
                        'overall': 0.43803286097490773,
                        'worker': 0.5316424369812012},
 'Teacher_KL_Divergence': {'cart': 0.0,
                           'city_tile': 0.0,
                           'overall': 0.0,
                           'worker': 0.0},
 'Value': {'bias': 1.3184035196900368e-08,
           'explained_variance': 0.9998401403427124,
           'support_outside_fraction': 0.0,
           'target_std': 0.5538262724876404}}[0m
[[36m2026-08-16 11:31:34,676[0m][[34mroot[0m][[32mINFO[0m] - Steps 102144 @ 89.5 SPS / 1.4 BPS. Stats:
{'Actions': {'cart': {'MOVE': nan, 'NO-OP': nan, 'TRANSFER': nan},
             'city_tile': {'BUILD_CART': 0.0,
                           'BUILD_WORKER': 0.02405602923264312,
                           'NO-OP': 0.8982947624847747,
                           'RESEARCH': 0.07764920828258222},
             'worker': {'BUILD_CITY': 0.03198031980319803,
                        'MOVE': 0.568880688806888,
                        'NO-OP': 0.3447109471094711,
                        'PILLAGE': 0.0,
                        'TRANSFER': 0.0544280442804428}},
 'Active_Entities': {'cart': 0, 'city_tile': 119, 'worker': 303},
 'Behavior_Policy': {'actor_version_max': 101888,
                     'actor_version_min': 101376,
                     'beta': 0.0,
                     'buffer_lag_max': 704,
                     'ema_kl': None,
                     'forward_kl': 0.04212944209575653,
                     'learner_version': 102080,
                     'log_rho_max': 0.9229164123535156,
                     'log_rho_mean': -0.11298075318336487,
                     'log_rho_p95': 0.2861230671405792,
                     'reverse_kl': 0.03759923577308655,
                     'target': None,
                     'vtrace_rho_clipped_fraction': 0.203125},
 'Entropy': {'cart': -0.0,
             'city_tile': 0.5138514041900635,
             'overall': 1.2333375811576843,
             'worker': 0.7194861769676208},
 'Env': {'carts_final': 0.0,
         'carts_peak': 0.0,
         'city_tiles_final': 18.5,
         'city_tiles_peak': 22.5,
         'max_cumulative_rewards': 1.0,
         'mean_cumulative_reward_magnitudes': 1.0,
         'mean_cumulative_rewards': 0.0,
         'research_points': 63.75,
         'separate_cities_final': 2.0,
         'separate_cities_peak': 7.0,
         'step': 155.0,
         'workers_final': 9.0,
         'workers_peak': 13.75},
 'Gradient': {'clipped': 1.0, 'norm_before_clip': 36.64573287963867},
 'Intent': {'accuracy': nan,
            'target_build': 0,
            'target_deliver': 0,
            'target_mine': 0,
            'target_return': 0},
 'Loss': {'baseline_loss': 0.42439669370651245,
          'behavior_kl_loss': 0.0,
          'entropy_loss': -0.05583052709698677,
          'intent_aux_loss': 0.0,
          'rule_aux_loss': 0.0,
          'teacher_baseline_loss': 0.0,
          'teacher_kl_loss': 0.0,
          'total_loss': 0.2641552686691284,
          'upgo_pg_loss': 2.351118326187134,
          'vtrace_pg_loss': -2.45552921295166},
 'Misc': {'actor_policy_tta_rot180': 1.0,
          'league_opponents': {'first_place': 0.75, 'selfplay': 0.25},
          'learning_rate': 4.4947040000000005e-05,
          'teacher_kl_cost': 0.0,
          'teacher_policy_tta_rot180': 1.0,
          'total_games_played': 346},
 'Normalized_Entropy': {'cart': 0.0,
                        'city_tile': 0.6153669357299805,
                        'overall': 0.5275882507952468,
                        'worker': 0.4931141138076782},
 'Teacher_KL_Divergence': {'cart': 0.0,
                           'city_tile': 0.0,
                           'overall': 0.0,
                           'worker': 0.0},
 'Value': {'bias': -5.180481821298599e-09,
           'explained_variance': 0.9785165786743164,
           'support_outside_fraction': 0.0,
           'target_std': 0.7571388483047485}}[0m
[[36m2026-08-16 11:31:39,681[0m][[34mroot[0m][[32mINFO[0m] - Steps 102464 @ 63.9 SPS / 1.0 BPS. Stats:
{'Actions': {'cart': {'MOVE': nan, 'NO-OP': nan, 'TRANSFER': nan},
             'city_tile': {'BUILD_CART': nan,
                           'BUILD_WORKER': nan,
                           'NO-OP': nan,
                           'RESEARCH': nan},
             'worker': {'BUILD_CITY': nan,
                        'MOVE': nan,
                        'NO-OP': nan,
                        'PILLAGE': nan,
                        'TRANSFER': nan}},
 'Active_Entities': {'cart': 0, 'city_tile': 66, 'worker': 357},
 'Behavior_Policy': {'actor_version_max': 102400,
                     'actor_version_min': 101888,
                     'beta': 0.0,
                     'buffer_lag_max': 512,
                     'ema_kl': None,
                     'forward_kl': 0.09278687834739685,
                     'learner_version': 102400,
                     'log_rho_max': 2.9378819465637207,
                     'log_rho_mean': -0.11150307953357697,
                     'log_rho_p95': 0.32544177770614624,
                     'reverse_kl': 0.11396501958370209,
                     'target': None,
                     'vtrace_rho_clipped_fraction': 0.171875},
 'Entropy': {'cart': -0.0,
             'city_tile': 0.5227847099304199,
             'overall': 1.1538292169570923,
             'worker': 0.6310445070266724},
 'Env': {'carts_final': nan,
         'carts_peak': nan,
         'city_tiles_final': nan,
         'city_tiles_peak': nan,
         'max_cumulative_rewards': nan,
         'mean_cumulative_reward_magnitudes': nan,
         'mean_cumulative_rewards': nan,
         'research_points': nan,
         'separate_cities_final': nan,
         'separate_cities_peak': nan,
         'step': nan,
         'workers_final': nan,
         'workers_peak': nan},
 'Gradient': {'clipped': 1.0, 'norm_before_clip': 68.45947265625},
 'Intent': {'accuracy': nan,
            'target_build': 0,
            'target_deliver': 0,
            'target_mine': 0,
            'target_return': 0},
 'Loss': {'baseline_loss': 0.11716748774051666,
          'behavior_kl_loss': 0.0,
          'entropy_loss': -0.05195733532309532,
          'intent_aux_loss': 0.0,
          'rule_aux_loss': 0.0,
          'teacher_baseline_loss': 0.0,
          'teacher_kl_loss': 0.0,
          'total_loss': 8.058998107910156,
          'upgo_pg_loss': 5.608875274658203,
          'vtrace_pg_loss': 2.3849124908447266},
 'Misc': {'actor_policy_tta_rot180': 1.0,
          'league_opponents': {'first_place': 1.0, 'selfplay': 0.0},
          'learning_rate': 4.49312e-05,
          'teacher_kl_cost': 0.0,
          'teacher_policy_tta_rot180': 1.0,
          'total_games_played': 346},
 'Normalized_Entropy': {'cart': 0.0,
                        'city_tile': 0.6762296557426453,
                        'overall': 0.45111739550921937,
                        'worker': 0.40950000286102295},
 'Teacher_KL_Divergence': {'cart': 0.0,
                           'city_tile': 0.0,
                           'overall': 0.0,
                           'worker': 0.0},
 'Value': {'bias': 9.778887033462524e-09,
           'explained_variance': 0.9849945902824402,
           'support_outside_fraction': 0.0,
           'target_std': 0.49397438764572144}}[0m
[[36m2026-08-16 11:31:44,687[0m][[34mroot[0m][[32mINFO[0m] - Steps 102912 @ 89.5 SPS / 1.4 BPS. Stats:
{'Actions': {'cart': {'MOVE': nan, 'NO-OP': nan, 'TRANSFER': nan},
             'city_tile': {'BUILD_CART': 0.0,
                           'BUILD_WORKER': 0.016823963890028725,
                           'NO-OP': 0.9470660648338121,
                           'RESEARCH': 0.03610997127615921},
             'worker': {'BUILD_CITY': 0.02570093457943925,
                        'MOVE': 0.44820872274143303,
                        'NO-OP': 0.5190809968847352,
                        'PILLAGE': 0.0,
                        'TRANSFER': 0.007009345794392523}},
 'Active_Entities': {'cart': 13, 'city_tile': 135, 'worker': 706},
 'Behavior_Policy': {'actor_version_max': 102400,
                     'actor_version_min': 101952,
                     'beta': 0.0,
                     'buffer_lag_max': 896,
                     'ema_kl': None,
                     'forward_kl': 0.09219197928905487,
                     'learner_version': 102848,
                     'log_rho_max': 4.050838470458984,
                     'log_rho_mean': -0.5003564357757568,
                     'log_rho_p95': 0.253985196352005,
                     'reverse_kl': 0.09323383867740631,
                     'target': None,
                     'vtrace_rho_clipped_fraction': 0.140625},
 'Entropy': {'cart': 0.8562416434288025,
             'city_tile': 0.4554399847984314,
             'overall': 1.8939253091812134,
             'worker': 0.5822436809539795},
 'Env': {'carts_final': 0.0,
         'carts_peak': 0.0,
         'city_tiles_final': 2.5,
         'city_tiles_peak': 18.5,
         'max_cumulative_rewards': 1.0,
         'mean_cumulative_reward_magnitudes': 1.0,
         'mean_cumulative_rewards': 0.0,
         'research_points': 44.0,
         'separate_cities_final': 2.0,
         'separate_cities_peak': 4.5,
         'step': 318.0,
         'workers_final': 3.0,
         'workers_peak': 10.5},
 'Gradient': {'clipped': 1.0, 'norm_before_clip': 98.47844696044922},
 'Intent': {'accuracy': nan,
            'target_build': 0,
            'target_deliver': 0,
            'target_mine': 0,
            'target_return': 0},
 'Loss': {'baseline_loss': 1.4799389839172363,
          'behavior_kl_loss': 0.0,
          'entropy_loss': -0.09673591703176498,
          'intent_aux_loss': 0.0,
          'rule_aux_loss': 0.0,
          'teacher_baseline_loss': 0.0,
          'teacher_kl_loss': 0.0,
          'total_loss': 5.705321788787842,
          'upgo_pg_loss': 5.523826599121094,
          'vtrace_pg_loss': -1.2017078399658203},
 'Misc': {'actor_policy_tta_rot180': 1.0,
          'league_opponents': {'first_place': 0.71875, 'selfplay': 0.28125},
          'learning_rate': 4.4909024e-05,
          'teacher_kl_cost': 0.0,
          'teacher_policy_tta_rot180': 1.0,
          'total_games_played': 348},
 'Normalized_Entropy': {'cart': 0.5800129175186157,
                        'city_tile': 0.5044156312942505,
                        'overall': 0.4006130998251868,
                        'worker': 0.377460777759552},
 'Teacher_KL_Divergence': {'cart': 0.0,
                           'city_tile': 0.0,
                           'overall': 0.0,
                           'worker': 0.0},
 'Value': {'bias': -9.89530235528946e-09,
           'explained_variance': 0.8146336078643799,
           'support_outside_fraction': 0.0,
           'target_std': 0.4950804114341736}}[0m
[[36m2026-08-16 11:31:49,693[0m][[34mroot[0m][[32mINFO[0m] - Steps 103424 @ 102.3 SPS / 1.6 BPS. Stats:
{'Actions': {'cart': {'MOVE': nan, 'NO-OP': nan, 'TRANSFER': nan},
             'city_tile': {'BUILD_CART': nan,
                           'BUILD_WORKER': nan,
                           'NO-OP': nan,
                           'RESEARCH': nan},
             'worker': {'BUILD_CITY': nan,
                        'MOVE': nan,
                        'NO-OP': nan,
                        'PILLAGE': nan,
                        'TRANSFER': nan}},
 'Active_Entities': {'cart': 4, 'city_tile': 131, 'worker': 902},
 'Behavior_Policy': {'actor_version_max': 102912,
                     'actor_version_min': 102464,
                     'beta': 0.0,
                     'buffer_lag_max': 896,
                     'ema_kl': None,
                     'forward_kl': 0.0758470818400383,
                     'learner_version': 103360,
                     'log_rho_max': 1.6357383728027344,
                     'log_rho_mean': -0.21870718896389008,
                     'log_rho_p95': 0.9128824472427368,
                     'reverse_kl': 0.08216555416584015,
                     'target': None,
                     'vtrace_rho_clipped_fraction': 0.2734375},
 'Entropy': {'cart': 0.8437952995300293,
             'city_tile': 0.3673733174800873,
             'overall': 1.7120181620121002,
             'worker': 0.5008495450019836},
 'Env': {'carts_final': nan,
         'carts_peak': nan,
         'city_tiles_final': nan,
         'city_tiles_peak': nan,
         'max_cumulative_rewards': nan,
         'mean_cumulative_reward_magnitudes': nan,
         'mean_cumulative_rewards': nan,
         'research_points': nan,
         'separate_cities_final': nan,
         'separate_cities_peak': nan,
         'step': nan,
         'workers_final': nan,
         'workers_peak': nan},
 'Gradient': {'clipped': 1.0, 'norm_before_clip': 104.05169677734375},
 'Intent': {'accuracy': nan,
            'target_build': 0,
            'target_deliver': 0,
            'target_mine': 0,
            'target_return': 0},
 'Loss': {'baseline_loss': 0.42941343784332275,
          'behavior_kl_loss': 0.0,
          'entropy_loss': -0.10065347701311111,
          'intent_aux_loss': 0.0,
          'rule_aux_loss': 0.0,
          'teacher_baseline_loss': 0.0,
          'teacher_kl_loss': 0.0,
          'total_loss': 20.1896915435791,
          'upgo_pg_loss': 17.63677978515625,
          'vtrace_pg_loss': 2.2241525650024414},
 'Misc': {'actor_policy_tta_rot180': 1.0,
          'league_opponents': {'first_place': 0.5, 'selfplay': 0.5},
          'learning_rate': 4.488368e-05,
          'teacher_kl_cost': 0.0,
          'teacher_policy_tta_rot180': 1.0,
          'total_games_played': 349},
 'Normalized_Entropy': {'cart': 0.6086696982383728,
                        'city_tile': 0.408066987991333,
                        'overall': 0.34124758986176035,
                        'worker': 0.33035731315612793},
 'Teacher_KL_Divergence': {'cart': 0.0,
                           'city_tile': 0.0,
                           'overall': 0.0,
                           'worker': 0.0},
 'Value': {'bias': -1.7666025087237358e-08,
           'explained_variance': 0.957281231880188,
           'support_outside_fraction': 0.0,
           'target_std': 0.44497910141944885}}[0m
[[36m2026-08-16 11:31:54,699[0m][[34mroot[0m][[32mINFO[0m] - Steps 103936 @ 102.3 SPS / 1.6 BPS. Stats:
{'Actions': {'cart': {'MOVE': nan, 'NO-OP': nan, 'TRANSFER': nan},
             'city_tile': {'BUILD_CART': nan,
                           'BUILD_WORKER': nan,
                           'NO-OP': nan,
                           'RESEARCH': nan},
             'worker': {'BUILD_CITY': nan,
                        'MOVE': nan,
                        'NO-OP': nan,
                        'PILLAGE': nan,
                        'TRANSFER': nan}},
 'Active_Entities': {'cart': 0, 'city_tile': 187, 'worker': 985},
 'Behavior_Policy': {'actor_version_max': 103424,
                     'actor_version_min': 102976,
                     'beta': 0.0,
                     'buffer_lag_max': 896,
                     'ema_kl': None,
                     'forward_kl': 0.06143536418676376,
                     'learner_version': 103872,
                     'log_rho_max': 2.5751490592956543,
                     'log_rho_mean': -0.43478912115097046,
                     'log_rho_p95': 1.0178452730178833,
                     'reverse_kl': 0.058292679488658905,
                     'target': None,
                     'vtrace_rho_clipped_fraction': 0.1953125},
 'Entropy': {'cart': -0.0,
             'city_tile': 0.40239229798316956,
             'overall': 1.070442944765091,
             'worker': 0.6680506467819214},
 'Env': {'carts_final': nan,
         'carts_peak': nan,
         'city_tiles_final': nan,
         'city_tiles_peak': nan,
         'max_cumulative_rewards': nan,
         'mean_cumulative_reward_magnitudes': nan,
         'mean_cumulative_rewards': nan,
         'research_points': nan,
         'separate_cities_final': nan,
         'separate_cities_peak': nan,
         'step': nan,
         'workers_final': nan,
         'workers_peak': nan},
 'Gradient': {'clipped': 1.0, 'norm_before_clip': 98.31782531738281},
 'Intent': {'accuracy': nan,
            'target_build': 0,
            'target_deliver': 0,
            'target_mine': 0,
            'target_return': 0},
 'Loss': {'baseline_loss': 0.29522669315338135,
          'behavior_kl_loss': 0.0,
          'entropy_loss': -0.14665544033050537,
          'intent_aux_loss': 0.0,
          'rule_aux_loss': 0.0,
          'teacher_baseline_loss': 0.0,
          'teacher_kl_loss': 0.0,
          'total_loss': 17.604644775390625,
          'upgo_pg_loss': 17.393342971801758,
          'vtrace_pg_loss': 0.06273066997528076},
 'Misc': {'actor_policy_tta_rot180': 1.0,
          'league_opponents': {'first_place': 0.5, 'selfplay': 0.5},
          'learning_rate': 4.4858336e-05,
          'teacher_kl_cost': 0.0,
          'teacher_policy_tta_rot180': 1.0,
          'total_games_played': 350},
 'Normalized_Entropy': {'cart': 0.0,
                        'city_tile': 0.4544064402580261,
                        'overall': 0.4424804038409487,
                        'worker': 0.4402162730693817},
 'Teacher_KL_Divergence': {'cart': 0.0,
                           'city_tile': 0.0,
                           'overall': 0.0,
                           'worker': 0.0},
 'Value': {'bias': 9.546056389808655e-09,
           'explained_variance': 0.9793485403060913,
           'support_outside_fraction': 0.0,
           'target_std': 0.4859018325805664}}[0m
[[36m2026-08-16 11:31:59,704[0m][[34mroot[0m][[32mINFO[0m] - Steps 104448 @ 102.3 SPS / 1.6 BPS. Stats:
{'Actions': {'cart': {'MOVE': nan, 'NO-OP': nan, 'TRANSFER': nan},
             'city_tile': {'BUILD_CART': nan,
                           'BUILD_WORKER': nan,
                           'NO-OP': nan,
                           'RESEARCH': nan},
             'worker': {'BUILD_CITY': nan,
                        'MOVE': nan,
                        'NO-OP': nan,
                        'PILLAGE': nan,
                        'TRANSFER': nan}},
 'Active_Entities': {'cart': 0, 'city_tile': 212, 'worker': 1152},
 'Behavior_Policy': {'actor_version_max': 103936,
                     'actor_version_min': 103552,
                     'beta': 0.0,
                     'buffer_lag_max': 832,
                     'ema_kl': None,
                     'forward_kl': 0.053319137543439865,
                     'learner_version': 104384,
                     'log_rho_max': 2.375204086303711,
                     'log_rho_mean': -0.46775946021080017,
                     'log_rho_p95': 0.8282780647277832,
                     'reverse_kl': 0.05119829997420311,
                     'target': None,
                     'vtrace_rho_clipped_fraction': 0.2109375},
 'Entropy': {'cart': -0.0,
             'city_tile': 0.42085200548171997,
             'overall': 1.0448338985443115,
             'worker': 0.6239818930625916},
 'Env': {'carts_final': nan,
         'carts_peak': nan,
         'city_tiles_final': nan,
         'city_tiles_peak': nan,
         'max_cumulative_rewards': nan,
         'mean_cumulative_reward_magnitudes': nan,
         'mean_cumulative_rewards': nan,
         'research_points': nan,
         'separate_cities_final': nan,
         'separate_cities_peak': nan,
         'step': nan,
         'workers_final': nan,
         'workers_peak': nan},
 'Gradient': {'clipped': 1.0, 'norm_before_clip': 123.64531707763672},
 'Intent': {'accuracy': nan,
            'target_build': 0,
            'target_deliver': 0,
            'target_mine': 0,
            'target_return': 0},
 'Loss': {'baseline_loss': 1.121801495552063,
          'behavior_kl_loss': 0.0,
          'entropy_loss': -0.16160954535007477,
          'intent_aux_loss': 0.0,
          'rule_aux_loss': 0.0,
          'teacher_baseline_loss': 0.0,
          'teacher_kl_loss': 0.0,
          'total_loss': 29.90747833251953,
          'upgo_pg_loss': 19.950889587402344,
          'vtrace_pg_loss': 8.996397018432617},
 'Misc': {'actor_policy_tta_rot180': 1.0,
          'league_opponents': {'first_place': 0.5, 'selfplay': 0.5},
          'learning_rate': 4.4832992e-05,
          'teacher_kl_cost': 0.0,
          'teacher_policy_tta_rot180': 1.0,
          'total_games_played': 351},
 'Normalized_Entropy': {'cart': 0.0,
                        'city_tile': 0.48009079694747925,
                        'overall': 0.42045160734758347,
                        'worker': 0.4094763398170471},
 'Teacher_KL_Divergence': {'cart': 0.0,
                           'city_tile': 0.0,
                           'overall': 0.0,
                           'worker': 0.0},
 'Value': {'bias': 9.313225746154785e-10,
           'explained_variance': 0.9412816166877747,
           'support_outside_fraction': 0.0,
           'target_std': 0.5491246581077576}}[0m
[[36m2026-08-16 11:32:04,709[0m][[34mroot[0m][[32mINFO[0m] - Steps 104960 @ 102.3 SPS / 1.6 BPS. Stats:
{'Actions': {'cart': {'MOVE': nan, 'NO-OP': nan, 'TRANSFER': nan},
             'city_tile': {'BUILD_CART': nan,
                           'BUILD_WORKER': nan,
                           'NO-OP': nan,
                           'RESEARCH': nan},
             'worker': {'BUILD_CITY': nan,
                        'MOVE': nan,
                        'NO-OP': nan,
                        'PILLAGE': nan,
                        'TRANSFER': nan}},
 'Active_Entities': {'cart': 1, 'city_tile': 521, 'worker': 1024},
 'Behavior_Policy': {'actor_version_max': 104448,
                     'actor_version_min': 104000,
                     'beta': 0.0,
                     'buffer_lag_max': 896,
                     'ema_kl': None,
                     'forward_kl': 0.03774670511484146,
                     'learner_version': 104896,
                     'log_rho_max': 2.4574012756347656,
                     'log_rho_mean': -0.2504127621650696,
                     'log_rho_p95': 0.8868016600608826,
                     'reverse_kl': 0.03708982467651367,
                     'target': None,
                     'vtrace_rho_clipped_fraction': 0.2734375},
 'Entropy': {'cart': 1.4549541473388672,
             'city_tile': 0.35584598779678345,
             'overall': 2.541848838329315,
             'worker': 0.7310487031936646},
 'Env': {'carts_final': nan,
         'carts_peak': nan,
         'city_tiles_final': nan,
         'city_tiles_peak': nan,
         'max_cumulative_rewards': nan,
         'mean_cumulative_reward_magnitudes': nan,
         'mean_cumulative_rewards': nan,
         'research_points': nan,
         'separate_cities_final': nan,
         'separate_cities_peak': nan,
         'step': nan,
         'workers_final': nan,
         'workers_peak': nan},
 'Gradient': {'clipped': 1.0, 'norm_before_clip': 43.750526428222656},
 'Intent': {'accuracy': nan,
            'target_build': 0,
            'target_deliver': 0,
            'target_mine': 0,
            'target_return': 0},
 'Loss': {'baseline_loss': 0.0930362269282341,
          'behavior_kl_loss': 0.0,
          'entropy_loss': -0.18708890676498413,
          'intent_aux_loss': 0.0,
          'rule_aux_loss': 0.0,
          'teacher_baseline_loss': 0.0,
          'teacher_kl_loss': 0.0,
          'total_loss': 5.406045913696289,
          'upgo_pg_loss': 6.952139854431152,
          'vtrace_pg_loss': -1.4520411491394043},
 'Misc': {'actor_policy_tta_rot180': 1.0,
          'league_opponents': {'first_place': 0.5, 'selfplay': 0.5},
          'learning_rate': 4.4807648e-05,
          'teacher_kl_cost': 0.0,
          'teacher_policy_tta_rot180': 1.0,
          'total_games_played': 353},
 'Normalized_Entropy': {'cart': 0.9040138125419617,
                        'city_tile': 0.3653838336467743,
                        'overall': 0.43449299804683184,
                        'worker': 0.46919646859169006},
 'Teacher_KL_Divergence': {'cart': 0.0,
                           'city_tile': 0.0,
                           'overall': 0.0,
                           'worker': 0.0},
 'Value': {'bias': 4.6566128730773926e-09,
           'explained_variance': 0.9958674311637878,
           'support_outside_fraction': 0.0,
           'target_std': 0.6608625054359436}}[0m
[[36m2026-08-16 11:32:09,714[0m][[34mroot[0m][[32mINFO[0m] - Steps 105152 @ 38.4 SPS / 0.6 BPS. Stats:
{'Actions': {'cart': {'MOVE': nan, 'NO-OP': nan, 'TRANSFER': nan},
             'city_tile': {'BUILD_CART': nan,
                           'BUILD_WORKER': nan,
                           'NO-OP': nan,
                           'RESEARCH': nan},
             'worker': {'BUILD_CITY': nan,
                        'MOVE': nan,
                        'NO-OP': nan,
                        'PILLAGE': nan,
                        'TRANSFER': nan}},
 'Active_Entities': {'cart': 0, 'city_tile': 38, 'worker': 288},
 'Behavior_Policy': {'actor_version_max': 104960,
                     'actor_version_min': 104448,
                     'beta': 0.0,
                     'buffer_lag_max': 640,
                     'ema_kl': None,
                     'forward_kl': 0.02553335204720497,
                     'learner_version': 105088,
                     'log_rho_max': 0.6834468841552734,
                     'log_rho_mean': -0.08175956457853317,
                     'log_rho_p95': 0.26543867588043213,
                     'reverse_kl': 0.02683807909488678,
                     'target': None,
                     'vtrace_rho_clipped_fraction': 0.2109375},
 'Entropy': {'cart': -0.0,
             'city_tile': 0.24663543701171875,
             'overall': 0.5774170160293579,
             'worker': 0.33078157901763916},
 'Env': {'carts_final': nan,
         'carts_peak': nan,
         'city_tiles_final': nan,
         'city_tiles_peak': nan,
         'max_cumulative_rewards': nan,
         'mean_cumulative_reward_magnitudes': nan,
         'mean_cumulative_rewards': nan,
         'research_points': nan,
         'separate_cities_final': nan,
         'separate_cities_peak': nan,
         'step': nan,
         'workers_final': nan,
         'workers_peak': nan},
 'Gradient': {'clipped': 1.0, 'norm_before_clip': 43.7436637878418},
 'Intent': {'accuracy': nan,
            'target_build': 0,
            'target_deliver': 0,
            'target_mine': 0,
            'target_return': 0},
 'Loss': {'baseline_loss': 0.14217853546142578,
          'behavior_kl_loss': 0.0,
          'entropy_loss': -0.020927447825670242,
          'intent_aux_loss': 0.0,
          'rule_aux_loss': 0.0,
          'teacher_baseline_loss': 0.0,
          'teacher_kl_loss': 0.0,
          'total_loss': 0.9149013757705688,
          'upgo_pg_loss': 1.2775757312774658,
          'vtrace_pg_loss': -0.483925461769104},
 'Misc': {'actor_policy_tta_rot180': 1.0,
          'league_opponents': {'first_place': 0.75, 'selfplay': 0.25},
          'learning_rate': 4.4798144e-05,
          'teacher_kl_cost': 0.0,
          'teacher_policy_tta_rot180': 1.0,
          'total_games_played': 354},
 'Normalized_Entropy': {'cart': 0.0,
                        'city_tile': 0.326819509267807,
                        'overall': 0.24103198625558725,
                        'worker': 0.22971279919147491},
 'Teacher_KL_Divergence': {'cart': 0.0,
                           'city_tile': 0.0,
                           'overall': 0.0,
                           'worker': 0.0},
 'Value': {'bias': -8.265487849712372e-09,
           'explained_variance': 0.9940817952156067,
           'support_outside_fraction': 0.0,
           'target_std': 0.6453611850738525}}[0m
[[36m2026-08-16 11:32:14,719[0m][[34mroot[0m][[32mINFO[0m] - Steps 105472 @ 63.9 SPS / 1.0 BPS. Stats:
{'Actions': {'cart': {'MOVE': nan, 'NO-OP': nan, 'TRANSFER': nan},
             'city_tile': {'BUILD_CART': nan,
                           'BUILD_WORKER': nan,
                           'NO-OP': nan,
                           'RESEARCH': nan},
             'worker': {'BUILD_CITY': nan,
                        'MOVE': nan,
                        'NO-OP': nan,
                        'PILLAGE': nan,
                        'TRANSFER': nan}},
 'Active_Entities': {'cart': 92, 'city_tile': 159, 'worker': 555},
 'Behavior_Policy': {'actor_version_max': 104960,
                     'actor_version_min': 104448,
                     'beta': 0.0,
                     'buffer_lag_max': 960,
                     'ema_kl': None,
                     'forward_kl': 0.02449124865233898,
                     'learner_version': 105408,
                     'log_rho_max': 1.616450309753418,
                     'log_rho_mean': -0.08883687853813171,
                     'log_rho_p95': 0.5838916301727295,
                     'reverse_kl': 0.02374095655977726,
                     'target': None,
                     'vtrace_rho_clipped_fraction': 0.3203125},
 'Entropy': {'cart': 1.4808675050735474,
             'city_tile': 0.5288554430007935,
             'overall': 3.165499210357666,
             'worker': 1.1557762622833252},
 'Env': {'carts_final': nan,
         'carts_peak': nan,
         'city_tiles_final': nan,
         'city_tiles_peak': nan,
         'max_cumulative_rewards': nan,
         'mean_cumulative_reward_magnitudes': nan,
         'mean_cumulative_rewards': nan,
         'research_points': nan,
         'separate_cities_final': nan,
         'separate_cities_peak': nan,
         'step': nan,
         'workers_final': nan,
         'workers_peak': nan},
 'Gradient': {'clipped': 1.0, 'norm_before_clip': 11.0437593460083},
 'Intent': {'accuracy': nan,
            'target_build': 0,
            'target_deliver': 0,
            'target_mine': 0,
            'target_return': 0},
 'Loss': {'baseline_loss': 0.003022832330316305,
          'behavior_kl_loss': 0.0,
          'entropy_loss': -0.1723567098379135,
          'intent_aux_loss': 0.0,
          'rule_aux_loss': 0.0,
          'teacher_baseline_loss': 0.0,
          'teacher_kl_loss': 0.0,
          'total_loss': 0.7529914975166321,
          'upgo_pg_loss': 2.5857748985290527,
          'vtrace_pg_loss': -1.6634495258331299},
 'Misc': {'actor_policy_tta_rot180': 1.0,
          'league_opponents': {'first_place': 0.75, 'selfplay': 0.25},
          'learning_rate': 4.4782304000000004e-05,
          'teacher_kl_cost': 0.0,
          'teacher_policy_tta_rot180': 1.0,
          'total_games_played': 354},
 'Normalized_Entropy': {'cart': 0.9490535855293274,
                        'city_tile': 0.5594630241394043,
                        'overall': 0.7420643111760208,
                        'worker': 0.7600653767585754},
 'Teacher_KL_Divergence': {'cart': 0.0,
                           'city_tile': 0.0,
                           'overall': 0.0,
                           'worker': 0.0},
 'Value': {'bias': -1.862645149230957e-09,
           'explained_variance': 0.9998684525489807,
           'support_outside_fraction': 0.0,
           'target_std': 0.7469092011451721}}[0m
[[36m2026-08-16 11:32:19,725[0m][[34mroot[0m][[32mINFO[0m] - Steps 105984 @ 102.3 SPS / 1.6 BPS. Stats:
{'Actions': {'cart': {'MOVE': nan, 'NO-OP': nan, 'TRANSFER': nan},
             'city_tile': {'BUILD_CART': nan,
                           'BUILD_WORKER': nan,
                           'NO-OP': nan,
                           'RESEARCH': nan},
             'worker': {'BUILD_CITY': nan,
                        'MOVE': nan,
                        'NO-OP': nan,
                        'PILLAGE': nan,
                        'TRANSFER': nan}},
 'Active_Entities': {'cart': 88, 'city_tile': 226, 'worker': 487},
 'Behavior_Policy': {'actor_version_max': 105536,
                     'actor_version_min': 104960,
                     'beta': 0.0,
                     'buffer_lag_max': 960,
                     'ema_kl': None,
                     'forward_kl': 0.02027910016477108,
                     'learner_version': 105920,
                     'log_rho_max': 0.7312381267547607,
                     'log_rho_mean': -0.13407790660858154,
                     'log_rho_p95': 0.38198205828666687,
                     'reverse_kl': 0.01859862171113491,
                     'target': None,
                     'vtrace_rho_clipped_fraction': 0.296875},
 'Entropy': {'cart': 1.4694420099258423,
             'city_tile': 0.7373007535934448,
             'overall': 3.2363842725753784,
             'worker': 1.0296415090560913},
 'Env': {'carts_final': nan,
         'carts_peak': nan,
         'city_tiles_final': nan,
         'city_tiles_peak': nan,
         'max_cumulative_rewards': nan,
         'mean_cumulative_reward_magnitudes': nan,
         'mean_cumulative_rewards': nan,
         'research_points': nan,
         'separate_cities_final': nan,
         'separate_cities_peak': nan,
         'step': nan,
         'workers_final': nan,
         'workers_peak': nan},
 'Gradient': {'clipped': 1.0, 'norm_before_clip': 14.321683883666992},
 'Intent': {'accuracy': nan,
            'target_build': 0,
            'target_deliver': 0,
            'target_mine': 0,
            'target_return': 0},
 'Loss': {'baseline_loss': 0.024002086371183395,
          'behavior_kl_loss': 0.0,
          'entropy_loss': -0.15947526693344116,
          'intent_aux_loss': 0.0,
          'rule_aux_loss': 0.0,
          'teacher_baseline_loss': 0.0,
          'teacher_kl_loss': 0.0,
          'total_loss': 5.050173282623291,
          'upgo_pg_loss': 6.5627617835998535,
          'vtrace_pg_loss': -1.3771153688430786},
 'Misc': {'actor_policy_tta_rot180': 1.0,
          'league_opponents': {'first_place': 0.75, 'selfplay': 0.25},
          'learning_rate': 4.475696e-05,
          'teacher_kl_cost': 0.0,
          'teacher_policy_tta_rot180': 1.0,
          'total_games_played': 357},
 'Normalized_Entropy': {'cart': 0.9415939450263977,
                        'city_tile': 0.7311941385269165,
                        'overall': 0.7036403932523787,
                        'worker': 0.6478558778762817},
 'Teacher_KL_Divergence': {'cart': 0.0,
                           'city_tile': 0.0,
                           'overall': 0.0,
                           'worker': 0.0},
 'Value': {'bias': 3.259629011154175e-09,
           'explained_variance': 0.9989504218101501,
           'support_outside_fraction': 0.0,
           'target_std': 0.7607507109642029}}[0m
[[36m2026-08-16 11:32:24,731[0m][[34mroot[0m][[32mINFO[0m] - Saving checkpoint to 0106496[0m
[[36m2026-08-16 11:32:24,877[0m][[34mroot[0m][[32mINFO[0m] - Verified learner-to-actor model synchronization: max_abs_diff=0[0m
[[36m2026-08-16 11:32:24,887[0m][[34mroot[0m][[32mINFO[0m] - Checkpoint learner delta from run start: max_abs_diff=0.632966936[0m
[[36m2026-08-16 11:32:24,936[0m][[34mroot[0m][[32mINFO[0m] - Steps 106496 @ 98.3 SPS / 1.5 BPS. Stats:
{'Actions': {'cart': {'MOVE': nan, 'NO-OP': nan, 'TRANSFER': nan},
             'city_tile': {'BUILD_CART': nan,
                           'BUILD_WORKER': nan,
                           'NO-OP': nan,
                           'RESEARCH': nan},
             'worker': {'BUILD_CITY': nan,
                        'MOVE': nan,
                        'NO-OP': nan,
                        'PILLAGE': nan,
                        'TRANSFER': nan}},
 'Active_Entities': {'cart': 164, 'city_tile': 474, 'worker': 453},
 'Behavior_Policy': {'actor_version_max': 106048,
                     'actor_version_min': 105664,
                     'beta': 0.0,
                     'buffer_lag_max': 768,
                     'ema_kl': None,
                     'forward_kl': 0.01608661375939846,
                     'learner_version': 106432,
                     'log_rho_max': 1.7041702270507812,
                     'log_rho_mean': -0.07408399879932404,
                     'log_rho_p95': 0.28858691453933716,
                     'reverse_kl': 0.015230846591293812,
                     'target': None,
                     'vtrace_rho_clipped_fraction': 0.25},
 'Entropy': {'cart': 1.5005152225494385,
             'city_tile': 0.15791141986846924,
             'overall': 2.988905429840088,
             'worker': 1.3304787874221802},
 'Env': {'carts_final': nan,
         'carts_peak': nan,
         'city_tiles_final': nan,
         'city_tiles_peak': nan,
         'max_cumulative_rewards': nan,
         'mean_cumulative_reward_magnitudes': nan,
         'mean_cumulative_rewards': nan,
         'research_points': nan,
         'separate_cities_final': nan,
         'separate_cities_peak': nan,
         'step': nan,
         'workers_final': nan,
         'workers_peak': nan},
 'Gradient': {'clipped': 0.0, 'norm_before_clip': 6.697668552398682},
 'Intent': {'accuracy': nan,
            'target_build': 0,
            'target_deliver': 0,
            'target_mine': 0,
            'target_return': 0},
 'Loss': {'baseline_loss': 0.0020842731464654207,
          'behavior_kl_loss': 0.0,
          'entropy_loss': -0.18472826480865479,
          'intent_aux_loss': 0.0,
          'rule_aux_loss': 0.0,
          'teacher_baseline_loss': 0.0,
          'teacher_kl_loss': 0.0,
          'total_loss': 0.39321064949035645,
          'upgo_pg_loss': 1.5097105503082275,
          'vtrace_pg_loss': -0.9338558912277222},
 'Misc': {'actor_policy_tta_rot180': 1.0,
          'league_opponents': {'first_place': 0.75, 'selfplay': 0.25},
          'learning_rate': 4.4731616e-05,
          'teacher_kl_cost': 0.0,
          'teacher_policy_tta_rot180': 1.0,
          'total_games_played': 359},
 'Normalized_Entropy': {'cart': 0.957936704158783,
                        'city_tile': 0.15617071092128754,
                        'overall': 0.5521724845541387,
                        'worker': 0.8196327686309814},
 'Teacher_KL_Divergence': {'cart': 0.0,
                           'city_tile': 0.0,
                           'overall': 0.0,
                           'worker': 0.0},
 'Value': {'bias': 3.259629011154175e-09,
           'explained_variance': 0.9999024868011475,
           'support_outside_fraction': 0.0,
           'target_std': 0.7507818937301636}}[0m
[[36m2026-08-16 11:32:29,941[0m][[34mroot[0m][[32mINFO[0m] - Steps 107008 @ 102.3 SPS / 1.6 BPS. Stats:
{'Actions': {'cart': {'MOVE': 0.8728010825439784,
                      'NO-OP': 0.12719891745602166,
                      'TRANSFER': 0.0},
             'city_tile': {'BUILD_CART': 0.06575963718820861,
                           'BUILD_WORKER': 0.11791383219954649,
                           'NO-OP': 0.6678004535147393,
                           'RESEARCH': 0.14852607709750568},
             'worker': {'BUILD_CITY': 0.020872274143302182,
                        'MOVE': 0.559190031152648,
                        'NO-OP': 0.37881619937694705,
                        'PILLAGE': 0.02679127725856698,
                        'TRANSFER': 0.014330218068535825}},
 'Active_Entities': {'cart': 148, 'city_tile': 485, 'worker': 447},
 'Behavior_Policy': {'actor_version_max': 106752,
                     'actor_version_min': 106240,
                     'beta': 0.0,
                     'buffer_lag_max': 704,
                     'ema_kl': None,
                     'forward_kl': 0.013569653034210205,
                     'learner_version': 106944,
                     'log_rho_max': 1.7114143371582031,
                     'log_rho_mean': -0.05776344984769821,
                     'log_rho_p95': 0.4649101793766022,
                     'reverse_kl': 0.013302430510520935,
                     'target': None,
                     'vtrace_rho_clipped_fraction': 0.3671875},
 'Entropy': {'cart': 1.461000680923462,
             'city_tile': 0.4046463966369629,
             'overall': 3.007160782814026,
             'worker': 1.141513705253601},
 'Env': {'carts_final': 2.0,
         'carts_peak': 6.5,
         'city_tiles_final': 16.5,
         'city_tiles_peak': 22.5,
         'max_cumulative_rewards': 1.0,
         'mean_cumulative_reward_magnitudes': 1.0,
         'mean_cumulative_rewards': 0.0,
         'research_points': 131.0,
         'separate_cities_final': 3.0,
         'separate_cities_peak': 8.0,
         'step': 197.0,
         'workers_final': 11.5,
         'workers_peak': 16.0},
 'Gradient': {'clipped': 1.0, 'norm_before_clip': 83.32087707519531},
 'Intent': {'accuracy': nan,
            'target_build': 0,
            'target_deliver': 0,
            'target_mine': 0,
            'target_return': 0},
 'Loss': {'baseline_loss': 0.3762544095516205,
          'behavior_kl_loss': 0.0,
          'entropy_loss': -0.18454763293266296,
          'intent_aux_loss': 0.0,
          'rule_aux_loss': 0.0,
          'teacher_baseline_loss': 0.0,
          'teacher_kl_loss': 0.0,
          'total_loss': 95.03108978271484,
          'upgo_pg_loss': 72.3131332397461,
          'vtrace_pg_loss': 22.52625274658203},
 'Misc': {'actor_policy_tta_rot180': 1.0,
          'league_opponents': {'first_place': 0.75, 'selfplay': 0.25},
          'learning_rate': 4.4706272000000006e-05,
          'teacher_kl_cost': 0.0,
          'teacher_policy_tta_rot180': 1.0,
          'total_games_played': 360},
 'Normalized_Entropy': {'cart': 0.9404146075248718,
                        'city_tile': 0.39235204458236694,
                        'overall': 0.596181115673648,
                        'worker': 0.7033635377883911},
 'Teacher_KL_Divergence': {'cart': 0.0,
                           'city_tile': 0.0,
                           'overall': 0.0,
                           'worker': 0.0},
 'Value': {'bias': 1.7229467630386353e-08,
           'explained_variance': 0.9903100728988647,
           'support_outside_fraction': 0.0,
           'target_std': 0.7806161046028137}}[0m
[[36m2026-08-16 11:32:34,947[0m][[34mroot[0m][[32mINFO[0m] - Steps 107264 @ 51.2 SPS / 0.8 BPS. Stats:
{'Actions': {'cart': {'MOVE': nan, 'NO-OP': nan, 'TRANSFER': nan},
             'city_tile': {'BUILD_CART': nan,
                           'BUILD_WORKER': nan,
                           'NO-OP': nan,
                           'RESEARCH': nan},
             'worker': {'BUILD_CITY': nan,
                        'MOVE': nan,
                        'NO-OP': nan,
                        'PILLAGE': nan,
                        'TRANSFER': nan}},
 'Active_Entities': {'cart': 25, 'city_tile': 246, 'worker': 667},
 'Behavior_Policy': {'actor_version_max': 107008,
                     'actor_version_min': 106496,
                     'beta': 0.0,
                     'buffer_lag_max': 704,
                     'ema_kl': None,
                     'forward_kl': 0.017204251140356064,
                     'learner_version': 107200,
                     'log_rho_max': 1.1663150787353516,
                     'log_rho_mean': -0.18565863370895386,
                     'log_rho_p95': 0.6015719771385193,
                     'reverse_kl': 0.016683179885149002,
                     'target': None,
                     'vtrace_rho_clipped_fraction': 0.25},
 'Entropy': {'cart': 1.3412775993347168,
             'city_tile': 0.26675471663475037,
             'overall': 2.286583751440048,
             'worker': 0.678551435470581},
 'Env': {'carts_final': nan,
         'carts_peak': nan,
         'city_tiles_final': nan,
         'city_tiles_peak': nan,
         'max_cumulative_rewards': nan,
         'mean_cumulative_reward_magnitudes': nan,
         'mean_cumulative_rewards': nan,
         'research_points': nan,
         'separate_cities_final': nan,
         'separate_cities_peak': nan,
         'step': nan,
         'workers_final': nan,
         'workers_peak': nan},
 'Gradient': {'clipped': 1.0, 'norm_before_clip': 12.519125938415527},
 'Intent': {'accuracy': nan,
            'target_build': 0,
            'target_deliver': 0,
            'target_mine': 0,
            'target_return': 0},
 'Loss': {'baseline_loss': 0.009036639705300331,
          'behavior_kl_loss': 0.0,
          'entropy_loss': -0.11034948378801346,
          'intent_aux_loss': 0.0,
          'rule_aux_loss': 0.0,
          'teacher_baseline_loss': 0.0,
          'teacher_kl_loss': 0.0,
          'total_loss': 1.556753396987915,
          'upgo_pg_loss': 1.8582195043563843,
          'vtrace_pg_loss': -0.20015323162078857},
 'Misc': {'actor_policy_tta_rot180': 1.0,
          'league_opponents': {'first_place': 0.5, 'selfplay': 0.5},
          'learning_rate': 4.46936e-05,
          'teacher_kl_cost': 0.0,
          'teacher_policy_tta_rot180': 1.0,
          'total_games_played': 361},
 'Normalized_Entropy': {'cart': 0.8418354988098145,
                        'city_tile': 0.27299705147743225,
                        'overall': 0.40017337394929897,
                        'worker': 0.43052393198013306},
 'Teacher_KL_Divergence': {'cart': 0.0,
                           'city_tile': 0.0,
                           'overall': 0.0,
                           'worker': 0.0},
 'Value': {'bias': 1.511943992227316e-08,
           'explained_variance': 0.9994564056396484,
           'support_outside_fraction': 0.0,
           'target_std': 0.5795425176620483}}[0m
[[36m2026-08-16 11:32:39,954[0m][[34mroot[0m][[32mINFO[0m] - Steps 107584 @ 63.9 SPS / 1.0 BPS. Stats:
{'Actions': {'cart': {'MOVE': nan, 'NO-OP': nan, 'TRANSFER': nan},
             'city_tile': {'BUILD_CART': nan,
                           'BUILD_WORKER': nan,
                           'NO-OP': nan,
                           'RESEARCH': nan},
             'worker': {'BUILD_CITY': nan,
                        'MOVE': nan,
                        'NO-OP': nan,
                        'PILLAGE': nan,
                        'TRANSFER': nan}},
 'Active_Entities': {'cart': 0, 'city_tile': 112, 'worker': 642},
 'Behavior_Policy': {'actor_version_max': 107520,
                     'actor_version_min': 107008,
                     'beta': 0.0,
                     'buffer_lag_max': 512,
                     'ema_kl': None,
                     'forward_kl': 0.03476717323064804,
                     'learner_version': 107520,
                     'log_rho_max': 1.2932498455047607,
                     'log_rho_mean': -0.11698329448699951,
                     'log_rho_p95': 0.6358310580253601,
                     'reverse_kl': 0.03285697102546692,
                     'target': None,
                     'vtrace_rho_clipped_fraction': 0.25},
 'Entropy': {'cart': -0.0,
             'city_tile': 0.4718652367591858,
             'overall': 1.1736835837364197,
             'worker': 0.7018183469772339},
 'Env': {'carts_final': nan,
         'carts_peak': nan,
         'city_tiles_final': nan,
         'city_tiles_peak': nan,
         'max_cumulative_rewards': nan,
         'mean_cumulative_reward_magnitudes': nan,
         'mean_cumulative_rewards': nan,
         'research_points': nan,
         'separate_cities_final': nan,
         'separate_cities_peak': nan,
         'step': nan,
         'workers_final': nan,
         'workers_peak': nan},
 'Gradient': {'clipped': 1.0, 'norm_before_clip': 60.022972106933594},
 'Intent': {'accuracy': nan,
            'target_build': 0,
            'target_deliver': 0,
            'target_mine': 0,
            'target_return': 0},
 'Loss': {'baseline_loss': 0.1338045597076416,
          'behavior_kl_loss': 0.0,
          'entropy_loss': -0.10068324953317642,
          'intent_aux_loss': 0.0,
          'rule_aux_loss': 0.0,
          'teacher_baseline_loss': 0.0,
          'teacher_kl_loss': 0.0,
          'total_loss': 4.3527069091796875,
          'upgo_pg_loss': 7.221652030944824,
          'vtrace_pg_loss': -2.902066707611084},
 'Misc': {'actor_policy_tta_rot180': 1.0,
          'league_opponents': {'first_place': 0.75, 'selfplay': 0.25},
          'learning_rate': 4.4677760000000005e-05,
          'teacher_kl_cost': 0.0,
          'teacher_policy_tta_rot180': 1.0,
          'total_games_played': 363},
 'Normalized_Entropy': {'cart': 0.0,
                        'city_tile': 0.5235710144042969,
                        'overall': 0.4637382356178223,
                        'worker': 0.4533001184463501},
 'Teacher_KL_Divergence': {'cart': 0.0,
                           'city_tile': 0.0,
                           'overall': 0.0,
                           'worker': 0.0},
 'Value': {'bias': 2.2293534129858017e-08,
           'explained_variance': 0.9909923076629639,
           'support_outside_fraction': 0.0,
           'target_std': 0.5558738112449646}}[0m
[[36m2026-08-16 11:32:44,964[0m][[34mroot[0m][[32mINFO[0m] - Steps 108032 @ 89.5 SPS / 1.4 BPS. Stats:
{'Actions': {'cart': {'MOVE': nan, 'NO-OP': nan, 'TRANSFER': nan},
             'city_tile': {'BUILD_CART': nan,
                           'BUILD_WORKER': nan,
                           'NO-OP': nan,
                           'RESEARCH': nan},
             'worker': {'BUILD_CITY': nan,
                        'MOVE': nan,
                        'NO-OP': nan,
                        'PILLAGE': nan,
                        'TRANSFER': nan}},
 'Active_Entities': {'cart': 0, 'city_tile': 14, 'worker': 103},
 'Behavior_Policy': {'actor_version_max': 107776,
                     'actor_version_min': 107264,
                     'beta': 0.0,
                     'buffer_lag_max': 704,
                     'ema_kl': None,
                     'forward_kl': 0.020411711186170578,
                     'learner_version': 107968,
                     'log_rho_max': 0.6490011215209961,
                     'log_rho_mean': -0.03997785598039627,
                     'log_rho_p95': 0.0769481211900711,
                     'reverse_kl': 0.01960468664765358,
                     'target': None,
                     'vtrace_rho_clipped_fraction': 0.2890625},
 'Entropy': {'cart': -0.0,
             'city_tile': 0.36389797925949097,
             'overall': 0.8460152745246887,
             'worker': 0.48211729526519775},
 'Env': {'carts_final': nan,
         'carts_peak': nan,
         'city_tiles_final': nan,
         'city_tiles_peak': nan,
         'max_cumulative_rewards': nan,
         'mean_cumulative_reward_magnitudes': nan,
         'mean_cumulative_rewards': nan,
         'research_points': nan,
         'separate_cities_final': nan,
         'separate_cities_peak': nan,
         'step': nan,
         'workers_final': nan,
         'workers_peak': nan},
 'Gradient': {'clipped': 1.0, 'norm_before_clip': 16.244253158569336},
 'Intent': {'accuracy': nan,
            'target_build': 0,
            'target_deliver': 0,
            'target_mine': 0,
            'target_return': 0},
 'Loss': {'baseline_loss': 0.05345597118139267,
          'behavior_kl_loss': 0.0,
          'entropy_loss': -0.01095052994787693,
          'intent_aux_loss': 0.0,
          'rule_aux_loss': 0.0,
          'teacher_baseline_loss': 0.0,
          'teacher_kl_loss': 0.0,
          'total_loss': 0.604207456111908,
          'upgo_pg_loss': 0.4207767844200134,
          'vtrace_pg_loss': 0.14092521369457245},
 'Misc': {'actor_policy_tta_rot180': 1.0,
          'league_opponents': {'first_place': 1.0, 'selfplay': 0.0},
          'learning_rate': 4.4655584e-05,
          'teacher_kl_cost': 0.0,
          'teacher_policy_tta_rot180': 1.0,
          'total_games_played': 363},
 'Normalized_Entropy': {'cart': 0.0,
                        'city_tile': 0.5203858017921448,
                        'overall': 0.34578868542980945,
                        'worker': 0.3220570385456085},
 'Teacher_KL_Divergence': {'cart': 0.0,
                           'city_tile': 0.0,
                           'overall': 0.0,
                           'worker': 0.0},
 'Value': {'bias': -1.7229467630386353e-08,
           'explained_variance': 0.996579647064209,
           'support_outside_fraction': 0.0,
           'target_std': 0.6988584995269775}}[0m
[[36m2026-08-16 11:32:49,971[0m][[34mroot[0m][[32mINFO[0m] - Steps 108288 @ 51.1 SPS / 0.8 BPS. Stats:
{'Actions': {'cart': {'MOVE': nan, 'NO-OP': nan, 'TRANSFER': nan},
             'city_tile': {'BUILD_CART': nan,
                           'BUILD_WORKER': nan,
                           'NO-OP': nan,
                           'RESEARCH': nan},
             'worker': {'BUILD_CITY': nan,
                        'MOVE': nan,
                        'NO-OP': nan,
                        'PILLAGE': nan,
                        'TRANSFER': nan}},
 'Active_Entities': {'cart': 0, 'city_tile': 441, 'worker': 601},
 'Behavior_Policy': {'actor_version_max': 108032,
                     'actor_version_min': 107520,
                     'beta': 0.0,
                     'buffer_lag_max': 704,
                     'ema_kl': None,
                     'forward_kl': 0.011444056406617165,
                     'learner_version': 108224,
                     'log_rho_max': 1.1692676544189453,
                     'log_rho_mean': -0.04728710278868675,
                     'log_rho_p95': 0.6959668397903442,
                     'reverse_kl': 0.01164612453430891,
                     'target': None,
                     'vtrace_rho_clipped_fraction': 0.4140625},
 'Entropy': {'cart': -0.0,
             'city_tile': 0.0708385705947876,
             'overall': 0.9439994692802429,
             'worker': 0.8731608986854553},
 'Env': {'carts_final': nan,
         'carts_peak': nan,
         'city_tiles_final': nan,
         'city_tiles_peak': nan,
         'max_cumulative_rewards': nan,
         'mean_cumulative_reward_magnitudes': nan,
         'mean_cumulative_rewards': nan,
         'research_points': nan,
         'separate_cities_final': nan,
         'separate_cities_peak': nan,
         'step': nan,
         'workers_final': nan,
         'workers_peak': nan},
 'Gradient': {'clipped': 1.0, 'norm_before_clip': 13.59873104095459},
 'Intent': {'accuracy': nan,
            'target_build': 0,
            'target_deliver': 0,
            'target_mine': 0,
            'target_return': 0},
 'Loss': {'baseline_loss': 0.00922389142215252,
          'behavior_kl_loss': 0.0,
          'entropy_loss': -0.11120190471410751,
          'intent_aux_loss': 0.0,
          'rule_aux_loss': 0.0,
          'teacher_baseline_loss': 0.0,
          'teacher_kl_loss': 0.0,
          'total_loss': 2.555906057357788,
          'upgo_pg_loss': 3.312549591064453,
          'vtrace_pg_loss': -0.654665470123291},
 'Misc': {'actor_policy_tta_rot180': 1.0,
          'league_opponents': {'first_place': 0.5, 'selfplay': 0.5},
          'learning_rate': 4.4642912000000005e-05,
          'teacher_kl_cost': 0.0,
          'teacher_policy_tta_rot180': 1.0,
          'total_games_played': 363},
 'Normalized_Entropy': {'cart': 0.0,
                        'city_tile': 0.07533338665962219,
                        'overall': 0.34673869343842745,
                        'worker': 0.545889675617218},
 'Teacher_KL_Divergence': {'cart': 0.0,
                           'city_tile': 0.0,
                           'overall': 0.0,
                           'worker': 0.0},
 'Value': {'bias': 1.0608346201479435e-08,
           'explained_variance': 0.9994682669639587,
           'support_outside_fraction': 0.0,
           'target_std': 0.5864035487174988}}[0m
[[36m2026-08-16 11:32:54,977[0m][[34mroot[0m][[32mINFO[0m] - Steps 108288 @ 0.0 SPS / 0.0 BPS. Stats:
{'Actions': {'cart': {'MOVE': nan, 'NO-OP': nan, 'TRANSFER': nan},
             'city_tile': {'BUILD_CART': nan,
                           'BUILD_WORKER': nan,
                           'NO-OP': nan,
                           'RESEARCH': nan},
             'worker': {'BUILD_CITY': nan,
                        'MOVE': nan,
                        'NO-OP': nan,
                        'PILLAGE': nan,
                        'TRANSFER': nan}},
 'Active_Entities': {'cart': 0, 'city_tile': 441, 'worker': 601},
 'Behavior_Policy': {'actor_version_max': 108032,
                     'actor_version_min': 107520,
                     'beta': 0.0,
                     'buffer_lag_max': 704,
                     'ema_kl': None,
                     'forward_kl': 0.011444056406617165,
                     'learner_version': 108224,
                     'log_rho_max': 1.1692676544189453,
                     'log_rho_mean': -0.04728710278868675,
                     'log_rho_p95': 0.6959668397903442,
                     'reverse_kl': 0.01164612453430891,
                     'target': None,
                     'vtrace_rho_clipped_fraction': 0.4140625},
 'Entropy': {'cart': -0.0,
             'city_tile': 0.0708385705947876,
             'overall': 0.9439994692802429,
             'worker': 0.8731608986854553},
 'Env': {'carts_final': nan,
         'carts_peak': nan,
         'city_tiles_final': nan,
         'city_tiles_peak': nan,
         'max_cumulative_rewards': nan,
         'mean_cumulative_reward_magnitudes': nan,
         'mean_cumulative_rewards': nan,
         'research_points': nan,
         'separate_cities_final': nan,
         'separate_cities_peak': nan,
         'step': nan,
         'workers_final': nan,
         'workers_peak': nan},
 'Gradient': {'clipped': 1.0, 'norm_before_clip': 13.59873104095459},
 'Intent': {'accuracy': nan,
            'target_build': 0,
            'target_deliver': 0,
            'target_mine': 0,
            'target_return': 0},
 'Loss': {'baseline_loss': 0.00922389142215252,
          'behavior_kl_loss': 0.0,
          'entropy_loss': -0.11120190471410751,
          'intent_aux_loss': 0.0,
          'rule_aux_loss': 0.0,
          'teacher_baseline_loss': 0.0,
          'teacher_kl_loss': 0.0,
          'total_loss': 2.555906057357788,
          'upgo_pg_loss': 3.312549591064453,
          'vtrace_pg_loss': -0.654665470123291},
 'Misc': {'actor_policy_tta_rot180': 1.0,
          'league_opponents': {'first_place': 0.5, 'selfplay': 0.5},
          'learning_rate': 4.4642912000000005e-05,
          'teacher_kl_cost': 0.0,
          'teacher_policy_tta_rot180': 1.0,
          'total_games_played': 363},
 'Normalized_Entropy': {'cart': 0.0,
                        'city_tile': 0.07533338665962219,
                        'overall': 0.34673869343842745,
                        'worker': 0.545889675617218},
 'Teacher_KL_Divergence': {'cart': 0.0,
                           'city_tile': 0.0,
                           'overall': 0.0,
                           'worker': 0.0},
 'Value': {'bias': 1.0608346201479435e-08,
           'explained_variance': 0.9994682669639587,
           'support_outside_fraction': 0.0,
           'target_std': 0.5864035487174988}}[0m
[[36m2026-08-16 11:32:59,982[0m][[34mroot[0m][[32mINFO[0m] - Steps 108608 @ 63.9 SPS / 1.0 BPS. Stats:
{'Actions': {'cart': {'MOVE': nan, 'NO-OP': nan, 'TRANSFER': nan},
             'city_tile': {'BUILD_CART': nan,
                           'BUILD_WORKER': nan,
                           'NO-OP': nan,
                           'RESEARCH': nan},
             'worker': {'BUILD_CITY': nan,
                        'MOVE': nan,
                        'NO-OP': nan,
                        'PILLAGE': nan,
                        'TRANSFER': nan}},
 'Active_Entities': {'cart': 6, 'city_tile': 162, 'worker': 726},
 'Behavior_Policy': {'actor_version_max': 108352,
                     'actor_version_min': 108032,
                     'beta': 0.0,
                     'buffer_lag_max': 512,
                     'ema_kl': None,
                     'forward_kl': 0.017564160749316216,
                     'learner_version': 108544,
                     'log_rho_max': 1.3756170272827148,
                     'log_rho_mean': -0.11857615411281586,
                     'log_rho_p95': 0.5196086168289185,
                     'reverse_kl': 0.016931096091866493,
                     'target': None,
                     'vtrace_rho_clipped_fraction': 0.2734375},
 'Entropy': {'cart': 1.01138436794281,
             'city_tile': 0.5368821620941162,
             'overall': 2.1270822286605835,
             'worker': 0.5788156986236572},
 'Env': {'carts_final': nan,
         'carts_peak': nan,
         'city_tiles_final': nan,
         'city_tiles_peak': nan,
         'max_cumulative_rewards': nan,
         'mean_cumulative_reward_magnitudes': nan,
         'mean_cumulative_rewards': nan,
         'research_points': nan,
         'separate_cities_final': nan,
         'separate_cities_peak': nan,
         'step': nan,
         'workers_final': nan,
         'workers_peak': nan},
 'Gradient': {'clipped': 1.0, 'norm_before_clip': 74.66605377197266},
 'Intent': {'accuracy': nan,
            'target_build': 0,
            'target_deliver': 0,
            'target_mine': 0,
            'target_return': 0},
 'Loss': {'baseline_loss': 0.17017799615859985,
          'behavior_kl_loss': 0.0,
          'entropy_loss': -0.10265268385410309,
          'intent_aux_loss': 0.0,
          'rule_aux_loss': 0.0,
          'teacher_baseline_loss': 0.0,
          'teacher_kl_loss': 0.0,
          'total_loss': 11.302762985229492,
          'upgo_pg_loss': 8.147625923156738,
          'vtrace_pg_loss': 3.087611198425293},
 'Misc': {'actor_policy_tta_rot180': 1.0,
          'league_opponents': {'first_place': 0.75, 'selfplay': 0.25},
          'learning_rate': 4.4627072e-05,
          'teacher_kl_cost': 0.0,
          'teacher_policy_tta_rot180': 1.0,
          'total_games_played': 364},
 'Normalized_Entropy': {'cart': 0.7126504778862,
                        'city_tile': 0.6602140069007874,
                        'overall': 0.4267495972598159,
                        'worker': 0.3722914159297943},
 'Teacher_KL_Divergence': {'cart': 0.0,
                           'city_tile': 0.0,
                           'overall': 0.0,
                           'worker': 0.0},
 'Value': {'bias': -6.984919309616089e-10,
           'explained_variance': 0.9906959533691406,
           'support_outside_fraction': 0.0,
           'target_std': 0.5711643099784851}}[0m
[[36m2026-08-16 11:33:04,988[0m][[34mroot[0m][[32mINFO[0m] - Steps 108800 @ 38.4 SPS / 0.6 BPS. Stats:
{'Actions': {'cart': {'MOVE': nan, 'NO-OP': nan, 'TRANSFER': nan},
             'city_tile': {'BUILD_CART': nan,
                           'BUILD_WORKER': nan,
                           'NO-OP': nan,
                           'RESEARCH': nan},
             'worker': {'BUILD_CITY': nan,
                        'MOVE': nan,
                        'NO-OP': nan,
                        'PILLAGE': nan,
                        'TRANSFER': nan}},
 'Active_Entities': {'cart': 0, 'city_tile': 295, 'worker': 523},
 'Behavior_Policy': {'actor_version_max': 108352,
                     'actor_version_min': 108032,
                     'beta': 0.0,
                     'buffer_lag_max': 704,
                     'ema_kl': None,
                     'forward_kl': 0.01140304934233427,
                     'learner_version': 108736,
                     'log_rho_max': 1.1624794006347656,
                     'log_rho_mean': -0.08273126184940338,
                     'log_rho_p95': 0.7790368795394897,
                     'reverse_kl': 0.011110827326774597,
                     'target': None,
                     'vtrace_rho_clipped_fraction': 0.2734375},
 'Entropy': {'cart': -0.0,
             'city_tile': 0.19296443462371826,
             'overall': 0.9085739850997925,
             'worker': 0.7156095504760742},
 'Env': {'carts_final': nan,
         'carts_peak': nan,
         'city_tiles_final': nan,
         'city_tiles_peak': nan,
         'max_cumulative_rewards': nan,
         'mean_cumulative_reward_magnitudes': nan,
         'mean_cumulative_rewards': nan,
         'research_points': nan,
         'separate_cities_final': nan,
         'separate_cities_peak': nan,
         'step': nan,
         'workers_final': nan,
         'workers_peak': nan},
 'Gradient': {'clipped': 1.0, 'norm_before_clip': 13.131998062133789},
 'Intent': {'accuracy': nan,
            'target_build': 0,
            'target_deliver': 0,
            'target_mine': 0,
            'target_return': 0},
 'Loss': {'baseline_loss': 0.006932759657502174,
          'behavior_kl_loss': 0.0,
          'entropy_loss': -0.08623765408992767,
          'intent_aux_loss': 0.0,
          'rule_aux_loss': 0.0,
          'teacher_baseline_loss': 0.0,
          'teacher_kl_loss': 0.0,
          'total_loss': 5.466588973999023,
          'upgo_pg_loss': 4.804677963256836,
          'vtrace_pg_loss': 0.7412156462669373},
 'Misc': {'actor_policy_tta_rot180': 1.0,
          'league_opponents': {'first_place': 0.5, 'selfplay': 0.5},
          'learning_rate': 4.4617568000000004e-05,
          'teacher_kl_cost': 0.0,
          'teacher_policy_tta_rot180': 1.0,
          'total_games_played': 364},
 'Normalized_Entropy': {'cart': 0.0,
                        'city_tile': 0.21451810002326965,
                        'overall': 0.36198525210901694,
                        'worker': 0.44516462087631226},
 'Teacher_KL_Divergence': {'cart': 0.0,
                           'city_tile': 0.0,
                           'overall': 0.0,
                           'worker': 0.0},
 'Value': {'bias': -2.115120878443122e-08,
           'explained_variance': 0.9996010661125183,
           'support_outside_fraction': 0.0,
           'target_std': 0.6018645763397217}}[0m
[[36m2026-08-16 11:33:09,994[0m][[34mroot[0m][[32mINFO[0m] - Steps 109120 @ 63.9 SPS / 1.0 BPS. Stats:
{'Actions': {'cart': {'MOVE': nan, 'NO-OP': nan, 'TRANSFER': nan},
             'city_tile': {'BUILD_CART': nan,
                           'BUILD_WORKER': nan,
                           'NO-OP': nan,
                           'RESEARCH': nan},
             'worker': {'BUILD_CITY': nan,
                        'MOVE': nan,
                        'NO-OP': nan,
                        'PILLAGE': nan,
                        'TRANSFER': nan}},
 'Active_Entities': {'cart': 0, 'city_tile': 599, 'worker': 647},
 'Behavior_Policy': {'actor_version_max': 108864,
                     'actor_version_min': 108288,
                     'beta': 0.0,
                     'buffer_lag_max': 768,
                     'ema_kl': None,
                     'forward_kl': 0.03332751616835594,
                     'learner_version': 109056,
                     'log_rho_max': 1.2200579643249512,
                     'log_rho_mean': -0.18757006525993347,
                     'log_rho_p95': 0.4815673828125,
                     'reverse_kl': 0.033634867519140244,
                     'target': None,
                     'vtrace_rho_clipped_fraction': 0.1953125},
 'Entropy': {'cart': -0.0,
             'city_tile': 0.052564963698387146,
             'overall': 0.9298965781927109,
             'worker': 0.8773316144943237},
 'Env': {'carts_final': nan,
         'carts_peak': nan,
         'city_tiles_final': nan,
         'city_tiles_peak': nan,
         'max_cumulative_rewards': nan,
         'mean_cumulative_reward_magnitudes': nan,
         'mean_cumulative_rewards': nan,
         'research_points': nan,
         'separate_cities_final': nan,
         'separate_cities_peak': nan,
         'step': nan,
         'workers_final': nan,
         'workers_peak': nan},
 'Gradient': {'clipped': 1.0, 'norm_before_clip': 23.54665756225586},
 'Intent': {'accuracy': nan,
            'target_build': 0,
            'target_deliver': 0,
            'target_mine': 0,
            'target_return': 0},
 'Loss': {'baseline_loss': 0.04684177041053772,
          'behavior_kl_loss': 0.0,
          'entropy_loss': -0.11982399970293045,
          'intent_aux_loss': 0.0,
          'rule_aux_loss': 0.0,
          'teacher_baseline_loss': 0.0,
          'teacher_kl_loss': 0.0,
          'total_loss': 3.2019989490509033,
          'upgo_pg_loss': 3.186502456665039,
          'vtrace_pg_loss': 0.0884784460067749},
 'Misc': {'actor_policy_tta_rot180': 1.0,
          'league_opponents': {'first_place': 0.75, 'selfplay': 0.25},
          'learning_rate': 4.460172800000001e-05,
          'teacher_kl_cost': 0.0,
          'teacher_policy_tta_rot180': 1.0,
          'total_games_played': 366},
 'Normalized_Entropy': {'cart': 0.0,
                        'city_tile': 0.05823124572634697,
                        'overall': 0.3228451357182731,
                        'worker': 0.5678277015686035},
 'Teacher_KL_Divergence': {'cart': 0.0,
                           'city_tile': 0.0,
                           'overall': 0.0,
                           'worker': 0.0},
 'Value': {'bias': 8.294591680169106e-09,
           'explained_variance': 0.998151957988739,
           'support_outside_fraction': 0.0,
           'target_std': 0.6424827575683594}}[0m
[[36m2026-08-16 11:33:14,999[0m][[34mroot[0m][[32mINFO[0m] - Steps 109312 @ 38.4 SPS / 0.6 BPS. Stats:
{'Actions': {'cart': {'MOVE': nan, 'NO-OP': nan, 'TRANSFER': nan},
             'city_tile': {'BUILD_CART': nan,
                           'BUILD_WORKER': nan,
                           'NO-OP': nan,
                           'RESEARCH': nan},
             'worker': {'BUILD_CITY': nan,
                        'MOVE': nan,
                        'NO-OP': nan,
                        'PILLAGE': nan,
                        'TRANSFER': nan}},
 'Active_Entities': {'cart': 0, 'city_tile': 42, 'worker': 183},
 'Behavior_Policy': {'actor_version_max': 108864,
                     'actor_version_min': 108288,
                     'beta': 0.0,
                     'buffer_lag_max': 960,
                     'ema_kl': None,
                     'forward_kl': 0.019822604954242706,
                     'learner_version': 109248,
                     'log_rho_max': 0.8324263095855713,
                     'log_rho_mean': -0.04991275817155838,
                     'log_rho_p95': 0.1953401267528534,
                     'reverse_kl': 0.021429462358355522,
                     'target': None,
                     'vtrace_rho_clipped_fraction': 0.265625},
 'Entropy': {'cart': -0.0,
             'city_tile': 0.4770357012748718,
             'overall': 0.9959742426872253,
             'worker': 0.5189385414123535},
 'Env': {'carts_final': nan,
         'carts_peak': nan,
         'city_tiles_final': nan,
         'city_tiles_peak': nan,
         'max_cumulative_rewards': nan,
         'mean_cumulative_reward_magnitudes': nan,
         'mean_cumulative_rewards': nan,
         'research_points': nan,
         'separate_cities_final': nan,
         'separate_cities_peak': nan,
         'step': nan,
         'workers_final': nan,
         'workers_peak': nan},
 'Gradient': {'clipped': 1.0, 'norm_before_clip': 36.10068130493164},
 'Intent': {'accuracy': nan,
            'target_build': 0,
            'target_deliver': 0,
            'target_mine': 0,
            'target_return': 0},
 'Loss': {'baseline_loss': 0.4113342761993408,
          'behavior_kl_loss': 0.0,
          'entropy_loss': -0.02300024963915348,
          'intent_aux_loss': 0.0,
          'rule_aux_loss': 0.0,
          'teacher_baseline_loss': 0.0,
          'teacher_kl_loss': 0.0,
          'total_loss': 0.27480149269104004,
          'upgo_pg_loss': 0.7929404377937317,
          'vtrace_pg_loss': -0.9064729809761047},
 'Misc': {'actor_policy_tta_rot180': 1.0,
          'league_opponents': {'first_place': 1.0, 'selfplay': 0.0},
          'learning_rate': 4.4592224e-05,
          'teacher_kl_cost': 0.0,
          'teacher_policy_tta_rot180': 1.0,
          'total_games_played': 368},
 'Normalized_Entropy': {'cart': 0.0,
                        'city_tile': 0.6593813896179199,
                        'overall': 0.40563738226890567,
                        'worker': 0.34740105271339417},
 'Teacher_KL_Divergence': {'cart': 0.0,
                           'city_tile': 0.0,
                           'overall': 0.0,
                           'worker': 0.0},
 'Value': {'bias': -5.122274160385132e-09,
           'explained_variance': 0.9685539603233337,
           'support_outside_fraction': 0.0,
           'target_std': 0.6393511891365051}}[0m
[[36m2026-08-16 11:33:20,004[0m][[34mroot[0m][[32mINFO[0m] - Steps 109824 @ 102.3 SPS / 1.6 BPS. Stats:
{'Actions': {'cart': {'MOVE': nan, 'NO-OP': nan, 'TRANSFER': nan},
             'city_tile': {'BUILD_CART': nan,
                           'BUILD_WORKER': nan,
                           'NO-OP': nan,
                           'RESEARCH': nan},
             'worker': {'BUILD_CITY': nan,
                        'MOVE': nan,
                        'NO-OP': nan,
                        'PILLAGE': nan,
                        'TRANSFER': nan}},
 'Active_Entities': {'cart': 0, 'city_tile': 54, 'worker': 232},
 'Behavior_Policy': {'actor_version_max': 109568,
                     'actor_version_min': 108992,
                     'beta': 0.0,
                     'buffer_lag_max': 768,
                     'ema_kl': None,
                     'forward_kl': 0.016681095585227013,
                     'learner_version': 109760,
                     'log_rho_max': 1.3393592834472656,
                     'log_rho_mean': -0.061865512281656265,
                     'log_rho_p95': 0.29428619146347046,
                     'reverse_kl': 0.015635579824447632,
                     'target': None,
                     'vtrace_rho_clipped_fraction': 0.28125},
 'Entropy': {'cart': -0.0,
             'city_tile': 0.38995158672332764,
             'overall': 0.7885308861732483,
             'worker': 0.39857929944992065},
 'Env': {'carts_final': nan,
         'carts_peak': nan,
         'city_tiles_final': nan,
         'city_tiles_peak': nan,
         'max_cumulative_rewards': nan,
         'mean_cumulative_reward_magnitudes': nan,
         'mean_cumulative_rewards': nan,
         'research_points': nan,
         'separate_cities_final': nan,
         'separate_cities_peak': nan,
         'step': nan,
         'workers_final': nan,
         'workers_peak': nan},
 'Gradient': {'clipped': 1.0, 'norm_before_clip': 34.92066192626953},
 'Intent': {'accuracy': nan,
            'target_build': 0,
            'target_deliver': 0,
            'target_mine': 0,
            'target_return': 0},
 'Loss': {'baseline_loss': 0.1054772362112999,
          'behavior_kl_loss': 0.0,
          'entropy_loss': -0.022705556824803352,
          'intent_aux_loss': 0.0,
          'rule_aux_loss': 0.0,
          'teacher_baseline_loss': 0.0,
          'teacher_kl_loss': 0.0,
          'total_loss': 0.4989795684814453,
          'upgo_pg_loss': 1.0512869358062744,
          'vtrace_pg_loss': -0.635079026222229},
 'Misc': {'actor_policy_tta_rot180': 1.0,
          'league_opponents': {'first_place': 1.0, 'selfplay': 0.0},
          'learning_rate': 4.456688e-05,
          'teacher_kl_cost': 0.0,
          'teacher_policy_tta_rot180': 1.0,
          'total_games_played': 368},
 'Normalized_Entropy': {'cart': 0.0,
                        'city_tile': 0.5413928627967834,
                        'overall': 0.32444336072548285,
                        'worker': 0.27394649386405945},
 'Teacher_KL_Divergence': {'cart': 0.0,
                           'city_tile': 0.0,
                           'overall': 0.0,
                           'worker': 0.0},
 'Value': {'bias': 5.587935447692871e-09,
           'explained_variance': 0.9936484098434448,
           'support_outside_fraction': 0.0,
           'target_std': 0.7203815579414368}}[0m
[[36m2026-08-16 11:33:25,010[0m][[34mroot[0m][[32mINFO[0m] - Steps 110336 @ 102.3 SPS / 1.6 BPS. Stats:
{'Actions': {'cart': {'MOVE': 1.0, 'NO-OP': 0.0, 'TRANSFER': 0.0},
             'city_tile': {'BUILD_CART': 5.2427388067526476e-05,
                           'BUILD_WORKER': 0.007392261717521233,
                           'NO-OP': 0.9797630282059347,
                           'RESEARCH': 0.01279228268847646},
             'worker': {'BUILD_CITY': 0.01780821917808219,
                        'MOVE': 0.49736564805057953,
                        'NO-OP': 0.4596417281348788,
                        'PILLAGE': 0.0,
                        'TRANSFER': 0.02518440463645943}},
 'Active_Entities': {'cart': 0, 'city_tile': 72, 'worker': 207},
 'Behavior_Policy': {'actor_version_max': 110080,
                     'actor_version_min': 109568,
                     'beta': 0.0,
                     'buffer_lag_max': 704,
                     'ema_kl': None,
                     'forward_kl': 0.021856874227523804,
                     'learner_version': 110272,
                     'log_rho_max': 0.7841711044311523,
                     'log_rho_mean': -0.07100196927785873,
                     'log_rho_p95': 0.2579902112483978,
                     'reverse_kl': 0.02077014371752739,
                     'target': None,
                     'vtrace_rho_clipped_fraction': 0.28125},
 'Entropy': {'cart': -0.0,
             'city_tile': 0.4639904201030731,
             'overall': 1.0526569783687592,
             'worker': 0.588666558265686},
 'Env': {'carts_final': 0.0,
         'carts_peak': 0.5,
         'city_tiles_final': 4.0,
         'city_tiles_peak': 53.0,
         'max_cumulative_rewards': 1.0,
         'mean_cumulative_reward_magnitudes': 1.0,
         'mean_cumulative_rewards': 0.0,
         'research_points': 122.0,
         'separate_cities_final': 1.0,
         'separate_cities_peak': 11.5,
         'step': 361.0,
         'workers_final': 2.5,
         'workers_peak': 27.5},
 'Gradient': {'clipped': 1.0, 'norm_before_clip': 105.1099624633789},
 'Intent': {'accuracy': nan,
            'target_build': 0,
            'target_deliver': 0,
            'target_mine': 0,
            'target_return': 0},
 'Loss': {'baseline_loss': 0.8649241924285889,
          'behavior_kl_loss': 0.0,
          'entropy_loss': -0.031052257865667343,
          'intent_aux_loss': 0.0,
          'rule_aux_loss': 0.0,
          'teacher_baseline_loss': 0.0,
          'teacher_kl_loss': 0.0,
          'total_loss': -3.517881393432617,
          'upgo_pg_loss': -1.3422057628631592,
          'vtrace_pg_loss': -3.009547472000122},
 'Misc': {'actor_policy_tta_rot180': 1.0,
          'league_opponents': {'first_place': 1.0, 'selfplay': 0.0},
          'learning_rate': 4.4541536e-05,
          'teacher_kl_cost': 0.0,
          'teacher_policy_tta_rot180': 1.0,
          'total_games_played': 371},
 'Normalized_Entropy': {'cart': 0.0,
                        'city_tile': 0.6679490804672241,
                        'overall': 0.47906175640321547,
                        'worker': 0.4133618175983429},
 'Teacher_KL_Divergence': {'cart': 0.0,
                           'city_tile': 0.0,
                           'overall': 0.0,
                           'worker': 0.0},
 'Value': {'bias': -2.2118911147117615e-09,
           'explained_variance': 0.9413232803344727,
           'support_outside_fraction': 0.0,
           'target_std': 0.6787050366401672}}[0m
[[36m2026-08-16 11:33:30,015[0m][[34mroot[0m][[32mINFO[0m] - Steps 110784 @ 89.5 SPS / 1.4 BPS. Stats:
{'Actions': {'cart': {'MOVE': 0.7916666666666666,
                      'NO-OP': 0.20833333333333334,
                      'TRANSFER': 0.0},
             'city_tile': {'BUILD_CART': 9.781864423359092e-05,
                           'BUILD_WORKER': 0.009292771202191137,
                           'NO-OP': 0.9755453389416022,
                           'RESEARCH': 0.015064071211973002},
             'worker': {'BUILD_CITY': 0.01835968909139641,
                        'MOVE': 0.47453765746448673,
                        'NO-OP': 0.49906191369606,
                        'PILLAGE': 0.0,
                        'TRANSFER': 0.008040739748056821}},
 'Active_Entities': {'cart': 0, 'city_tile': 1017, 'worker': 829},
 'Behavior_Policy': {'actor_version_max': 110592,
                     'actor_version_min': 110080,
                     'beta': 0.0,
                     'buffer_lag_max': 640,
                     'ema_kl': None,
                     'forward_kl': 0.01084793172776699,
                     'learner_version': 110720,
                     'log_rho_max': 1.2400932312011719,
                     'log_rho_mean': -0.20337677001953125,
                     'log_rho_p95': 0.5502997636795044,
                     'reverse_kl': 0.010104689747095108,
                     'target': None,
                     'vtrace_rho_clipped_fraction': 0.1953125},
 'Entropy': {'cart': -0.0,
             'city_tile': 0.0979963168501854,
             'overall': 1.0367867574095726,
             'worker': 0.9387904405593872},
 'Env': {'carts_final': 0.0,
         'carts_peak': 0.5,
         'city_tiles_final': 16.5,
         'city_tiles_peak': 30.5,
         'max_cumulative_rewards': 1.0,
         'mean_cumulative_reward_magnitudes': 1.0,
         'mean_cumulative_rewards': 0.0,
         'research_points': 77.0,
         'separate_cities_final': 1.5,
         'separate_cities_peak': 7.5,
         'step': 361.0,
         'workers_final': 6.5,
         'workers_peak': 25.5},
 'Gradient': {'clipped': 1.0, 'norm_before_clip': 30.485801696777344},
 'Intent': {'accuracy': nan,
            'target_build': 0,
            'target_deliver': 0,
            'target_mine': 0,
            'target_return': 0},
 'Loss': {'baseline_loss': 0.183488130569458,
          'behavior_kl_loss': 0.0,
          'entropy_loss': -0.17558391392230988,
          'intent_aux_loss': 0.0,
          'rule_aux_loss': 0.0,
          'teacher_baseline_loss': 0.0,
          'teacher_kl_loss': 0.0,
          'total_loss': -1.354843020439148,
          'upgo_pg_loss': 4.934057235717773,
          'vtrace_pg_loss': -6.296804428100586},
 'Misc': {'actor_policy_tta_rot180': 1.0,
          'league_opponents': {'first_place': 1.0, 'selfplay': 0.0},
          'learning_rate': 4.451936e-05,
          'teacher_kl_cost': 0.0,
          'teacher_policy_tta_rot180': 1.0,
          'total_games_played': 373},
 'Normalized_Entropy': {'cart': 0.0,
                        'city_tile': 0.09210233390331268,
                        'overall': 0.31594687521877424,
                        'worker': 0.5905547142028809},
 'Teacher_KL_Divergence': {'cart': 0.0,
                           'city_tile': 0.0,
                           'overall': 0.0,
                           'worker': 0.0},
 'Value': {'bias': 9.313225746154785e-10,
           'explained_variance': 0.9896296262741089,
           'support_outside_fraction': 0.0,
           'target_std': 0.7435868978500366}}[0m
[[36m2026-08-16 11:33:35,020[0m][[34mroot[0m][[32mINFO[0m] - Steps 111104 @ 63.9 SPS / 1.0 BPS. Stats:
{'Actions': {'cart': {'MOVE': nan, 'NO-OP': nan, 'TRANSFER': nan},
             'city_tile': {'BUILD_CART': nan,
                           'BUILD_WORKER': nan,
                           'NO-OP': nan,
                           'RESEARCH': nan},
             'worker': {'BUILD_CITY': nan,
                        'MOVE': nan,
                        'NO-OP': nan,
                        'PILLAGE': nan,
                        'TRANSFER': nan}},
 'Active_Entities': {'cart': 0, 'city_tile': 296, 'worker': 361},
 'Behavior_Policy': {'actor_version_max': 110848,
                     'actor_version_min': 110336,
                     'beta': 0.0,
                     'buffer_lag_max': 704,
                     'ema_kl': None,
                     'forward_kl': 0.01324484497308731,
                     'learner_version': 111040,
                     'log_rho_max': 1.6025753021240234,
                     'log_rho_mean': -0.015929851680994034,
                     'log_rho_p95': 0.5900466442108154,
                     'reverse_kl': 0.013687423430383205,
                     'target': None,
                     'vtrace_rho_clipped_fraction': 0.1796875},
 'Entropy': {'cart': -0.0,
             'city_tile': 0.06408726423978806,
             'overall': 0.5607858821749687,
             'worker': 0.49669861793518066},
 'Env': {'carts_final': nan,
         'carts_peak': nan,
         'city_tiles_final': nan,
         'city_tiles_peak': nan,
         'max_cumulative_rewards': nan,
         'mean_cumulative_reward_magnitudes': nan,
         'mean_cumulative_rewards': nan,
         'research_points': nan,
         'separate_cities_final': nan,
         'separate_cities_peak': nan,
         'step': nan,
         'workers_final': nan,
         'workers_peak': nan},
 'Gradient': {'clipped': 1.0, 'norm_before_clip': 14.409725189208984},
 'Intent': {'accuracy': nan,
            'target_build': 0,
            'target_deliver': 0,
            'target_mine': 0,
            'target_return': 0},
 'Loss': {'baseline_loss': 0.04505104571580887,
          'behavior_kl_loss': 0.0,
          'entropy_loss': -0.03965560346841812,
          'intent_aux_loss': 0.0,
          'rule_aux_loss': 0.0,
          'teacher_baseline_loss': 0.0,
          'teacher_kl_loss': 0.0,
          'total_loss': 0.6642380356788635,
          'upgo_pg_loss': 0.9520132541656494,
          'vtrace_pg_loss': -0.29317063093185425},
 'Misc': {'actor_policy_tta_rot180': 1.0,
          'league_opponents': {'first_place': 0.75, 'selfplay': 0.25},
          'learning_rate': 4.4503520000000007e-05,
          'teacher_kl_cost': 0.0,
          'teacher_policy_tta_rot180': 1.0,
          'total_games_played': 373},
 'Normalized_Entropy': {'cart': 0.0,
                        'city_tile': 0.08505350351333618,
                        'overall': 0.21053653021018437,
                        'worker': 0.3134256601333618},
 'Teacher_KL_Divergence': {'cart': 0.0,
                           'city_tile': 0.0,
                           'overall': 0.0,
                           'worker': 0.0},
 'Value': {'bias': -2.3283064365386963e-10,
           'explained_variance': 0.9967854022979736,
           'support_outside_fraction': 0.0,
           'target_std': 0.6066847443580627}}[0m
[[36m2026-08-16 11:33:40,025[0m][[34mroot[0m][[32mINFO[0m] - Steps 111616 @ 102.3 SPS / 1.6 BPS. Stats:
{'Actions': {'cart': {'MOVE': nan, 'NO-OP': nan, 'TRANSFER': nan},
             'city_tile': {'BUILD_CART': nan,
                           'BUILD_WORKER': nan,
                           'NO-OP': nan,
                           'RESEARCH': nan},
             'worker': {'BUILD_CITY': nan,
                        'MOVE': nan,
                        'NO-OP': nan,
                        'PILLAGE': nan,
                        'TRANSFER': nan}},
 'Active_Entities': {'cart': 0, 'city_tile': 331, 'worker': 404},
 'Behavior_Policy': {'actor_version_max': 111360,
                     'actor_version_min': 110848,
                     'beta': 0.0,
                     'buffer_lag_max': 704,
                     'ema_kl': None,
                     'forward_kl': 0.015643469989299774,
                     'learner_version': 111552,
                     'log_rho_max': 1.6575970649719238,
                     'log_rho_mean': -0.06823465973138809,
                     'log_rho_p95': 0.501143217086792,
                     'reverse_kl': 0.01572883129119873,
                     'target': None,
                     'vtrace_rho_clipped_fraction': 0.2265625},
 'Entropy': {'cart': -0.0,
             'city_tile': 0.04532024636864662,
             'overall': 0.5891308523714542,
             'worker': 0.5438106060028076},
 'Env': {'carts_final': nan,
         'carts_peak': nan,
         'city_tiles_final': nan,
         'city_tiles_peak': nan,
         'max_cumulative_rewards': nan,
         'mean_cumulative_reward_magnitudes': nan,
         'mean_cumulative_rewards': nan,
         'research_points': nan,
         'separate_cities_final': nan,
         'separate_cities_peak': nan,
         'step': nan,
         'workers_final': nan,
         'workers_peak': nan},
 'Gradient': {'clipped': 1.0, 'norm_before_clip': 20.131704330444336},
 'Intent': {'accuracy': nan,
            'target_build': 0,
            'target_deliver': 0,
            'target_mine': 0,
            'target_return': 0},
 'Loss': {'baseline_loss': 0.14415469765663147,
          'behavior_kl_loss': 0.0,
          'entropy_loss': -0.046940095722675323,
          'intent_aux_loss': 0.0,
          'rule_aux_loss': 0.0,
          'teacher_baseline_loss': 0.0,
          'teacher_kl_loss': 0.0,
          'total_loss': 0.17452028393745422,
          'upgo_pg_loss': 1.4557381868362427,
          'vtrace_pg_loss': -1.3784325122833252},
 'Misc': {'actor_policy_tta_rot180': 1.0,
          'league_opponents': {'first_place': 0.75, 'selfplay': 0.25},
          'learning_rate': 4.4478176000000005e-05,
          'teacher_kl_cost': 0.0,
          'teacher_policy_tta_rot180': 1.0,
          'total_games_played': 375},
 'Normalized_Entropy': {'cart': 0.0,
                        'city_tile': 0.0649278312921524,
                        'overall': 0.21857630271895404,
                        'worker': 0.3444615602493286},
 'Teacher_KL_Divergence': {'cart': 0.0,
                           'city_tile': 0.0,
                           'overall': 0.0,
                           'worker': 0.0},
 'Value': {'bias': 2.1653249859809875e-08,
           'explained_variance': 0.9887123107910156,
           'support_outside_fraction': 0.0,
           'target_std': 0.6045913100242615}}[0m
[[36m2026-08-16 11:33:45,030[0m][[34mroot[0m][[32mINFO[0m] - Steps 112128 @ 102.3 SPS / 1.6 BPS. Stats:
{'Actions': {'cart': {'MOVE': nan, 'NO-OP': nan, 'TRANSFER': nan},
             'city_tile': {'BUILD_CART': nan,
                           'BUILD_WORKER': nan,
                           'NO-OP': nan,
                           'RESEARCH': nan},
             'worker': {'BUILD_CITY': nan,
                        'MOVE': nan,
                        'NO-OP': nan,
                        'PILLAGE': nan,
                        'TRANSFER': nan}},
 'Active_Entities': {'cart': 0, 'city_tile': 351, 'worker': 449},
 'Behavior_Policy': {'actor_version_max': 111872,
                     'actor_version_min': 111360,
                     'beta': 0.0,
                     'buffer_lag_max': 704,
                     'ema_kl': None,
                     'forward_kl': 0.01604154147207737,
                     'learner_version': 112064,
                     'log_rho_max': 1.1339664459228516,
                     'log_rho_mean': -0.10244150459766388,
                     'log_rho_p95': 0.30014458298683167,
                     'reverse_kl': 0.016083337366580963,
                     'target': None,
                     'vtrace_rho_clipped_fraction': 0.1875},
 'Entropy': {'cart': -0.0,
             'city_tile': 0.08224858343601227,
             'overall': 0.5823180824518204,
             'worker': 0.5000694990158081},
 'Env': {'carts_final': nan,
         'carts_peak': nan,
         'city_tiles_final': nan,
         'city_tiles_peak': nan,
         'max_cumulative_rewards': nan,
         'mean_cumulative_reward_magnitudes': nan,
         'mean_cumulative_rewards': nan,
         'research_points': nan,
         'separate_cities_final': nan,
         'separate_cities_peak': nan,
         'step': nan,
         'workers_final': nan,
         'workers_peak': nan},
 'Gradient': {'clipped': 1.0, 'norm_before_clip': 43.924560546875},
 'Intent': {'accuracy': nan,
            'target_build': 0,
            'target_deliver': 0,
            'target_mine': 0,
            'target_return': 0},
 'Loss': {'baseline_loss': 0.08985991775989532,
          'behavior_kl_loss': 0.0,
          'entropy_loss': -0.05068008974194527,
          'intent_aux_loss': 0.0,
          'rule_aux_loss': 0.0,
          'teacher_baseline_loss': 0.0,
          'teacher_kl_loss': 0.0,
          'total_loss': 1.178691029548645,
          'upgo_pg_loss': 1.2530248165130615,
          'vtrace_pg_loss': -0.11351374536752701},
 'Misc': {'actor_policy_tta_rot180': 1.0,
          'league_opponents': {'first_place': 0.75, 'selfplay': 0.25},
          'learning_rate': 4.4452831999999996e-05,
          'teacher_kl_cost': 0.0,
          'teacher_policy_tta_rot180': 1.0,
          'total_games_played': 375},
 'Normalized_Entropy': {'cart': 0.0,
                        'city_tile': 0.10711841285228729,
                        'overall': 0.22527106469497085,
                        'worker': 0.3176353871822357},
 'Teacher_KL_Divergence': {'cart': 0.0,
                           'city_tile': 0.0,
                           'overall': 0.0,
                           'worker': 0.0},
 'Value': {'bias': 1.664739102125168e-08,
           'explained_variance': 0.9923231601715088,
           'support_outside_fraction': 0.0,
           'target_std': 0.5963731408119202}}[0m
./run_beat_first_place.sh: 13 行: 545139 強制終了            UV_CACHE_DIR=/tmp/lux-fork-uv-cache uv run --locked python run_monobeast.py --config-name beat_first_place_small +load_dir=/home/ueda/workspace/Kaggle_Lux_AI_2021_Fork/outputs/distill_small +checkpoint_file=best.pt weights_only=true total_steps=1000000 batch_size=4 checkpoint_freq=5.0
[ERROR:545441 monobeast:769 2026-08-16 11:33:45,944] Exception in worker process 1
Traceback (most recent call last):
  File "/home/ueda/workspace/Kaggle_Lux_AI_2021_Fork/lux_ai/torchbeast/monobeast.py", line 679, in act
    env_output = env.step(actions)
  File "/home/ueda/workspace/Kaggle_Lux_AI_2021_Fork/lux_ai/lux_gym/wrappers.py", line 310, in step
    return DictEnv._dict_env_out(super(DictEnv, self).step(action))
  File "/home/ueda/workspace/Kaggle_Lux_AI_2021_Fork/.venv/lib/python3.9/site-packages/gym/core.py", line 319, in step
    return self.env.step(action)
  File "/home/ueda/workspace/Kaggle_Lux_AI_2021_Fork/lux_ai/lux_gym/wrappers.py", line 277, in step
    return tuple([self._to_tensor(out) for out in super(PytorchEnv, self).step(action)])
  File "/home/ueda/workspace/Kaggle_Lux_AI_2021_Fork/.venv/lib/python3.9/site-packages/gym/core.py", line 319, in step
    return self.env.step(action)
  File "/home/ueda/workspace/Kaggle_Lux_AI_2021_Fork/lux_ai/lux_gym/wrappers.py", line 212, in step
    self.last_outs = self._run(lambda index: self.envs[index].step(actions[index]), list(range(len(self.envs))))
  File "/home/ueda/workspace/Kaggle_Lux_AI_2021_Fork/lux_ai/lux_gym/wrappers.py", line 179, in _run
    return list(self._executor.map(function, indices))
  File "/home/ueda/.local/share/uv/python/cpython-3.9.25-linux-x86_64-gnu/lib/python3.9/concurrent/futures/_base.py", line 609, in result_iterator
    yield fs.pop().result()
  File "/home/ueda/.local/share/uv/python/cpython-3.9.25-linux-x86_64-gnu/lib/python3.9/concurrent/futures/_base.py", line 446, in result
    return self.__get_result()
  File "/home/ueda/.local/share/uv/python/cpython-3.9.25-linux-x86_64-gnu/lib/python3.9/concurrent/futures/_base.py", line 391, in __get_result
    raise self._exception
  File "/home/ueda/.local/share/uv/python/cpython-3.9.25-linux-x86_64-gnu/lib/python3.9/concurrent/futures/thread.py", line 58, in run
    result = self.fn(*self.args, **self.kwargs)
  File "/home/ueda/workspace/Kaggle_Lux_AI_2021_Fork/lux_ai/lux_gym/wrappers.py", line 212, in <lambda>
    self.last_outs = self._run(lambda index: self.envs[index].step(actions[index]), list(range(len(self.envs))))
  File "/home/ueda/workspace/Kaggle_Lux_AI_2021_Fork/lux_ai/lux_gym/wrappers.py", line 155, in step
    obs, reward, done, info = super(LoggingEnv, self).step(action)
  File "/home/ueda/workspace/Kaggle_Lux_AI_2021_Fork/.venv/lib/python3.9/site-packages/gym/core.py", line 319, in step
    return self.env.step(action)
  File "/home/ueda/workspace/Kaggle_Lux_AI_2021_Fork/lux_ai/lux_gym/wrappers.py", line 55, in step
    obs, reward, done, info = super(PadFixedShapeEnv, self).step(action)
  File "/home/ueda/workspace/Kaggle_Lux_AI_2021_Fork/.venv/lib/python3.9/site-packages/gym/core.py", line 319, in step
    return self.env.step(action)
  File "/home/ueda/workspace/Kaggle_Lux_AI_2021_Fork/lux_ai/lux_gym/obs_spaces.py", line 70, in step
    observation, reward, done, info = self.env.step(action)
  File "/home/ueda/workspace/Kaggle_Lux_AI_2021_Fork/lux_ai/lux_gym/wrappers.py", line 89, in step
    obs, _, _, info = super(RewardSpaceWrapper, self).step(action)
  File "/home/ueda/workspace/Kaggle_Lux_AI_2021_Fork/.venv/lib/python3.9/site-packages/gym/core.py", line 319, in step
    return self.env.step(action)
  File "/home/ueda/workspace/Kaggle_Lux_AI_2021_Fork/lux_ai/lux_gym/lux_env.py", line 198, in step
    self._step(actions_processed)
  File "/home/ueda/workspace/Kaggle_Lux_AI_2021_Fork/lux_ai/lux_gym/lux_env.py", line 230, in _step
    agent1res = json.loads(self._dimension_process.stderr.readline())
  File "/home/ueda/.local/share/uv/python/cpython-3.9.25-linux-x86_64-gnu/lib/python3.9/json/__init__.py", line 346, in loads
    return _default_decoder.decode(s)
  File "/home/ueda/.local/share/uv/python/cpython-3.9.25-linux-x86_64-gnu/lib/python3.9/json/decoder.py", line 337, in decode
    obj, end = self.raw_decode(s, idx=_w(s, 0).end())
  File "/home/ueda/.local/share/uv/python/cpython-3.9.25-linux-x86_64-gnu/lib/python3.9/json/decoder.py", line 355, in raw_decode
    raise JSONDecodeError("Expecting value", s, err.value) from None
json.decoder.JSONDecodeError: Expecting value: line 1 column 1 (char 0)
Process Process-2:
Traceback (most recent call last):
  File "/home/ueda/.local/share/uv/python/cpython-3.9.25-linux-x86_64-gnu/lib/python3.9/multiprocessing/process.py", line 315, in _bootstrap
    self.run()
  File "/home/ueda/.local/share/uv/python/cpython-3.9.25-linux-x86_64-gnu/lib/python3.9/multiprocessing/process.py", line 108, in run
    self._target(*self._args, **self._kwargs)
  File "/home/ueda/workspace/Kaggle_Lux_AI_2021_Fork/.venv/lib/python3.9/site-packages/torch/utils/_contextlib.py", line 116, in decorate_context
    return func(*args, **kwargs)
  File "/home/ueda/workspace/Kaggle_Lux_AI_2021_Fork/lux_ai/torchbeast/monobeast.py", line 772, in act
    raise e
  File "/home/ueda/workspace/Kaggle_Lux_AI_2021_Fork/lux_ai/torchbeast/monobeast.py", line 679, in act
    env_output = env.step(actions)
  File "/home/ueda/workspace/Kaggle_Lux_AI_2021_Fork/lux_ai/lux_gym/wrappers.py", line 310, in step
    return DictEnv._dict_env_out(super(DictEnv, self).step(action))
  File "/home/ueda/workspace/Kaggle_Lux_AI_2021_Fork/.venv/lib/python3.9/site-packages/gym/core.py", line 319, in step
    return self.env.step(action)
  File "/home/ueda/workspace/Kaggle_Lux_AI_2021_Fork/lux_ai/lux_gym/wrappers.py", line 277, in step
    return tuple([self._to_tensor(out) for out in super(PytorchEnv, self).step(action)])
  File "/home/ueda/workspace/Kaggle_Lux_AI_2021_Fork/.venv/lib/python3.9/site-packages/gym/core.py", line 319, in step
    return self.env.step(action)
  File "/home/ueda/workspace/Kaggle_Lux_AI_2021_Fork/lux_ai/lux_gym/wrappers.py", line 212, in step
    self.last_outs = self._run(lambda index: self.envs[index].step(actions[index]), list(range(len(self.envs))))
  File "/home/ueda/workspace/Kaggle_Lux_AI_2021_Fork/lux_ai/lux_gym/wrappers.py", line 179, in _run
    return list(self._executor.map(function, indices))
  File "/home/ueda/.local/share/uv/python/cpython-3.9.25-linux-x86_64-gnu/lib/python3.9/concurrent/futures/_base.py", line 609, in result_iterator
    yield fs.pop().result()
  File "/home/ueda/.local/share/uv/python/cpython-3.9.25-linux-x86_64-gnu/lib/python3.9/concurrent/futures/_base.py", line 446, in result
    return self.__get_result()
  File "/home/ueda/.local/share/uv/python/cpython-3.9.25-linux-x86_64-gnu/lib/python3.9/concurrent/futures/_base.py", line 391, in __get_result
    raise self._exception
  File "/home/ueda/.local/share/uv/python/cpython-3.9.25-linux-x86_64-gnu/lib/python3.9/concurrent/futures/thread.py", line 58, in run
    result = self.fn(*self.args, **self.kwargs)
  File "/home/ueda/workspace/Kaggle_Lux_AI_2021_Fork/lux_ai/lux_gym/wrappers.py", line 212, in <lambda>
    self.last_outs = self._run(lambda index: self.envs[index].step(actions[index]), list(range(len(self.envs))))
  File "/home/ueda/workspace/Kaggle_Lux_AI_2021_Fork/lux_ai/lux_gym/wrappers.py", line 155, in step
    obs, reward, done, info = super(LoggingEnv, self).step(action)
  File "/home/ueda/workspace/Kaggle_Lux_AI_2021_Fork/.venv/lib/python3.9/site-packages/gym/core.py", line 319, in step
    return self.env.step(action)
  File "/home/ueda/workspace/Kaggle_Lux_AI_2021_Fork/lux_ai/lux_gym/wrappers.py", line 55, in step
    obs, reward, done, info = super(PadFixedShapeEnv, self).step(action)
  File "/home/ueda/workspace/Kaggle_Lux_AI_2021_Fork/.venv/lib/python3.9/site-packages/gym/core.py", line 319, in step
    return self.env.step(action)
  File "/home/ueda/workspace/Kaggle_Lux_AI_2021_Fork/lux_ai/lux_gym/obs_spaces.py", line 70, in step
    observation, reward, done, info = self.env.step(action)
  File "/home/ueda/workspace/Kaggle_Lux_AI_2021_Fork/lux_ai/lux_gym/wrappers.py", line 89, in step
    obs, _, _, info = super(RewardSpaceWrapper, self).step(action)
  File "/home/ueda/workspace/Kaggle_Lux_AI_2021_Fork/.venv/lib/python3.9/site-packages/gym/core.py", line 319, in step
    return self.env.step(action)
  File "/home/ueda/workspace/Kaggle_Lux_AI_2021_Fork/lux_ai/lux_gym/lux_env.py", line 198, in step
    self._step(actions_processed)
  File "/home/ueda/workspace/Kaggle_Lux_AI_2021_Fork/lux_ai/lux_gym/lux_env.py", line 230, in _step
    agent1res = json.loads(self._dimension_process.stderr.readline())
  File "/home/ueda/.local/share/uv/python/cpython-3.9.25-linux-x86_64-gnu/lib/python3.9/json/__init__.py", line 346, in loads
    return _default_decoder.decode(s)
  File "/home/ueda/.local/share/uv/python/cpython-3.9.25-linux-x86_64-gnu/lib/python3.9/json/decoder.py", line 337, in decode
    obj, end = self.raw_decode(s, idx=_w(s, 0).end())
  File "/home/ueda/.local/share/uv/python/cpython-3.9.25-linux-x86_64-gnu/lib/python3.9/json/decoder.py", line 355, in raw_decode
    raise JSONDecodeError("Expecting value", s, err.value) from None
json.decoder.JSONDecodeError: Expecting value: line 1 column 1 (char 0)

[ERROR:545376 monobeast:769 2026-08-16 11:33:46,015] Exception in worker process 0
Traceback (most recent call last):
  File "/home/ueda/workspace/Kaggle_Lux_AI_2021_Fork/lux_ai/torchbeast/monobeast.py", line 679, in act
    env_output = env.step(actions)
  File "/home/ueda/workspace/Kaggle_Lux_AI_2021_Fork/lux_ai/lux_gym/wrappers.py", line 310, in step
    return DictEnv._dict_env_out(super(DictEnv, self).step(action))
  File "/home/ueda/workspace/Kaggle_Lux_AI_2021_Fork/.venv/lib/python3.9/site-packages/gym/core.py", line 319, in step
    return self.env.step(action)
  File "/home/ueda/workspace/Kaggle_Lux_AI_2021_Fork/lux_ai/lux_gym/wrappers.py", line 277, in step
    return tuple([self._to_tensor(out) for out in super(PytorchEnv, self).step(action)])
  File "/home/ueda/workspace/Kaggle_Lux_AI_2021_Fork/.venv/lib/python3.9/site-packages/gym/core.py", line 319, in step
    return self.env.step(action)
  File "/home/ueda/workspace/Kaggle_Lux_AI_2021_Fork/lux_ai/lux_gym/wrappers.py", line 212, in step
    self.last_outs = self._run(lambda index: self.envs[index].step(actions[index]), list(range(len(self.envs))))
  File "/home/ueda/workspace/Kaggle_Lux_AI_2021_Fork/lux_ai/lux_gym/wrappers.py", line 179, in _run
    return list(self._executor.map(function, indices))
  File "/home/ueda/.local/share/uv/python/cpython-3.9.25-linux-x86_64-gnu/lib/python3.9/concurrent/futures/_base.py", line 609, in result_iterator
    yield fs.pop().result()
  File "/home/ueda/.local/share/uv/python/cpython-3.9.25-linux-x86_64-gnu/lib/python3.9/concurrent/futures/_base.py", line 446, in result
    return self.__get_result()
  File "/home/ueda/.local/share/uv/python/cpython-3.9.25-linux-x86_64-gnu/lib/python3.9/concurrent/futures/_base.py", line 391, in __get_result
    raise self._exception
  File "/home/ueda/.local/share/uv/python/cpython-3.9.25-linux-x86_64-gnu/lib/python3.9/concurrent/futures/thread.py", line 58, in run
    result = self.fn(*self.args, **self.kwargs)
  File "/home/ueda/workspace/Kaggle_Lux_AI_2021_Fork/lux_ai/lux_gym/wrappers.py", line 212, in <lambda>
    self.last_outs = self._run(lambda index: self.envs[index].step(actions[index]), list(range(len(self.envs))))
  File "/home/ueda/workspace/Kaggle_Lux_AI_2021_Fork/lux_ai/lux_gym/wrappers.py", line 155, in step
    obs, reward, done, info = super(LoggingEnv, self).step(action)
  File "/home/ueda/workspace/Kaggle_Lux_AI_2021_Fork/.venv/lib/python3.9/site-packages/gym/core.py", line 319, in step
    return self.env.step(action)
  File "/home/ueda/workspace/Kaggle_Lux_AI_2021_Fork/lux_ai/lux_gym/wrappers.py", line 55, in step
    obs, reward, done, info = super(PadFixedShapeEnv, self).step(action)
  File "/home/ueda/workspace/Kaggle_Lux_AI_2021_Fork/.venv/lib/python3.9/site-packages/gym/core.py", line 319, in step
    return self.env.step(action)
  File "/home/ueda/workspace/Kaggle_Lux_AI_2021_Fork/lux_ai/lux_gym/obs_spaces.py", line 70, in step
    observation, reward, done, info = self.env.step(action)
  File "/home/ueda/workspace/Kaggle_Lux_AI_2021_Fork/lux_ai/lux_gym/wrappers.py", line 89, in step
    obs, _, _, info = super(RewardSpaceWrapper, self).step(action)
  File "/home/ueda/workspace/Kaggle_Lux_AI_2021_Fork/.venv/lib/python3.9/site-packages/gym/core.py", line 319, in step
    return self.env.step(action)
  File "/home/ueda/workspace/Kaggle_Lux_AI_2021_Fork/lux_ai/lux_gym/lux_env.py", line 198, in step
    self._step(actions_processed)
  File "/home/ueda/workspace/Kaggle_Lux_AI_2021_Fork/lux_ai/lux_gym/lux_env.py", line 227, in _step
    self._dimension_process.stdin.flush()
BrokenPipeError: [Errno 32] Broken pipe
Process Process-1:
Traceback (most recent call last):
  File "/home/ueda/.local/share/uv/python/cpython-3.9.25-linux-x86_64-gnu/lib/python3.9/multiprocessing/process.py", line 315, in _bootstrap
    self.run()
  File "/home/ueda/.local/share/uv/python/cpython-3.9.25-linux-x86_64-gnu/lib/python3.9/multiprocessing/process.py", line 108, in run
    self._target(*self._args, **self._kwargs)
  File "/home/ueda/workspace/Kaggle_Lux_AI_2021_Fork/.venv/lib/python3.9/site-packages/torch/utils/_contextlib.py", line 116, in decorate_context
    return func(*args, **kwargs)
  File "/home/ueda/workspace/Kaggle_Lux_AI_2021_Fork/lux_ai/torchbeast/monobeast.py", line 772, in act
    raise e
  File "/home/ueda/workspace/Kaggle_Lux_AI_2021_Fork/lux_ai/torchbeast/monobeast.py", line 679, in act
    env_output = env.step(actions)
  File "/home/ueda/workspace/Kaggle_Lux_AI_2021_Fork/lux_ai/lux_gym/wrappers.py", line 310, in step
    return DictEnv._dict_env_out(super(DictEnv, self).step(action))
  File "/home/ueda/workspace/Kaggle_Lux_AI_2021_Fork/.venv/lib/python3.9/site-packages/gym/core.py", line 319, in step
    return self.env.step(action)
  File "/home/ueda/workspace/Kaggle_Lux_AI_2021_Fork/lux_ai/lux_gym/wrappers.py", line 277, in step
    return tuple([self._to_tensor(out) for out in super(PytorchEnv, self).step(action)])
  File "/home/ueda/workspace/Kaggle_Lux_AI_2021_Fork/.venv/lib/python3.9/site-packages/gym/core.py", line 319, in step
    return self.env.step(action)
  File "/home/ueda/workspace/Kaggle_Lux_AI_2021_Fork/lux_ai/lux_gym/wrappers.py", line 212, in step
    self.last_outs = self._run(lambda index: self.envs[index].step(actions[index]), list(range(len(self.envs))))
  File "/home/ueda/workspace/Kaggle_Lux_AI_2021_Fork/lux_ai/lux_gym/wrappers.py", line 179, in _run
    return list(self._executor.map(function, indices))
  File "/home/ueda/.local/share/uv/python/cpython-3.9.25-linux-x86_64-gnu/lib/python3.9/concurrent/futures/_base.py", line 609, in result_iterator
    yield fs.pop().result()
  File "/home/ueda/.local/share/uv/python/cpython-3.9.25-linux-x86_64-gnu/lib/python3.9/concurrent/futures/_base.py", line 446, in result
    return self.__get_result()
  File "/home/ueda/.local/share/uv/python/cpython-3.9.25-linux-x86_64-gnu/lib/python3.9/concurrent/futures/_base.py", line 391, in __get_result
    raise self._exception
  File "/home/ueda/.local/share/uv/python/cpython-3.9.25-linux-x86_64-gnu/lib/python3.9/concurrent/futures/thread.py", line 58, in run
    result = self.fn(*self.args, **self.kwargs)
  File "/home/ueda/workspace/Kaggle_Lux_AI_2021_Fork/lux_ai/lux_gym/wrappers.py", line 212, in <lambda>
    self.last_outs = self._run(lambda index: self.envs[index].step(actions[index]), list(range(len(self.envs))))
  File "/home/ueda/workspace/Kaggle_Lux_AI_2021_Fork/lux_ai/lux_gym/wrappers.py", line 155, in step
    obs, reward, done, info = super(LoggingEnv, self).step(action)
  File "/home/ueda/workspace/Kaggle_Lux_AI_2021_Fork/.venv/lib/python3.9/site-packages/gym/core.py", line 319, in step
    return self.env.step(action)
  File "/home/ueda/workspace/Kaggle_Lux_AI_2021_Fork/lux_ai/lux_gym/wrappers.py", line 55, in step
    obs, reward, done, info = super(PadFixedShapeEnv, self).step(action)
  File "/home/ueda/workspace/Kaggle_Lux_AI_2021_Fork/.venv/lib/python3.9/site-packages/gym/core.py", line 319, in step
    return self.env.step(action)
  File "/home/ueda/workspace/Kaggle_Lux_AI_2021_Fork/lux_ai/lux_gym/obs_spaces.py", line 70, in step
    observation, reward, done, info = self.env.step(action)
  File "/home/ueda/workspace/Kaggle_Lux_AI_2021_Fork/lux_ai/lux_gym/wrappers.py", line 89, in step
    obs, _, _, info = super(RewardSpaceWrapper, self).step(action)
  File "/home/ueda/workspace/Kaggle_Lux_AI_2021_Fork/.venv/lib/python3.9/site-packages/gym/core.py", line 319, in step
    return self.env.step(action)
  File "/home/ueda/workspace/Kaggle_Lux_AI_2021_Fork/lux_ai/lux_gym/lux_env.py", line 198, in step
    self._step(actions_processed)
  File "/home/ueda/workspace/Kaggle_Lux_AI_2021_Fork/lux_ai/lux_gym/lux_env.py", line 227, in _step
    self._dimension_process.stdin.flush()
BrokenPipeError: [Errno 32] Broken pipe

/home/ueda/.local/share/uv/python/cpython-3.9.25-linux-x86_64-gnu/lib/python3.9/multiprocessing/resource_tracker.py:216: UserWarning: resource_tracker: There appear to be 8 leaked semaphore objects to clean up at shutdown
  warnings.warn('resource_tracker: There appear to be %d '
