Gym has been unmaintained since 2022 and does not support NumPy 2.0 amongst other critical functionality.
Please upgrade to Gymnasium, the maintained drop-in replacement of Gym, or contact the authors of your software and request that they upgrade.
Users of this version of Gym should be able to simply replace 'import gym' with 'import gymnasium as gym' in the vast majority of cases.
See the migration guide at https://gymnasium.farama.org/introduction/migration_guide/ for additional information.
/home/ueda/workspace/Kaggle_Lux_AI_2021_Fork/run_monobeast.py:95: Hydra14MigrationWarning: 
The version_base parameter is not specified.
Hydra will assume defaults for version 1.1.
Hydra 1.4 will remove this compatibility behavior.
Before upgrading to Hydra 1.4, set version_base="1.3" and test your application.
See https://hydra.cc/docs/upgrades/1.3_to_1.4/prepare_for_1_4/ for preparation instructions.
  @hydra.main(config_path="conf", config_name="resume_config")
[DEBUG:572263 utils:279 2026-08-16 12:01:14,488] Setting JobRuntime:name=UNKNOWN_NAME
[DEBUG:572263 utils:279 2026-08-16 12:01:14,488] Setting JobRuntime:name=run_monobeast
/home/ueda/workspace/Kaggle_Lux_AI_2021_Fork/.venv/lib/python3.9/site-packages/hydra/_internal/hydra.py:119: UserWarning: Future Hydra versions will no longer change working directory at job runtime by default.
See https://hydra.cc/docs/1.2/upgrades/1.1_to_1.2/changes_to_job_working_dir/ for more information.
  ret = run_job(
[[36m2026-08-16 12:01:14,773[0m][[34mroot[0m][[32mINFO[0m] - name: beat_first_place_v10
project: Lux_AI_2021_strategic
entity: null
group: scratch_distill_impala
act_space: BasicActionSpace
obs_space: SurvivalStrategicObs
obs_space_kwargs: {}
reward_space: StrategicPotentialRewardV2
reward_space_kwargs:
  shaping_weight: 0.02
  decay_games: 4000
  shaping_floor: 0.005
  discounting: 0.999
  max_step_shaping: 0.02
total_steps: 500000
num_actors: 4
n_actor_envs: 16
unroll_length: 16
batch_size: 4
discounting: 0.999
model_arch: survival_strategic
n_blocks: 12
attention_blocks: 4
n_heads: 6
hidden_dim: 96
embedding_dim: 16
n_merge_layers: 1
normalize: false
sum_player_embeddings: false
use_index_select: false
rescale_value_input: true
rescale_se_input: true
kernel_size: 5
optimizer_class: Adam
optimizer_kwargs:
  lr: 5.0e-07
  eps: 0.0003
min_lr_mod: 1.0
entropy_cost: 0.0002
baseline_cost: 1.0
teacher_kl_cost: 0.01
teacher_kl_cost_start: 0.01
teacher_kl_cost_end: 0.01
teacher_kl_decay_steps: 100000
teacher_kl_delay_steps: 0
teacher_baseline_cost: 0.0
actor_policy_tta_rot180: true
teacher_policy_tta_rot180: true
lmb: 0.9
reduction: sum
use_teacher: true
teacher_load_dir: /home/ueda/workspace/Kaggle_Lux_AI_2021_Fork/artifacts/teachers/first_place
teacher_checkpoint_file: 062179520_weights.pt
league_enabled: true
league_config_version: 100
league_opponents:
- name: selfplay
  kind: selfplay
  weight: 0.2
- name: first_place
  kind: teacher
  weight: 0.8
  config: /home/ueda/workspace/Kaggle_Lux_AI_2021_Fork/internal_testing/hall_of_fame/11-24_12-56-23_062179520_must_research/lux_ai/rl_agent/config.yaml
  checkpoint: /home/ueda/workspace/Kaggle_Lux_AI_2021_Fork/internal_testing/hall_of_fame/11-24_12-56-23_062179520_must_research/lux_ai/rl_agent/062179520_weights.pt
actor_device: cuda:0
learner_device: cuda:0
disable_wandb: true
model_log_freq: 100
sharing_strategy: file_descriptor
seed: 2021
num_buffers: 8
use_mixed_precision: true
actor_mixed_precision: false
clip_grads: 10.0
checkpoint_freq: 5.0
num_learner_threads: 1
debug: false
weights_only: true
n_value_warmup_batches: 0
behavior_kl_target: auto
behavior_kl_auto_steps: 20000
behavior_kl_dual_lr: 0.05
behavior_kl_abort_multiplier: 4.0
value_critic: categorical_hl_gauss
value_num_bins: 101
value_support_min: -2.0
value_support_max: 2.0
value_hl_gauss_sigma_ratio: 0.75
state_curriculum_enabled: false
snapshot_start_probability: 0.3
snapshot_pool_capacity: 2048
snapshot_capture_interval: 16
collision_penalty_cost: 0.005
collision_penalty_ramp_start: 0.005
collision_penalty_ramp_end: 0.02
collision_penalty_ramp_steps: 50000
reward_config_version: 4
objective_config_version: 1
loss_normalization: trajectory
normalize_advantages: true
advantage_clip: 5.0
rule_aux_enabled: false
rule_aux_cost: 0.02
rule_aux_strategy: economy
intent_aux_enabled: false
intent_aux_cost: 0.01
league_sampling: fixed
pfsp_power: 1.0
pfsp_teacher_floor: 0.25
pfsp_exploration: 0.05
pfsp_prior_games: 20
learner_snapshot_interval_steps: 100000
teacher_kl_cost_floor: 0.01
stop_after_step: null
verify_model_updates: true
load_dir: /home/ueda/workspace/Kaggle_Lux_AI_2021_Fork/outputs/survival_strategic/2026-08-15/23-58-20
checkpoint_file: 1500160.pt
intent_head_only_finetune: false
[0m
[[36m2026-08-16 12:01:17,395[0m][[34mroot[0m][[32mINFO[0m] - Training model with 3,806,269 parameters.[0m
Gym has been unmaintained since 2022 and does not support NumPy 2.0 amongst other critical functionality.
Please upgrade to Gymnasium, the maintained drop-in replacement of Gym, or contact the authors of your software and request that they upgrade.
Users of this version of Gym should be able to simply replace 'import gym' with 'import gymnasium as gym' in the vast majority of cases.
See the migration guide at https://gymnasium.farama.org/introduction/migration_guide/ for additional information.
/home/ueda/workspace/Kaggle_Lux_AI_2021_Fork/run_monobeast.py:95: Hydra14MigrationWarning: 
The version_base parameter is not specified.
Hydra will assume defaults for version 1.1.
Hydra 1.4 will remove this compatibility behavior.
Before upgrading to Hydra 1.4, set version_base="1.3" and test your application.
See https://hydra.cc/docs/upgrades/1.3_to_1.4/prepare_for_1_4/ for preparation instructions.
  @hydra.main(config_path="conf", config_name="resume_config")
[INFO:572534 monobeast:577 2026-08-16 12:01:19,149] Actor 0 started.
[INFO:572534 monobeast:499 2026-08-16 12:01:20,491] Actor league loaded first_place from /home/ueda/workspace/Kaggle_Lux_AI_2021_Fork/internal_testing/hall_of_fame/11-24_12-56-23_062179520_must_research/lux_ai/rl_agent/062179520_weights.pt
Gym has been unmaintained since 2022 and does not support NumPy 2.0 amongst other critical functionality.
Please upgrade to Gymnasium, the maintained drop-in replacement of Gym, or contact the authors of your software and request that they upgrade.
Users of this version of Gym should be able to simply replace 'import gym' with 'import gymnasium as gym' in the vast majority of cases.
See the migration guide at https://gymnasium.farama.org/introduction/migration_guide/ for additional information.
/home/ueda/workspace/Kaggle_Lux_AI_2021_Fork/run_monobeast.py:95: Hydra14MigrationWarning: 
The version_base parameter is not specified.
Hydra will assume defaults for version 1.1.
Hydra 1.4 will remove this compatibility behavior.
Before upgrading to Hydra 1.4, set version_base="1.3" and test your application.
See https://hydra.cc/docs/upgrades/1.3_to_1.4/prepare_for_1_4/ for preparation instructions.
  @hydra.main(config_path="conf", config_name="resume_config")
[INFO:572605 monobeast:577 2026-08-16 12:01:21,490] Actor 1 started.
[INFO:572605 monobeast:499 2026-08-16 12:01:22,788] Actor league loaded first_place from /home/ueda/workspace/Kaggle_Lux_AI_2021_Fork/internal_testing/hall_of_fame/11-24_12-56-23_062179520_must_research/lux_ai/rl_agent/062179520_weights.pt
Gym has been unmaintained since 2022 and does not support NumPy 2.0 amongst other critical functionality.
Please upgrade to Gymnasium, the maintained drop-in replacement of Gym, or contact the authors of your software and request that they upgrade.
Users of this version of Gym should be able to simply replace 'import gym' with 'import gymnasium as gym' in the vast majority of cases.
See the migration guide at https://gymnasium.farama.org/introduction/migration_guide/ for additional information.
/home/ueda/workspace/Kaggle_Lux_AI_2021_Fork/run_monobeast.py:95: Hydra14MigrationWarning: 
The version_base parameter is not specified.
Hydra will assume defaults for version 1.1.
Hydra 1.4 will remove this compatibility behavior.
Before upgrading to Hydra 1.4, set version_base="1.3" and test your application.
See https://hydra.cc/docs/upgrades/1.3_to_1.4/prepare_for_1_4/ for preparation instructions.
  @hydra.main(config_path="conf", config_name="resume_config")
[INFO:572805 monobeast:577 2026-08-16 12:01:23,867] Actor 2 started.
[INFO:572805 monobeast:499 2026-08-16 12:01:25,119] Actor league loaded first_place from /home/ueda/workspace/Kaggle_Lux_AI_2021_Fork/internal_testing/hall_of_fame/11-24_12-56-23_062179520_must_research/lux_ai/rl_agent/062179520_weights.pt
Gym has been unmaintained since 2022 and does not support NumPy 2.0 amongst other critical functionality.
Please upgrade to Gymnasium, the maintained drop-in replacement of Gym, or contact the authors of your software and request that they upgrade.
Users of this version of Gym should be able to simply replace 'import gym' with 'import gymnasium as gym' in the vast majority of cases.
See the migration guide at https://gymnasium.farama.org/introduction/migration_guide/ for additional information.
/home/ueda/workspace/Kaggle_Lux_AI_2021_Fork/run_monobeast.py:95: Hydra14MigrationWarning: 
The version_base parameter is not specified.
Hydra will assume defaults for version 1.1.
Hydra 1.4 will remove this compatibility behavior.
Before upgrading to Hydra 1.4, set version_base="1.3" and test your application.
See https://hydra.cc/docs/upgrades/1.3_to_1.4/prepare_for_1_4/ for preparation instructions.
  @hydra.main(config_path="conf", config_name="resume_config")
[INFO:573044 monobeast:577 2026-08-16 12:01:26,253] Actor 3 started.
[INFO:573044 monobeast:499 2026-08-16 12:01:27,595] Actor league loaded first_place from /home/ueda/workspace/Kaggle_Lux_AI_2021_Fork/internal_testing/hall_of_fame/11-24_12-56-23_062179520_must_research/lux_ai/rl_agent/062179520_weights.pt
[[36m2026-08-16 12:01:33,080[0m][[34mroot[0m][[32mINFO[0m] - Steps 0 @ 0.0 SPS / 0.0 BPS. Stats:
{}[0m
[[36m2026-08-16 12:01:38,085[0m][[34mroot[0m][[32mINFO[0m] - Steps 0 @ 0.0 SPS / 0.0 BPS. Stats:
{}[0m
[[36m2026-08-16 12:01:40,288[0m][[34mroot[0m][[32mINFO[0m] - Verified learner-to-actor model synchronization: max_abs_diff=0[0m
[[36m2026-08-16 12:01:43,090[0m][[34mroot[0m][[32mINFO[0m] - Steps 128 @ 25.6 SPS / 0.4 BPS. Stats:
{'Actions': {'cart': {'MOVE': nan, 'NO-OP': nan, 'TRANSFER': nan},
             'city_tile': {'BUILD_CART': nan,
                           'BUILD_WORKER': nan,
                           'NO-OP': nan,
                           'RESEARCH': nan},
             'worker': {'BUILD_CITY': nan,
                        'MOVE': nan,
                        'NO-OP': nan,
                        'PILLAGE': nan,
                        'TRANSFER': nan}},
 'Active_Entities': {'cart': 0, 'city_tile': 34, 'worker': 60},
 'Behavior_Policy': {'actor_version_max': 0,
                     'actor_version_min': 0,
                     'beta': 0.0001,
                     'buffer_lag_max': 64,
                     'ema_kl': 0.011814636550843716,
                     'forward_kl': 0.00992734543979168,
                     'learner_version': 64,
                     'log_rho_max': 0.08165168762207031,
                     'log_rho_mean': -0.016681132838129997,
                     'log_rho_p95': 0.040684133768081665,
                     'reverse_kl': 0.011125471442937851,
                     'target': None,
                     'vtrace_rho_clipped_fraction': 0.15625},
 'Entropy': {'cart': -0.0,
             'city_tile': 0.586410403251648,
             'overall': 1.1137457489967346,
             'worker': 0.5273353457450867},
 'Env': {'carts_final': nan,
         'carts_peak': nan,
         'city_tiles_final': nan,
         'city_tiles_peak': nan,
         'collision_penalty': nan,
         'max_cumulative_rewards': nan,
         'mean_cumulative_reward_magnitudes': nan,
         'mean_cumulative_rewards': nan,
         'research_points': nan,
         'separate_cities_final': nan,
         'separate_cities_peak': nan,
         'shaping_alpha': nan,
         'shaping_games': nan,
         'step': nan,
         'workers_final': nan,
         'workers_peak': nan},
 'Gradient': {'clipped': 0.0, 'norm_before_clip': nan},
 'Intent': {'accuracy': nan,
            'target_build': 0,
            'target_deliver': 0,
            'target_mine': 0,
            'target_return': 0},
 'Loss': {'baseline_loss': 1.2662277221679688,
          'behavior_kl_loss': 1.1125471246486995e-06,
          'entropy_loss': -0.00010950230353046209,
          'intent_aux_loss': 0.0,
          'rule_aux_loss': 0.0,
          'teacher_baseline_loss': 0.0,
          'teacher_kl_loss': 0.020925192162394524,
          'total_loss': 1.197036623954773,
          'upgo_pg_loss': -0.037639304995536804,
          'vtrace_pg_loss': -0.05236852541565895},
 'Misc': {'actor_policy_tta_rot180': 1.0,
          'league_opponents': {'first_place': 1.0, 'selfplay': 0.0},
          'learning_rate': 5e-07,
          'teacher_kl_cost': 0.01,
          'teacher_policy_tta_rot180': 1.0,
          'total_games_played': 0},
 'Normalized_Entropy': {'cart': 0.0,
                        'city_tile': 0.7638112306594849,
                        'overall': 0.4845280051231384,
                        'worker': 0.3262675106525421},
 'Teacher_KL_Divergence': {'cart': 0.0,
                           'city_tile': 0.2905851900577545,
                           'overall': 3.4010933935642242,
                           'worker': 3.1105082035064697},
 'Value': {'bias': 0.0,
           'explained_variance': 0.004485070705413818,
           'support_outside_fraction': 0.0,
           'target_std': 0.0010734236566349864}}[0m
[[36m2026-08-16 12:01:48,096[0m][[34mroot[0m][[32mINFO[0m] - Steps 384 @ 51.1 SPS / 0.8 BPS. Stats:
{'Actions': {'cart': {'MOVE': nan, 'NO-OP': nan, 'TRANSFER': nan},
             'city_tile': {'BUILD_CART': nan,
                           'BUILD_WORKER': nan,
                           'NO-OP': nan,
                           'RESEARCH': nan},
             'worker': {'BUILD_CITY': nan,
                        'MOVE': nan,
                        'NO-OP': nan,
                        'PILLAGE': nan,
                        'TRANSFER': nan}},
 'Active_Entities': {'cart': 0, 'city_tile': 34, 'worker': 87},
 'Behavior_Policy': {'actor_version_max': 0,
                     'actor_version_min': 0,
                     'beta': 0.0001,
                     'buffer_lag_max': 320,
                     'ema_kl': 0.011938397231688724,
                     'forward_kl': 0.011784255504608154,
                     'learner_version': 320,
                     'log_rho_max': 0.2504873275756836,
                     'log_rho_mean': -0.011509062722325325,
                     'log_rho_p95': 0.06120520085096359,
                     'reverse_kl': 0.01237650029361248,
                     'target': None,
                     'vtrace_rho_clipped_fraction': 0.421875},
 'Entropy': {'cart': -0.0,
             'city_tile': 0.5505580306053162,
             'overall': 1.0781273245811462,
             'worker': 0.5275692939758301},
 'Env': {'carts_final': nan,
         'carts_peak': nan,
         'city_tiles_final': nan,
         'city_tiles_peak': nan,
         'collision_penalty': nan,
         'max_cumulative_rewards': nan,
         'mean_cumulative_reward_magnitudes': nan,
         'mean_cumulative_rewards': nan,
         'research_points': nan,
         'separate_cities_final': nan,
         'separate_cities_peak': nan,
         'shaping_alpha': nan,
         'shaping_games': nan,
         'step': nan,
         'workers_final': nan,
         'workers_peak': nan},
 'Gradient': {'clipped': 1.0, 'norm_before_clip': 10.46815013885498},
 'Intent': {'accuracy': nan,
            'target_build': 0,
            'target_deliver': 0,
            'target_mine': 0,
            'target_return': 0},
 'Loss': {'baseline_loss': 1.2653285264968872,
          'behavior_kl_loss': 1.237650053553807e-06,
          'entropy_loss': -0.00010765088518382981,
          'intent_aux_loss': 0.0,
          'rule_aux_loss': 0.0,
          'teacher_baseline_loss': 0.0,
          'teacher_kl_loss': 0.024629920721054077,
          'total_loss': 1.1499836444854736,
          'upgo_pg_loss': -0.05646496266126633,
          'vtrace_pg_loss': -0.08340337872505188},
 'Misc': {'actor_policy_tta_rot180': 1.0,
          'league_opponents': {'first_place': 0.5, 'selfplay': 0.5},
          'learning_rate': 5e-07,
          'teacher_kl_cost': 0.01,
          'teacher_policy_tta_rot180': 1.0,
          'total_games_played': 0},
 'Normalized_Entropy': {'cart': 0.0,
                        'city_tile': 0.7942872643470764,
                        'overall': 0.45822004838423297,
                        'worker': 0.3268834352493286},
 'Teacher_KL_Divergence': {'cart': 0.0,
                           'city_tile': 0.27519869804382324,
                           'overall': 3.6229779720306396,
                           'worker': 3.3477792739868164},
 'Value': {'bias': 0.0,
           'explained_variance': 0.003840208053588867,
           'support_outside_fraction': 0.0,
           'target_std': 0.0009201411157846451}}[0m
[[36m2026-08-16 12:01:53,103[0m][[34mroot[0m][[32mINFO[0m] - Steps 576 @ 38.4 SPS / 0.6 BPS. Stats:
{'Actions': {'cart': {'MOVE': nan, 'NO-OP': nan, 'TRANSFER': nan},
             'city_tile': {'BUILD_CART': nan,
                           'BUILD_WORKER': nan,
                           'NO-OP': nan,
                           'RESEARCH': nan},
             'worker': {'BUILD_CITY': nan,
                        'MOVE': nan,
                        'NO-OP': nan,
                        'PILLAGE': nan,
                        'TRANSFER': nan}},
 'Active_Entities': {'cart': 0, 'city_tile': 27, 'worker': 58},
 'Behavior_Policy': {'actor_version_max': 0,
                     'actor_version_min': 0,
                     'beta': 0.0001,
                     'buffer_lag_max': 512,
                     'ema_kl': 0.012365348085903588,
                     'forward_kl': 0.014858273789286613,
                     'learner_version': 512,
                     'log_rho_max': 0.633063793182373,
                     'log_rho_mean': -0.008587607182562351,
                     'log_rho_p95': 0.061478547751903534,
                     'reverse_kl': 0.01530416402965784,
                     'target': None,
                     'vtrace_rho_clipped_fraction': 0.2109375},
 'Entropy': {'cart': -0.0,
             'city_tile': 0.5378241539001465,
             'overall': 1.074465811252594,
             'worker': 0.5366416573524475},
 'Env': {'carts_final': nan,
         'carts_peak': nan,
         'city_tiles_final': nan,
         'city_tiles_peak': nan,
         'collision_penalty': nan,
         'max_cumulative_rewards': nan,
         'mean_cumulative_reward_magnitudes': nan,
         'mean_cumulative_rewards': nan,
         'research_points': nan,
         'separate_cities_final': nan,
         'separate_cities_peak': nan,
         'shaping_alpha': nan,
         'shaping_games': nan,
         'step': nan,
         'workers_final': nan,
         'workers_peak': nan},
 'Gradient': {'clipped': 0.0, 'norm_before_clip': 6.916833877563477},
 'Intent': {'accuracy': nan,
            'target_build': 0,
            'target_deliver': 0,
            'target_mine': 0,
            'target_return': 0},
 'Loss': {'baseline_loss': 1.268711805343628,
          'behavior_kl_loss': 1.5304163980545127e-06,
          'entropy_loss': -0.00010639719403116032,
          'intent_aux_loss': 0.0,
          'rule_aux_loss': 0.0,
          'teacher_baseline_loss': 0.0,
          'teacher_kl_loss': 0.018612070009112358,
          'total_loss': 1.2382400035858154,
          'upgo_pg_loss': -0.030593618750572205,
          'vtrace_pg_loss': -0.018385320901870728},
 'Misc': {'actor_policy_tta_rot180': 1.0,
          'league_opponents': {'first_place': 1.0, 'selfplay': 0.0},
          'learning_rate': 5e-07,
          'teacher_kl_cost': 0.01,
          'teacher_policy_tta_rot180': 1.0,
          'total_games_played': 0},
 'Normalized_Entropy': {'cart': 0.0,
                        'city_tile': 0.7759162783622742,
                        'overall': 0.5004268513006322,
                        'worker': 0.37218177318573},
 'Teacher_KL_Divergence': {'cart': 0.0,
                           'city_tile': 0.2652951776981354,
                           'overall': 2.7775522768497467,
                           'worker': 2.5122570991516113},
 'Value': {'bias': 0.0,
           'explained_variance': 0.0029050111770629883,
           'support_outside_fraction': 0.0,
           'target_std': 0.0013296300312504172}}[0m
[[36m2026-08-16 12:01:58,109[0m][[34mroot[0m][[32mINFO[0m] - Steps 832 @ 51.1 SPS / 0.8 BPS. Stats:
{'Actions': {'cart': {'MOVE': nan, 'NO-OP': nan, 'TRANSFER': nan},
             'city_tile': {'BUILD_CART': nan,
                           'BUILD_WORKER': nan,
                           'NO-OP': nan,
                           'RESEARCH': nan},
             'worker': {'BUILD_CITY': nan,
                        'MOVE': nan,
                        'NO-OP': nan,
                        'PILLAGE': nan,
                        'TRANSFER': nan}},
 'Active_Entities': {'cart': 0, 'city_tile': 21, 'worker': 54},
 'Behavior_Policy': {'actor_version_max': 0,
                     'actor_version_min': 0,
                     'beta': 0.0001,
                     'buffer_lag_max': 768,
                     'ema_kl': 0.011952568255678695,
                     'forward_kl': 0.010981988161802292,
                     'learner_version': 768,
                     'log_rho_max': 0.9414091110229492,
                     'log_rho_mean': 0.0035142889246344566,
                     'log_rho_p95': 0.05230943113565445,
                     'reverse_kl': 0.011703342199325562,
                     'target': None,
                     'vtrace_rho_clipped_fraction': 0.234375},
 'Entropy': {'cart': -0.0,
             'city_tile': 0.5114615559577942,
             'overall': 1.0214653611183167,
             'worker': 0.5100038051605225},
 'Env': {'carts_final': nan,
         'carts_peak': nan,
         'city_tiles_final': nan,
         'city_tiles_peak': nan,
         'collision_penalty': nan,
         'max_cumulative_rewards': nan,
         'mean_cumulative_reward_magnitudes': nan,
         'mean_cumulative_rewards': nan,
         'research_points': nan,
         'separate_cities_final': nan,
         'separate_cities_peak': nan,
         'shaping_alpha': nan,
         'shaping_games': nan,
         'step': nan,
         'workers_final': nan,
         'workers_peak': nan},
 'Gradient': {'clipped': 1.0, 'norm_before_clip': 11.149105072021484},
 'Intent': {'accuracy': nan,
            'target_build': 0,
            'target_deliver': 0,
            'target_mine': 0,
            'target_return': 0},
 'Loss': {'baseline_loss': 1.2664854526519775,
          'behavior_kl_loss': 1.170334144262597e-06,
          'entropy_loss': -0.00010623654816299677,
          'intent_aux_loss': 0.0,
          'rule_aux_loss': 0.0,
          'teacher_baseline_loss': 0.0,
          'teacher_kl_loss': 0.02206536941230297,
          'total_loss': 1.1668133735656738,
          'upgo_pg_loss': -0.04705781489610672,
          'vtrace_pg_loss': -0.07457460463047028},
 'Misc': {'actor_policy_tta_rot180': 1.0,
          'league_opponents': {'first_place': 1.0, 'selfplay': 0.0},
          'learning_rate': 5e-07,
          'teacher_kl_cost': 0.01,
          'teacher_policy_tta_rot180': 1.0,
          'total_games_played': 0},
 'Normalized_Entropy': {'cart': 0.0,
                        'city_tile': 0.7378830313682556,
                        'overall': 0.4328124403953552,
                        'worker': 0.3141738772392273},
 'Teacher_KL_Divergence': {'cart': 0.0,
                           'city_tile': 0.24501028656959534,
                           'overall': 3.216658979654312,
                           'worker': 2.971648693084717},
 'Value': {'bias': 0.0,
           'explained_variance': -0.025874614715576172,
           'support_outside_fraction': 0.0,
           'target_std': 0.0011799874482676387}}[0m
[[36m2026-08-16 12:02:03,114[0m][[34mroot[0m][[32mINFO[0m] - Steps 1088 @ 51.2 SPS / 0.8 BPS. Stats:
{'Actions': {'cart': {'MOVE': nan, 'NO-OP': nan, 'TRANSFER': nan},
             'city_tile': {'BUILD_CART': nan,
                           'BUILD_WORKER': nan,
                           'NO-OP': nan,
                           'RESEARCH': nan},
             'worker': {'BUILD_CITY': nan,
                        'MOVE': nan,
                        'NO-OP': nan,
                        'PILLAGE': nan,
                        'TRANSFER': nan}},
 'Active_Entities': {'cart': 0, 'city_tile': 30, 'worker': 94},
 'Behavior_Policy': {'actor_version_max': 384,
                     'actor_version_min': 0,
                     'beta': 0.0001,
                     'buffer_lag_max': 1024,
                     'ema_kl': 0.011651638518664695,
                     'forward_kl': 0.0063927373848855495,
                     'learner_version': 1024,
                     'log_rho_max': 0.4872746467590332,
                     'log_rho_mean': 0.0071647511795163155,
                     'log_rho_p95': 0.0640033707022667,
                     'reverse_kl': 0.006024276837706566,
                     'target': None,
                     'vtrace_rho_clipped_fraction': 0.5078125},
 'Entropy': {'cart': -0.0,
             'city_tile': 0.5875165462493896,
             'overall': 0.8305738568305969,
             'worker': 0.24305731058120728},
 'Env': {'carts_final': nan,
         'carts_peak': nan,
         'city_tiles_final': nan,
         'city_tiles_peak': nan,
         'collision_penalty': nan,
         'max_cumulative_rewards': nan,
         'mean_cumulative_reward_magnitudes': nan,
         'mean_cumulative_rewards': nan,
         'research_points': nan,
         'separate_cities_final': nan,
         'separate_cities_peak': nan,
         'shaping_alpha': nan,
         'shaping_games': nan,
         'step': nan,
         'workers_final': nan,
         'workers_peak': nan},
 'Gradient': {'clipped': 1.0, 'norm_before_clip': 17.08690643310547},
 'Intent': {'accuracy': nan,
            'target_build': 0,
            'target_deliver': 0,
            'target_mine': 0,
            'target_return': 0},
 'Loss': {'baseline_loss': 1.2702211141586304,
          'behavior_kl_loss': 6.024276899552206e-07,
          'entropy_loss': -6.457310519181192e-05,
          'intent_aux_loss': 0.0,
          'rule_aux_loss': 0.0,
          'teacher_baseline_loss': 0.0,
          'teacher_kl_loss': 0.03323386237025261,
          'total_loss': 1.6736299991607666,
          'upgo_pg_loss': 0.21184204518795013,
          'vtrace_pg_loss': 0.15839694440364838},
 'Misc': {'actor_policy_tta_rot180': 1.0,
          'league_opponents': {'first_place': 0.5, 'selfplay': 0.5},
          'learning_rate': 5e-07,
          'teacher_kl_cost': 0.01,
          'teacher_policy_tta_rot180': 1.0,
          'total_games_played': 0},
 'Normalized_Entropy': {'cart': 0.0,
                        'city_tile': 0.8476070761680603,
                        'overall': 0.32791241955372596,
                        'worker': 0.16205242276191711},
 'Teacher_KL_Divergence': {'cart': 0.0,
                           'city_tile': 0.361372172832489,
                           'overall': 4.604480445384979,
                           'worker': 4.24310827255249},
 'Value': {'bias': 0.0,
           'explained_variance': 0.7955595254898071,
           'support_outside_fraction': 0.0,
           'target_std': 0.003683841787278652}}[0m
[[36m2026-08-16 12:02:08,120[0m][[34mroot[0m][[32mINFO[0m] - Steps 1408 @ 63.9 SPS / 1.0 BPS. Stats:
{'Actions': {'cart': {'MOVE': nan, 'NO-OP': nan, 'TRANSFER': nan},
             'city_tile': {'BUILD_CART': nan,
                           'BUILD_WORKER': nan,
                           'NO-OP': nan,
                           'RESEARCH': nan},
             'worker': {'BUILD_CITY': nan,
                        'MOVE': nan,
                        'NO-OP': nan,
                        'PILLAGE': nan,
                        'TRANSFER': nan}},
 'Active_Entities': {'cart': 0, 'city_tile': 21, 'worker': 92},
 'Behavior_Policy': {'actor_version_max': 448,
                     'actor_version_min': 0,
                     'beta': 0.0001,
                     'buffer_lag_max': 1344,
                     'ema_kl': 0.010182936781089173,
                     'forward_kl': 0.003991245292127132,
                     'learner_version': 1344,
                     'log_rho_max': 0.26387542486190796,
                     'log_rho_mean': -0.005124073475599289,
                     'log_rho_p95': 0.051721248775720596,
                     'reverse_kl': 0.004025189206004143,
                     'target': None,
                     'vtrace_rho_clipped_fraction': 0.4375},
 'Entropy': {'cart': -0.0,
             'city_tile': 0.6703733801841736,
             'overall': 0.8927436321973801,
             'worker': 0.22237025201320648},
 'Env': {'carts_final': nan,
         'carts_peak': nan,
         'city_tiles_final': nan,
         'city_tiles_peak': nan,
         'collision_penalty': nan,
         'max_cumulative_rewards': nan,
         'mean_cumulative_reward_magnitudes': nan,
         'mean_cumulative_rewards': nan,
         'research_points': nan,
         'separate_cities_final': nan,
         'separate_cities_peak': nan,
         'shaping_alpha': nan,
         'shaping_games': nan,
         'step': nan,
         'workers_final': nan,
         'workers_peak': nan},
 'Gradient': {'clipped': 0.0, 'norm_before_clip': 6.342660903930664},
 'Intent': {'accuracy': nan,
            'target_build': 0,
            'target_deliver': 0,
            'target_mine': 0,
            'target_return': 0},
 'Loss': {'baseline_loss': 1.2667070627212524,
          'behavior_kl_loss': 4.0251890709441795e-07,
          'entropy_loss': -6.148893589852378e-05,
          'intent_aux_loss': 0.0,
          'rule_aux_loss': 0.0,
          'teacher_baseline_loss': 0.0,
          'teacher_kl_loss': 0.03673092648386955,
          'total_loss': 1.431663990020752,
          'upgo_pg_loss': 0.045864805579185486,
          'vtrace_pg_loss': 0.0824223980307579},
 'Misc': {'actor_policy_tta_rot180': 1.0,
          'league_opponents': {'first_place': 0.5, 'selfplay': 0.5},
          'learning_rate': 5e-07,
          'teacher_kl_cost': 0.01,
          'teacher_policy_tta_rot180': 1.0,
          'total_games_played': 1},
 'Normalized_Entropy': {'cart': 0.0,
                        'city_tile': 0.9671443700790405,
                        'overall': 0.2864900389603809,
                        'worker': 0.13112328946590424},
 'Teacher_KL_Divergence': {'cart': 0.0,
                           'city_tile': 0.5510633587837219,
                           'overall': 4.9009063839912415,
                           'worker': 4.3498430252075195},
 'Value': {'bias': 0.0,
           'explained_variance': 0.6133685111999512,
           'support_outside_fraction': 0.0,
           'target_std': 0.0023875730112195015}}[0m
[[36m2026-08-16 12:02:13,121[0m][[34mroot[0m][[32mINFO[0m] - Steps 1728 @ 64.0 SPS / 1.0 BPS. Stats:
{'Actions': {'cart': {'MOVE': nan, 'NO-OP': nan, 'TRANSFER': nan},
             'city_tile': {'BUILD_CART': nan,
                           'BUILD_WORKER': nan,
                           'NO-OP': nan,
                           'RESEARCH': nan},
             'worker': {'BUILD_CITY': nan,
                        'MOVE': nan,
                        'NO-OP': nan,
                        'PILLAGE': nan,
                        'TRANSFER': nan}},
 'Active_Entities': {'cart': 0, 'city_tile': 17, 'worker': 78},
 'Behavior_Policy': {'actor_version_max': 448,
                     'actor_version_min': 0,
                     'beta': 0.0001,
                     'buffer_lag_max': 1664,
                     'ema_kl': 0.009375619050896868,
                     'forward_kl': 0.0028286543674767017,
                     'learner_version': 1664,
                     'log_rho_max': 0.19071805477142334,
                     'log_rho_mean': -0.00675481092184782,
                     'log_rho_p95': 0.040550265461206436,
                     'reverse_kl': 0.002833878854289651,
                     'target': None,
                     'vtrace_rho_clipped_fraction': 0.2265625},
 'Entropy': {'cart': -0.0,
             'city_tile': 0.6271800994873047,
             'overall': 0.7862824201583862,
             'worker': 0.15910232067108154},
 'Env': {'carts_final': nan,
         'carts_peak': nan,
         'city_tiles_final': nan,
         'city_tiles_peak': nan,
         'collision_penalty': nan,
         'max_cumulative_rewards': nan,
         'mean_cumulative_reward_magnitudes': nan,
         'mean_cumulative_rewards': nan,
         'research_points': nan,
         'separate_cities_final': nan,
         'separate_cities_peak': nan,
         'shaping_alpha': nan,
         'shaping_games': nan,
         'step': nan,
         'workers_final': nan,
         'workers_peak': nan},
 'Gradient': {'clipped': 0.0, 'norm_before_clip': 9.549683570861816},
 'Intent': {'accuracy': nan,
            'target_build': 0,
            'target_deliver': 0,
            'target_mine': 0,
            'target_return': 0},
 'Loss': {'baseline_loss': 1.2697792053222656,
          'behavior_kl_loss': 2.8338789093140804e-07,
          'entropy_loss': -4.680148049374111e-05,
          'intent_aux_loss': 0.0,
          'rule_aux_loss': 0.0,
          'teacher_baseline_loss': 0.0,
          'teacher_kl_loss': 0.025239547714591026,
          'total_loss': 1.3473060131072998,
          'upgo_pg_loss': 0.020255902782082558,
          'vtrace_pg_loss': 0.032077886164188385},
 'Misc': {'actor_policy_tta_rot180': 1.0,
          'league_opponents': {'first_place': 0.75, 'selfplay': 0.25},
          'learning_rate': 5e-07,
          'teacher_kl_cost': 0.01,
          'teacher_policy_tta_rot180': 1.0,
          'total_games_played': 1},
 'Normalized_Entropy': {'cart': 0.0,
                        'city_tile': 0.9048296213150024,
                        'overall': 0.24115703043184783,
                        'worker': 0.09651044011116028},
 'Teacher_KL_Divergence': {'cart': 0.0,
                           'city_tile': 0.5507127642631531,
                           'overall': 3.5245818495750427,
                           'worker': 2.9738690853118896},
 'Value': {'bias': 0.0003171687130816281,
           'explained_variance': 0.726726770401001,
           'support_outside_fraction': 0.0,
           'target_std': 0.0026340261101722717}}[0m
[[36m2026-08-16 12:02:18,127[0m][[34mroot[0m][[32mINFO[0m] - Steps 2048 @ 63.9 SPS / 1.0 BPS. Stats:
{'Actions': {'cart': {'MOVE': nan, 'NO-OP': nan, 'TRANSFER': nan},
             'city_tile': {'BUILD_CART': nan,
                           'BUILD_WORKER': nan,
                           'NO-OP': nan,
                           'RESEARCH': nan},
             'worker': {'BUILD_CITY': nan,
                        'MOVE': nan,
                        'NO-OP': nan,
                        'PILLAGE': nan,
                        'TRANSFER': nan}},
 'Active_Entities': {'cart': 0, 'city_tile': 30, 'worker': 78},
 'Behavior_Policy': {'actor_version_max': 448,
                     'actor_version_min': 0,
                     'beta': 0.0001,
                     'buffer_lag_max': 1984,
                     'ema_kl': 0.008228918331457105,
                     'forward_kl': 0.0053664459846913815,
                     'learner_version': 1984,
                     'log_rho_max': 0.25852954387664795,
                     'log_rho_mean': -0.011899640783667564,
                     'log_rho_p95': 0.0320403128862381,
                     'reverse_kl': 0.005174302961677313,
                     'target': None,
                     'vtrace_rho_clipped_fraction': 0.40625},
 'Entropy': {'cart': -0.0,
             'city_tile': 0.6562570929527283,
             'overall': 0.8790526539087296,
             'worker': 0.22279556095600128},
 'Env': {'carts_final': nan,
         'carts_peak': nan,
         'city_tiles_final': nan,
         'city_tiles_peak': nan,
         'collision_penalty': nan,
         'max_cumulative_rewards': nan,
         'mean_cumulative_reward_magnitudes': nan,
         'mean_cumulative_rewards': nan,
         'research_points': nan,
         'separate_cities_final': nan,
         'separate_cities_peak': nan,
         'shaping_alpha': nan,
         'shaping_games': nan,
         'step': nan,
         'workers_final': nan,
         'workers_peak': nan},
 'Gradient': {'clipped': 0.0, 'norm_before_clip': 4.892368316650391},
 'Intent': {'accuracy': nan,
            'target_build': 0,
            'target_deliver': 0,
            'target_mine': 0,
            'target_return': 0},
 'Loss': {'baseline_loss': 1.2674741744995117,
          'behavior_kl_loss': 5.174302941668429e-07,
          'entropy_loss': -6.716074858559296e-05,
          'intent_aux_loss': 0.0,
          'rule_aux_loss': 0.0,
          'teacher_baseline_loss': 0.0,
          'teacher_kl_loss': 0.028783096000552177,
          'total_loss': 1.3485617637634277,
          'upgo_pg_loss': -0.02570326440036297,
          'vtrace_pg_loss': 0.07807444781064987},
 'Misc': {'actor_policy_tta_rot180': 1.0,
          'league_opponents': {'first_place': 0.75, 'selfplay': 0.25},
          'learning_rate': 5e-07,
          'teacher_kl_cost': 0.01,
          'teacher_policy_tta_rot180': 1.0,
          'total_games_played': 2},
 'Normalized_Entropy': {'cart': 0.0,
                        'city_tile': 0.8835060000419617,
                        'overall': 0.3443460605210728,
                        'worker': 0.13697685301303864},
 'Teacher_KL_Divergence': {'cart': 0.0,
                           'city_tile': 0.4222366213798523,
                           'overall': 4.129051864147186,
                           'worker': 3.706815242767334},
 'Value': {'bias': 0.0003092117258347571,
           'explained_variance': 0.686004638671875,
           'support_outside_fraction': 0.0,
           'target_std': 0.0036030567716807127}}[0m
[[36m2026-08-16 12:02:23,134[0m][[34mroot[0m][[32mINFO[0m] - Steps 2432 @ 76.7 SPS / 1.2 BPS. Stats:
{'Actions': {'cart': {'MOVE': nan, 'NO-OP': nan, 'TRANSFER': nan},
             'city_tile': {'BUILD_CART': nan,
                           'BUILD_WORKER': nan,
                           'NO-OP': nan,
                           'RESEARCH': nan},
             'worker': {'BUILD_CITY': nan,
                        'MOVE': nan,
                        'NO-OP': nan,
                        'PILLAGE': nan,
                        'TRANSFER': nan}},
 'Active_Entities': {'cart': 0, 'city_tile': 9, 'worker': 95},
 'Behavior_Policy': {'actor_version_max': 960,
                     'actor_version_min': 448,
                     'beta': 0.0001,
                     'buffer_lag_max': 1920,
                     'ema_kl': 0.007332304867670874,
                     'forward_kl': 0.002311241813004017,
                     'learner_version': 2368,
                     'log_rho_max': 0.24688482284545898,
                     'log_rho_mean': -0.0032078316435217857,
                     'log_rho_p95': 0.03322954848408699,
                     'reverse_kl': 0.0023182942532002926,
                     'target': None,
                     'vtrace_rho_clipped_fraction': 0.421875},
 'Entropy': {'cart': -0.0,
             'city_tile': 0.6486207246780396,
             'overall': 0.8089179247617722,
             'worker': 0.1602972000837326},
 'Env': {'carts_final': nan,
         'carts_peak': nan,
         'city_tiles_final': nan,
         'city_tiles_peak': nan,
         'collision_penalty': nan,
         'max_cumulative_rewards': nan,
         'mean_cumulative_reward_magnitudes': nan,
         'mean_cumulative_rewards': nan,
         'research_points': nan,
         'separate_cities_final': nan,
         'separate_cities_peak': nan,
         'shaping_alpha': nan,
         'shaping_games': nan,
         'step': nan,
         'workers_final': nan,
         'workers_peak': nan},
 'Gradient': {'clipped': 0.0, 'norm_before_clip': 4.599005222320557},
 'Intent': {'accuracy': nan,
            'target_build': 0,
            'target_deliver': 0,
            'target_mine': 0,
            'target_return': 0},
 'Loss': {'baseline_loss': 1.2677010297775269,
          'behavior_kl_loss': 2.3182941788491007e-07,
          'entropy_loss': -4.08734631491825e-05,
          'intent_aux_loss': 0.0,
          'rule_aux_loss': 0.0,
          'teacher_baseline_loss': 0.0,
          'teacher_kl_loss': 0.03185971826314926,
          'total_loss': 1.067496657371521,
          'upgo_pg_loss': -0.17626866698265076,
          'vtrace_pg_loss': -0.05575484037399292},
 'Misc': {'actor_policy_tta_rot180': 1.0,
          'league_opponents': {'first_place': 0.5, 'selfplay': 0.5},
          'learning_rate': 5e-07,
          'teacher_kl_cost': 0.01,
          'teacher_policy_tta_rot180': 1.0,
          'total_games_played': 2},
 'Normalized_Entropy': {'cart': 0.0,
                        'city_tile': 0.9357617497444153,
                        'overall': 0.17113708489789412,
                        'worker': 0.09869895875453949},
 'Teacher_KL_Divergence': {'cart': 0.0,
                           'city_tile': 0.6000326871871948,
                           'overall': 4.005759596824646,
                           'worker': 3.405726909637451},
 'Value': {'bias': 0.0001486787514295429,
           'explained_variance': 0.4136528968811035,
           'support_outside_fraction': 0.0,
           'target_std': 0.0027526782359927893}}[0m
[[36m2026-08-16 12:02:28,139[0m][[34mroot[0m][[32mINFO[0m] - Steps 2688 @ 51.2 SPS / 0.8 BPS. Stats:
{'Actions': {'cart': {'MOVE': nan, 'NO-OP': nan, 'TRANSFER': nan},
             'city_tile': {'BUILD_CART': nan,
                           'BUILD_WORKER': nan,
                           'NO-OP': nan,
                           'RESEARCH': nan},
             'worker': {'BUILD_CITY': nan,
                        'MOVE': nan,
                        'NO-OP': nan,
                        'PILLAGE': nan,
                        'TRANSFER': nan}},
 'Active_Entities': {'cart': 0, 'city_tile': 15, 'worker': 66},
 'Behavior_Policy': {'actor_version_max': 1024,
                     'actor_version_min': 512,
                     'beta': 0.0001,
                     'buffer_lag_max': 2112,
                     'ema_kl': 0.007116573917208524,
                     'forward_kl': 0.003142070723697543,
                     'learner_version': 2624,
                     'log_rho_max': 0.7741947174072266,
                     'log_rho_mean': 0.001859237439930439,
                     'log_rho_p95': 0.009518738836050034,
                     'reverse_kl': 0.003240163205191493,
                     'target': None,
                     'vtrace_rho_clipped_fraction': 0.1875},
 'Entropy': {'cart': -0.0,
             'city_tile': 0.6086825132369995,
             'overall': 0.8940566182136536,
             'worker': 0.28537410497665405},
 'Env': {'carts_final': nan,
         'carts_peak': nan,
         'city_tiles_final': nan,
         'city_tiles_peak': nan,
         'collision_penalty': nan,
         'max_cumulative_rewards': nan,
         'mean_cumulative_reward_magnitudes': nan,
         'mean_cumulative_rewards': nan,
         'research_points': nan,
         'separate_cities_final': nan,
         'separate_cities_peak': nan,
         'shaping_alpha': nan,
         'shaping_games': nan,
         'step': nan,
         'workers_final': nan,
         'workers_peak': nan},
 'Gradient': {'clipped': 0.0, 'norm_before_clip': 9.450087547302246},
 'Intent': {'accuracy': nan,
            'target_build': 0,
            'target_deliver': 0,
            'target_mine': 0,
            'target_return': 0},
 'Loss': {'baseline_loss': 1.2784448862075806,
          'behavior_kl_loss': 3.240162982365291e-07,
          'entropy_loss': -6.381688581313938e-05,
          'intent_aux_loss': 0.0,
          'rule_aux_loss': 0.0,
          'teacher_baseline_loss': 0.0,
          'teacher_kl_loss': 0.030528903007507324,
          'total_loss': 0.9424604177474976,
          'upgo_pg_loss': -0.18862618505954742,
          'vtrace_pg_loss': -0.17782361805438995},
 'Misc': {'actor_policy_tta_rot180': 1.0,
          'league_opponents': {'first_place': 1.0, 'selfplay': 0.0},
          'learning_rate': 5e-07,
          'teacher_kl_cost': 0.01,
          'teacher_policy_tta_rot180': 1.0,
          'total_games_played': 3},
 'Normalized_Entropy': {'cart': 0.0,
                        'city_tile': 0.827715277671814,
                        'overall': 0.31021068383146216,
                        'worker': 0.19259600341320038},
 'Teacher_KL_Divergence': {'cart': 0.0,
                           'city_tile': 0.3104960322380066,
                           'overall': 3.900617778301239,
                           'worker': 3.5901217460632324},
 'Value': {'bias': 0.0004982453538104892,
           'explained_variance': 0.691564679145813,
           'support_outside_fraction': 0.0,
           'target_std': 0.0052589369006454945}}[0m
[[36m2026-08-16 12:02:33,145[0m][[34mroot[0m][[32mINFO[0m] - Steps 3008 @ 63.9 SPS / 1.0 BPS. Stats:
{'Actions': {'cart': {'MOVE': nan, 'NO-OP': nan, 'TRANSFER': nan},
             'city_tile': {'BUILD_CART': nan,
                           'BUILD_WORKER': nan,
                           'NO-OP': nan,
                           'RESEARCH': nan},
             'worker': {'BUILD_CITY': nan,
                        'MOVE': nan,
                        'NO-OP': nan,
                        'PILLAGE': nan,
                        'TRANSFER': nan}},
 'Active_Entities': {'cart': 0, 'city_tile': 30, 'worker': 77},
 'Behavior_Policy': {'actor_version_max': 1280,
                     'actor_version_min': 768,
                     'beta': 0.0001,
                     'buffer_lag_max': 2176,
                     'ema_kl': 0.006495626190636087,
                     'forward_kl': 0.0035712537355720997,
                     'learner_version': 2944,
                     'log_rho_max': 0.27181029319763184,
                     'log_rho_mean': 0.0014326372183859348,
                     'log_rho_p95': 0.07935113459825516,
                     'reverse_kl': 0.003760899882763624,
                     'target': None,
                     'vtrace_rho_clipped_fraction': 0.3046875},
 'Entropy': {'cart': -0.0,
             'city_tile': 0.6271273493766785,
             'overall': 0.8722866177558899,
             'worker': 0.24515926837921143},
 'Env': {'carts_final': nan,
         'carts_peak': nan,
         'city_tiles_final': nan,
         'city_tiles_peak': nan,
         'collision_penalty': nan,
         'max_cumulative_rewards': nan,
         'mean_cumulative_reward_magnitudes': nan,
         'mean_cumulative_rewards': nan,
         'research_points': nan,
         'separate_cities_final': nan,
         'separate_cities_peak': nan,
         'shaping_alpha': nan,
         'shaping_games': nan,
         'step': nan,
         'workers_final': nan,
         'workers_peak': nan},
 'Gradient': {'clipped': 1.0, 'norm_before_clip': 10.558773040771484},
 'Intent': {'accuracy': nan,
            'target_build': 0,
            'target_deliver': 0,
            'target_mine': 0,
            'target_return': 0},
 'Loss': {'baseline_loss': 1.2715415954589844,
          'behavior_kl_loss': 3.760899858207267e-07,
          'entropy_loss': -6.660530925728381e-05,
          'intent_aux_loss': 0.0,
          'rule_aux_loss': 0.0,
          'teacher_baseline_loss': 0.0,
          'teacher_kl_loss': 0.02901533618569374,
          'total_loss': 0.9163161516189575,
          'upgo_pg_loss': -0.16556815803050995,
          'vtrace_pg_loss': -0.21860645711421967},
 'Misc': {'actor_policy_tta_rot180': 1.0,
          'league_opponents': {'first_place': 1.0, 'selfplay': 0.0},
          'learning_rate': 5e-07,
          'teacher_kl_cost': 0.01,
          'teacher_policy_tta_rot180': 1.0,
          'total_games_played': 3},
 'Normalized_Entropy': {'cart': 0.0,
                        'city_tile': 0.9047535061836243,
                        'overall': 0.38268295961005666,
                        'worker': 0.17927885055541992},
 'Teacher_KL_Divergence': {'cart': 0.0,
                           'city_tile': 0.40315812826156616,
                           'overall': 4.375623643398285,
                           'worker': 3.9724655151367188},
 'Value': {'bias': 0.0006235103355720639,
           'explained_variance': 0.3571791648864746,
           'support_outside_fraction': 0.0,
           'target_std': 0.0030301075894385576}}[0m
[[36m2026-08-16 12:02:38,151[0m][[34mroot[0m][[32mINFO[0m] - Steps 3264 @ 51.2 SPS / 0.8 BPS. Stats:
{'Actions': {'cart': {'MOVE': nan, 'NO-OP': nan, 'TRANSFER': nan},
             'city_tile': {'BUILD_CART': nan,
                           'BUILD_WORKER': nan,
                           'NO-OP': nan,
                           'RESEARCH': nan},
             'worker': {'BUILD_CITY': nan,
                        'MOVE': nan,
                        'NO-OP': nan,
                        'PILLAGE': nan,
                        'TRANSFER': nan}},
 'Active_Entities': {'cart': 0, 'city_tile': 5, 'worker': 64},
 'Behavior_Policy': {'actor_version_max': 1536,
                     'actor_version_min': 1024,
                     'beta': 0.0001,
                     'buffer_lag_max': 2176,
                     'ema_kl': 0.006666050668664563,
                     'forward_kl': 0.008908705785870552,
                     'learner_version': 3200,
                     'log_rho_max': 0.22955965995788574,
                     'log_rho_mean': 0.002193991094827652,
                     'log_rho_p95': 0.011984150856733322,
                     'reverse_kl': 0.008777488023042679,
                     'target': None,
                     'vtrace_rho_clipped_fraction': 0.3046875},
 'Entropy': {'cart': -0.0,
             'city_tile': 0.6897891759872437,
             'overall': 0.9558313488960266,
             'worker': 0.26604217290878296},
 'Env': {'carts_final': nan,
         'carts_peak': nan,
         'city_tiles_final': nan,
         'city_tiles_peak': nan,
         'collision_penalty': nan,
         'max_cumulative_rewards': nan,
         'mean_cumulative_reward_magnitudes': nan,
         'mean_cumulative_rewards': nan,
         'research_points': nan,
         'separate_cities_final': nan,
         'separate_cities_peak': nan,
         'shaping_alpha': nan,
         'shaping_games': nan,
         'step': nan,
         'workers_final': nan,
         'workers_peak': nan},
 'Gradient': {'clipped': 0.0, 'norm_before_clip': 3.1879193782806396},
 'Intent': {'accuracy': nan,
            'target_build': 0,
            'target_deliver': 0,
            'target_mine': 0,
            'target_return': 0},
 'Loss': {'baseline_loss': 1.2716509103775024,
          'behavior_kl_loss': 8.777487892075442e-07,
          'entropy_loss': -6.05328350502532e-05,
          'intent_aux_loss': 0.0,
          'rule_aux_loss': 0.0,
          'teacher_baseline_loss': 0.0,
          'teacher_kl_loss': 0.0178326815366745,
          'total_loss': 1.3562302589416504,
          'upgo_pg_loss': 0.016989558935165405,
          'vtrace_pg_loss': 0.04981688782572746},
 'Misc': {'actor_policy_tta_rot180': 1.0,
          'league_opponents': {'first_place': 1.0, 'selfplay': 0.0},
          'learning_rate': 5e-07,
          'teacher_kl_cost': 0.01,
          'teacher_policy_tta_rot180': 1.0,
          'total_games_played': 3},
 'Normalized_Entropy': {'cart': 0.0,
                        'city_tile': 0.9951555132865906,
                        'overall': 0.24833054387051126,
                        'worker': 0.18998484313488007},
 'Teacher_KL_Divergence': {'cart': 0.0,
                           'city_tile': 0.6289969086647034,
                           'overall': 2.5127457976341248,
                           'worker': 1.8837488889694214},
 'Value': {'bias': 0.0,
           'explained_variance': 0.8044052720069885,
           'support_outside_fraction': 0.0,
           'target_std': 0.0026703912299126387}}[0m
[[36m2026-08-16 12:02:43,156[0m][[34mroot[0m][[32mINFO[0m] - Steps 3584 @ 63.9 SPS / 1.0 BPS. Stats:
{'Actions': {'cart': {'MOVE': nan, 'NO-OP': nan, 'TRANSFER': nan},
             'city_tile': {'BUILD_CART': nan,
                           'BUILD_WORKER': nan,
                           'NO-OP': nan,
                           'RESEARCH': nan},
             'worker': {'BUILD_CITY': nan,
                        'MOVE': nan,
                        'NO-OP': nan,
                        'PILLAGE': nan,
                        'TRANSFER': nan}},
 'Active_Entities': {'cart': 0, 'city_tile': 14, 'worker': 77},
 'Behavior_Policy': {'actor_version_max': 1792,
                     'actor_version_min': 1280,
                     'beta': 0.0001,
                     'buffer_lag_max': 2240,
                     'ema_kl': 0.006348922393195502,
                     'forward_kl': 0.003728265641257167,
                     'learner_version': 3520,
                     'log_rho_max': 0.12059521675109863,
                     'log_rho_mean': -0.01037571020424366,
                     'log_rho_p95': 0.016269350424408913,
                     'reverse_kl': 0.0038592678029090166,
                     'target': None,
                     'vtrace_rho_clipped_fraction': 0.234375},
 'Entropy': {'cart': -0.0,
             'city_tile': 0.5982821583747864,
             'overall': 0.8858828842639923,
             'worker': 0.28760072588920593},
 'Env': {'carts_final': nan,
         'carts_peak': nan,
         'city_tiles_final': nan,
         'city_tiles_peak': nan,
         'collision_penalty': nan,
         'max_cumulative_rewards': nan,
         'mean_cumulative_reward_magnitudes': nan,
         'mean_cumulative_rewards': nan,
         'research_points': nan,
         'separate_cities_final': nan,
         'separate_cities_peak': nan,
         'shaping_alpha': nan,
         'shaping_games': nan,
         'step': nan,
         'workers_final': nan,
         'workers_peak': nan},
 'Gradient': {'clipped': 0.0, 'norm_before_clip': 6.094232082366943},
 'Intent': {'accuracy': nan,
            'target_build': 0,
            'target_deliver': 0,
            'target_mine': 0,
            'target_return': 0},
 'Loss': {'baseline_loss': 1.2764670848846436,
          'behavior_kl_loss': 3.85926767876299e-07,
          'entropy_loss': -6.71392263029702e-05,
          'intent_aux_loss': 0.0,
          'rule_aux_loss': 0.0,
          'teacher_baseline_loss': 0.0,
          'teacher_kl_loss': 0.035766370594501495,
          'total_loss': 1.5520825386047363,
          'upgo_pg_loss': 0.048199351876974106,
          'vtrace_pg_loss': 0.1917165070772171},
 'Misc': {'actor_policy_tta_rot180': 1.0,
          'league_opponents': {'first_place': 0.75, 'selfplay': 0.25},
          'learning_rate': 5e-07,
          'teacher_kl_cost': 0.01,
          'teacher_policy_tta_rot180': 1.0,
          'total_games_played': 3},
 'Normalized_Entropy': {'cart': 0.0,
                        'city_tile': 0.863138735294342,
                        'overall': 0.31549922548807585,
                        'worker': 0.21592840552330017},
 'Teacher_KL_Divergence': {'cart': 0.0,
                           'city_tile': 0.355889230966568,
                           'overall': 4.531241804361343,
                           'worker': 4.175352573394775},
 'Value': {'bias': 0.0,
           'explained_variance': 0.9342536926269531,
           'support_outside_fraction': 0.0,
           'target_std': 0.0045794155448675156}}[0m
[[36m2026-08-16 12:02:48,161[0m][[34mroot[0m][[32mINFO[0m] - Steps 3904 @ 63.9 SPS / 1.0 BPS. Stats:
{'Actions': {'cart': {'MOVE': nan, 'NO-OP': nan, 'TRANSFER': nan},
             'city_tile': {'BUILD_CART': nan,
                           'BUILD_WORKER': nan,
                           'NO-OP': nan,
                           'RESEARCH': nan},
             'worker': {'BUILD_CITY': nan,
                        'MOVE': nan,
                        'NO-OP': nan,
                        'PILLAGE': nan,
                        'TRANSFER': nan}},
 'Active_Entities': {'cart': 0, 'city_tile': 7, 'worker': 71},
 'Behavior_Policy': {'actor_version_max': 2624,
                     'actor_version_min': 1792,
                     'beta': 0.0001,
                     'buffer_lag_max': 2048,
                     'ema_kl': 0.006668584319450847,
                     'forward_kl': 0.009430376812815666,
                     'learner_version': 3840,
                     'log_rho_max': 1.1037535667419434,
                     'log_rho_mean': -0.004297717474400997,
                     'log_rho_p95': 0.015020263381302357,
                     'reverse_kl': 0.010312942788004875,
                     'target': None,
                     'vtrace_rho_clipped_fraction': 0.15625},
 'Entropy': {'cart': -0.0,
             'city_tile': 0.6498090028762817,
             'overall': 1.1613110899925232,
             'worker': 0.5115020871162415},
 'Env': {'carts_final': nan,
         'carts_peak': nan,
         'city_tiles_final': nan,
         'city_tiles_peak': nan,
         'collision_penalty': nan,
         'max_cumulative_rewards': nan,
         'mean_cumulative_reward_magnitudes': nan,
         'mean_cumulative_rewards': nan,
         'research_points': nan,
         'separate_cities_final': nan,
         'separate_cities_peak': nan,
         'shaping_alpha': nan,
         'shaping_games': nan,
         'step': nan,
         'workers_final': nan,
         'workers_peak': nan},
 'Gradient': {'clipped': 0.0, 'norm_before_clip': 7.043239593505859},
 'Intent': {'accuracy': nan,
            'target_build': 0,
            'target_deliver': 0,
            'target_mine': 0,
            'target_return': 0},
 'Loss': {'baseline_loss': 1.269618034362793,
          'behavior_kl_loss': 1.0312942322343588e-06,
          'entropy_loss': -9.964175114873797e-05,
          'intent_aux_loss': 0.0,
          'rule_aux_loss': 0.0,
          'teacher_baseline_loss': 0.0,
          'teacher_kl_loss': 0.026886634528636932,
          'total_loss': 1.4283266067504883,
          'upgo_pg_loss': 0.07614968717098236,
          'vtrace_pg_loss': 0.05577085167169571},
 'Misc': {'actor_policy_tta_rot180': 1.0,
          'league_opponents': {'first_place': 1.0, 'selfplay': 0.0},
          'learning_rate': 5e-07,
          'teacher_kl_cost': 0.01,
          'teacher_policy_tta_rot180': 1.0,
          'total_games_played': 3},
 'Normalized_Entropy': {'cart': 0.0,
                        'city_tile': 0.9374762177467346,
                        'overall': 0.38417980189506823,
                        'worker': 0.32962945103645325},
 'Teacher_KL_Divergence': {'cart': 0.0,
                           'city_tile': 0.4477558135986328,
                           'overall': 3.1222188472747803,
                           'worker': 2.6744630336761475},
 'Value': {'bias': 0.0,
           'explained_variance': 0.733081579208374,
           'support_outside_fraction': 0.0,
           'target_std': 0.0023445982951670885}}[0m
[[36m2026-08-16 12:02:53,166[0m][[34mroot[0m][[32mINFO[0m] - Steps 4288 @ 76.7 SPS / 1.2 BPS. Stats:
{'Actions': {'cart': {'MOVE': nan, 'NO-OP': nan, 'TRANSFER': nan},
             'city_tile': {'BUILD_CART': nan,
                           'BUILD_WORKER': nan,
                           'NO-OP': nan,
                           'RESEARCH': nan},
             'worker': {'BUILD_CITY': nan,
                        'MOVE': nan,
                        'NO-OP': nan,
                        'PILLAGE': nan,
                        'TRANSFER': nan}},
 'Active_Entities': {'cart': 0, 'city_tile': 7, 'worker': 55},
 'Behavior_Policy': {'actor_version_max': 2816,
                     'actor_version_min': 2048,
                     'beta': 0.0001,
                     'buffer_lag_max': 2176,
                     'ema_kl': 0.007044267794415512,
                     'forward_kl': 0.010478122159838676,
                     'learner_version': 4224,
                     'log_rho_max': 0.3333909511566162,
                     'log_rho_mean': -0.01111476868391037,
                     'log_rho_p95': 0.00654213409870863,
                     'reverse_kl': 0.011442981660366058,
                     'target': None,
                     'vtrace_rho_clipped_fraction': 0.1015625},
 'Entropy': {'cart': -0.0,
             'city_tile': 0.6867629289627075,
             'overall': 0.9188834130764008,
             'worker': 0.23212048411369324},
 'Env': {'carts_final': nan,
         'carts_peak': nan,
         'city_tiles_final': nan,
         'city_tiles_peak': nan,
         'collision_penalty': nan,
         'max_cumulative_rewards': nan,
         'mean_cumulative_reward_magnitudes': nan,
         'mean_cumulative_rewards': nan,
         'research_points': nan,
         'separate_cities_final': nan,
         'separate_cities_peak': nan,
         'shaping_alpha': nan,
         'shaping_games': nan,
         'step': nan,
         'workers_final': nan,
         'workers_peak': nan},
 'Gradient': {'clipped': 1.0, 'norm_before_clip': 13.486572265625},
 'Intent': {'accuracy': nan,
            'target_build': 0,
            'target_deliver': 0,
            'target_mine': 0,
            'target_return': 0},
 'Loss': {'baseline_loss': 1.2764863967895508,
          'behavior_kl_loss': 1.144298153121781e-06,
          'entropy_loss': -6.17805853835307e-05,
          'intent_aux_loss': 0.0,
          'rule_aux_loss': 0.0,
          'teacher_baseline_loss': 0.0,
          'teacher_kl_loss': 0.012881786562502384,
          'total_loss': 0.745299220085144,
          'upgo_pg_loss': -0.18946878612041473,
          'vtrace_pg_loss': -0.35453954339027405},
 'Misc': {'actor_policy_tta_rot180': 1.0,
          'league_opponents': {'first_place': 1.0, 'selfplay': 0.0},
          'learning_rate': 5e-07,
          'teacher_kl_cost': 0.01,
          'teacher_policy_tta_rot180': 1.0,
          'total_games_played': 3},
 'Normalized_Entropy': {'cart': 0.0,
                        'city_tile': 0.990789532661438,
                        'overall': 0.2644422662354285,
                        'worker': 0.1719980686903},
 'Teacher_KL_Divergence': {'cart': 0.0,
                           'city_tile': 0.6641848683357239,
                           'overall': 1.9907287955284119,
                           'worker': 1.326543927192688},
 'Value': {'bias': 0.0063190944492816925,
           'explained_variance': 0.4245504140853882,
           'support_outside_fraction': 0.0,
           'target_std': 0.011915101669728756}}[0m
[[36m2026-08-16 12:02:58,171[0m][[34mroot[0m][[32mINFO[0m] - Steps 4672 @ 76.7 SPS / 1.2 BPS. Stats:
{'Actions': {'cart': {'MOVE': nan, 'NO-OP': nan, 'TRANSFER': nan},
             'city_tile': {'BUILD_CART': nan,
                           'BUILD_WORKER': nan,
                           'NO-OP': nan,
                           'RESEARCH': nan},
             'worker': {'BUILD_CITY': nan,
                        'MOVE': nan,
                        'NO-OP': nan,
                        'PILLAGE': nan,
                        'TRANSFER': nan}},
 'Active_Entities': {'cart': 0, 'city_tile': 19, 'worker': 76},
 'Behavior_Policy': {'actor_version_max': 3200,
                     'actor_version_min': 2560,
                     'beta': 0.0001,
                     'buffer_lag_max': 2048,
                     'ema_kl': 0.006785306939161259,
                     'forward_kl': 0.004213910549879074,
                     'learner_version': 4608,
                     'log_rho_max': 0.4643056392669678,
                     'log_rho_mean': -0.007092660292983055,
                     'log_rho_p95': 0.0009382018470205367,
                     'reverse_kl': 0.004411755129694939,
                     'target': None,
                     'vtrace_rho_clipped_fraction': 0.078125},
 'Entropy': {'cart': -0.0,
             'city_tile': 0.6773766875267029,
             'overall': 0.8331900835037231,
             'worker': 0.15581339597702026},
 'Env': {'carts_final': nan,
         'carts_peak': nan,
         'city_tiles_final': nan,
         'city_tiles_peak': nan,
         'collision_penalty': nan,
         'max_cumulative_rewards': nan,
         'mean_cumulative_reward_magnitudes': nan,
         'mean_cumulative_rewards': nan,
         'research_points': nan,
         'separate_cities_final': nan,
         'separate_cities_peak': nan,
         'shaping_alpha': nan,
         'shaping_games': nan,
         'step': nan,
         'workers_final': nan,
         'workers_peak': nan},
 'Gradient': {'clipped': 0.0, 'norm_before_clip': 3.1136155128479004},
 'Intent': {'accuracy': nan,
            'target_build': 0,
            'target_deliver': 0,
            'target_mine': 0,
            'target_return': 0},
 'Loss': {'baseline_loss': 1.2821115255355835,
          'behavior_kl_loss': 4.411755014643859e-07,
          'entropy_loss': -4.905785317532718e-05,
          'intent_aux_loss': 0.0,
          'rule_aux_loss': 0.0,
          'teacher_baseline_loss': 0.0,
          'teacher_kl_loss': 0.015246720053255558,
          'total_loss': 1.1776949167251587,
          'upgo_pg_loss': -0.04966899752616882,
          'vtrace_pg_loss': -0.06994567811489105},
 'Misc': {'actor_policy_tta_rot180': 1.0,
          'league_opponents': {'first_place': 1.0, 'selfplay': 0.0},
          'learning_rate': 5e-07,
          'teacher_kl_cost': 0.01,
          'teacher_policy_tta_rot180': 1.0,
          'total_games_played': 3},
 'Normalized_Entropy': {'cart': 0.0,
                        'city_tile': 0.977247953414917,
                        'overall': 0.311396050453186,
                        'worker': 0.1449330747127533},
 'Teacher_KL_Divergence': {'cart': 0.0,
                           'city_tile': 0.33893007040023804,
                           'overall': 1.8716930747032166,
                           'worker': 1.5327630043029785},
 'Value': {'bias': 0.003483534324914217,
           'explained_variance': 0.6499872207641602,
           'support_outside_fraction': 0.0,
           'target_std': 0.01018835511058569}}[0m
[[36m2026-08-16 12:03:03,176[0m][[34mroot[0m][[32mINFO[0m] - Steps 4992 @ 63.9 SPS / 1.0 BPS. Stats:
{'Actions': {'cart': {'MOVE': nan, 'NO-OP': nan, 'TRANSFER': nan},
             'city_tile': {'BUILD_CART': nan,
                           'BUILD_WORKER': nan,
                           'NO-OP': nan,
                           'RESEARCH': nan},
             'worker': {'BUILD_CITY': nan,
                        'MOVE': nan,
                        'NO-OP': nan,
                        'PILLAGE': nan,
                        'TRANSFER': nan}},
 'Active_Entities': {'cart': 0, 'city_tile': 4, 'worker': 92},
 'Behavior_Policy': {'actor_version_max': 3456,
                     'actor_version_min': 2816,
                     'beta': 0.0001,
                     'buffer_lag_max': 2112,
                     'ema_kl': 0.006423724398903543,
                     'forward_kl': 0.003815223928540945,
                     'learner_version': 4928,
                     'log_rho_max': 0.34811830520629883,
                     'log_rho_mean': -0.0001073768362402916,
                     'log_rho_p95': 0.039116501808166504,
                     'reverse_kl': 0.0034816479310393333,
                     'target': None,
                     'vtrace_rho_clipped_fraction': 0.3828125},
 'Entropy': {'cart': -0.0,
             'city_tile': 0.584556519985199,
             'overall': 0.7212923169136047,
             'worker': 0.13673579692840576},
 'Env': {'carts_final': nan,
         'carts_peak': nan,
         'city_tiles_final': nan,
         'city_tiles_peak': nan,
         'collision_penalty': nan,
         'max_cumulative_rewards': nan,
         'mean_cumulative_reward_magnitudes': nan,
         'mean_cumulative_rewards': nan,
         'research_points': nan,
         'separate_cities_final': nan,
         'separate_cities_peak': nan,
         'shaping_alpha': nan,
         'shaping_games': nan,
         'step': nan,
         'workers_final': nan,
         'workers_peak': nan},
 'Gradient': {'clipped': 0.0, 'norm_before_clip': 5.3760905265808105},
 'Intent': {'accuracy': nan,
            'target_build': 0,
            'target_deliver': 0,
            'target_mine': 0,
            'target_return': 0},
 'Loss': {'baseline_loss': 1.2708559036254883,
          'behavior_kl_loss': 3.4816477523236244e-07,
          'entropy_loss': -3.149905023747124e-05,
          'intent_aux_loss': 0.0,
          'rule_aux_loss': 0.0,
          'teacher_baseline_loss': 0.0,
          'teacher_kl_loss': 0.028968386352062225,
          'total_loss': 1.1061426401138306,
          'upgo_pg_loss': -0.04725763201713562,
          'vtrace_pg_loss': -0.14639286696910858},
 'Misc': {'actor_policy_tta_rot180': 1.0,
          'league_opponents': {'first_place': 0.5, 'selfplay': 0.5},
          'learning_rate': 5e-07,
          'teacher_kl_cost': 0.01,
          'teacher_policy_tta_rot180': 1.0,
          'total_games_played': 4},
 'Normalized_Entropy': {'cart': 0.0,
                        'city_tile': 0.843336820602417,
                        'overall': 0.12366518564522266,
                        'worker': 0.09237511456012726},
 'Teacher_KL_Divergence': {'cart': 0.0,
                           'city_tile': 0.31125718355178833,
                           'overall': 3.2899897694587708,
                           'worker': 2.9787325859069824},
 'Value': {'bias': 0.0031177783384919167,
           'explained_variance': 0.3012855052947998,
           'support_outside_fraction': 0.0,
           'target_std': 0.011403260752558708}}[0m
[[36m2026-08-16 12:03:08,181[0m][[34mroot[0m][[32mINFO[0m] - Steps 5312 @ 63.9 SPS / 1.0 BPS. Stats:
{'Actions': {'cart': {'MOVE': nan, 'NO-OP': nan, 'TRANSFER': nan},
             'city_tile': {'BUILD_CART': nan,
                           'BUILD_WORKER': nan,
                           'NO-OP': nan,
                           'RESEARCH': nan},
             'worker': {'BUILD_CITY': nan,
                        'MOVE': nan,
                        'NO-OP': nan,
                        'PILLAGE': nan,
                        'TRANSFER': nan}},
 'Active_Entities': {'cart': 0, 'city_tile': 11, 'worker': 44},
 'Behavior_Policy': {'actor_version_max': 3712,
                     'actor_version_min': 3072,
                     'beta': 0.0001,
                     'buffer_lag_max': 2176,
                     'ema_kl': 0.007561599783114472,
                     'forward_kl': 0.01620049960911274,
                     'learner_version': 5248,
                     'log_rho_max': 0.9807822704315186,
                     'log_rho_mean': -0.005197103135287762,
                     'log_rho_p95': 0.007227912079542875,
                     'reverse_kl': 0.01863265410065651,
                     'target': None,
                     'vtrace_rho_clipped_fraction': 0.140625},
 'Entropy': {'cart': -0.0,
             'city_tile': 0.7941216826438904,
             'overall': 1.3416308164596558,
             'worker': 0.5475091338157654},
 'Env': {'carts_final': nan,
         'carts_peak': nan,
         'city_tiles_final': nan,
         'city_tiles_peak': nan,
         'collision_penalty': nan,
         'max_cumulative_rewards': nan,
         'mean_cumulative_reward_magnitudes': nan,
         'mean_cumulative_rewards': nan,
         'research_points': nan,
         'separate_cities_final': nan,
         'separate_cities_peak': nan,
         'shaping_alpha': nan,
         'shaping_games': nan,
         'step': nan,
         'workers_final': nan,
         'workers_peak': nan},
 'Gradient': {'clipped': 1.0, 'norm_before_clip': 20.740171432495117},
 'Intent': {'accuracy': nan,
            'target_build': 0,
            'target_deliver': 0,
            'target_mine': 0,
            'target_return': 0},
 'Loss': {'baseline_loss': 1.2808096408843994,
          'behavior_kl_loss': 1.8632653109307284e-06,
          'entropy_loss': -0.00014288956299424171,
          'intent_aux_loss': 0.0,
          'rule_aux_loss': 0.0,
          'teacher_baseline_loss': 0.0,
          'teacher_kl_loss': 0.016368137672543526,
          'total_loss': 1.7783509492874146,
          'upgo_pg_loss': 0.15109948813915253,
          'vtrace_pg_loss': 0.3302147388458252},
 'Misc': {'actor_policy_tta_rot180': 1.0,
          'league_opponents': {'first_place': 1.0, 'selfplay': 0.0},
          'learning_rate': 5e-07,
          'teacher_kl_cost': 0.01,
          'teacher_policy_tta_rot180': 1.0,
          'total_games_played': 5},
 'Normalized_Entropy': {'cart': 0.0,
                        'city_tile': 0.935006320476532,
                        'overall': 0.4740312695503235,
                        'worker': 0.35878750681877136},
 'Teacher_KL_Divergence': {'cart': 0.0,
                           'city_tile': 0.6260765194892883,
                           'overall': 2.7574880719184875,
                           'worker': 2.131411552429199},
 'Value': {'bias': 0.0,
           'explained_variance': 0.9674433469772339,
           'support_outside_fraction': 0.0,
           'target_std': 0.005275129806250334}}[0m
[[36m2026-08-16 12:03:13,186[0m][[34mroot[0m][[32mINFO[0m] - Steps 5632 @ 63.9 SPS / 1.0 BPS. Stats:
{'Actions': {'cart': {'MOVE': nan, 'NO-OP': nan, 'TRANSFER': nan},
             'city_tile': {'BUILD_CART': nan,
                           'BUILD_WORKER': nan,
                           'NO-OP': nan,
                           'RESEARCH': nan},
             'worker': {'BUILD_CITY': nan,
                        'MOVE': nan,
                        'NO-OP': nan,
                        'PILLAGE': nan,
                        'TRANSFER': nan}},
 'Active_Entities': {'cart': 0, 'city_tile': 18, 'worker': 80},
 'Behavior_Policy': {'actor_version_max': 3968,
                     'actor_version_min': 3328,
                     'beta': 0.0001,
                     'buffer_lag_max': 2240,
                     'ema_kl': 0.00846401883448743,
                     'forward_kl': 0.004376377444714308,
                     'learner_version': 5568,
                     'log_rho_max': 0.7085018157958984,
                     'log_rho_mean': 0.01262602023780346,
                     'log_rho_p95': 0.022680560126900673,
                     'reverse_kl': 0.004778950475156307,
                     'target': None,
                     'vtrace_rho_clipped_fraction': 0.296875},
 'Entropy': {'cart': -0.0,
             'city_tile': 0.5759812593460083,
             'overall': 0.8965907394886017,
             'worker': 0.3206094801425934},
 'Env': {'carts_final': nan,
         'carts_peak': nan,
         'city_tiles_final': nan,
         'city_tiles_peak': nan,
         'collision_penalty': nan,
         'max_cumulative_rewards': nan,
         'mean_cumulative_reward_magnitudes': nan,
         'mean_cumulative_rewards': nan,
         'research_points': nan,
         'separate_cities_final': nan,
         'separate_cities_peak': nan,
         'shaping_alpha': nan,
         'shaping_games': nan,
         'step': nan,
         'workers_final': nan,
         'workers_peak': nan},
 'Gradient': {'clipped': 0.0, 'norm_before_clip': 5.237753391265869},
 'Intent': {'accuracy': nan,
            'target_build': 0,
            'target_deliver': 0,
            'target_mine': 0,
            'target_return': 0},
 'Loss': {'baseline_loss': 1.279396891593933,
          'behavior_kl_loss': 4.778950142281246e-07,
          'entropy_loss': -7.082272350089625e-05,
          'intent_aux_loss': 0.0,
          'rule_aux_loss': 0.0,
          'teacher_baseline_loss': 0.0,
          'teacher_kl_loss': 0.026913831010460854,
          'total_loss': 1.277616024017334,
          'upgo_pg_loss': -0.01118804793804884,
          'vtrace_pg_loss': -0.017436359077692032},
 'Misc': {'actor_policy_tta_rot180': 1.0,
          'league_opponents': {'first_place': 0.75, 'selfplay': 0.25},
          'learning_rate': 5e-07,
          'teacher_kl_cost': 0.01,
          'teacher_policy_tta_rot180': 1.0,
          'total_games_played': 5},
 'Normalized_Entropy': {'cart': 0.0,
                        'city_tile': 0.8309653401374817,
                        'overall': 0.37333647207337983,
                        'worker': 0.2703699767589569},
 'Teacher_KL_Divergence': {'cart': 0.0,
                           'city_tile': 0.34266701340675354,
                           'overall': 3.5845309793949127,
                           'worker': 3.241863965988159},
 'Value': {'bias': 0.0,
           'explained_variance': 0.9822949767112732,
           'support_outside_fraction': 0.0,
           'target_std': 0.005184459034353495}}[0m
[[36m2026-08-16 12:03:18,191[0m][[34mroot[0m][[32mINFO[0m] - Steps 6016 @ 76.7 SPS / 1.2 BPS. Stats:
{'Actions': {'cart': {'MOVE': nan, 'NO-OP': nan, 'TRANSFER': nan},
             'city_tile': {'BUILD_CART': nan,
                           'BUILD_WORKER': nan,
                           'NO-OP': nan,
                           'RESEARCH': nan},
             'worker': {'BUILD_CITY': nan,
                        'MOVE': nan,
                        'NO-OP': nan,
                        'PILLAGE': nan,
                        'TRANSFER': nan}},
 'Active_Entities': {'cart': 0, 'city_tile': 10, 'worker': 90},
 'Behavior_Policy': {'actor_version_max': 4480,
                     'actor_version_min': 3840,
                     'beta': 0.0001,
                     'buffer_lag_max': 2112,
                     'ema_kl': 0.008091066547002116,
                     'forward_kl': 0.006434660404920578,
                     'learner_version': 5952,
                     'log_rho_max': 0.34387922286987305,
                     'log_rho_mean': -0.018225207924842834,
                     'log_rho_p95': 0.032111722975969315,
                     'reverse_kl': 0.006263175047934055,
                     'target': None,
                     'vtrace_rho_clipped_fraction': 0.46875},
 'Entropy': {'cart': -0.0,
             'city_tile': 0.5684956312179565,
             'overall': 0.8962726891040802,
             'worker': 0.32777705788612366},
 'Env': {'carts_final': nan,
         'carts_peak': nan,
         'city_tiles_final': nan,
         'city_tiles_peak': nan,
         'collision_penalty': nan,
         'max_cumulative_rewards': nan,
         'mean_cumulative_reward_magnitudes': nan,
         'mean_cumulative_rewards': nan,
         'research_points': nan,
         'separate_cities_final': nan,
         'separate_cities_peak': nan,
         'shaping_alpha': nan,
         'shaping_games': nan,
         'step': nan,
         'workers_final': nan,
         'workers_peak': nan},
 'Gradient': {'clipped': 0.0, 'norm_before_clip': 3.9331765174865723},
 'Intent': {'accuracy': nan,
            'target_build': 0,
            'target_deliver': 0,
            'target_mine': 0,
            'target_return': 0},
 'Loss': {'baseline_loss': 1.2702631950378418,
          'behavior_kl_loss': 6.263175009735278e-07,
          'entropy_loss': -7.023247599136084e-05,
          'intent_aux_loss': 0.0,
          'rule_aux_loss': 0.0,
          'teacher_baseline_loss': 0.0,
          'teacher_kl_loss': 0.030691172927618027,
          'total_loss': 1.3692278861999512,
          'upgo_pg_loss': -0.0011595562100410461,
          'vtrace_pg_loss': 0.06950268149375916},
 'Misc': {'actor_policy_tta_rot180': 1.0,
          'league_opponents': {'first_place': 0.5, 'selfplay': 0.5},
          'learning_rate': 5e-07,
          'teacher_kl_cost': 0.01,
          'teacher_policy_tta_rot180': 1.0,
          'total_games_played': 5},
 'Normalized_Entropy': {'cart': 0.0,
                        'city_tile': 0.8201658129692078,
                        'overall': 0.26972188651561735,
                        'worker': 0.20856145024299622},
 'Teacher_KL_Divergence': {'cart': 0.0,
                           'city_tile': 0.30008819699287415,
                           'overall': 3.6728513538837433,
                           'worker': 3.372763156890869},
 'Value': {'bias': 0.0,
           'explained_variance': 0.9261409044265747,
           'support_outside_fraction': 0.0,
           'target_std': 0.002946902299299836}}[0m
[[36m2026-08-16 12:03:23,197[0m][[34mroot[0m][[32mINFO[0m] - Steps 6336 @ 63.9 SPS / 1.0 BPS. Stats:
{'Actions': {'cart': {'MOVE': nan, 'NO-OP': nan, 'TRANSFER': nan},
             'city_tile': {'BUILD_CART': nan,
                           'BUILD_WORKER': nan,
                           'NO-OP': nan,
                           'RESEARCH': nan},
             'worker': {'BUILD_CITY': nan,
                        'MOVE': nan,
                        'NO-OP': nan,
                        'PILLAGE': nan,
                        'TRANSFER': nan}},
 'Active_Entities': {'cart': 0, 'city_tile': 7, 'worker': 61},
 'Behavior_Policy': {'actor_version_max': 4864,
                     'actor_version_min': 4096,
                     'beta': 0.0001,
                     'buffer_lag_max': 2176,
                     'ema_kl': 0.009400919527366778,
                     'forward_kl': 0.01266823336482048,
                     'learner_version': 6272,
                     'log_rho_max': 0.16481822729110718,
                     'log_rho_mean': -0.012131583876907825,
                     'log_rho_p95': 0.005735824815928936,
                     'reverse_kl': 0.014615314081311226,
                     'target': None,
                     'vtrace_rho_clipped_fraction': 0.0625},
 'Entropy': {'cart': -0.0,
             'city_tile': 0.6621451377868652,
             'overall': 1.1542327404022217,
             'worker': 0.49208760261535645},
 'Env': {'carts_final': nan,
         'carts_peak': nan,
         'city_tiles_final': nan,
         'city_tiles_peak': nan,
         'collision_penalty': nan,
         'max_cumulative_rewards': nan,
         'mean_cumulative_reward_magnitudes': nan,
         'mean_cumulative_rewards': nan,
         'research_points': nan,
         'separate_cities_final': nan,
         'separate_cities_peak': nan,
         'shaping_alpha': nan,
         'shaping_games': nan,
         'step': nan,
         'workers_final': nan,
         'workers_peak': nan},
 'Gradient': {'clipped': 1.0, 'norm_before_clip': 17.501296997070312},
 'Intent': {'accuracy': nan,
            'target_build': 0,
            'target_deliver': 0,
            'target_mine': 0,
            'target_return': 0},
 'Loss': {'baseline_loss': 1.2763898372650146,
          'behavior_kl_loss': 1.4615313830290688e-06,
          'entropy_loss': -0.00010181841935263947,
          'intent_aux_loss': 0.0,
          'rule_aux_loss': 0.0,
          'teacher_baseline_loss': 0.0,
          'teacher_kl_loss': 0.01843603141605854,
          'total_loss': 1.3905351161956787,
          'upgo_pg_loss': 0.061306923627853394,
          'vtrace_pg_loss': 0.03450268507003784},
 'Misc': {'actor_policy_tta_rot180': 1.0,
          'league_opponents': {'first_place': 1.0, 'selfplay': 0.0},
          'learning_rate': 5e-07,
          'teacher_kl_cost': 0.01,
          'teacher_policy_tta_rot180': 1.0,
          'total_games_played': 5},
 'Normalized_Entropy': {'cart': 0.0,
                        'city_tile': 0.9552735090255737,
                        'overall': 0.4119810540886486,
                        'worker': 0.3496360182762146},
 'Teacher_KL_Divergence': {'cart': 0.0,
                           'city_tile': 0.3269570767879486,
                           'overall': 2.215236872434616,
                           'worker': 1.8882797956466675},
 'Value': {'bias': 0.005249066278338432,
           'explained_variance': 0.3646503686904907,
           'support_outside_fraction': 0.0,
           'target_std': 0.012376489117741585}}[0m
[[36m2026-08-16 12:03:28,202[0m][[34mroot[0m][[32mINFO[0m] - Steps 6720 @ 76.7 SPS / 1.2 BPS. Stats:
{'Actions': {'cart': {'MOVE': nan, 'NO-OP': nan, 'TRANSFER': nan},
             'city_tile': {'BUILD_CART': nan,
                           'BUILD_WORKER': nan,
                           'NO-OP': nan,
                           'RESEARCH': nan},
             'worker': {'BUILD_CITY': nan,
                        'MOVE': nan,
                        'NO-OP': nan,
                        'PILLAGE': nan,
                        'TRANSFER': nan}},
 'Active_Entities': {'cart': 0, 'city_tile': 6, 'worker': 58},
 'Behavior_Policy': {'actor_version_max': 5248,
                     'actor_version_min': 4608,
                     'beta': 0.0001,
                     'buffer_lag_max': 2048,
                     'ema_kl': 0.010596207880781892,
                     'forward_kl': 0.01156588550657034,
                     'learner_version': 6656,
                     'log_rho_max': 0.4329380989074707,
                     'log_rho_mean': 0.0005061847623437643,
                     'log_rho_p95': 0.1027919203042984,
                     'reverse_kl': 0.011425567790865898,
                     'target': None,
                     'vtrace_rho_clipped_fraction': 0.1796875},
 'Entropy': {'cart': -0.0,
             'city_tile': 0.7436704635620117,
             'overall': 1.0812996923923492,
             'worker': 0.3376292288303375},
 'Env': {'carts_final': nan,
         'carts_peak': nan,
         'city_tiles_final': nan,
         'city_tiles_peak': nan,
         'collision_penalty': nan,
         'max_cumulative_rewards': nan,
         'mean_cumulative_reward_magnitudes': nan,
         'mean_cumulative_rewards': nan,
         'research_points': nan,
         'separate_cities_final': nan,
         'separate_cities_peak': nan,
         'shaping_alpha': nan,
         'shaping_games': nan,
         'step': nan,
         'workers_final': nan,
         'workers_peak': nan},
 'Gradient': {'clipped': 0.0, 'norm_before_clip': 9.3268404006958},
 'Intent': {'accuracy': nan,
            'target_build': 0,
            'target_deliver': 0,
            'target_mine': 0,
            'target_return': 0},
 'Loss': {'baseline_loss': 1.2881637811660767,
          'behavior_kl_loss': 1.1425566981415614e-06,
          'entropy_loss': -7.652011845493689e-05,
          'intent_aux_loss': 0.0,
          'rule_aux_loss': 0.0,
          'teacher_baseline_loss': 0.0,
          'teacher_kl_loss': 0.00801741424947977,
          'total_loss': 0.9435702562332153,
          'upgo_pg_loss': -0.10192422568798065,
          'vtrace_pg_loss': -0.2506113350391388},
 'Misc': {'actor_policy_tta_rot180': 1.0,
          'league_opponents': {'first_place': 1.0, 'selfplay': 0.0},
          'learning_rate': 5e-07,
          'teacher_kl_cost': 0.01,
          'teacher_policy_tta_rot180': 1.0,
          'total_games_played': 5},
 'Normalized_Entropy': {'cart': 0.0,
                        'city_tile': 0.9430555701255798,
                        'overall': 0.2867477983236313,
                        'worker': 0.2188538908958435},
 'Teacher_KL_Divergence': {'cart': 0.0,
                           'city_tile': 0.46492743492126465,
                           'overall': 1.281387209892273,
                           'worker': 0.8164597749710083},
 'Value': {'bias': 0.004365692846477032,
           'explained_variance': 0.776909351348877,
           'support_outside_fraction': 0.0,
           'target_std': 0.010534622706472874}}[0m
[[36m2026-08-16 12:03:33,207[0m][[34mroot[0m][[32mINFO[0m] - Steps 7104 @ 76.7 SPS / 1.2 BPS. Stats:
{'Actions': {'cart': {'MOVE': nan, 'NO-OP': nan, 'TRANSFER': nan},
             'city_tile': {'BUILD_CART': nan,
                           'BUILD_WORKER': nan,
                           'NO-OP': nan,
                           'RESEARCH': nan},
             'worker': {'BUILD_CITY': nan,
                        'MOVE': nan,
                        'NO-OP': nan,
                        'PILLAGE': nan,
                        'TRANSFER': nan}},
 'Active_Entities': {'cart': 0, 'city_tile': 13, 'worker': 68},
 'Behavior_Policy': {'actor_version_max': 5504,
                     'actor_version_min': 4864,
                     'beta': 0.0001,
                     'buffer_lag_max': 2176,
                     'ema_kl': 0.010349953487612688,
                     'forward_kl': 0.015071098692715168,
                     'learner_version': 7040,
                     'log_rho_max': 0.6665172576904297,
                     'log_rho_mean': -0.0027608629316091537,
                     'log_rho_p95': 0.047403980046510696,
                     'reverse_kl': 0.017095491290092468,
                     'target': None,
                     'vtrace_rho_clipped_fraction': 0.1484375},
 'Entropy': {'cart': -0.0,
             'city_tile': 0.6768383383750916,
             'overall': 1.189884066581726,
             'worker': 0.5130457282066345},
 'Env': {'carts_final': nan,
         'carts_peak': nan,
         'city_tiles_final': nan,
         'city_tiles_peak': nan,
         'collision_penalty': nan,
         'max_cumulative_rewards': nan,
         'mean_cumulative_reward_magnitudes': nan,
         'mean_cumulative_rewards': nan,
         'research_points': nan,
         'separate_cities_final': nan,
         'separate_cities_peak': nan,
         'shaping_alpha': nan,
         'shaping_games': nan,
         'step': nan,
         'workers_final': nan,
         'workers_peak': nan},
 'Gradient': {'clipped': 1.0, 'norm_before_clip': 11.264305114746094},
 'Intent': {'accuracy': nan,
            'target_build': 0,
            'target_deliver': 0,
            'target_mine': 0,
            'target_return': 0},
 'Loss': {'baseline_loss': 1.2791874408721924,
          'behavior_kl_loss': 1.709549110273656e-06,
          'entropy_loss': -0.00010485787061043084,
          'intent_aux_loss': 0.0,
          'rule_aux_loss': 0.0,
          'teacher_baseline_loss': 0.0,
          'teacher_kl_loss': 0.013338731601834297,
          'total_loss': 1.3170243501663208,
          'upgo_pg_loss': 0.11382488906383514,
          'vtrace_pg_loss': -0.0892234817147255},
 'Misc': {'actor_policy_tta_rot180': 1.0,
          'league_opponents': {'first_place': 1.0, 'selfplay': 0.0},
          'learning_rate': 5e-07,
          'teacher_kl_cost': 0.01,
          'teacher_policy_tta_rot180': 1.0,
          'total_games_played': 5},
 'Normalized_Entropy': {'cart': 0.0,
                        'city_tile': 0.9764713644981384,
                        'overall': 0.48008971964871444,
                        'worker': 0.38519322872161865},
 'Teacher_KL_Divergence': {'cart': 0.0,
                           'city_tile': 0.3290499448776245,
                           'overall': 1.688670039176941,
                           'worker': 1.3596200942993164},
 'Value': {'bias': 0.004349703434854746,
           'explained_variance': 0.6606371402740479,
           'support_outside_fraction': 0.0,
           'target_std': 0.010316325351595879}}[0m
[[36m2026-08-16 12:03:38,213[0m][[34mroot[0m][[32mINFO[0m] - Steps 7424 @ 63.9 SPS / 1.0 BPS. Stats:
{'Actions': {'cart': {'MOVE': nan, 'NO-OP': nan, 'TRANSFER': nan},
             'city_tile': {'BUILD_CART': nan,
                           'BUILD_WORKER': nan,
                           'NO-OP': nan,
                           'RESEARCH': nan},
             'worker': {'BUILD_CITY': nan,
                        'MOVE': nan,
                        'NO-OP': nan,
                        'PILLAGE': nan,
                        'TRANSFER': nan}},
 'Active_Entities': {'cart': 0, 'city_tile': 0, 'worker': 55},
 'Behavior_Policy': {'actor_version_max': 5696,
                     'actor_version_min': 5120,
                     'beta': 0.0001,
                     'buffer_lag_max': 2240,
                     'ema_kl': 0.012044792069320158,
                     'forward_kl': 0.026768451556563377,
                     'learner_version': 7360,
                     'log_rho_max': 1.2531445026397705,
                     'log_rho_mean': -0.003348377998918295,
                     'log_rho_p95': 0.017093421891331673,
                     'reverse_kl': 0.032768093049526215,
                     'target': None,
                     'vtrace_rho_clipped_fraction': 0.1171875},
 'Entropy': {'cart': -0.0,
             'city_tile': -0.0,
             'overall': 0.6863994002342224,
             'worker': 0.6863994002342224},
 'Env': {'carts_final': nan,
         'carts_peak': nan,
         'city_tiles_final': nan,
         'city_tiles_peak': nan,
         'collision_penalty': nan,
         'max_cumulative_rewards': nan,
         'mean_cumulative_reward_magnitudes': nan,
         'mean_cumulative_rewards': nan,
         'research_points': nan,
         'separate_cities_final': nan,
         'separate_cities_peak': nan,
         'shaping_alpha': nan,
         'shaping_games': nan,
         'step': nan,
         'workers_final': nan,
         'workers_peak': nan},
 'Gradient': {'clipped': 1.0, 'norm_before_clip': 11.707157135009766},
 'Intent': {'accuracy': nan,
            'target_build': 0,
            'target_deliver': 0,
            'target_mine': 0,
            'target_return': 0},
 'Loss': {'baseline_loss': 1.2785546779632568,
          'behavior_kl_loss': 3.27680913869699e-06,
          'entropy_loss': -0.0001398218737449497,
          'intent_aux_loss': 0.0,
          'rule_aux_loss': 0.0,
          'teacher_baseline_loss': 0.0,
          'teacher_kl_loss': 0.016610655933618546,
          'total_loss': 1.4776058197021484,
          'upgo_pg_loss': 0.08401963114738464,
          'vtrace_pg_loss': 0.09855744242668152},
 'Misc': {'actor_policy_tta_rot180': 1.0,
          'league_opponents': {'first_place': 1.0, 'selfplay': 0.0},
          'learning_rate': 5e-07,
          'teacher_kl_cost': 0.01,
          'teacher_policy_tta_rot180': 1.0,
          'total_games_played': 9},
 'Normalized_Entropy': {'cart': 0.0,
                        'city_tile': 0.0,
                        'overall': 0.4740024507045746,
                        'worker': 0.4740024507045746},
 'Teacher_KL_Divergence': {'cart': 0.0,
                           'city_tile': 0.0,
                           'overall': 1.7081665992736816,
                           'worker': 1.7081665992736816},
 'Value': {'bias': 0.005160088650882244,
           'explained_variance': 0.32724159955978394,
           'support_outside_fraction': 0.0,
           'target_std': 0.014303279109299183}}[0m
[[36m2026-08-16 12:03:43,219[0m][[34mroot[0m][[32mINFO[0m] - Steps 7744 @ 63.9 SPS / 1.0 BPS. Stats:
{'Actions': {'cart': {'MOVE': nan, 'NO-OP': nan, 'TRANSFER': nan},
             'city_tile': {'BUILD_CART': 0.0,
                           'BUILD_WORKER': 0.016965127238454288,
                           'NO-OP': 0.9528746465598492,
                           'RESEARCH': 0.030160226201696512},
             'worker': {'BUILD_CITY': 0.03690987124463519,
                        'MOVE': 0.6515021459227468,
                        'NO-OP': 0.28240343347639485,
                        'PILLAGE': 0.0,
                        'TRANSFER': 0.029184549356223177}},
 'Active_Entities': {'cart': 0, 'city_tile': 7, 'worker': 41},
 'Behavior_Policy': {'actor_version_max': 6272,
                     'actor_version_min': 5632,
                     'beta': 0.0001,
                     'buffer_lag_max': 2048,
                     'ema_kl': 0.0121586749473243,
                     'forward_kl': 0.011991244740784168,
                     'learner_version': 7680,
                     'log_rho_max': 0.42340970039367676,
                     'log_rho_mean': -0.0016746767796576023,
                     'log_rho_p95': 0.019716519862413406,
                     'reverse_kl': 0.013297155499458313,
                     'target': None,
                     'vtrace_rho_clipped_fraction': 0.125},
 'Entropy': {'cart': -0.0,
             'city_tile': 0.6639207005500793,
             'overall': 1.1006318926811218,
             'worker': 0.4367111921310425},
 'Env': {'carts_final': 0.0,
         'carts_peak': 0.0,
         'city_tiles_final': 0.0,
         'city_tiles_peak': 22.0,
         'collision_penalty': 0.005034199915826321,
         'max_cumulative_rewards': 0.979973316192627,
         'mean_cumulative_reward_magnitudes': 0.9900405406951904,
         'mean_cumulative_rewards': -0.010067200288176537,
         'research_points': 32.0,
         'separate_cities_final': 0.0,
         'separate_cities_peak': 3.0,
         'shaping_alpha': 0.004999999888241291,
         'shaping_games': 7259.0,
         'step': 113.0,
         'workers_final': 11.5,
         'workers_peak': 14.0},
 'Gradient': {'clipped': 1.0, 'norm_before_clip': 21.461017608642578},
 'Intent': {'accuracy': nan,
            'target_build': 0,
            'target_deliver': 0,
            'target_mine': 0,
            'target_return': 0},
 'Loss': {'baseline_loss': 2.5336225032806396,
          'behavior_kl_loss': 1.3297154737301753e-06,
          'entropy_loss': -0.00012166021770099178,
          'intent_aux_loss': 0.0,
          'rule_aux_loss': 0.0,
          'teacher_baseline_loss': 0.0,
          'teacher_kl_loss': 0.014509918168187141,
          'total_loss': 2.5151355266571045,
          'upgo_pg_loss': -0.020048875361680984,
          'vtrace_pg_loss': -0.012827855534851551},
 'Misc': {'actor_policy_tta_rot180': 1.0,
          'league_opponents': {'first_place': 1.0, 'selfplay': 0.0},
          'learning_rate': 5e-07,
          'teacher_kl_cost': 0.01,
          'teacher_policy_tta_rot180': 1.0,
          'total_games_played': 11},
 'Normalized_Entropy': {'cart': 0.0,
                        'city_tile': 0.840681254863739,
                        'overall': 0.3674372149010499,
                        'worker': 0.2866394519805908},
 'Teacher_KL_Divergence': {'cart': 0.0,
                           'city_tile': 0.35135433077812195,
                           'overall': 2.227695196866989,
                           'worker': 1.8763408660888672},
 'Value': {'bias': 0.00271843234077096,
           'explained_variance': -0.0004966259002685547,
           'support_outside_fraction': 0.0,
           'target_std': 0.12525790929794312}}[0m
[[36m2026-08-16 12:03:48,224[0m][[34mroot[0m][[32mINFO[0m] - Steps 8128 @ 76.7 SPS / 1.2 BPS. Stats:
{'Actions': {'cart': {'MOVE': nan, 'NO-OP': nan, 'TRANSFER': nan},
             'city_tile': {'BUILD_CART': nan,
                           'BUILD_WORKER': nan,
                           'NO-OP': nan,
                           'RESEARCH': nan},
             'worker': {'BUILD_CITY': nan,
                        'MOVE': nan,
                        'NO-OP': nan,
                        'PILLAGE': nan,
                        'TRANSFER': nan}},
 'Active_Entities': {'cart': 0, 'city_tile': 9, 'worker': 52},
 'Behavior_Policy': {'actor_version_max': 6464,
                     'actor_version_min': 5888,
                     'beta': 0.0001,
                     'buffer_lag_max': 2176,
                     'ema_kl': 0.011871274641829098,
                     'forward_kl': 0.007784313056617975,
                     'learner_version': 8064,
                     'log_rho_max': 0.6238467693328857,
                     'log_rho_mean': -0.01517411693930626,
                     'log_rho_p95': 0.010915949940681458,
                     'reverse_kl': 0.009011645801365376,
                     'target': None,
                     'vtrace_rho_clipped_fraction': 0.1328125},
 'Entropy': {'cart': -0.0,
             'city_tile': 0.7975530028343201,
             'overall': 1.202627182006836,
             'worker': 0.40507417917251587},
 'Env': {'carts_final': nan,
         'carts_peak': nan,
         'city_tiles_final': nan,
         'city_tiles_peak': nan,
         'collision_penalty': nan,
         'max_cumulative_rewards': nan,
         'mean_cumulative_reward_magnitudes': nan,
         'mean_cumulative_rewards': nan,
         'research_points': nan,
         'separate_cities_final': nan,
         'separate_cities_peak': nan,
         'shaping_alpha': nan,
         'shaping_games': nan,
         'step': nan,
         'workers_final': nan,
         'workers_peak': nan},
 'Gradient': {'clipped': 1.0, 'norm_before_clip': inf},
 'Intent': {'accuracy': nan,
            'target_build': 0,
            'target_deliver': 0,
            'target_mine': 0,
            'target_return': 0},
 'Loss': {'baseline_loss': 1.2780925035476685,
          'behavior_kl_loss': 9.011645829559711e-07,
          'entropy_loss': -0.00011787300172727555,
          'intent_aux_loss': 0.0,
          'rule_aux_loss': 0.0,
          'teacher_baseline_loss': 0.0,
          'teacher_kl_loss': 0.01688394509255886,
          'total_loss': 2.3018434047698975,
          'upgo_pg_loss': 0.5473802089691162,
          'vtrace_pg_loss': 0.4596036374568939},
 'Misc': {'actor_policy_tta_rot180': 1.0,
          'league_opponents': {'first_place': 1.0, 'selfplay': 0.0},
          'learning_rate': 5e-07,
          'teacher_kl_cost': 0.01,
          'teacher_policy_tta_rot180': 1.0,
          'total_games_played': 12},
 'Normalized_Entropy': {'cart': 0.0,
                        'city_tile': 0.8918802738189697,
                        'overall': 0.35424799606448315,
                        'worker': 0.2611962556838989},
 'Teacher_KL_Divergence': {'cart': 0.0,
                           'city_tile': 0.36118727922439575,
                           'overall': 2.6707053780555725,
                           'worker': 2.3095180988311768},
 'Value': {'bias': 0.0029255046974867582,
           'explained_variance': 0.2527243494987488,
           'support_outside_fraction': 0.0,
           'target_std': 0.013067050836980343}}[0m
[[36m2026-08-16 12:03:53,230[0m][[34mroot[0m][[32mINFO[0m] - Steps 8448 @ 63.9 SPS / 1.0 BPS. Stats:
{'Actions': {'cart': {'MOVE': nan, 'NO-OP': nan, 'TRANSFER': nan},
             'city_tile': {'BUILD_CART': nan,
                           'BUILD_WORKER': nan,
                           'NO-OP': nan,
                           'RESEARCH': nan},
             'worker': {'BUILD_CITY': nan,
                        'MOVE': nan,
                        'NO-OP': nan,
                        'PILLAGE': nan,
                        'TRANSFER': nan}},
 'Active_Entities': {'cart': 0, 'city_tile': 0, 'worker': 58},
 'Behavior_Policy': {'actor_version_max': 6848,
                     'actor_version_min': 6144,
                     'beta': 0.0001,
                     'buffer_lag_max': 2240,
                     'ema_kl': 0.014448199573977326,
                     'forward_kl': 0.03363434970378876,
                     'learner_version': 8384,
                     'log_rho_max': 1.2684035301208496,
                     'log_rho_mean': -0.004308000206947327,
                     'log_rho_p95': 0.0926930159330368,
                     'reverse_kl': 0.03950987011194229,
                     'target': None,
                     'vtrace_rho_clipped_fraction': 0.0703125},
 'Entropy': {'cart': -0.0,
             'city_tile': -0.0,
             'overall': 0.8343157172203064,
             'worker': 0.8343157172203064},
 'Env': {'carts_final': nan,
         'carts_peak': nan,
         'city_tiles_final': nan,
         'city_tiles_peak': nan,
         'collision_penalty': nan,
         'max_cumulative_rewards': nan,
         'mean_cumulative_reward_magnitudes': nan,
         'mean_cumulative_rewards': nan,
         'research_points': nan,
         'separate_cities_final': nan,
         'separate_cities_peak': nan,
         'shaping_alpha': nan,
         'shaping_games': nan,
         'step': nan,
         'workers_final': nan,
         'workers_peak': nan},
 'Gradient': {'clipped': 1.0, 'norm_before_clip': 10.880602836608887},
 'Intent': {'accuracy': nan,
            'target_build': 0,
            'target_deliver': 0,
            'target_mine': 0,
            'target_return': 0},
 'Loss': {'baseline_loss': 1.2793419361114502,
          'behavior_kl_loss': 3.950986865675077e-06,
          'entropy_loss': -0.00016945376410149038,
          'intent_aux_loss': 0.0,
          'rule_aux_loss': 0.0,
          'teacher_baseline_loss': 0.0,
          'teacher_kl_loss': 0.011765871196985245,
          'total_loss': 1.010571002960205,
          'upgo_pg_loss': -0.1207844614982605,
          'vtrace_pg_loss': -0.15958689153194427},
 'Misc': {'actor_policy_tta_rot180': 1.0,
          'league_opponents': {'first_place': 1.0, 'selfplay': 0.0},
          'learning_rate': 5e-07,
          'teacher_kl_cost': 0.01,
          'teacher_policy_tta_rot180': 1.0,
          'total_games_played': 12},
 'Normalized_Entropy': {'cart': 0.0,
                        'city_tile': 0.0,
                        'overall': 0.5891081690788269,
                        'worker': 0.5891081690788269},
 'Teacher_KL_Divergence': {'cart': 0.0,
                           'city_tile': 0.0,
                           'overall': 1.1743874549865723,
                           'worker': 1.1743874549865723},
 'Value': {'bias': 0.0,
           'explained_variance': 0.9927613139152527,
           'support_outside_fraction': 0.0,
           'target_std': 0.0051931822672486305}}[0m
[[36m2026-08-16 12:03:58,236[0m][[34mroot[0m][[32mINFO[0m] - Steps 8832 @ 76.7 SPS / 1.2 BPS. Stats:
{'Actions': {'cart': {'MOVE': nan, 'NO-OP': nan, 'TRANSFER': nan},
             'city_tile': {'BUILD_CART': nan,
                           'BUILD_WORKER': nan,
                           'NO-OP': nan,
                           'RESEARCH': nan},
             'worker': {'BUILD_CITY': nan,
                        'MOVE': nan,
                        'NO-OP': nan,
                        'PILLAGE': nan,
                        'TRANSFER': nan}},
 'Active_Entities': {'cart': 11, 'city_tile': 14, 'worker': 75},
 'Behavior_Policy': {'actor_version_max': 7488,
                     'actor_version_min': 6656,
                     'beta': 0.0001,
                     'buffer_lag_max': 2112,
                     'ema_kl': 0.01543164804653091,
                     'forward_kl': 0.017731204628944397,
                     'learner_version': 8768,
                     'log_rho_max': 0.5974521636962891,
                     'log_rho_mean': 0.012026078999042511,
                     'log_rho_p95': 0.3145957589149475,
                     'reverse_kl': 0.01729975827038288,
                     'target': None,
                     'vtrace_rho_clipped_fraction': 0.15625},
 'Entropy': {'cart': 1.4472899436950684,
             'city_tile': 0.6865634918212891,
             'overall': 2.5404480695724487,
             'worker': 0.4065946340560913},
 'Env': {'carts_final': nan,
         'carts_peak': nan,
         'city_tiles_final': nan,
         'city_tiles_peak': nan,
         'collision_penalty': nan,
         'max_cumulative_rewards': nan,
         'mean_cumulative_reward_magnitudes': nan,
         'mean_cumulative_rewards': nan,
         'research_points': nan,
         'separate_cities_final': nan,
         'separate_cities_peak': nan,
         'shaping_alpha': nan,
         'shaping_games': nan,
         'step': nan,
         'workers_final': nan,
         'workers_peak': nan},
 'Gradient': {'clipped': 1.0, 'norm_before_clip': 18.655725479125977},
 'Intent': {'accuracy': nan,
            'target_build': 0,
            'target_deliver': 0,
            'target_mine': 0,
            'target_return': 0},
 'Loss': {'baseline_loss': 1.3010412454605103,
          'behavior_kl_loss': 1.7299757928412873e-06,
          'entropy_loss': -0.00011737802560674027,
          'intent_aux_loss': 0.0,
          'rule_aux_loss': 0.0,
          'teacher_baseline_loss': 0.0,
          'teacher_kl_loss': 0.012594444677233696,
          'total_loss': 0.8247634768486023,
          'upgo_pg_loss': -0.15790855884552002,
          'vtrace_pg_loss': -0.3308480381965637},
 'Misc': {'actor_policy_tta_rot180': 1.0,
          'league_opponents': {'first_place': 1.0, 'selfplay': 0.0},
          'learning_rate': 5e-07,
          'teacher_kl_cost': 0.01,
          'teacher_policy_tta_rot180': 1.0,
          'total_games_played': 12},
 'Normalized_Entropy': {'cart': 0.9350330829620361,
                        'city_tile': 0.9905017018318176,
                        'overall': 0.487749390900135,
                        'worker': 0.32830068469047546},
 'Teacher_KL_Divergence': {'cart': 0.08963868767023087,
                           'city_tile': 0.386472225189209,
                           'overall': 2.2334633842110634,
                           'worker': 1.7573524713516235},
 'Value': {'bias': 0.0,
           'explained_variance': 0.9765116572380066,
           'support_outside_fraction': 0.0,
           'target_std': 0.008281644433736801}}[0m
[[36m2026-08-16 12:04:03,241[0m][[34mroot[0m][[32mINFO[0m] - Steps 9216 @ 76.7 SPS / 1.2 BPS. Stats:
{'Actions': {'cart': {'MOVE': nan, 'NO-OP': nan, 'TRANSFER': nan},
             'city_tile': {'BUILD_CART': nan,
                           'BUILD_WORKER': nan,
                           'NO-OP': nan,
                           'RESEARCH': nan},
             'worker': {'BUILD_CITY': nan,
                        'MOVE': nan,
                        'NO-OP': nan,
                        'PILLAGE': nan,
                        'TRANSFER': nan}},
 'Active_Entities': {'cart': 0, 'city_tile': 16, 'worker': 84},
 'Behavior_Policy': {'actor_version_max': 7552,
                     'actor_version_min': 6912,
                     'beta': 0.0001,
                     'buffer_lag_max': 2240,
                     'ema_kl': 0.016357465884038903,
                     'forward_kl': 0.016329124569892883,
                     'learner_version': 9152,
                     'log_rho_max': 0.39863157272338867,
                     'log_rho_mean': -0.013809964060783386,
                     'log_rho_p95': 0.12026815116405487,
                     'reverse_kl': 0.017980486154556274,
                     'target': None,
                     'vtrace_rho_clipped_fraction': 0.1796875},
 'Entropy': {'cart': -0.0,
             'city_tile': 0.5941723585128784,
             'overall': 1.1133584380149841,
             'worker': 0.5191860795021057},
 'Env': {'carts_final': nan,
         'carts_peak': nan,
         'city_tiles_final': nan,
         'city_tiles_peak': nan,
         'collision_penalty': nan,
         'max_cumulative_rewards': nan,
         'mean_cumulative_reward_magnitudes': nan,
         'mean_cumulative_rewards': nan,
         'research_points': nan,
         'separate_cities_final': nan,
         'separate_cities_peak': nan,
         'shaping_alpha': nan,
         'shaping_games': nan,
         'step': nan,
         'workers_final': nan,
         'workers_peak': nan},
 'Gradient': {'clipped': 1.0, 'norm_before_clip': 18.76717185974121},
 'Intent': {'accuracy': nan,
            'target_build': 0,
            'target_deliver': 0,
            'target_mine': 0,
            'target_return': 0},
 'Loss': {'baseline_loss': 1.2661293745040894,
          'behavior_kl_loss': 1.7980485154112102e-06,
          'entropy_loss': -0.00012400178820826113,
          'intent_aux_loss': 0.0,
          'rule_aux_loss': 0.0,
          'teacher_baseline_loss': 0.0,
          'teacher_kl_loss': 0.022926880046725273,
          'total_loss': 1.0706636905670166,
          'upgo_pg_loss': -0.13157926499843597,
          'vtrace_pg_loss': -0.08669115602970123},
 'Misc': {'actor_policy_tta_rot180': 1.0,
          'league_opponents': {'first_place': 0.75, 'selfplay': 0.25},
          'learning_rate': 5e-07,
          'teacher_kl_cost': 0.01,
          'teacher_policy_tta_rot180': 1.0,
          'total_games_played': 12},
 'Normalized_Entropy': {'cart': 0.0,
                        'city_tile': 0.8572095036506653,
                        'overall': 0.43710859179496764,
                        'worker': 0.3570893704891205},
 'Teacher_KL_Divergence': {'cart': 0.0,
                           'city_tile': 0.713142991065979,
                           'overall': 3.7074397802352905,
                           'worker': 2.9942967891693115},
 'Value': {'bias': 0.0,
           'explained_variance': 0.7832082509994507,
           'support_outside_fraction': 0.0,
           'target_std': 0.0027376003563404083}}[0m
          'target_std': 0.0027376003563404083}}[0m
