Gym has been unmaintained since 2022 and does not support NumPy 2.0 amongst other critical functionality.
Please upgrade to Gymnasium, the maintained drop-in replacement of Gym, or contact the authors of your software and request that they upgrade.
Users of this version of Gym should be able to simply replace 'import gym' with 'import gymnasium as gym' in the vast majority of cases.
See the migration guide at https://gymnasium.farama.org/introduction/migration_guide/ for additional information.
/home/ueda/workspace/Kaggle_Lux_AI_2021_Fork/run_monobeast.py:95: Hydra14MigrationWarning: 
The version_base parameter is not specified.
Hydra will assume defaults for version 1.1.
Hydra 1.4 will remove this compatibility behavior.
Before upgrading to Hydra 1.4, set version_base="1.3" and test your application.
See https://hydra.cc/docs/upgrades/1.3_to_1.4/prepare_for_1_4/ for preparation instructions.
  @hydra.main(config_path="conf", config_name="resume_config")
[DEBUG:483429 utils:279 2026-08-16 09:57:42,237] Setting JobRuntime:name=UNKNOWN_NAME
[DEBUG:483429 utils:279 2026-08-16 09:57:42,237] Setting JobRuntime:name=run_monobeast
/home/ueda/workspace/Kaggle_Lux_AI_2021_Fork/.venv/lib/python3.9/site-packages/hydra/_internal/hydra.py:119: UserWarning: Future Hydra versions will no longer change working directory at job runtime by default.
See https://hydra.cc/docs/1.2/upgrades/1.1_to_1.2/changes_to_job_working_dir/ for more information.
  ret = run_job(
[[36m2026-08-16 09:57:42,409[0m][[34mroot[0m][[32mINFO[0m] - name: beat_first_place_v2
project: Lux_AI_2021_strategic
entity: null
group: scratch_distill_impala
act_space: BasicActionSpace
obs_space: SurvivalStrategicObs
obs_space_kwargs: {}
reward_space: GameResultReward
reward_space_kwargs: {}
total_steps: 1000000
num_actors: 2
n_actor_envs: 16
unroll_length: 16
batch_size: 4
discounting: 0.999
model_arch: survival_strategic
n_blocks: 12
attention_blocks: 4
n_heads: 6
hidden_dim: 96
embedding_dim: 16
n_merge_layers: 1
normalize: false
sum_player_embeddings: false
use_index_select: false
rescale_value_input: true
rescale_se_input: true
kernel_size: 5
optimizer_class: Adam
optimizer_kwargs:
  lr: 5.0e-05
  eps: 0.0003
min_lr_mod: 0.01
entropy_cost: 0.0002
baseline_cost: 1.0
teacher_kl_cost: 0.005
teacher_kl_cost_start: 0.01
teacher_kl_cost_end: 0.001
teacher_kl_decay_steps: 20000000
teacher_kl_delay_steps: 0
teacher_baseline_cost: 0.0
actor_policy_tta_rot180: true
teacher_policy_tta_rot180: true
lmb: 0.9
reduction: sum
use_teacher: false
teacher_load_dir: null
teacher_checkpoint_file: null
league_enabled: true
league_config_version: 7
league_opponents:
- name: selfplay
  kind: selfplay
  weight: 0.2
- name: first_place
  kind: teacher
  weight: 0.8
  config: /home/ueda/workspace/Kaggle_Lux_AI_2021_Fork/internal_testing/hall_of_fame/11-24_12-56-23_062179520_must_research/lux_ai/rl_agent/config.yaml
  checkpoint: /home/ueda/workspace/Kaggle_Lux_AI_2021_Fork/internal_testing/hall_of_fame/11-24_12-56-23_062179520_must_research/lux_ai/rl_agent/062179520_weights.pt
actor_device: cuda:0
learner_device: cuda:0
disable_wandb: true
model_log_freq: 100
sharing_strategy: file_descriptor
seed: 2021
num_buffers: 4
use_mixed_precision: true
actor_mixed_precision: false
clip_grads: 10.0
checkpoint_freq: 5.0
num_learner_threads: 1
debug: false
weights_only: true
n_value_warmup_batches: 0
behavior_kl_target: null
behavior_kl_auto_steps: 20000
behavior_kl_dual_lr: 0.05
behavior_kl_abort_multiplier: 4.0
value_critic: scalar
value_num_bins: 101
value_support_min: -2.0
value_support_max: 2.0
value_hl_gauss_sigma_ratio: 0.75
state_curriculum_enabled: false
snapshot_start_probability: 0.3
snapshot_pool_capacity: 2048
snapshot_capture_interval: 16
collision_penalty_cost: 0.0
collision_penalty_ramp_start: 0.0
collision_penalty_ramp_end: 0.0
collision_penalty_ramp_steps: 50000
load_dir: /home/ueda/workspace/Kaggle_Lux_AI_2021_Fork/outputs/distill/survival_strategic_v1
checkpoint_file: best.pt
teacher_kl_cost_floor: 0.0
reward_config_version: 0
objective_config_version: 0
league_sampling: fixed
pfsp_power: 2.0
pfsp_teacher_floor: 0.15
pfsp_exploration: 0.02
pfsp_prior_games: 20
learner_snapshot_interval_steps: 250000
loss_normalization: legacy
normalize_advantages: false
advantage_clip: 5.0
rule_aux_enabled: false
rule_aux_cost: 0.02
rule_aux_strategy: economy
intent_aux_enabled: false
intent_aux_cost: 0.01
intent_head_only_finetune: false
stop_after_step: null
verify_model_updates: true
[0m
[[36m2026-08-16 09:57:44,031[0m][[34mroot[0m][[32mINFO[0m] - Training model with 3,796,569 parameters.[0m
Gym has been unmaintained since 2022 and does not support NumPy 2.0 amongst other critical functionality.
Please upgrade to Gymnasium, the maintained drop-in replacement of Gym, or contact the authors of your software and request that they upgrade.
Users of this version of Gym should be able to simply replace 'import gym' with 'import gymnasium as gym' in the vast majority of cases.
See the migration guide at https://gymnasium.farama.org/introduction/migration_guide/ for additional information.
/home/ueda/workspace/Kaggle_Lux_AI_2021_Fork/run_monobeast.py:95: Hydra14MigrationWarning: 
The version_base parameter is not specified.
Hydra will assume defaults for version 1.1.
Hydra 1.4 will remove this compatibility behavior.
Before upgrading to Hydra 1.4, set version_base="1.3" and test your application.
See https://hydra.cc/docs/upgrades/1.3_to_1.4/prepare_for_1_4/ for preparation instructions.
  @hydra.main(config_path="conf", config_name="resume_config")
[INFO:483677 monobeast:577 2026-08-16 09:57:45,527] Actor 0 started.
[INFO:483677 monobeast:499 2026-08-16 09:57:46,701] Actor league loaded first_place from /home/ueda/workspace/Kaggle_Lux_AI_2021_Fork/internal_testing/hall_of_fame/11-24_12-56-23_062179520_must_research/lux_ai/rl_agent/062179520_weights.pt
Gym has been unmaintained since 2022 and does not support NumPy 2.0 amongst other critical functionality.
Please upgrade to Gymnasium, the maintained drop-in replacement of Gym, or contact the authors of your software and request that they upgrade.
Users of this version of Gym should be able to simply replace 'import gym' with 'import gymnasium as gym' in the vast majority of cases.
See the migration guide at https://gymnasium.farama.org/introduction/migration_guide/ for additional information.
/home/ueda/workspace/Kaggle_Lux_AI_2021_Fork/run_monobeast.py:95: Hydra14MigrationWarning: 
The version_base parameter is not specified.
Hydra will assume defaults for version 1.1.
Hydra 1.4 will remove this compatibility behavior.
Before upgrading to Hydra 1.4, set version_base="1.3" and test your application.
See https://hydra.cc/docs/upgrades/1.3_to_1.4/prepare_for_1_4/ for preparation instructions.
  @hydra.main(config_path="conf", config_name="resume_config")
[INFO:483785 monobeast:577 2026-08-16 09:57:47,610] Actor 1 started.
[INFO:483785 monobeast:499 2026-08-16 09:57:48,679] Actor league loaded first_place from /home/ueda/workspace/Kaggle_Lux_AI_2021_Fork/internal_testing/hall_of_fame/11-24_12-56-23_062179520_must_research/lux_ai/rl_agent/062179520_weights.pt
[[36m2026-08-16 09:57:48,757[0m][[34mroot[0m][[33mWARNING[0m] - flags.teacher_kl_cost is 0.005, but use_teacher is False. Setting flags.teacher_kl_cost to 0.[0m
[[36m2026-08-16 09:57:53,770[0m][[34mroot[0m][[32mINFO[0m] - Steps 0 @ 0.0 SPS / 0.0 BPS. Stats:
{}[0m
[[36m2026-08-16 09:57:54,713[0m][[34mroot[0m][[32mINFO[0m] - Verified learner-to-actor model synchronization: max_abs_diff=0[0m
[[36m2026-08-16 09:57:58,775[0m][[34mroot[0m][[32mINFO[0m] - Steps 512 @ 102.3 SPS / 1.6 BPS. Stats:
{'Actions': {'cart': {'MOVE': nan, 'NO-OP': nan, 'TRANSFER': nan},
             'city_tile': {'BUILD_CART': nan,
                           'BUILD_WORKER': nan,
                           'NO-OP': nan,
                           'RESEARCH': nan},
             'worker': {'BUILD_CITY': nan,
                        'MOVE': nan,
                        'NO-OP': nan,
                        'PILLAGE': nan,
                        'TRANSFER': nan}},
 'Active_Entities': {'cart': 0, 'city_tile': 77, 'worker': 105},
 'Behavior_Policy': {'actor_version_max': 0,
                     'actor_version_min': 0,
                     'beta': 0.0,
                     'buffer_lag_max': 448,
                     'ema_kl': None,
                     'forward_kl': 0.0656856894493103,
                     'learner_version': 448,
                     'log_rho_max': 1.9404723644256592,
                     'log_rho_mean': -0.07741780579090118,
                     'log_rho_p95': 0.026183610782027245,
                     'reverse_kl': 0.0704372227191925,
                     'target': None,
                     'vtrace_rho_clipped_fraction': 0.234375},
 'Entropy': {'cart': -0.0,
             'city_tile': 0.07848411053419113,
             'overall': 0.23348983377218246,
             'worker': 0.15500572323799133},
 'Env': {'carts_final': nan,
         'carts_peak': nan,
         'city_tiles_final': nan,
         'city_tiles_peak': nan,
         'max_cumulative_rewards': nan,
         'mean_cumulative_reward_magnitudes': nan,
         'mean_cumulative_rewards': nan,
         'research_points': nan,
         'separate_cities_final': nan,
         'separate_cities_peak': nan,
         'step': nan,
         'workers_final': nan,
         'workers_peak': nan},
 'Gradient': {'clipped': 1.0, 'norm_before_clip': inf},
 'Intent': {'accuracy': nan,
            'target_build': 0,
            'target_deliver': 0,
            'target_mine': 0,
            'target_return': 0},
 'Loss': {'baseline_loss': 0.031065581366419792,
          'behavior_kl_loss': 0.0,
          'entropy_loss': -0.004463775549083948,
          'intent_aux_loss': 0.0,
          'rule_aux_loss': 0.0,
          'teacher_baseline_loss': 0.0,
          'teacher_kl_loss': 0.0,
          'total_loss': 0.3412397801876068,
          'upgo_pg_loss': 0.3880962133407593,
          'vtrace_pg_loss': -0.0734582468867302},
 'Misc': {'actor_policy_tta_rot180': 1.0,
          'league_opponents': {'first_place': 0.75, 'selfplay': 0.25},
          'learning_rate': 4.9977824e-05,
          'teacher_kl_cost': 0.0,
          'teacher_policy_tta_rot180': 1.0,
          'total_games_played': 0},
 'Normalized_Entropy': {'cart': 0.0,
                        'city_tile': 0.11314518749713898,
                        'overall': 0.1034734254846206,
                        'worker': 0.0963808000087738},
 'Teacher_KL_Divergence': {'cart': 0.0,
                           'city_tile': 0.0,
                           'overall': 0.0,
                           'worker': 0.0},
 'Value': {'bias': 7.203198038041592e-10,
           'explained_variance': 0.5354257225990295,
           'support_outside_fraction': 0.0,
           'target_std': 0.04374329745769501}}[0m
[[36m2026-08-16 09:58:03,783[0m][[34mroot[0m][[32mINFO[0m] - Steps 1024 @ 102.3 SPS / 1.6 BPS. Stats:
{'Actions': {'cart': {'MOVE': nan, 'NO-OP': nan, 'TRANSFER': nan},
             'city_tile': {'BUILD_CART': nan,
                           'BUILD_WORKER': nan,
                           'NO-OP': nan,
                           'RESEARCH': nan},
             'worker': {'BUILD_CITY': nan,
                        'MOVE': nan,
                        'NO-OP': nan,
                        'PILLAGE': nan,
                        'TRANSFER': nan}},
 'Active_Entities': {'cart': 0, 'city_tile': 111, 'worker': 422},
 'Behavior_Policy': {'actor_version_max': 576,
                     'actor_version_min': 0,
                     'beta': 0.0,
                     'buffer_lag_max': 960,
                     'ema_kl': None,
                     'forward_kl': 0.053137946873903275,
                     'learner_version': 960,
                     'log_rho_max': 1.7705988883972168,
                     'log_rho_mean': -0.19979029893875122,
                     'log_rho_p95': 0.5953530073165894,
                     'reverse_kl': 0.05480561405420303,
                     'target': None,
                     'vtrace_rho_clipped_fraction': 0.21875},
 'Entropy': {'cart': -0.0,
             'city_tile': 0.17771616578102112,
             'overall': 0.43010130524635315,
             'worker': 0.25238513946533203},
 'Env': {'carts_final': nan,
         'carts_peak': nan,
         'city_tiles_final': nan,
         'city_tiles_peak': nan,
         'max_cumulative_rewards': nan,
         'mean_cumulative_reward_magnitudes': nan,
         'mean_cumulative_rewards': nan,
         'research_points': nan,
         'separate_cities_final': nan,
         'separate_cities_peak': nan,
         'step': nan,
         'workers_final': nan,
         'workers_peak': nan},
 'Gradient': {'clipped': 1.0, 'norm_before_clip': 32.51177978515625},
 'Intent': {'accuracy': nan,
            'target_build': 0,
            'target_deliver': 0,
            'target_mine': 0,
            'target_return': 0},
 'Loss': {'baseline_loss': 0.056452762335538864,
          'behavior_kl_loss': 0.0,
          'entropy_loss': -0.025246603414416313,
          'intent_aux_loss': 0.0,
          'rule_aux_loss': 0.0,
          'teacher_baseline_loss': 0.0,
          'teacher_kl_loss': 0.0,
          'total_loss': 1.7658450603485107,
          'upgo_pg_loss': 1.612475037574768,
          'vtrace_pg_loss': 0.12216384708881378},
 'Misc': {'actor_policy_tta_rot180': 1.0,
          'league_opponents': {'first_place': 0.75, 'selfplay': 0.25},
          'learning_rate': 4.995248e-05,
          'teacher_kl_cost': 0.0,
          'teacher_policy_tta_rot180': 1.0,
          'total_games_played': 0},
 'Normalized_Entropy': {'cart': 0.0,
                        'city_tile': 0.1891331672668457,
                        'overall': 0.16611443921280622,
                        'worker': 0.16005975008010864},
 'Teacher_KL_Divergence': {'cart': 0.0,
                           'city_tile': 0.0,
                           'overall': 0.0,
                           'worker': 0.0},
 'Value': {'bias': 3.055902197957039e-10,
           'explained_variance': 0.814382791519165,
           'support_outside_fraction': 0.0,
           'target_std': 0.0838492214679718}}[0m
[[36m2026-08-16 09:58:08,788[0m][[34mroot[0m][[32mINFO[0m] - Steps 1472 @ 89.5 SPS / 1.4 BPS. Stats:
{'Actions': {'cart': {'MOVE': nan, 'NO-OP': nan, 'TRANSFER': nan},
             'city_tile': {'BUILD_CART': nan,
                           'BUILD_WORKER': nan,
                           'NO-OP': nan,
                           'RESEARCH': nan},
             'worker': {'BUILD_CITY': nan,
                        'MOVE': nan,
                        'NO-OP': nan,
                        'PILLAGE': nan,
                        'TRANSFER': nan}},
 'Active_Entities': {'cart': 0, 'city_tile': 87, 'worker': 373},
 'Behavior_Policy': {'actor_version_max': 1024,
                     'actor_version_min': 640,
                     'beta': 0.0,
                     'buffer_lag_max': 768,
                     'ema_kl': None,
                     'forward_kl': 0.03226190060377121,
                     'learner_version': 1408,
                     'log_rho_max': 1.400524616241455,
                     'log_rho_mean': -0.18007905781269073,
                     'log_rho_p95': 0.3041191101074219,
                     'reverse_kl': 0.029715150594711304,
                     'target': None,
                     'vtrace_rho_clipped_fraction': 0.1796875},
 'Entropy': {'cart': -0.0,
             'city_tile': 0.18100595474243164,
             'overall': 0.4280795753002167,
             'worker': 0.24707362055778503},
 'Env': {'carts_final': nan,
         'carts_peak': nan,
         'city_tiles_final': nan,
         'city_tiles_peak': nan,
         'max_cumulative_rewards': nan,
         'mean_cumulative_reward_magnitudes': nan,
         'mean_cumulative_rewards': nan,
         'research_points': nan,
         'separate_cities_final': nan,
         'separate_cities_peak': nan,
         'step': nan,
         'workers_final': nan,
         'workers_peak': nan},
 'Gradient': {'clipped': 1.0, 'norm_before_clip': 25.198976516723633},
 'Intent': {'accuracy': nan,
            'target_build': 0,
            'target_deliver': 0,
            'target_mine': 0,
            'target_return': 0},
 'Loss': {'baseline_loss': 0.03341645747423172,
          'behavior_kl_loss': 0.0,
          'entropy_loss': -0.021581195294857025,
          'intent_aux_loss': 0.0,
          'rule_aux_loss': 0.0,
          'teacher_baseline_loss': 0.0,
          'teacher_kl_loss': 0.0,
          'total_loss': 2.773249387741089,
          'upgo_pg_loss': 2.2027158737182617,
          'vtrace_pg_loss': 0.5586981773376465},
 'Misc': {'actor_policy_tta_rot180': 1.0,
          'league_opponents': {'first_place': 1.0, 'selfplay': 0.0},
          'learning_rate': 4.9930304e-05,
          'teacher_kl_cost': 0.0,
          'teacher_policy_tta_rot180': 1.0,
          'total_games_played': 0},
 'Normalized_Entropy': {'cart': 0.0,
                        'city_tile': 0.24901650846004486,
                        'overall': 0.18086553164150404,
                        'worker': 0.16496972739696503},
 'Teacher_KL_Divergence': {'cart': 0.0,
                           'city_tile': 0.0,
                           'overall': 0.0,
                           'worker': 0.0},
 'Value': {'bias': 5.617039278149605e-09,
           'explained_variance': 0.7735430598258972,
           'support_outside_fraction': 0.0,
           'target_std': 0.06790666282176971}}[0m
[[36m2026-08-16 09:58:13,793[0m][[34mroot[0m][[32mINFO[0m] - Steps 1920 @ 89.5 SPS / 1.4 BPS. Stats:
{'Actions': {'cart': {'MOVE': nan, 'NO-OP': nan, 'TRANSFER': nan},
             'city_tile': {'BUILD_CART': nan,
                           'BUILD_WORKER': nan,
                           'NO-OP': nan,
                           'RESEARCH': nan},
             'worker': {'BUILD_CITY': nan,
                        'MOVE': nan,
                        'NO-OP': nan,
                        'PILLAGE': nan,
                        'TRANSFER': nan}},
 'Active_Entities': {'cart': 0, 'city_tile': 156, 'worker': 770},
 'Behavior_Policy': {'actor_version_max': 1600,
                     'actor_version_min': 1088,
                     'beta': 0.0,
                     'buffer_lag_max': 768,
                     'ema_kl': None,
                     'forward_kl': 0.0325678288936615,
                     'learner_version': 1856,
                     'log_rho_max': 1.7397818565368652,
                     'log_rho_mean': -0.22810772061347961,
                     'log_rho_p95': 0.4402610957622528,
                     'reverse_kl': 0.034902799874544144,
                     'target': None,
                     'vtrace_rho_clipped_fraction': 0.296875},
 'Entropy': {'cart': -0.0,
             'city_tile': 0.13493120670318604,
             'overall': 0.4110412001609802,
             'worker': 0.2761099934577942},
 'Env': {'carts_final': nan,
         'carts_peak': nan,
         'city_tiles_final': nan,
         'city_tiles_peak': nan,
         'max_cumulative_rewards': nan,
         'mean_cumulative_reward_magnitudes': nan,
         'mean_cumulative_rewards': nan,
         'research_points': nan,
         'separate_cities_final': nan,
         'separate_cities_peak': nan,
         'step': nan,
         'workers_final': nan,
         'workers_peak': nan},
 'Gradient': {'clipped': 1.0, 'norm_before_clip': 24.84874153137207},
 'Intent': {'accuracy': nan,
            'target_build': 0,
            'target_deliver': 0,
            'target_mine': 0,
            'target_return': 0},
 'Loss': {'baseline_loss': 0.03413640707731247,
          'behavior_kl_loss': 0.0,
          'entropy_loss': -0.04673079401254654,
          'intent_aux_loss': 0.0,
          'rule_aux_loss': 0.0,
          'teacher_baseline_loss': 0.0,
          'teacher_kl_loss': 0.0,
          'total_loss': 3.3804450035095215,
          'upgo_pg_loss': 2.7666897773742676,
          'vtrace_pg_loss': 0.6263496279716492},
 'Misc': {'actor_policy_tta_rot180': 1.0,
          'league_opponents': {'first_place': 0.5, 'selfplay': 0.5},
          'learning_rate': 4.9908128e-05,
          'teacher_kl_cost': 0.0,
          'teacher_policy_tta_rot180': 1.0,
          'total_games_played': 0},
 'Normalized_Entropy': {'cart': 0.0,
                        'city_tile': 0.1017291396856308,
                        'overall': 0.16008485715281115,
                        'worker': 0.17190757393836975},
 'Teacher_KL_Divergence': {'cart': 0.0,
                           'city_tile': 0.0,
                           'overall': 0.0,
                           'worker': 0.0},
 'Value': {'bias': 1.1932570487260818e-08,
           'explained_variance': 0.9405754804611206,
           'support_outside_fraction': 0.0,
           'target_std': 0.11106644570827484}}[0m
[[36m2026-08-16 09:58:18,798[0m][[34mroot[0m][[32mINFO[0m] - Steps 2304 @ 76.7 SPS / 1.2 BPS. Stats:
{'Actions': {'cart': {'MOVE': nan, 'NO-OP': nan, 'TRANSFER': nan},
             'city_tile': {'BUILD_CART': nan,
                           'BUILD_WORKER': nan,
                           'NO-OP': nan,
                           'RESEARCH': nan},
             'worker': {'BUILD_CITY': nan,
                        'MOVE': nan,
                        'NO-OP': nan,
                        'PILLAGE': nan,
                        'TRANSFER': nan}},
 'Active_Entities': {'cart': 0, 'city_tile': 174, 'worker': 1268},
 'Behavior_Policy': {'actor_version_max': 2048,
                     'actor_version_min': 1536,
                     'beta': 0.0,
                     'buffer_lag_max': 704,
                     'ema_kl': None,
                     'forward_kl': 0.031800560653209686,
                     'learner_version': 2240,
                     'log_rho_max': 1.9723230600357056,
                     'log_rho_mean': -0.37328219413757324,
                     'log_rho_p95': 0.9270244240760803,
                     'reverse_kl': 0.03256934881210327,
                     'target': None,
                     'vtrace_rho_clipped_fraction': 0.2109375},
 'Entropy': {'cart': -0.0,
             'city_tile': 0.20508399605751038,
             'overall': 0.5312060415744781,
             'worker': 0.3261220455169678},
 'Env': {'carts_final': nan,
         'carts_peak': nan,
         'city_tiles_final': nan,
         'city_tiles_peak': nan,
         'max_cumulative_rewards': nan,
         'mean_cumulative_reward_magnitudes': nan,
         'mean_cumulative_rewards': nan,
         'research_points': nan,
         'separate_cities_final': nan,
         'separate_cities_peak': nan,
         'step': nan,
         'workers_final': nan,
         'workers_peak': nan},
 'Gradient': {'clipped': 1.0, 'norm_before_clip': 29.69937515258789},
 'Intent': {'accuracy': nan,
            'target_build': 0,
            'target_deliver': 0,
            'target_mine': 0,
            'target_return': 0},
 'Loss': {'baseline_loss': 0.030866829678416252,
          'behavior_kl_loss': 0.0,
          'entropy_loss': -0.08984147012233734,
          'intent_aux_loss': 0.0,
          'rule_aux_loss': 0.0,
          'teacher_baseline_loss': 0.0,
          'teacher_kl_loss': 0.0,
          'total_loss': 6.258647441864014,
          'upgo_pg_loss': 5.057415962219238,
          'vtrace_pg_loss': 1.2602064609527588},
 'Misc': {'actor_policy_tta_rot180': 1.0,
          'league_opponents': {'first_place': 0.75, 'selfplay': 0.25},
          'learning_rate': 4.988912e-05,
          'teacher_kl_cost': 0.0,
          'teacher_policy_tta_rot180': 1.0,
          'total_games_played': 0},
 'Normalized_Entropy': {'cart': 0.0,
                        'city_tile': 0.2379939705133438,
                        'overall': 0.21083261688522756,
                        'worker': 0.20710542798042297},
 'Teacher_KL_Divergence': {'cart': 0.0,
                           'city_tile': 0.0,
                           'overall': 0.0,
                           'worker': 0.0},
 'Value': {'bias': -4.190951585769653e-09,
           'explained_variance': 0.9315055012702942,
           'support_outside_fraction': 0.0,
           'target_std': 0.10252339392900467}}[0m
[[36m2026-08-16 09:58:23,803[0m][[34mroot[0m][[32mINFO[0m] - Steps 2560 @ 51.2 SPS / 0.8 BPS. Stats:
{'Actions': {'cart': {'MOVE': nan, 'NO-OP': nan, 'TRANSFER': nan},
             'city_tile': {'BUILD_CART': nan,
                           'BUILD_WORKER': nan,
                           'NO-OP': nan,
                           'RESEARCH': nan},
             'worker': {'BUILD_CITY': nan,
                        'MOVE': nan,
                        'NO-OP': nan,
                        'PILLAGE': nan,
                        'TRANSFER': nan}},
 'Active_Entities': {'cart': 0, 'city_tile': 147, 'worker': 1056},
 'Behavior_Policy': {'actor_version_max': 2176,
                     'actor_version_min': 1664,
                     'beta': 0.0,
                     'buffer_lag_max': 832,
                     'ema_kl': None,
                     'forward_kl': 0.02670072577893734,
                     'learner_version': 2496,
                     'log_rho_max': 2.621061325073242,
                     'log_rho_mean': -0.18187999725341797,
                     'log_rho_p95': 0.6809747815132141,
                     'reverse_kl': 0.029038116335868835,
                     'target': None,
                     'vtrace_rho_clipped_fraction': 0.2734375},
 'Entropy': {'cart': -0.0,
             'city_tile': 0.14806680381298065,
             'overall': 0.41902558505535126,
             'worker': 0.2709587812423706},
 'Env': {'carts_final': nan,
         'carts_peak': nan,
         'city_tiles_final': nan,
         'city_tiles_peak': nan,
         'max_cumulative_rewards': nan,
         'mean_cumulative_reward_magnitudes': nan,
         'mean_cumulative_rewards': nan,
         'research_points': nan,
         'separate_cities_final': nan,
         'separate_cities_peak': nan,
         'step': nan,
         'workers_final': nan,
         'workers_peak': nan},
 'Gradient': {'clipped': 1.0, 'norm_before_clip': 31.19516944885254},
 'Intent': {'accuracy': nan,
            'target_build': 0,
            'target_deliver': 0,
            'target_mine': 0,
            'target_return': 0},
 'Loss': {'baseline_loss': 0.028815271332859993,
          'behavior_kl_loss': 0.0,
          'entropy_loss': -0.06157965585589409,
          'intent_aux_loss': 0.0,
          'rule_aux_loss': 0.0,
          'teacher_baseline_loss': 0.0,
          'teacher_kl_loss': 0.0,
          'total_loss': 3.8108296394348145,
          'upgo_pg_loss': 3.136122226715088,
          'vtrace_pg_loss': 0.7074719667434692},
 'Misc': {'actor_policy_tta_rot180': 1.0,
          'league_opponents': {'first_place': 0.75, 'selfplay': 0.25},
          'learning_rate': 4.9876448e-05,
          'teacher_kl_cost': 0.0,
          'teacher_policy_tta_rot180': 1.0,
          'total_games_played': 0},
 'Normalized_Entropy': {'cart': 0.0,
                        'city_tile': 0.16443440318107605,
                        'overall': 0.1720084584413324,
                        'worker': 0.17306280136108398},
 'Teacher_KL_Divergence': {'cart': 0.0,
                           'city_tile': 0.0,
                           'overall': 0.0,
                           'worker': 0.0},
 'Value': {'bias': 1.6443664208054543e-09,
           'explained_variance': 0.8410323262214661,
           'support_outside_fraction': 0.0,
           'target_std': 0.07055764645338058}}[0m
[[36m2026-08-16 09:58:28,808[0m][[34mroot[0m][[32mINFO[0m] - Steps 3072 @ 102.3 SPS / 1.6 BPS. Stats:
{'Actions': {'cart': {'MOVE': nan, 'NO-OP': nan, 'TRANSFER': nan},
             'city_tile': {'BUILD_CART': nan,
                           'BUILD_WORKER': nan,
                           'NO-OP': nan,
                           'RESEARCH': nan},
             'worker': {'BUILD_CITY': nan,
                        'MOVE': nan,
                        'NO-OP': nan,
                        'PILLAGE': nan,
                        'TRANSFER': nan}},
 'Active_Entities': {'cart': 0, 'city_tile': 270, 'worker': 1098},
 'Behavior_Policy': {'actor_version_max': 2624,
                     'actor_version_min': 2240,
                     'beta': 0.0,
                     'buffer_lag_max': 768,
                     'ema_kl': None,
                     'forward_kl': 0.027363246306777,
                     'learner_version': 3008,
                     'log_rho_max': 2.3004322052001953,
                     'log_rho_mean': -0.22194787859916687,
                     'log_rho_p95': 1.0234326124191284,
                     'reverse_kl': 0.027793526649475098,
                     'target': None,
                     'vtrace_rho_clipped_fraction': 0.2421875},
 'Entropy': {'cart': -0.0,
             'city_tile': 0.24354897439479828,
             'overall': 0.5445155650377274,
             'worker': 0.3009665906429291},
 'Env': {'carts_final': nan,
         'carts_peak': nan,
         'city_tiles_final': nan,
         'city_tiles_peak': nan,
         'max_cumulative_rewards': nan,
         'mean_cumulative_reward_magnitudes': nan,
         'mean_cumulative_rewards': nan,
         'research_points': nan,
         'separate_cities_final': nan,
         'separate_cities_peak': nan,
         'step': nan,
         'workers_final': nan,
         'workers_peak': nan},
 'Gradient': {'clipped': 1.0, 'norm_before_clip': 26.7625675201416},
 'Intent': {'accuracy': nan,
            'target_build': 0,
            'target_deliver': 0,
            'target_mine': 0,
            'target_return': 0},
 'Loss': {'baseline_loss': 0.04654187709093094,
          'behavior_kl_loss': 0.0,
          'entropy_loss': -0.07924390584230423,
          'intent_aux_loss': 0.0,
          'rule_aux_loss': 0.0,
          'teacher_baseline_loss': 0.0,
          'teacher_kl_loss': 0.0,
          'total_loss': 3.3796839714050293,
          'upgo_pg_loss': 3.4029955863952637,
          'vtrace_pg_loss': 0.009390324354171753},
 'Misc': {'actor_policy_tta_rot180': 1.0,
          'league_opponents': {'first_place': 0.75, 'selfplay': 0.25},
          'learning_rate': 4.9851104000000006e-05,
          'teacher_kl_cost': 0.0,
          'teacher_policy_tta_rot180': 1.0,
          'total_games_played': 0},
 'Normalized_Entropy': {'cart': 0.0,
                        'city_tile': 0.2998039424419403,
                        'overall': 0.21449972081341243,
                        'worker': 0.19352327287197113},
 'Teacher_KL_Divergence': {'cart': 0.0,
                           'city_tile': 0.0,
                           'overall': 0.0,
                           'worker': 0.0},
 'Value': {'bias': -1.6472768038511276e-08,
           'explained_variance': 0.8709836006164551,
           'support_outside_fraction': 0.0,
           'target_std': 0.08407582342624664}}[0m
[[36m2026-08-16 09:58:33,815[0m][[34mroot[0m][[32mINFO[0m] - Steps 3584 @ 102.3 SPS / 1.6 BPS. Stats:
{'Actions': {'cart': {'MOVE': nan, 'NO-OP': nan, 'TRANSFER': nan},
             'city_tile': {'BUILD_CART': nan,
                           'BUILD_WORKER': nan,
                           'NO-OP': nan,
                           'RESEARCH': nan},
             'worker': {'BUILD_CITY': nan,
                        'MOVE': nan,
                        'NO-OP': nan,
                        'PILLAGE': nan,
                        'TRANSFER': nan}},
 'Active_Entities': {'cart': 0, 'city_tile': 239, 'worker': 1405},
 'Behavior_Policy': {'actor_version_max': 3264,
                     'actor_version_min': 2688,
                     'beta': 0.0,
                     'buffer_lag_max': 832,
                     'ema_kl': None,
                     'forward_kl': 0.024029437452554703,
                     'learner_version': 3520,
                     'log_rho_max': 3.0661001205444336,
                     'log_rho_mean': -0.23734945058822632,
                     'log_rho_p95': 0.8874670267105103,
                     'reverse_kl': 0.023765595629811287,
                     'target': None,
                     'vtrace_rho_clipped_fraction': 0.2265625},
 'Entropy': {'cart': -0.0,
             'city_tile': 0.20091132819652557,
             'overall': 0.5460214465856552,
             'worker': 0.34511011838912964},
 'Env': {'carts_final': nan,
         'carts_peak': nan,
         'city_tiles_final': nan,
         'city_tiles_peak': nan,
         'max_cumulative_rewards': nan,
         'mean_cumulative_reward_magnitudes': nan,
         'mean_cumulative_rewards': nan,
         'research_points': nan,
         'separate_cities_final': nan,
         'separate_cities_peak': nan,
         'step': nan,
         'workers_final': nan,
         'workers_peak': nan},
 'Gradient': {'clipped': 1.0, 'norm_before_clip': 16.00233268737793},
 'Intent': {'accuracy': nan,
            'target_build': 0,
            'target_deliver': 0,
            'target_mine': 0,
            'target_return': 0},
 'Loss': {'baseline_loss': 0.009873978793621063,
          'behavior_kl_loss': 0.0,
          'entropy_loss': -0.10657951235771179,
          'intent_aux_loss': 0.0,
          'rule_aux_loss': 0.0,
          'teacher_baseline_loss': 0.0,
          'teacher_kl_loss': 0.0,
          'total_loss': 3.692657232284546,
          'upgo_pg_loss': 4.294275760650635,
          'vtrace_pg_loss': -0.5049127340316772},
 'Misc': {'actor_policy_tta_rot180': 1.0,
          'league_opponents': {'first_place': 0.75, 'selfplay': 0.25},
          'learning_rate': 4.9825760000000004e-05,
          'teacher_kl_cost': 0.0,
          'teacher_policy_tta_rot180': 1.0,
          'total_games_played': 0},
 'Normalized_Entropy': {'cart': 0.0,
                        'city_tile': 0.2041817158460617,
                        'overall': 0.2208299645904787,
                        'worker': 0.22366194427013397},
 'Teacher_KL_Divergence': {'cart': 0.0,
                           'city_tile': 0.0,
                           'overall': 0.0,
                           'worker': 0.0},
 'Value': {'bias': 1.816079020500183e-08,
           'explained_variance': 0.9621414542198181,
           'support_outside_fraction': 0.0,
           'target_std': 0.0829525962471962}}[0m
[[36m2026-08-16 09:58:38,820[0m][[34mroot[0m][[32mINFO[0m] - Steps 3840 @ 51.2 SPS / 0.8 BPS. Stats:
{'Actions': {'cart': {'MOVE': nan, 'NO-OP': nan, 'TRANSFER': nan},
             'city_tile': {'BUILD_CART': nan,
                           'BUILD_WORKER': nan,
                           'NO-OP': nan,
                           'RESEARCH': nan},
             'worker': {'BUILD_CITY': nan,
                        'MOVE': nan,
                        'NO-OP': nan,
                        'PILLAGE': nan,
                        'TRANSFER': nan}},
 'Active_Entities': {'cart': 0, 'city_tile': 191, 'worker': 1332},
 'Behavior_Policy': {'actor_version_max': 3584,
                     'actor_version_min': 3072,
                     'beta': 0.0,
                     'buffer_lag_max': 704,
                     'ema_kl': None,
                     'forward_kl': 0.02039162814617157,
                     'learner_version': 3776,
                     'log_rho_max': 1.3278565406799316,
                     'log_rho_mean': -0.24381037056446075,
                     'log_rho_p95': 0.5719165205955505,
                     'reverse_kl': 0.020872732624411583,
                     'target': None,
                     'vtrace_rho_clipped_fraction': 0.1796875},
 'Entropy': {'cart': -0.0,
             'city_tile': 0.22706811130046844,
             'overall': 0.5170872956514359,
             'worker': 0.2900191843509674},
 'Env': {'carts_final': nan,
         'carts_peak': nan,
         'city_tiles_final': nan,
         'city_tiles_peak': nan,
         'max_cumulative_rewards': nan,
         'mean_cumulative_reward_magnitudes': nan,
         'mean_cumulative_rewards': nan,
         'research_points': nan,
         'separate_cities_final': nan,
         'separate_cities_peak': nan,
         'step': nan,
         'workers_final': nan,
         'workers_peak': nan},
 'Gradient': {'clipped': 1.0, 'norm_before_clip': 23.556182861328125},
 'Intent': {'accuracy': nan,
            'target_build': 0,
            'target_deliver': 0,
            'target_mine': 0,
            'target_return': 0},
 'Loss': {'baseline_loss': 0.02961808256804943,
          'behavior_kl_loss': 0.0,
          'entropy_loss': -0.08593510836362839,
          'intent_aux_loss': 0.0,
          'rule_aux_loss': 0.0,
          'teacher_baseline_loss': 0.0,
          'teacher_kl_loss': 0.0,
          'total_loss': 8.577383041381836,
          'upgo_pg_loss': 6.0355634689331055,
          'vtrace_pg_loss': 2.5981359481811523},
 'Misc': {'actor_policy_tta_rot180': 1.0,
          'league_opponents': {'first_place': 0.75, 'selfplay': 0.25},
          'learning_rate': 4.9813088e-05,
          'teacher_kl_cost': 0.0,
          'teacher_policy_tta_rot180': 1.0,
          'total_games_played': 0},
 'Normalized_Entropy': {'cart': 0.0,
                        'city_tile': 0.31996190547943115,
                        'overall': 0.19926261040856003,
                        'worker': 0.18195512890815735},
 'Teacher_KL_Divergence': {'cart': 0.0,
                           'city_tile': 0.0,
                           'overall': 0.0,
                           'worker': 0.0},
 'Value': {'bias': -7.8580342233181e-10,
           'explained_variance': 0.8036963939666748,
           'support_outside_fraction': 0.0,
           'target_std': 0.06224723905324936}}[0m
[[36m2026-08-16 09:58:43,826[0m][[34mroot[0m][[32mINFO[0m] - Steps 4096 @ 51.2 SPS / 0.8 BPS. Stats:
{'Actions': {'cart': {'MOVE': nan, 'NO-OP': nan, 'TRANSFER': nan},
             'city_tile': {'BUILD_CART': nan,
                           'BUILD_WORKER': nan,
                           'NO-OP': nan,
                           'RESEARCH': nan},
             'worker': {'BUILD_CITY': nan,
                        'MOVE': nan,
                        'NO-OP': nan,
                        'PILLAGE': nan,
                        'TRANSFER': nan}},
 'Active_Entities': {'cart': 0, 'city_tile': 233, 'worker': 1319},
 'Behavior_Policy': {'actor_version_max': 3776,
                     'actor_version_min': 3328,
                     'beta': 0.0,
                     'buffer_lag_max': 704,
                     'ema_kl': None,
                     'forward_kl': 0.021736541762948036,
                     'learner_version': 4032,
                     'log_rho_max': 1.6914405822753906,
                     'log_rho_mean': -0.12699463963508606,
                     'log_rho_p95': 1.112614393234253,
                     'reverse_kl': 0.02192332036793232,
                     'target': None,
                     'vtrace_rho_clipped_fraction': 0.2265625},
 'Entropy': {'cart': -0.0,
             'city_tile': 0.1030200943350792,
             'overall': 0.47811945527791977,
             'worker': 0.3750993609428406},
 'Env': {'carts_final': nan,
         'carts_peak': nan,
         'city_tiles_final': nan,
         'city_tiles_peak': nan,
         'max_cumulative_rewards': nan,
         'mean_cumulative_reward_magnitudes': nan,
         'mean_cumulative_rewards': nan,
         'research_points': nan,
         'separate_cities_final': nan,
         'separate_cities_peak': nan,
         'step': nan,
         'workers_final': nan,
         'workers_peak': nan},
 'Gradient': {'clipped': 1.0, 'norm_before_clip': 19.619661331176758},
 'Intent': {'accuracy': nan,
            'target_build': 0,
            'target_deliver': 0,
            'target_mine': 0,
            'target_return': 0},
 'Loss': {'baseline_loss': 0.010287445038557053,
          'behavior_kl_loss': 0.0,
          'entropy_loss': -0.10375194996595383,
          'intent_aux_loss': 0.0,
          'rule_aux_loss': 0.0,
          'teacher_baseline_loss': 0.0,
          'teacher_kl_loss': 0.0,
          'total_loss': -1.1188498735427856,
          'upgo_pg_loss': 1.4519920349121094,
          'vtrace_pg_loss': -2.477377414703369},
 'Misc': {'actor_policy_tta_rot180': 1.0,
          'league_opponents': {'first_place': 0.75, 'selfplay': 0.25},
          'learning_rate': 4.9800416e-05,
          'teacher_kl_cost': 0.0,
          'teacher_policy_tta_rot180': 1.0,
          'total_games_played': 0},
 'Normalized_Entropy': {'cart': 0.0,
                        'city_tile': 0.1429443508386612,
                        'overall': 0.223498161987776,
                        'worker': 0.23772791028022766},
 'Teacher_KL_Divergence': {'cart': 0.0,
                           'city_tile': 0.0,
                           'overall': 0.0,
                           'worker': 0.0},
 'Value': {'bias': -1.607986632734537e-08,
           'explained_variance': 0.9356828927993774,
           'support_outside_fraction': 0.0,
           'target_std': 0.06455010920763016}}[0m
[[36m2026-08-16 09:58:48,832[0m][[34mroot[0m][[32mINFO[0m] - Steps 4608 @ 102.3 SPS / 1.6 BPS. Stats:
{'Actions': {'cart': {'MOVE': nan, 'NO-OP': nan, 'TRANSFER': nan},
             'city_tile': {'BUILD_CART': nan,
                           'BUILD_WORKER': nan,
                           'NO-OP': nan,
                           'RESEARCH': nan},
             'worker': {'BUILD_CITY': nan,
                        'MOVE': nan,
                        'NO-OP': nan,
                        'PILLAGE': nan,
                        'TRANSFER': nan}},
 'Active_Entities': {'cart': 0, 'city_tile': 964, 'worker': 1405},
 'Behavior_Policy': {'actor_version_max': 4352,
                     'actor_version_min': 3840,
                     'beta': 0.0,
                     'buffer_lag_max': 704,
                     'ema_kl': None,
                     'forward_kl': 0.03199330344796181,
                     'learner_version': 4544,
                     'log_rho_max': 1.5059833526611328,
                     'log_rho_mean': -0.4871368110179901,
                     'log_rho_p95': 0.7752689719200134,
                     'reverse_kl': 0.033281099051237106,
                     'target': None,
                     'vtrace_rho_clipped_fraction': 0.1875},
 'Entropy': {'cart': -0.0,
             'city_tile': 0.018750498071312904,
             'overall': 0.4901777599006891,
             'worker': 0.4714272618293762},
 'Env': {'carts_final': nan,
         'carts_peak': nan,
         'city_tiles_final': nan,
         'city_tiles_peak': nan,
         'max_cumulative_rewards': nan,
         'mean_cumulative_reward_magnitudes': nan,
         'mean_cumulative_rewards': nan,
         'research_points': nan,
         'separate_cities_final': nan,
         'separate_cities_peak': nan,
         'step': nan,
         'workers_final': nan,
         'workers_peak': nan},
 'Gradient': {'clipped': 1.0, 'norm_before_clip': 28.48956298828125},
 'Intent': {'accuracy': nan,
            'target_build': 0,
            'target_deliver': 0,
            'target_mine': 0,
            'target_return': 0},
 'Loss': {'baseline_loss': 0.018411941826343536,
          'behavior_kl_loss': 0.0,
          'entropy_loss': -0.13608615100383759,
          'intent_aux_loss': 0.0,
          'rule_aux_loss': 0.0,
          'teacher_baseline_loss': 0.0,
          'teacher_kl_loss': 0.0,
          'total_loss': 7.7091851234436035,
          'upgo_pg_loss': 6.320278167724609,
          'vtrace_pg_loss': 1.5065807104110718},
 'Misc': {'actor_policy_tta_rot180': 1.0,
          'league_opponents': {'first_place': 0.75, 'selfplay': 0.25},
          'learning_rate': 4.9775072e-05,
          'teacher_kl_cost': 0.0,
          'teacher_policy_tta_rot180': 1.0,
          'total_games_played': 0},
 'Normalized_Entropy': {'cart': 0.0,
                        'city_tile': 0.025987917557358742,
                        'overall': 0.18686608649057496,
                        'worker': 0.297247976064682},
 'Teacher_KL_Divergence': {'cart': 0.0,
                           'city_tile': 0.0,
                           'overall': 0.0,
                           'worker': 0.0},
 'Value': {'bias': -4.9622030928730965e-09,
           'explained_variance': 0.9083788394927979,
           'support_outside_fraction': 0.0,
           'target_std': 0.07099312543869019}}[0m
[[36m2026-08-16 09:58:53,839[0m][[34mroot[0m][[32mINFO[0m] - Steps 4864 @ 51.1 SPS / 0.8 BPS. Stats:
{'Actions': {'cart': {'MOVE': nan, 'NO-OP': nan, 'TRANSFER': nan},
             'city_tile': {'BUILD_CART': nan,
                           'BUILD_WORKER': nan,
                           'NO-OP': nan,
                           'RESEARCH': nan},
             'worker': {'BUILD_CITY': nan,
                        'MOVE': nan,
                        'NO-OP': nan,
                        'PILLAGE': nan,
                        'TRANSFER': nan}},
 'Active_Entities': {'cart': 0, 'city_tile': 1470, 'worker': 1605},
 'Behavior_Policy': {'actor_version_max': 4608,
                     'actor_version_min': 4096,
                     'beta': 0.0,
                     'buffer_lag_max': 704,
                     'ema_kl': None,
                     'forward_kl': 0.012054064311087132,
                     'learner_version': 4800,
                     'log_rho_max': 2.5334672927856445,
                     'log_rho_mean': -0.14444315433502197,
                     'log_rho_p95': 0.6857438683509827,
                     'reverse_kl': 0.011883558705449104,
                     'target': None,
                     'vtrace_rho_clipped_fraction': 0.3359375},
 'Entropy': {'cart': -0.0,
             'city_tile': 0.03214768320322037,
             'overall': 0.3273242190480232,
             'worker': 0.29517653584480286},
 'Env': {'carts_final': nan,
         'carts_peak': nan,
         'city_tiles_final': nan,
         'city_tiles_peak': nan,
         'max_cumulative_rewards': nan,
         'mean_cumulative_reward_magnitudes': nan,
         'mean_cumulative_rewards': nan,
         'research_points': nan,
         'separate_cities_final': nan,
         'separate_cities_peak': nan,
         'step': nan,
         'workers_final': nan,
         'workers_peak': nan},
 'Gradient': {'clipped': 1.0, 'norm_before_clip': 29.237281799316406},
 'Intent': {'accuracy': nan,
            'target_build': 0,
            'target_deliver': 0,
            'target_mine': 0,
            'target_return': 0},
 'Loss': {'baseline_loss': 0.0566941574215889,
          'behavior_kl_loss': 0.0,
          'entropy_loss': -0.10420308262109756,
          'intent_aux_loss': 0.0,
          'rule_aux_loss': 0.0,
          'teacher_baseline_loss': 0.0,
          'teacher_kl_loss': 0.0,
          'total_loss': -3.925743579864502,
          'upgo_pg_loss': 2.063786029815674,
          'vtrace_pg_loss': -5.942020893096924},
 'Misc': {'actor_policy_tta_rot180': 1.0,
          'league_opponents': {'first_place': 0.75, 'selfplay': 0.25},
          'learning_rate': 4.97624e-05,
          'teacher_kl_cost': 0.0,
          'teacher_policy_tta_rot180': 1.0,
          'total_games_played': 0},
 'Normalized_Entropy': {'cart': 0.0,
                        'city_tile': 0.033139586448669434,
                        'overall': 0.11287146203401612,
                        'worker': 0.18589691817760468},
 'Teacher_KL_Divergence': {'cart': 0.0,
                           'city_tile': 0.0,
                           'overall': 0.0,
                           'worker': 0.0},
 'Value': {'bias': 1.618172973394394e-08,
           'explained_variance': 0.7853243350982666,
           'support_outside_fraction': 0.0,
           'target_std': 0.08844282478094101}}[0m
[[36m2026-08-16 09:58:58,844[0m][[34mroot[0m][[32mINFO[0m] - Steps 5120 @ 51.2 SPS / 0.8 BPS. Stats:
{'Actions': {'cart': {'MOVE': nan, 'NO-OP': nan, 'TRANSFER': nan},
             'city_tile': {'BUILD_CART': nan,
                           'BUILD_WORKER': nan,
                           'NO-OP': nan,
                           'RESEARCH': nan},
             'worker': {'BUILD_CITY': nan,
                        'MOVE': nan,
                        'NO-OP': nan,
                        'PILLAGE': nan,
                        'TRANSFER': nan}},
 'Active_Entities': {'cart': 1, 'city_tile': 1131, 'worker': 1408},
 'Behavior_Policy': {'actor_version_max': 4864,
                     'actor_version_min': 4352,
                     'beta': 0.0,
                     'buffer_lag_max': 704,
                     'ema_kl': None,
                     'forward_kl': 0.016617557033896446,
                     'learner_version': 5056,
                     'log_rho_max': 1.6144142150878906,
                     'log_rho_mean': -0.3410704731941223,
                     'log_rho_p95': 0.5847179889678955,
                     'reverse_kl': 0.018482837826013565,
                     'target': None,
                     'vtrace_rho_clipped_fraction': 0.1640625},
 'Entropy': {'cart': 1.5648599863052368,
             'city_tile': 0.04631548747420311,
             'overall': 2.0300716422498226,
             'worker': 0.4188961684703827},
 'Env': {'carts_final': nan,
         'carts_peak': nan,
         'city_tiles_final': nan,
         'city_tiles_peak': nan,
         'max_cumulative_rewards': nan,
         'mean_cumulative_reward_magnitudes': nan,
         'mean_cumulative_rewards': nan,
         'research_points': nan,
         'separate_cities_final': nan,
         'separate_cities_peak': nan,
         'step': nan,
         'workers_final': nan,
         'workers_peak': nan},
 'Gradient': {'clipped': 1.0, 'norm_before_clip': 35.28134536743164},
 'Intent': {'accuracy': nan,
            'target_build': 0,
            'target_deliver': 0,
            'target_mine': 0,
            'target_return': 0},
 'Loss': {'baseline_loss': 0.14458127319812775,
          'behavior_kl_loss': 0.0,
          'entropy_loss': -0.12875066697597504,
          'intent_aux_loss': 0.0,
          'rule_aux_loss': 0.0,
          'teacher_baseline_loss': 0.0,
          'teacher_kl_loss': 0.0,
          'total_loss': 12.854940414428711,
          'upgo_pg_loss': 9.579599380493164,
          'vtrace_pg_loss': 3.2595112323760986},
 'Misc': {'actor_policy_tta_rot180': 1.0,
          'league_opponents': {'first_place': 0.75, 'selfplay': 0.25},
          'learning_rate': 4.9749728e-05,
          'teacher_kl_cost': 0.0,
          'teacher_policy_tta_rot180': 1.0,
          'total_games_played': 0},
 'Normalized_Entropy': {'cart': 0.9723021388053894,
                        'city_tile': 0.04291136935353279,
                        'overall': 0.16727245913334485,
                        'worker': 0.26659587025642395},
 'Teacher_KL_Divergence': {'cart': 0.0,
                           'city_tile': 0.0,
                           'overall': 0.0,
                           'worker': 0.0},
 'Value': {'bias': -7.887138053774834e-09,
           'explained_variance': 0.7830344438552856,
           'support_outside_fraction': 0.0,
           'target_std': 0.10599968582391739}}[0m
[[36m2026-08-16 09:59:03,849[0m][[34mroot[0m][[32mINFO[0m] - Steps 5568 @ 89.5 SPS / 1.4 BPS. Stats:
{'Actions': {'cart': {'MOVE': nan, 'NO-OP': nan, 'TRANSFER': nan},
             'city_tile': {'BUILD_CART': nan,
                           'BUILD_WORKER': nan,
                           'NO-OP': nan,
                           'RESEARCH': nan},
             'worker': {'BUILD_CITY': nan,
                        'MOVE': nan,
                        'NO-OP': nan,
                        'PILLAGE': nan,
                        'TRANSFER': nan}},
 'Active_Entities': {'cart': 3, 'city_tile': 1349, 'worker': 1249},
 'Behavior_Policy': {'actor_version_max': 5376,
                     'actor_version_min': 4864,
                     'beta': 0.0,
                     'buffer_lag_max': 640,
                     'ema_kl': None,
                     'forward_kl': 0.01139403972774744,
                     'learner_version': 5504,
                     'log_rho_max': 2.3454513549804688,
                     'log_rho_mean': -0.24780254065990448,
                     'log_rho_p95': 0.7236177325248718,
                     'reverse_kl': 0.010580543428659439,
                     'target': None,
                     'vtrace_rho_clipped_fraction': 0.203125},
 'Entropy': {'cart': 1.3857769966125488,
             'city_tile': 0.05034482106566429,
             'overall': 1.9536640010774136,
             'worker': 0.5175421833992004},
 'Env': {'carts_final': nan,
         'carts_peak': nan,
         'city_tiles_final': nan,
         'city_tiles_peak': nan,
         'max_cumulative_rewards': nan,
         'mean_cumulative_reward_magnitudes': nan,
         'mean_cumulative_rewards': nan,
         'research_points': nan,
         'separate_cities_final': nan,
         'separate_cities_peak': nan,
         'step': nan,
         'workers_final': nan,
         'workers_peak': nan},
 'Gradient': {'clipped': 1.0, 'norm_before_clip': 21.112197875976562},
 'Intent': {'accuracy': nan,
            'target_build': 0,
            'target_deliver': 0,
            'target_mine': 0,
            'target_return': 0},
 'Loss': {'baseline_loss': 0.010266626253724098,
          'behavior_kl_loss': 0.0,
          'entropy_loss': -0.14369653165340424,
          'intent_aux_loss': 0.0,
          'rule_aux_loss': 0.0,
          'teacher_baseline_loss': 0.0,
          'teacher_kl_loss': 0.0,
          'total_loss': 5.443997859954834,
          'upgo_pg_loss': 5.532449722290039,
          'vtrace_pg_loss': 0.044977813959121704},
 'Misc': {'actor_policy_tta_rot180': 1.0,
          'league_opponents': {'first_place': 1.0, 'selfplay': 0.0},
          'learning_rate': 4.9727552000000003e-05,
          'teacher_kl_cost': 0.0,
          'teacher_policy_tta_rot180': 1.0,
          'total_games_played': 0},
 'Normalized_Entropy': {'cart': 0.9509516358375549,
                        'city_tile': 0.047230497002601624,
                        'overall': 0.17908223296463008,
                        'worker': 0.31963658332824707},
 'Teacher_KL_Divergence': {'cart': 0.0,
                           'city_tile': 0.0,
                           'overall': 0.0,
                           'worker': 0.0},
 'Value': {'bias': 0.0,
           'explained_variance': 0.981565535068512,
           'support_outside_fraction': 0.0,
           'target_std': 0.13192403316497803}}[0m
[[36m2026-08-16 09:59:08,851[0m][[34mroot[0m][[32mINFO[0m] - Steps 5888 @ 64.0 SPS / 1.0 BPS. Stats:
{'Actions': {'cart': {'MOVE': nan, 'NO-OP': nan, 'TRANSFER': nan},
             'city_tile': {'BUILD_CART': nan,
                           'BUILD_WORKER': nan,
                           'NO-OP': nan,
                           'RESEARCH': nan},
             'worker': {'BUILD_CITY': nan,
                        'MOVE': nan,
                        'NO-OP': nan,
                        'PILLAGE': nan,
                        'TRANSFER': nan}},
 'Active_Entities': {'cart': 0, 'city_tile': 1774, 'worker': 1622},
 'Behavior_Policy': {'actor_version_max': 5632,
                     'actor_version_min': 5120,
                     'beta': 0.0,
                     'buffer_lag_max': 704,
                     'ema_kl': None,
                     'forward_kl': 0.007490618620067835,
                     'learner_version': 5824,
                     'log_rho_max': 1.4454412460327148,
                     'log_rho_mean': -0.12480592727661133,
                     'log_rho_p95': 0.8928695321083069,
                     'reverse_kl': 0.007270477712154388,
                     'target': None,
                     'vtrace_rho_clipped_fraction': 0.2734375},
 'Entropy': {'cart': -0.0,
             'city_tile': 0.09289100021123886,
             'overall': 0.49649687856435776,
             'worker': 0.4036058783531189},
 'Env': {'carts_final': nan,
         'carts_peak': nan,
         'city_tiles_final': nan,
         'city_tiles_peak': nan,
         'max_cumulative_rewards': nan,
         'mean_cumulative_reward_magnitudes': nan,
         'mean_cumulative_rewards': nan,
         'research_points': nan,
         'separate_cities_final': nan,
         'separate_cities_peak': nan,
         'step': nan,
         'workers_final': nan,
         'workers_peak': nan},
 'Gradient': {'clipped': 1.0, 'norm_before_clip': 24.74958610534668},
 'Intent': {'accuracy': nan,
            'target_build': 0,
            'target_deliver': 0,
            'target_mine': 0,
            'target_return': 0},
 'Loss': {'baseline_loss': 0.029874488711357117,
          'behavior_kl_loss': 0.0,
          'entropy_loss': -0.16388747096061707,
          'intent_aux_loss': 0.0,
          'rule_aux_loss': 0.0,
          'teacher_baseline_loss': 0.0,
          'teacher_kl_loss': 0.0,
          'total_loss': 4.73526668548584,
          'upgo_pg_loss': 5.805086135864258,
          'vtrace_pg_loss': -0.9358063340187073},
 'Misc': {'actor_policy_tta_rot180': 1.0,
          'league_opponents': {'first_place': 0.75, 'selfplay': 0.25},
          'learning_rate': 4.971171200000001e-05,
          'teacher_kl_cost': 0.0,
          'teacher_policy_tta_rot180': 1.0,
          'total_games_played': 0},
 'Normalized_Entropy': {'cart': 0.0,
                        'city_tile': 0.08626760542392731,
                        'overall': 0.16505285215567364,
                        'worker': 0.2512211799621582},
 'Teacher_KL_Divergence': {'cart': 0.0,
                           'city_tile': 0.0,
                           'overall': 0.0,
                           'worker': 0.0},
 'Value': {'bias': 5.820766091346741e-09,
           'explained_variance': 0.9263290166854858,
           'support_outside_fraction': 0.0,
           'target_std': 0.09990754723548889}}[0m
[[36m2026-08-16 09:59:13,853[0m][[34mroot[0m][[32mINFO[0m] - Steps 6208 @ 64.0 SPS / 1.0 BPS. Stats:
{'Actions': {'cart': {'MOVE': nan, 'NO-OP': nan, 'TRANSFER': nan},
             'city_tile': {'BUILD_CART': nan,
                           'BUILD_WORKER': nan,
                           'NO-OP': nan,
                           'RESEARCH': nan},
             'worker': {'BUILD_CITY': nan,
                        'MOVE': nan,
                        'NO-OP': nan,
                        'PILLAGE': nan,
                        'TRANSFER': nan}},
 'Active_Entities': {'cart': 151, 'city_tile': 812, 'worker': 890},
 'Behavior_Policy': {'actor_version_max': 6144,
                     'actor_version_min': 5632,
                     'beta': 0.0,
                     'buffer_lag_max': 512,
                     'ema_kl': None,
                     'forward_kl': 0.012614263221621513,
                     'learner_version': 6144,
                     'log_rho_max': 1.9806098937988281,
                     'log_rho_mean': -0.13554909825325012,
                     'log_rho_p95': 0.38938674330711365,
                     'reverse_kl': 0.012247071601450443,
                     'target': None,
                     'vtrace_rho_clipped_fraction': 0.203125},
 'Entropy': {'cart': 1.5626493692398071,
             'city_tile': 0.37095195055007935,
             'overall': 2.8588576912879944,
             'worker': 0.9252563714981079},
 'Env': {'carts_final': nan,
         'carts_peak': nan,
         'city_tiles_final': nan,
         'city_tiles_peak': nan,
         'max_cumulative_rewards': nan,
         'mean_cumulative_reward_magnitudes': nan,
         'mean_cumulative_rewards': nan,
         'research_points': nan,
         'separate_cities_final': nan,
         'separate_cities_peak': nan,
         'step': nan,
         'workers_final': nan,
         'workers_peak': nan},
 'Gradient': {'clipped': 1.0, 'norm_before_clip': 22.240800857543945},
 'Intent': {'accuracy': nan,
            'target_build': 0,
            'target_deliver': 0,
            'target_mine': 0,
            'target_return': 0},
 'Loss': {'baseline_loss': 0.030657246708869934,
          'behavior_kl_loss': 0.0,
          'entropy_loss': -0.27213022112846375,
          'intent_aux_loss': 0.0,
          'rule_aux_loss': 0.0,
          'teacher_baseline_loss': 0.0,
          'teacher_kl_loss': 0.0,
          'total_loss': 5.227168083190918,
          'upgo_pg_loss': 8.345758438110352,
          'vtrace_pg_loss': -2.87711763381958},
 'Misc': {'actor_policy_tta_rot180': 1.0,
          'league_opponents': {'first_place': 1.0, 'selfplay': 0.0},
          'learning_rate': 4.9695872e-05,
          'teacher_kl_cost': 0.0,
          'teacher_policy_tta_rot180': 1.0,
          'total_games_played': 0},
 'Normalized_Entropy': {'cart': 0.9900874495506287,
                        'city_tile': 0.3427865207195282,
                        'overall': 0.5073561498234868,
                        'worker': 0.5756012201309204},
 'Teacher_KL_Divergence': {'cart': 0.0,
                           'city_tile': 0.0,
                           'overall': 0.0,
                           'worker': 0.0},
 'Value': {'bias': 8.803908713161945e-09,
           'explained_variance': 0.9802157282829285,
           'support_outside_fraction': 0.0,
           'target_std': 0.22005529701709747}}[0m
[[36m2026-08-16 09:59:18,858[0m][[34mroot[0m][[32mINFO[0m] - Steps 6400 @ 38.4 SPS / 0.6 BPS. Stats:
{'Actions': {'cart': {'MOVE': nan, 'NO-OP': nan, 'TRANSFER': nan},
             'city_tile': {'BUILD_CART': nan,
                           'BUILD_WORKER': nan,
                           'NO-OP': nan,
                           'RESEARCH': nan},
             'worker': {'BUILD_CITY': nan,
                        'MOVE': nan,
                        'NO-OP': nan,
                        'PILLAGE': nan,
                        'TRANSFER': nan}},
 'Active_Entities': {'cart': 0, 'city_tile': 1731, 'worker': 1432},
 'Behavior_Policy': {'actor_version_max': 6144,
                     'actor_version_min': 5632,
                     'beta': 0.0,
                     'buffer_lag_max': 704,
                     'ema_kl': None,
                     'forward_kl': 0.009356806054711342,
                     'learner_version': 6336,
                     'log_rho_max': 1.615311622619629,
                     'log_rho_mean': -0.2506396472454071,
                     'log_rho_p95': 0.5828438997268677,
                     'reverse_kl': 0.009461388923227787,
                     'target': None,
                     'vtrace_rho_clipped_fraction': 0.1796875},
 'Entropy': {'cart': -0.0,
             'city_tile': 0.0578128881752491,
             'overall': 0.5378536768257618,
             'worker': 0.4800407886505127},
 'Env': {'carts_final': nan,
         'carts_peak': nan,
         'city_tiles_final': nan,
         'city_tiles_peak': nan,
         'max_cumulative_rewards': nan,
         'mean_cumulative_reward_magnitudes': nan,
         'mean_cumulative_rewards': nan,
         'research_points': nan,
         'separate_cities_final': nan,
         'separate_cities_peak': nan,
         'step': nan,
         'workers_final': nan,
         'workers_peak': nan},
 'Gradient': {'clipped': 1.0, 'norm_before_clip': 19.089752197265625},
 'Intent': {'accuracy': nan,
            'target_build': 0,
            'target_deliver': 0,
            'target_mine': 0,
            'target_return': 0},
 'Loss': {'baseline_loss': 0.006597659084945917,
          'behavior_kl_loss': 0.0,
          'entropy_loss': -0.15749850869178772,
          'intent_aux_loss': 0.0,
          'rule_aux_loss': 0.0,
          'teacher_baseline_loss': 0.0,
          'teacher_kl_loss': 0.0,
          'total_loss': 5.838245868682861,
          'upgo_pg_loss': 4.741918563842773,
          'vtrace_pg_loss': 1.2472281455993652},
 'Misc': {'actor_policy_tta_rot180': 1.0,
          'league_opponents': {'first_place': 0.75, 'selfplay': 0.25},
          'learning_rate': 4.9686368e-05,
          'teacher_kl_cost': 0.0,
          'teacher_policy_tta_rot180': 1.0,
          'total_games_played': 0},
 'Normalized_Entropy': {'cart': 0.0,
                        'city_tile': 0.05304877087473869,
                        'overall': 0.16493428028693616,
                        'worker': 0.3001813590526581},
 'Teacher_KL_Divergence': {'cart': 0.0,
                           'city_tile': 0.0,
                           'overall': 0.0,
                           'worker': 0.0},
 'Value': {'bias': -1.30385160446167e-08,
           'explained_variance': 0.9855594038963318,
           'support_outside_fraction': 0.0,
           'target_std': 0.10665617883205414}}[0m
[[36m2026-08-16 09:59:23,863[0m][[34mroot[0m][[32mINFO[0m] - Steps 6912 @ 102.3 SPS / 1.6 BPS. Stats:
{'Actions': {'cart': {'MOVE': nan, 'NO-OP': nan, 'TRANSFER': nan},
             'city_tile': {'BUILD_CART': nan,
                           'BUILD_WORKER': nan,
                           'NO-OP': nan,
                           'RESEARCH': nan},
             'worker': {'BUILD_CITY': nan,
                        'MOVE': nan,
                        'NO-OP': nan,
                        'PILLAGE': nan,
                        'TRANSFER': nan}},
 'Active_Entities': {'cart': 27, 'city_tile': 1936, 'worker': 1596},
 'Behavior_Policy': {'actor_version_max': 6656,
                     'actor_version_min': 6144,
                     'beta': 0.0,
                     'buffer_lag_max': 704,
                     'ema_kl': None,
                     'forward_kl': 0.010561422444880009,
                     'learner_version': 6848,
                     'log_rho_max': 2.180896759033203,
                     'log_rho_mean': -0.2879160940647125,
                     'log_rho_p95': 0.7067227959632874,
                     'reverse_kl': 0.010425323620438576,
                     'target': None,
                     'vtrace_rho_clipped_fraction': 0.21875},
 'Entropy': {'cart': 1.4935482740402222,
             'city_tile': 0.19281922280788422,
             'overall': 2.287633642554283,
             'worker': 0.6012661457061768},
 'Env': {'carts_final': nan,
         'carts_peak': nan,
         'city_tiles_final': nan,
         'city_tiles_peak': nan,
         'max_cumulative_rewards': nan,
         'mean_cumulative_reward_magnitudes': nan,
         'mean_cumulative_rewards': nan,
         'research_points': nan,
         'separate_cities_final': nan,
         'separate_cities_peak': nan,
         'step': nan,
         'workers_final': nan,
         'workers_peak': nan},
 'Gradient': {'clipped': 1.0, 'norm_before_clip': 16.120445251464844},
 'Intent': {'accuracy': nan,
            'target_build': 0,
            'target_deliver': 0,
            'target_mine': 0,
            'target_return': 0},
 'Loss': {'baseline_loss': 0.008240677416324615,
          'behavior_kl_loss': 0.0,
          'entropy_loss': -0.27464890480041504,
          'intent_aux_loss': 0.0,
          'rule_aux_loss': 0.0,
          'teacher_baseline_loss': 0.0,
          'teacher_kl_loss': 0.0,
          'total_loss': 3.0481183528900146,
          'upgo_pg_loss': 5.606795310974121,
          'vtrace_pg_loss': -2.292268753051758},
 'Misc': {'actor_policy_tta_rot180': 1.0,
          'league_opponents': {'first_place': 0.75, 'selfplay': 0.25},
          'learning_rate': 4.9661024000000003e-05,
          'teacher_kl_cost': 0.0,
          'teacher_policy_tta_rot180': 1.0,
          'total_games_played': 0},
 'Normalized_Entropy': {'cart': 0.9782280325889587,
                        'city_tile': 0.17827022075653076,
                        'overall': 0.27116267540107186,
                        'worker': 0.3718826174736023},
 'Teacher_KL_Divergence': {'cart': 0.0,
                           'city_tile': 0.0,
                           'overall': 0.0,
                           'worker': 0.0},
 'Value': {'bias': -5.093170329928398e-09,
           'explained_variance': 0.9846356511116028,
           'support_outside_fraction': 0.0,
           'target_std': 0.12338948249816895}}[0m
[[36m2026-08-16 09:59:28,869[0m][[34mroot[0m][[32mINFO[0m] - Steps 7168 @ 51.2 SPS / 0.8 BPS. Stats:
{'Actions': {'cart': {'MOVE': nan, 'NO-OP': nan, 'TRANSFER': nan},
             'city_tile': {'BUILD_CART': nan,
                           'BUILD_WORKER': nan,
                           'NO-OP': nan,
                           'RESEARCH': nan},
             'worker': {'BUILD_CITY': nan,
                        'MOVE': nan,
                        'NO-OP': nan,
                        'PILLAGE': nan,
                        'TRANSFER': nan}},
 'Active_Entities': {'cart': 72, 'city_tile': 1882, 'worker': 1354},
 'Behavior_Policy': {'actor_version_max': 6912,
                     'actor_version_min': 6400,
                     'beta': 0.0,
                     'buffer_lag_max': 704,
                     'ema_kl': None,
                     'forward_kl': 0.005504296161234379,
                     'learner_version': 7104,
                     'log_rho_max': 2.3656768798828125,
                     'log_rho_mean': -0.09328979253768921,
                     'log_rho_p95': 0.9265490174293518,
                     'reverse_kl': 0.0053240093402564526,
                     'target': None,
                     'vtrace_rho_clipped_fraction': 0.2578125},
 'Entropy': {'cart': 1.5411534309387207,
             'city_tile': 0.16211508214473724,
             'overall': 2.6716797202825546,
             'worker': 0.9684112071990967},
 'Env': {'carts_final': nan,
         'carts_peak': nan,
         'city_tiles_final': nan,
         'city_tiles_peak': nan,
         'max_cumulative_rewards': nan,
         'mean_cumulative_reward_magnitudes': nan,
         'mean_cumulative_rewards': nan,
         'research_points': nan,
         'separate_cities_final': nan,
         'separate_cities_peak': nan,
         'step': nan,
         'workers_final': nan,
         'workers_peak': nan},
 'Gradient': {'clipped': 1.0, 'norm_before_clip': 21.05582618713379},
 'Intent': {'accuracy': nan,
            'target_build': 0,
            'target_deliver': 0,
            'target_mine': 0,
            'target_return': 0},
 'Loss': {'baseline_loss': 0.015236075036227703,
          'behavior_kl_loss': 0.0,
          'entropy_loss': -0.3454584777355194,
          'intent_aux_loss': 0.0,
          'rule_aux_loss': 0.0,
          'teacher_baseline_loss': 0.0,
          'teacher_kl_loss': 0.0,
          'total_loss': 31.940025329589844,
          'upgo_pg_loss': 26.89209747314453,
          'vtrace_pg_loss': 5.378150463104248},
 'Misc': {'actor_policy_tta_rot180': 1.0,
          'league_opponents': {'first_place': 0.75, 'selfplay': 0.25},
          'learning_rate': 4.9648352000000006e-05,
          'teacher_kl_cost': 0.0,
          'teacher_policy_tta_rot180': 1.0,
          'total_games_played': 0},
 'Normalized_Entropy': {'cart': 0.9754506349563599,
                        'city_tile': 0.14889957010746002,
                        'overall': 0.35217260832401687,
                        'worker': 0.6015698313713074},
 'Teacher_KL_Divergence': {'cart': 0.0,
                           'city_tile': 0.0,
                           'overall': 0.0,
                           'worker': 0.0},
 'Value': {'bias': -1.6589183360338211e-09,
           'explained_variance': 0.9941328763961792,
           'support_outside_fraction': 0.0,
           'target_std': 0.2577981650829315}}[0m
[[36m2026-08-16 09:59:33,874[0m][[34mroot[0m][[32mINFO[0m] - Steps 7424 @ 51.2 SPS / 0.8 BPS. Stats:
{'Actions': {'cart': {'MOVE': nan, 'NO-OP': nan, 'TRANSFER': nan},
             'city_tile': {'BUILD_CART': nan,
                           'BUILD_WORKER': nan,
                           'NO-OP': nan,
                           'RESEARCH': nan},
             'worker': {'BUILD_CITY': nan,
                        'MOVE': nan,
                        'NO-OP': nan,
                        'PILLAGE': nan,
                        'TRANSFER': nan}},
 'Active_Entities': {'cart': 62, 'city_tile': 1997, 'worker': 1724},
 'Behavior_Policy': {'actor_version_max': 7168,
                     'actor_version_min': 6656,
                     'beta': 0.0,
                     'buffer_lag_max': 704,
                     'ema_kl': None,
                     'forward_kl': 0.008157315663993359,
                     'learner_version': 7360,
                     'log_rho_max': 1.0966644287109375,
                     'log_rho_mean': -0.2838977873325348,
                     'log_rho_p95': 0.3822377026081085,
                     'reverse_kl': 0.007882497273385525,
                     'target': None,
                     'vtrace_rho_clipped_fraction': 0.1875},
 'Entropy': {'cart': 1.528672695159912,
             'city_tile': 0.22814737260341644,
             'overall': 2.2871133536100388,
             'worker': 0.5302932858467102},
 'Env': {'carts_final': nan,
         'carts_peak': nan,
         'city_tiles_final': nan,
         'city_tiles_peak': nan,
         'max_cumulative_rewards': nan,
         'mean_cumulative_reward_magnitudes': nan,
         'mean_cumulative_rewards': nan,
         'research_points': nan,
         'separate_cities_final': nan,
         'separate_cities_peak': nan,
         'step': nan,
         'workers_final': nan,
         'workers_peak': nan},
 'Gradient': {'clipped': 1.0, 'norm_before_clip': 13.430366516113281},
 'Intent': {'accuracy': nan,
            'target_build': 0,
            'target_deliver': 0,
            'target_mine': 0,
            'target_return': 0},
 'Loss': {'baseline_loss': 0.014264248311519623,
          'behavior_kl_loss': 0.0,
          'entropy_loss': -0.292922705411911,
          'intent_aux_loss': 0.0,
          'rule_aux_loss': 0.0,
          'teacher_baseline_loss': 0.0,
          'teacher_kl_loss': 0.0,
          'total_loss': 5.7749762535095215,
          'upgo_pg_loss': 6.132191181182861,
          'vtrace_pg_loss': -0.0785565972328186},
 'Misc': {'actor_policy_tta_rot180': 1.0,
          'league_opponents': {'first_place': 0.75, 'selfplay': 0.25},
          'learning_rate': 4.963568e-05,
          'teacher_kl_cost': 0.0,
          'teacher_policy_tta_rot180': 1.0,
          'total_games_played': 0},
 'Normalized_Entropy': {'cart': 0.9588092565536499,
                        'city_tile': 0.20823244750499725,
                        'overall': 0.27446407090331904,
                        'worker': 0.32657262682914734},
 'Teacher_KL_Divergence': {'cart': 0.0,
                           'city_tile': 0.0,
                           'overall': 0.0,
                           'worker': 0.0},
 'Value': {'bias': -6.3300831243395805e-09,
           'explained_variance': 0.9810450673103333,
           'support_outside_fraction': 0.0,
           'target_std': 0.150368332862854}}[0m
[[36m2026-08-16 09:59:38,880[0m][[34mroot[0m][[32mINFO[0m] - Steps 7936 @ 102.3 SPS / 1.6 BPS. Stats:
{'Actions': {'cart': {'MOVE': nan, 'NO-OP': nan, 'TRANSFER': nan},
             'city_tile': {'BUILD_CART': nan,
                           'BUILD_WORKER': nan,
                           'NO-OP': nan,
                           'RESEARCH': nan},
             'worker': {'BUILD_CITY': nan,
                        'MOVE': nan,
                        'NO-OP': nan,
                        'PILLAGE': nan,
                        'TRANSFER': nan}},
 'Active_Entities': {'cart': 86, 'city_tile': 2100, 'worker': 1673},
 'Behavior_Policy': {'actor_version_max': 7488,
                     'actor_version_min': 7168,
                     'beta': 0.0,
                     'buffer_lag_max': 704,
                     'ema_kl': None,
                     'forward_kl': 0.009014434181153774,
                     'learner_version': 7872,
                     'log_rho_max': 1.7895736694335938,
                     'log_rho_mean': -0.24033010005950928,
                     'log_rho_p95': 0.762772798538208,
                     'reverse_kl': 0.008891764096915722,
                     'target': None,
                     'vtrace_rho_clipped_fraction': 0.2265625},
 'Entropy': {'cart': 1.5272194147109985,
             'city_tile': 0.1919717639684677,
             'overall': 2.4709876626729965,
             'worker': 0.7517964839935303},
 'Env': {'carts_final': nan,
         'carts_peak': nan,
         'city_tiles_final': nan,
         'city_tiles_peak': nan,
         'max_cumulative_rewards': nan,
         'mean_cumulative_reward_magnitudes': nan,
         'mean_cumulative_rewards': nan,
         'research_points': nan,
         'separate_cities_final': nan,
         'separate_cities_peak': nan,
         'step': nan,
         'workers_final': nan,
         'workers_peak': nan},
 'Gradient': {'clipped': 1.0, 'norm_before_clip': 49.42764663696289},
 'Intent': {'accuracy': nan,
            'target_build': 0,
            'target_deliver': 0,
            'target_mine': 0,
            'target_return': 0},
 'Loss': {'baseline_loss': 0.043495554476976395,
          'behavior_kl_loss': 0.0,
          'entropy_loss': -0.358447402715683,
          'intent_aux_loss': 0.0,
          'rule_aux_loss': 0.0,
          'teacher_baseline_loss': 0.0,
          'teacher_kl_loss': 0.0,
          'total_loss': 13.144831657409668,
          'upgo_pg_loss': 12.326141357421875,
          'vtrace_pg_loss': 1.133642554283142},
 'Misc': {'actor_policy_tta_rot180': 1.0,
          'league_opponents': {'first_place': 0.75, 'selfplay': 0.25},
          'learning_rate': 4.9610336e-05,
          'teacher_kl_cost': 0.0,
          'teacher_policy_tta_rot180': 1.0,
          'total_games_played': 0},
 'Normalized_Entropy': {'cart': 0.9788458943367004,
                        'city_tile': 0.17314279079437256,
                        'overall': 0.31715243342751265,
                        'worker': 0.463903546333313},
 'Teacher_KL_Divergence': {'cart': 0.0,
                           'city_tile': 0.0,
                           'overall': 0.0,
                           'worker': 0.0},
 'Value': {'bias': -3.4924596548080444e-10,
           'explained_variance': 0.9691274166107178,
           'support_outside_fraction': 0.0,
           'target_std': 0.19486138224601746}}[0m
[[36m2026-08-16 09:59:43,886[0m][[34mroot[0m][[32mINFO[0m] - Steps 8064 @ 25.6 SPS / 0.4 BPS. Stats:
{'Actions': {'cart': {'MOVE': nan, 'NO-OP': nan, 'TRANSFER': nan},
             'city_tile': {'BUILD_CART': nan,
                           'BUILD_WORKER': nan,
                           'NO-OP': nan,
                           'RESEARCH': nan},
             'worker': {'BUILD_CITY': nan,
                        'MOVE': nan,
                        'NO-OP': nan,
                        'PILLAGE': nan,
                        'TRANSFER': nan}},
 'Active_Entities': {'cart': 315, 'city_tile': 2668, 'worker': 2172},
 'Behavior_Policy': {'actor_version_max': 7936,
                     'actor_version_min': 7424,
                     'beta': 0.0,
                     'buffer_lag_max': 576,
                     'ema_kl': None,
                     'forward_kl': 0.007131389807909727,
                     'learner_version': 8000,
                     'log_rho_max': 1.3775634765625,
                     'log_rho_mean': -0.24785326421260834,
                     'log_rho_p95': 0.5755001902580261,
                     'reverse_kl': 0.007608118467032909,
                     'target': None,
                     'vtrace_rho_clipped_fraction': 0.265625},
 'Entropy': {'cart': 1.550511121749878,
             'city_tile': 0.2973235249519348,
             'overall': 2.888199508190155,
             'worker': 1.0403648614883423},
 'Env': {'carts_final': nan,
         'carts_peak': nan,
         'city_tiles_final': nan,
         'city_tiles_peak': nan,
         'max_cumulative_rewards': nan,
         'mean_cumulative_reward_magnitudes': nan,
         'mean_cumulative_rewards': nan,
         'research_points': nan,
         'separate_cities_final': nan,
         'separate_cities_peak': nan,
         'step': nan,
         'workers_final': nan,
         'workers_peak': nan},
 'Gradient': {'clipped': 1.0, 'norm_before_clip': 30.74123191833496},
 'Intent': {'accuracy': nan,
            'target_build': 0,
            'target_deliver': 0,
            'target_mine': 0,
            'target_return': 0},
 'Loss': {'baseline_loss': 0.03710994869470596,
          'behavior_kl_loss': 0.0,
          'entropy_loss': -0.7082685232162476,
          'intent_aux_loss': 0.0,
          'rule_aux_loss': 0.0,
          'teacher_baseline_loss': 0.0,
          'teacher_kl_loss': 0.0,
          'total_loss': 29.35300636291504,
          'upgo_pg_loss': 24.49452781677246,
          'vtrace_pg_loss': 5.52963924407959},
 'Misc': {'actor_policy_tta_rot180': 1.0,
          'league_opponents': {'first_place': 0.5, 'selfplay': 0.5},
          'learning_rate': 4.9604e-05,
          'teacher_kl_cost': 0.0,
          'teacher_policy_tta_rot180': 1.0,
          'total_games_played': 0},
 'Normalized_Entropy': {'cart': 0.9923162460327148,
                        'city_tile': 0.2729664742946625,
                        'overall': 0.46882149937312423,
                        'worker': 0.633480966091156},
 'Teacher_KL_Divergence': {'cart': 0.0,
                           'city_tile': 0.0,
                           'overall': 0.0,
                           'worker': 0.0},
 'Value': {'bias': 1.0186340659856796e-08,
           'explained_variance': 0.9933469891548157,
           'support_outside_fraction': 0.0,
           'target_std': 0.35439833998680115}}[0m
[[36m2026-08-16 09:59:48,893[0m][[34mroot[0m][[32mINFO[0m] - Steps 8448 @ 76.7 SPS / 1.2 BPS. Stats:
{'Actions': {'cart': {'MOVE': nan, 'NO-OP': nan, 'TRANSFER': nan},
             'city_tile': {'BUILD_CART': nan,
                           'BUILD_WORKER': nan,
                           'NO-OP': nan,
                           'RESEARCH': nan},
             'worker': {'BUILD_CITY': nan,
                        'MOVE': nan,
                        'NO-OP': nan,
                        'PILLAGE': nan,
                        'TRANSFER': nan}},
 'Active_Entities': {'cart': 108, 'city_tile': 2422, 'worker': 1948},
 'Behavior_Policy': {'actor_version_max': 7936,
                     'actor_version_min': 7552,
                     'beta': 0.0,
                     'buffer_lag_max': 832,
                     'ema_kl': None,
                     'forward_kl': 0.008140112273395061,
                     'learner_version': 8384,
                     'log_rho_max': 1.5739059448242188,
                     'log_rho_mean': -0.24104705452919006,
                     'log_rho_p95': 0.6720926761627197,
                     'reverse_kl': 0.00833876058459282,
                     'target': None,
                     'vtrace_rho_clipped_fraction': 0.21875},
 'Entropy': {'cart': 1.5628161430358887,
             'city_tile': 0.27896028757095337,
             'overall': 2.5891237258911133,
             'worker': 0.7473472952842712},
 'Env': {'carts_final': nan,
         'carts_peak': nan,
         'city_tiles_final': nan,
         'city_tiles_peak': nan,
         'max_cumulative_rewards': nan,
         'mean_cumulative_reward_magnitudes': nan,
         'mean_cumulative_rewards': nan,
         'research_points': nan,
         'separate_cities_final': nan,
         'separate_cities_peak': nan,
         'step': nan,
         'workers_final': nan,
         'workers_peak': nan},
 'Gradient': {'clipped': 1.0, 'norm_before_clip': 29.732385635375977},
 'Intent': {'accuracy': nan,
            'target_build': 0,
            'target_deliver': 0,
            'target_mine': 0,
            'target_return': 0},
 'Loss': {'baseline_loss': 0.021912988275289536,
          'behavior_kl_loss': 0.0,
          'entropy_loss': -0.46005168557167053,
          'intent_aux_loss': 0.0,
          'rule_aux_loss': 0.0,
          'teacher_baseline_loss': 0.0,
          'teacher_kl_loss': 0.0,
          'total_loss': 29.8627986907959,
          'upgo_pg_loss': 27.368385314941406,
          'vtrace_pg_loss': 2.9325530529022217},
 'Misc': {'actor_policy_tta_rot180': 1.0,
          'league_opponents': {'first_place': 0.75, 'selfplay': 0.25},
          'learning_rate': 4.9584992000000005e-05,
          'teacher_kl_cost': 0.0,
          'teacher_policy_tta_rot180': 1.0,
          'total_games_played': 0},
 'Normalized_Entropy': {'cart': 0.9818835258483887,
                        'city_tile': 0.2535367012023926,
                        'overall': 0.359793455699769,
                        'worker': 0.45741569995880127},
 'Teacher_KL_Divergence': {'cart': 0.0,
                           'city_tile': 0.0,
                           'overall': 0.0,
                           'worker': 0.0},
 'Value': {'bias': -9.080395102500916e-09,
           'explained_variance': 0.9889916181564331,
           'support_outside_fraction': 0.0,
           'target_std': 0.20210713148117065}}[0m
[[36m2026-08-16 09:59:53,899[0m][[34mroot[0m][[32mINFO[0m] - Steps 8960 @ 102.3 SPS / 1.6 BPS. Stats:
{'Actions': {'cart': {'MOVE': nan, 'NO-OP': nan, 'TRANSFER': nan},
             'city_tile': {'BUILD_CART': nan,
                           'BUILD_WORKER': nan,
                           'NO-OP': nan,
                           'RESEARCH': nan},
             'worker': {'BUILD_CITY': nan,
                        'MOVE': nan,
                        'NO-OP': nan,
                        'PILLAGE': nan,
                        'TRANSFER': nan}},
 'Active_Entities': {'cart': 169, 'city_tile': 2171, 'worker': 1510},
 'Behavior_Policy': {'actor_version_max': 8512,
                     'actor_version_min': 7936,
                     'beta': 0.0,
                     'buffer_lag_max': 960,
                     'ema_kl': None,
                     'forward_kl': 0.003918745554983616,
                     'learner_version': 8896,
                     'log_rho_max': 1.1242027282714844,
                     'log_rho_mean': -0.12365396320819855,
                     'log_rho_p95': 0.5011388063430786,
                     'reverse_kl': 0.00394931435585022,
                     'target': None,
                     'vtrace_rho_clipped_fraction': 0.2734375},
 'Entropy': {'cart': 1.5443400144577026,
             'city_tile': 0.12775485217571259,
             'overall': 2.720337674021721,
             'worker': 1.0482428073883057},
 'Env': {'carts_final': nan,
         'carts_peak': nan,
         'city_tiles_final': nan,
         'city_tiles_peak': nan,
         'max_cumulative_rewards': nan,
         'mean_cumulative_reward_magnitudes': nan,
         'mean_cumulative_rewards': nan,
         'research_points': nan,
         'separate_cities_final': nan,
         'separate_cities_peak': nan,
         'step': nan,
         'workers_final': nan,
         'workers_peak': nan},
 'Gradient': {'clipped': 1.0, 'norm_before_clip': 29.054662704467773},
 'Intent': {'accuracy': nan,
            'target_build': 0,
            'target_deliver': 0,
            'target_mine': 0,
            'target_return': 0},
 'Loss': {'baseline_loss': 0.017837513238191605,
          'behavior_kl_loss': 0.0,
          'entropy_loss': -0.4242391586303711,
          'intent_aux_loss': 0.0,
          'rule_aux_loss': 0.0,
          'teacher_baseline_loss': 0.0,
          'teacher_kl_loss': 0.0,
          'total_loss': 43.409751892089844,
          'upgo_pg_loss': 33.027042388916016,
          'vtrace_pg_loss': 10.78911018371582},
 'Misc': {'actor_policy_tta_rot180': 1.0,
          'league_opponents': {'first_place': 0.75, 'selfplay': 0.25},
          'learning_rate': 4.9559648000000004e-05,
          'teacher_kl_cost': 0.0,
          'teacher_policy_tta_rot180': 1.0,
          'total_games_played': 0},
 'Normalized_Entropy': {'cart': 0.9873225688934326,
                        'city_tile': 0.11645476520061493,
                        'overall': 0.36159383910429943,
                        'worker': 0.6440102458000183},
 'Teacher_KL_Divergence': {'cart': 0.0,
                           'city_tile': 0.0,
                           'overall': 0.0,
                           'worker': 0.0},
 'Value': {'bias': -9.371433407068253e-09,
           'explained_variance': 0.99562007188797,
           'support_outside_fraction': 0.0,
           'target_std': 0.3373270332813263}}[0m
[[36m2026-08-16 09:59:58,904[0m][[34mroot[0m][[32mINFO[0m] - Steps 9152 @ 38.4 SPS / 0.6 BPS. Stats:
{'Actions': {'cart': {'MOVE': nan, 'NO-OP': nan, 'TRANSFER': nan},
             'city_tile': {'BUILD_CART': nan,
                           'BUILD_WORKER': nan,
                           'NO-OP': nan,
                           'RESEARCH': nan},
             'worker': {'BUILD_CITY': nan,
                        'MOVE': nan,
                        'NO-OP': nan,
                        'PILLAGE': nan,
                        'TRANSFER': nan}},
 'Active_Entities': {'cart': 497, 'city_tile': 2328, 'worker': 1529},
 'Behavior_Policy': {'actor_version_max': 8960,
                     'actor_version_min': 8448,
                     'beta': 0.0,
                     'buffer_lag_max': 640,
                     'ema_kl': None,
                     'forward_kl': 0.0059324572794139385,
                     'learner_version': 9088,
                     'log_rho_max': 1.7814788818359375,
                     'log_rho_mean': -0.21428953111171722,
                     'log_rho_p95': 0.5993945598602295,
                     'reverse_kl': 0.0056744967587292194,
                     'target': None,
                     'vtrace_rho_clipped_fraction': 0.203125},
 'Entropy': {'cart': 1.5685474872589111,
             'city_tile': 0.40730324387550354,
             'overall': 2.958142012357712,
             'worker': 0.9822912812232971},
 'Env': {'carts_final': nan,
         'carts_peak': nan,
         'city_tiles_final': nan,
         'city_tiles_peak': nan,
         'max_cumulative_rewards': nan,
         'mean_cumulative_reward_magnitudes': nan,
         'mean_cumulative_rewards': nan,
         'research_points': nan,
         'separate_cities_final': nan,
         'separate_cities_peak': nan,
         'step': nan,
         'workers_final': nan,
         'workers_peak': nan},
 'Gradient': {'clipped': 1.0, 'norm_before_clip': 12.058501243591309},
 'Intent': {'accuracy': nan,
            'target_build': 0,
            'target_deliver': 0,
            'target_mine': 0,
            'target_return': 0},
 'Loss': {'baseline_loss': 0.014921842142939568,
          'behavior_kl_loss': 0.0,
          'entropy_loss': -0.6459386348724365,
          'intent_aux_loss': 0.0,
          'rule_aux_loss': 0.0,
          'teacher_baseline_loss': 0.0,
          'teacher_kl_loss': 0.0,
          'total_loss': 3.6986868381500244,
          'upgo_pg_loss': 7.797539710998535,
          'vtrace_pg_loss': -3.4678359031677246},
 'Misc': {'actor_policy_tta_rot180': 1.0,
          'league_opponents': {'first_place': 1.0, 'selfplay': 0.0},
          'learning_rate': 4.9550144000000006e-05,
          'teacher_kl_cost': 0.0,
          'teacher_policy_tta_rot180': 1.0,
          'total_games_played': 0},
 'Normalized_Entropy': {'cart': 0.9879361391067505,
                        'city_tile': 0.3707433342933655,
                        'overall': 0.5228686531749843,
                        'worker': 0.6033194065093994},
 'Teacher_KL_Divergence': {'cart': 0.0,
                           'city_tile': 0.0,
                           'overall': 0.0,
                           'worker': 0.0},
 'Value': {'bias': 1.1496013030409813e-09,
           'explained_variance': 0.9895430207252502,
           'support_outside_fraction': 0.0,
           'target_std': 0.21117059886455536}}[0m
[[36m2026-08-16 10:00:03,909[0m][[34mroot[0m][[32mINFO[0m] - Steps 9472 @ 63.9 SPS / 1.0 BPS. Stats:
{'Actions': {'cart': {'MOVE': nan, 'NO-OP': nan, 'TRANSFER': nan},
             'city_tile': {'BUILD_CART': nan,
                           'BUILD_WORKER': nan,
                           'NO-OP': nan,
                           'RESEARCH': nan},
             'worker': {'BUILD_CITY': nan,
                        'MOVE': nan,
                        'NO-OP': nan,
                        'PILLAGE': nan,
                        'TRANSFER': nan}},
 'Active_Entities': {'cart': 232, 'city_tile': 1393, 'worker': 1179},
 'Behavior_Policy': {'actor_version_max': 9216,
                     'actor_version_min': 8640,
                     'beta': 0.0,
                     'buffer_lag_max': 768,
                     'ema_kl': None,
                     'forward_kl': 0.003928779158741236,
                     'learner_version': 9408,
                     'log_rho_max': 1.4622268676757812,
                     'log_rho_mean': -0.1281038522720337,
                     'log_rho_p95': 0.537100076675415,
                     'reverse_kl': 0.003950115293264389,
                     'target': None,
                     'vtrace_rho_clipped_fraction': 0.25},
 'Entropy': {'cart': 1.529045820236206,
             'city_tile': 0.4055640995502472,
             'overall': 3.041004329919815,
             'worker': 1.1063944101333618},
 'Env': {'carts_final': nan,
         'carts_peak': nan,
         'city_tiles_final': nan,
         'city_tiles_peak': nan,
         'max_cumulative_rewards': nan,
         'mean_cumulative_reward_magnitudes': nan,
         'mean_cumulative_rewards': nan,
         'research_points': nan,
         'separate_cities_final': nan,
         'separate_cities_peak': nan,
         'step': nan,
         'workers_final': nan,
         'workers_peak': nan},
 'Gradient': {'clipped': 1.0, 'norm_before_clip': 14.34510326385498},
 'Intent': {'accuracy': nan,
            'target_build': 0,
            'target_deliver': 0,
            'target_mine': 0,
            'target_return': 0},
 'Loss': {'baseline_loss': 0.01683875173330307,
          'behavior_kl_loss': 0.0,
          'entropy_loss': -0.444825679063797,
          'intent_aux_loss': 0.0,
          'rule_aux_loss': 0.0,
          'teacher_baseline_loss': 0.0,
          'teacher_kl_loss': 0.0,
          'total_loss': 25.071882247924805,
          'upgo_pg_loss': 19.856353759765625,
          'vtrace_pg_loss': 5.643515586853027},
 'Misc': {'actor_policy_tta_rot180': 1.0,
          'league_opponents': {'first_place': 0.75, 'selfplay': 0.25},
          'learning_rate': 4.9534304e-05,
          'teacher_kl_cost': 0.0,
          'teacher_policy_tta_rot180': 1.0,
          'total_games_played': 0},
 'Normalized_Entropy': {'cart': 0.9787132143974304,
                        'city_tile': 0.36967727541923523,
                        'overall': 0.5520772036808024,
                        'worker': 0.6836323738098145},
 'Teacher_KL_Divergence': {'cart': 0.0,
                           'city_tile': 0.0,
                           'overall': 0.0,
                           'worker': 0.0},
 'Value': {'bias': 1.5133991837501526e-08,
           'explained_variance': 0.9954788684844971,
           'support_outside_fraction': 0.0,
           'target_std': 0.3197707533836365}}[0m
[[36m2026-08-16 10:00:08,915[0m][[34mroot[0m][[32mINFO[0m] - Steps 9728 @ 51.1 SPS / 0.8 BPS. Stats:
{'Actions': {'cart': {'MOVE': nan, 'NO-OP': nan, 'TRANSFER': nan},
             'city_tile': {'BUILD_CART': nan,
                           'BUILD_WORKER': nan,
                           'NO-OP': nan,
                           'RESEARCH': nan},
             'worker': {'BUILD_CITY': nan,
                        'MOVE': nan,
                        'NO-OP': nan,
                        'PILLAGE': nan,
                        'TRANSFER': nan}},
 'Active_Entities': {'cart': 408, 'city_tile': 2455, 'worker': 2219},
 'Behavior_Policy': {'actor_version_max': 9472,
                     'actor_version_min': 8960,
                     'beta': 0.0,
                     'buffer_lag_max': 704,
                     'ema_kl': None,
                     'forward_kl': 0.006720789708197117,
                     'learner_version': 9664,
                     'log_rho_max': 2.553131103515625,
                     'log_rho_mean': -0.16617947816848755,
                     'log_rho_p95': 1.0039771795272827,
                     'reverse_kl': 0.006692388094961643,
                     'target': None,
                     'vtrace_rho_clipped_fraction': 0.2421875},
 'Entropy': {'cart': 1.5828124284744263,
             'city_tile': 0.49765127897262573,
             'overall': 2.8150522112846375,
             'worker': 0.7345885038375854},
 'Env': {'carts_final': nan,
         'carts_peak': nan,
         'city_tiles_final': nan,
         'city_tiles_peak': nan,
         'max_cumulative_rewards': nan,
         'mean_cumulative_reward_magnitudes': nan,
         'mean_cumulative_rewards': nan,
         'research_points': nan,
         'separate_cities_final': nan,
         'separate_cities_peak': nan,
         'step': nan,
         'workers_final': nan,
         'workers_peak': nan},
 'Gradient': {'clipped': 1.0, 'norm_before_clip': 28.8953800201416},
 'Intent': {'accuracy': nan,
            'target_build': 0,
            'target_deliver': 0,
            'target_mine': 0,
            'target_return': 0},
 'Loss': {'baseline_loss': 0.031598493456840515,
          'behavior_kl_loss': 0.0,
          'entropy_loss': -0.699514627456665,
          'intent_aux_loss': 0.0,
          'rule_aux_loss': 0.0,
          'teacher_baseline_loss': 0.0,
          'teacher_kl_loss': 0.0,
          'total_loss': 47.331241607666016,
          'upgo_pg_loss': 40.53593063354492,
          'vtrace_pg_loss': 7.463230133056641},
 'Misc': {'actor_policy_tta_rot180': 1.0,
          'league_opponents': {'first_place': 0.75, 'selfplay': 0.25},
          'learning_rate': 4.9521632e-05,
          'teacher_kl_cost': 0.0,
          'teacher_policy_tta_rot180': 1.0,
          'total_games_played': 0},
 'Normalized_Entropy': {'cart': 0.9838038682937622,
                        'city_tile': 0.45353978872299194,
                        'overall': 0.4942064877395694,
                        'worker': 0.44917765259742737},
 'Teacher_KL_Divergence': {'cart': 0.0,
                           'city_tile': 0.0,
                           'overall': 0.0,
                           'worker': 0.0},
 'Value': {'bias': 9.89530235528946e-10,
           'explained_variance': 0.9849052429199219,
           'support_outside_fraction': 0.0,
           'target_std': 0.22475504875183105}}[0m
[[36m2026-08-16 10:00:13,925[0m][[34mroot[0m][[32mINFO[0m] - Steps 9984 @ 51.1 SPS / 0.8 BPS. Stats:
{'Actions': {'cart': {'MOVE': nan, 'NO-OP': nan, 'TRANSFER': nan},
             'city_tile': {'BUILD_CART': nan,
                           'BUILD_WORKER': nan,
                           'NO-OP': nan,
                           'RESEARCH': nan},
             'worker': {'BUILD_CITY': nan,
                        'MOVE': nan,
                        'NO-OP': nan,
                        'PILLAGE': nan,
                        'TRANSFER': nan}},
 'Active_Entities': {'cart': 323, 'city_tile': 2158, 'worker': 1447},
 'Behavior_Policy': {'actor_version_max': 9728,
                     'actor_version_min': 9216,
                     'beta': 0.0,
                     'buffer_lag_max': 704,
                     'ema_kl': None,
                     'forward_kl': 0.0026351308915764093,
                     'learner_version': 9920,
                     'log_rho_max': 1.6874885559082031,
                     'log_rho_mean': -0.07736161351203918,
                     'log_rho_p95': 0.33053210377693176,
                     'reverse_kl': 0.0025885228533297777,
                     'target': None,
                     'vtrace_rho_clipped_fraction': 0.2578125},
 'Entropy': {'cart': 1.5141503810882568,
             'city_tile': 0.016381731256842613,
             'overall': 2.730515470728278,
             'worker': 1.1999833583831787},
 'Env': {'carts_final': nan,
         'carts_peak': nan,
         'city_tiles_final': nan,
         'city_tiles_peak': nan,
         'max_cumulative_rewards': nan,
         'mean_cumulative_reward_magnitudes': nan,
         'mean_cumulative_rewards': nan,
         'research_points': nan,
         'separate_cities_final': nan,
         'separate_cities_peak': nan,
         'step': nan,
         'workers_final': nan,
         'workers_peak': nan},
 'Gradient': {'clipped': 1.0, 'norm_before_clip': 11.106112480163574},
 'Intent': {'accuracy': nan,
            'target_build': 0,
            'target_deliver': 0,
            'target_mine': 0,
            'target_return': 0},
 'Loss': {'baseline_loss': 0.009517394006252289,
          'behavior_kl_loss': 0.0,
          'entropy_loss': -0.4521596431732178,
          'intent_aux_loss': 0.0,
          'rule_aux_loss': 0.0,
          'teacher_baseline_loss': 0.0,
          'teacher_kl_loss': 0.0,
          'total_loss': 12.409442901611328,
          'upgo_pg_loss': 12.253746032714844,
          'vtrace_pg_loss': 0.5983392000198364},
 'Misc': {'actor_policy_tta_rot180': 1.0,
          'league_opponents': {'first_place': 0.75, 'selfplay': 0.25},
          'learning_rate': 4.950896000000001e-05,
          'teacher_kl_cost': 0.0,
          'teacher_policy_tta_rot180': 1.0,
          'total_games_played': 0},
 'Normalized_Entropy': {'cart': 0.9883350133895874,
                        'city_tile': 0.014911293052136898,
                        'overall': 0.3633531393969807,
                        'worker': 0.7434971332550049},
 'Teacher_KL_Divergence': {'cart': 0.0,
                           'city_tile': 0.0,
                           'overall': 0.0,
                           'worker': 0.0},
 'Value': {'bias': -4.976755008101463e-09,
           'explained_variance': 0.9973870515823364,
           'support_outside_fraction': 0.0,
           'target_std': 0.30263906717300415}}[0m
[[36m2026-08-16 10:00:18,930[0m][[34mroot[0m][[32mINFO[0m] - Steps 10432 @ 89.5 SPS / 1.4 BPS. Stats:
{'Actions': {'cart': {'MOVE': nan, 'NO-OP': nan, 'TRANSFER': nan},
             'city_tile': {'BUILD_CART': nan,
                           'BUILD_WORKER': nan,
                           'NO-OP': nan,
                           'RESEARCH': nan},
             'worker': {'BUILD_CITY': nan,
                        'MOVE': nan,
                        'NO-OP': nan,
                        'PILLAGE': nan,
                        'TRANSFER': nan}},
 'Active_Entities': {'cart': 416, 'city_tile': 2441, 'worker': 2289},
 'Behavior_Policy': {'actor_version_max': 10240,
                     'actor_version_min': 9728,
                     'beta': 0.0,
                     'buffer_lag_max': 640,
                     'ema_kl': None,
                     'forward_kl': 0.003555497620254755,
                     'learner_version': 10368,
                     'log_rho_max': 1.719390869140625,
                     'log_rho_mean': -0.18619544804096222,
                     'log_rho_p95': 0.24329136312007904,
                     'reverse_kl': 0.0035920324735343456,
                     'target': None,
                     'vtrace_rho_clipped_fraction': 0.1875},
 'Entropy': {'cart': 1.5479788780212402,
             'city_tile': 0.6109001636505127,
             'overall': 2.934402108192444,
             'worker': 0.7755230665206909},
 'Env': {'carts_final': nan,
         'carts_peak': nan,
         'city_tiles_final': nan,
         'city_tiles_peak': nan,
         'max_cumulative_rewards': nan,
         'mean_cumulative_reward_magnitudes': nan,
         'mean_cumulative_rewards': nan,
         'research_points': nan,
         'separate_cities_final': nan,
         'separate_cities_peak': nan,
         'step': nan,
         'workers_final': nan,
         'workers_peak': nan},
 'Gradient': {'clipped': 0.0, 'norm_before_clip': 7.47343111038208},
 'Intent': {'accuracy': nan,
            'target_build': 0,
            'target_deliver': 0,
            'target_mine': 0,
            'target_return': 0},
 'Loss': {'baseline_loss': 0.01087680459022522,
          'behavior_kl_loss': 0.0,
          'entropy_loss': -0.7820677757263184,
          'intent_aux_loss': 0.0,
          'rule_aux_loss': 0.0,
          'teacher_baseline_loss': 0.0,
          'teacher_kl_loss': 0.0,
          'total_loss': -14.123973846435547,
          'upgo_pg_loss': -0.9263416528701782,
          'vtrace_pg_loss': -12.426441192626953},
 'Misc': {'actor_policy_tta_rot180': 1.0,
          'league_opponents': {'first_place': 1.0, 'selfplay': 0.0},
          'learning_rate': 4.9486784000000005e-05,
          'teacher_kl_cost': 0.0,
          'teacher_policy_tta_rot180': 1.0,
          'total_games_played': 0},
 'Normalized_Entropy': {'cart': 0.9832216501235962,
                        'city_tile': 0.5560652017593384,
                        'overall': 0.557166293680413,
                        'worker': 0.4809097349643707},
 'Teacher_KL_Divergence': {'cart': 0.0,
                           'city_tile': 0.0,
                           'overall': 0.0,
                           'worker': 0.0},
 'Value': {'bias': -4.802132025361061e-09,
           'explained_variance': 0.9889009594917297,
           'support_outside_fraction': 0.0,
           'target_std': 0.17499785125255585}}[0m
[[36m2026-08-16 10:00:23,935[0m][[34mroot[0m][[32mINFO[0m] - Steps 10752 @ 63.9 SPS / 1.0 BPS. Stats:
{'Actions': {'cart': {'MOVE': nan, 'NO-OP': nan, 'TRANSFER': nan},
             'city_tile': {'BUILD_CART': nan,
                           'BUILD_WORKER': nan,
                           'NO-OP': nan,
                           'RESEARCH': nan},
             'worker': {'BUILD_CITY': nan,
                        'MOVE': nan,
                        'NO-OP': nan,
                        'PILLAGE': nan,
                        'TRANSFER': nan}},
 'Active_Entities': {'cart': 677, 'city_tile': 3905, 'worker': 2785},
 'Behavior_Policy': {'actor_version_max': 10496,
                     'actor_version_min': 9984,
                     'beta': 0.0,
                     'buffer_lag_max': 704,
                     'ema_kl': None,
                     'forward_kl': 0.003754690056666732,
                     'learner_version': 10688,
                     'log_rho_max': 1.9371185302734375,
                     'log_rho_mean': -0.27781039476394653,
                     'log_rho_p95': 0.5832391977310181,
                     'reverse_kl': 0.003745644586160779,
                     'target': None,
                     'vtrace_rho_clipped_fraction': 0.2109375},
 'Entropy': {'cart': 1.5541476011276245,
             'city_tile': 0.6345793008804321,
             'overall': 3.2961360216140747,
             'worker': 1.107409119606018},
 'Env': {'carts_final': nan,
         'carts_peak': nan,
         'city_tiles_final': nan,
         'city_tiles_peak': nan,
         'max_cumulative_rewards': nan,
         'mean_cumulative_reward_magnitudes': nan,
         'mean_cumulative_rewards': nan,
         'research_points': nan,
         'separate_cities_final': nan,
         'separate_cities_peak': nan,
         'step': nan,
         'workers_final': nan,
         'workers_peak': nan},
 'Gradient': {'clipped': 1.0, 'norm_before_clip': 15.015970230102539},
 'Intent': {'accuracy': nan,
            'target_build': 0,
            'target_deliver': 0,
            'target_mine': 0,
            'target_return': 0},
 'Loss': {'baseline_loss': 0.033217526972293854,
          'behavior_kl_loss': 0.0,
          'entropy_loss': -1.3228650093078613,
          'intent_aux_loss': 0.0,
          'rule_aux_loss': 0.0,
          'teacher_baseline_loss': 0.0,
          'teacher_kl_loss': 0.0,
          'total_loss': -5.244897365570068,
          'upgo_pg_loss': 14.310001373291016,
          'vtrace_pg_loss': -18.26525115966797},
 'Misc': {'actor_policy_tta_rot180': 1.0,
          'league_opponents': {'first_place': 0.75, 'selfplay': 0.25},
          'learning_rate': 4.9470944e-05,
          'teacher_kl_cost': 0.0,
          'teacher_policy_tta_rot180': 1.0,
          'total_games_played': 1},
 'Normalized_Entropy': {'cart': 0.9893202185630798,
                        'city_tile': 0.5792948603630066,
                        'overall': 0.6558923072596167,
                        'worker': 0.6822414398193359},
 'Teacher_KL_Divergence': {'cart': 0.0,
                           'city_tile': 0.0,
                           'overall': 0.0,
                           'worker': 0.0},
 'Value': {'bias': -9.444192983210087e-09,
           'explained_variance': 0.9012819528579712,
           'support_outside_fraction': 0.0,
           'target_std': 0.10131647437810898}}[0m
[[36m2026-08-16 10:00:28,941[0m][[34mroot[0m][[32mINFO[0m] - Steps 11008 @ 51.2 SPS / 0.8 BPS. Stats:
{'Actions': {'cart': {'MOVE': nan, 'NO-OP': nan, 'TRANSFER': nan},
             'city_tile': {'BUILD_CART': nan,
                           'BUILD_WORKER': nan,
                           'NO-OP': nan,
                           'RESEARCH': nan},
             'worker': {'BUILD_CITY': nan,
                        'MOVE': nan,
                        'NO-OP': nan,
                        'PILLAGE': nan,
                        'TRANSFER': nan}},
 'Active_Entities': {'cart': 175, 'city_tile': 1703, 'worker': 1319},
 'Behavior_Policy': {'actor_version_max': 10752,
                     'actor_version_min': 10240,
                     'beta': 0.0,
                     'buffer_lag_max': 704,
                     'ema_kl': None,
                     'forward_kl': 0.019438104704022408,
                     'learner_version': 10944,
                     'log_rho_max': 1.5925941467285156,
                     'log_rho_mean': -0.09229777753353119,
                     'log_rho_p95': 0.39014139771461487,
                     'reverse_kl': 0.027720846235752106,
                     'target': None,
                     'vtrace_rho_clipped_fraction': 0.1796875},
 'Entropy': {'cart': 1.5166008472442627,
             'city_tile': 0.25014057755470276,
             'overall': 2.9984852373600006,
             'worker': 1.2317438125610352},
 'Env': {'carts_final': nan,
         'carts_peak': nan,
         'city_tiles_final': nan,
         'city_tiles_peak': nan,
         'max_cumulative_rewards': nan,
         'mean_cumulative_reward_magnitudes': nan,
         'mean_cumulative_rewards': nan,
         'research_points': nan,
         'separate_cities_final': nan,
         'separate_cities_peak': nan,
         'step': nan,
         'workers_final': nan,
         'workers_peak': nan},
 'Gradient': {'clipped': 1.0, 'norm_before_clip': 24.10530662536621},
 'Intent': {'accuracy': nan,
            'target_build': 0,
            'target_deliver': 0,
            'target_mine': 0,
            'target_return': 0},
 'Loss': {'baseline_loss': 0.03715159744024277,
          'behavior_kl_loss': 0.0,
          'entropy_loss': -0.4632129371166229,
          'intent_aux_loss': 0.0,
          'rule_aux_loss': 0.0,
          'teacher_baseline_loss': 0.0,
          'teacher_kl_loss': 0.0,
          'total_loss': -22.82135581970215,
          'upgo_pg_loss': -0.7440973520278931,
          'vtrace_pg_loss': -21.65119743347168},
 'Misc': {'actor_policy_tta_rot180': 1.0,
          'league_opponents': {'first_place': 1.0, 'selfplay': 0.0},
          'learning_rate': 4.9458272e-05,
          'teacher_kl_cost': 0.0,
          'teacher_policy_tta_rot180': 1.0,
          'total_games_played': 1},
 'Normalized_Entropy': {'cart': 0.984504222869873,
                        'city_tile': 0.22810102999210358,
                        'overall': 0.49035781942142487,
                        'worker': 0.7634038329124451},
 'Teacher_KL_Divergence': {'cart': 0.0,
                           'city_tile': 0.0,
                           'overall': 0.0,
                           'worker': 0.0},
 'Value': {'bias': -2.4301698431372643e-09,
           'explained_variance': 0.7575144171714783,
           'support_outside_fraction': 0.0,
           'target_std': 0.06919438391923904}}[0m
[[36m2026-08-16 10:00:33,946[0m][[34mroot[0m][[32mINFO[0m] - Steps 11264 @ 51.2 SPS / 0.8 BPS. Stats:
{'Actions': {'cart': {'MOVE': 0.8219710349699753,
                      'NO-OP': 0.17131755563405157,
                      'TRANSFER': 0.006711409395973154},
             'city_tile': {'BUILD_CART': 0.025091704410422442,
                           'BUILD_WORKER': 0.07561954294177416,
                           'NO-OP': 0.8719754766046119,
                           'RESEARCH': 0.027313276043191486},
             'worker': {'BUILD_CITY': 0.016109828258045893,
                        'MOVE': 0.5615889738779044,
                        'NO-OP': 0.38928777601385484,
                        'PILLAGE': 0.00402294703420407,
                        'TRANSFER': 0.028990474815990763}},
 'Active_Entities': {'cart': 260, 'city_tile': 1575, 'worker': 1543},
 'Behavior_Policy': {'actor_version_max': 11008,
                     'actor_version_min': 10496,
                     'beta': 0.0,
                     'buffer_lag_max': 704,
                     'ema_kl': None,
                     'forward_kl': 0.012594486586749554,
                     'learner_version': 11200,
                     'log_rho_max': 1.0062484741210938,
                     'log_rho_mean': -0.04309375211596489,
                     'log_rho_p95': 0.45521318912506104,
                     'reverse_kl': 0.009255782701075077,
                     'target': None,
                     'vtrace_rho_clipped_fraction': 0.328125},
 'Entropy': {'cart': 1.5803285837173462,
             'city_tile': 0.7090272903442383,
             'overall': 2.994494616985321,
             'worker': 0.7051387429237366},
 'Env': {'carts_final': 3.875,
         'carts_peak': 7.125,
         'city_tiles_final': 41.625,
         'city_tiles_peak': 69.75,
         'max_cumulative_rewards': 1.0,
         'mean_cumulative_reward_magnitudes': 1.0,
         'mean_cumulative_rewards': 0.0,
         'research_points': 198.25,
         'separate_cities_final': 1.625,
         'separate_cities_peak': 10.75,
         'step': 361.0,
         'workers_final': 33.375,
         'workers_peak': 47.875},
 'Gradient': {'clipped': 1.0, 'norm_before_clip': 462.25787353515625},
 'Intent': {'accuracy': nan,
            'target_build': 0,
            'target_deliver': 0,
            'target_mine': 0,
            'target_return': 0},
 'Loss': {'baseline_loss': 10.073784828186035,
          'behavior_kl_loss': 0.0,
          'entropy_loss': -0.5231264233589172,
          'intent_aux_loss': 0.0,
          'rule_aux_loss': 0.0,
          'teacher_baseline_loss': 0.0,
          'teacher_kl_loss': 0.0,
          'total_loss': 949.3853759765625,
          'upgo_pg_loss': 641.652099609375,
          'vtrace_pg_loss': 298.1825866699219},
 'Misc': {'actor_policy_tta_rot180': 1.0,
          'league_opponents': {'first_place': 0.75, 'selfplay': 0.25},
          'learning_rate': 4.94456e-05,
          'teacher_kl_cost': 0.0,
          'teacher_policy_tta_rot180': 1.0,
          'total_games_played': 17},
 'Normalized_Entropy': {'cart': 0.9840272665023804,
                        'city_tile': 0.6468716859817505,
                        'overall': 0.5762425804628714,
                        'worker': 0.43543580174446106},
 'Teacher_KL_Divergence': {'cart': 0.0,
                           'city_tile': 0.0,
                           'overall': 0.0,
                           'worker': 0.0},
 'Value': {'bias': 1.0244548320770264e-08,
           'explained_variance': 0.14465677738189697,
           'support_outside_fraction': 0.0,
           'target_std': 0.5383627414703369}}[0m
[[36m2026-08-16 10:00:38,952[0m][[34mroot[0m][[32mINFO[0m] - Steps 11712 @ 89.5 SPS / 1.4 BPS. Stats:
{'Actions': {'cart': {'MOVE': nan, 'NO-OP': nan, 'TRANSFER': nan},
             'city_tile': {'BUILD_CART': nan,
                           'BUILD_WORKER': nan,
                           'NO-OP': nan,
                           'RESEARCH': nan},
             'worker': {'BUILD_CITY': nan,
                        'MOVE': nan,
                        'NO-OP': nan,
                        'PILLAGE': nan,
                        'TRANSFER': nan}},
 'Active_Entities': {'cart': 680, 'city_tile': 4196, 'worker': 2963},
 'Behavior_Policy': {'actor_version_max': 11520,
                     'actor_version_min': 10752,
                     'beta': 0.0,
                     'buffer_lag_max': 896,
                     'ema_kl': None,
                     'forward_kl': 0.0021300865337252617,
                     'learner_version': 11648,
                     'log_rho_max': 1.3260498046875,
                     'log_rho_mean': -0.13368549942970276,
                     'log_rho_p95': 0.6439674496650696,
                     'reverse_kl': 0.002146076411008835,
                     'target': None,
                     'vtrace_rho_clipped_fraction': 0.1640625},
 'Entropy': {'cart': 1.5562069416046143,
             'city_tile': 0.48637065291404724,
             'overall': 3.161587208509445,
             'worker': 1.1190096139907837},
 'Env': {'carts_final': nan,
         'carts_peak': nan,
         'city_tiles_final': nan,
         'city_tiles_peak': nan,
         'max_cumulative_rewards': nan,
         'mean_cumulative_reward_magnitudes': nan,
         'mean_cumulative_rewards': nan,
         'research_points': nan,
         'separate_cities_final': nan,
         'separate_cities_peak': nan,
         'step': nan,
         'workers_final': nan,
         'workers_peak': nan},
 'Gradient': {'clipped': 0.0, 'norm_before_clip': 7.660778522491455},
 'Intent': {'accuracy': nan,
            'target_build': 0,
            'target_deliver': 0,
            'target_mine': 0,
            'target_return': 0},
 'Loss': {'baseline_loss': 0.008280249312520027,
          'behavior_kl_loss': 0.0,
          'entropy_loss': -1.2829314470291138,
          'intent_aux_loss': 0.0,
          'rule_aux_loss': 0.0,
          'teacher_baseline_loss': 0.0,
          'teacher_kl_loss': 0.0,
          'total_loss': 4.19823694229126,
          'upgo_pg_loss': 9.881312370300293,
          'vtrace_pg_loss': -4.408424377441406},
 'Misc': {'actor_policy_tta_rot180': 1.0,
          'league_opponents': {'first_place': 1.0, 'selfplay': 0.0},
          'learning_rate': 4.9423424000000004e-05,
          'teacher_kl_cost': 0.0,
          'teacher_policy_tta_rot180': 1.0,
          'total_games_played': 17},
 'Normalized_Entropy': {'cart': 0.9901778101921082,
                        'city_tile': 0.4427136480808258,
                        'overall': 0.5872908001469781,
                        'worker': 0.6995697617530823},
 'Teacher_KL_Divergence': {'cart': 0.0,
                           'city_tile': 0.0,
                           'overall': 0.0,
                           'worker': 0.0},
 'Value': {'bias': 1.1117663234472275e-08,
           'explained_variance': 0.9702073335647583,
           'support_outside_fraction': 0.0,
           'target_std': 0.09319489449262619}}[0m
[[36m2026-08-16 10:00:43,957[0m][[34mroot[0m][[32mINFO[0m] - Steps 12032 @ 63.9 SPS / 1.0 BPS. Stats:
{'Actions': {'cart': {'MOVE': nan, 'NO-OP': nan, 'TRANSFER': nan},
             'city_tile': {'BUILD_CART': nan,
                           'BUILD_WORKER': nan,
                           'NO-OP': nan,
                           'RESEARCH': nan},
             'worker': {'BUILD_CITY': nan,
                        'MOVE': nan,
                        'NO-OP': nan,
                        'PILLAGE': nan,
                        'TRANSFER': nan}},
 'Active_Entities': {'cart': 0, 'city_tile': 78, 'worker': 459},
 'Behavior_Policy': {'actor_version_max': 11776,
                     'actor_version_min': 11264,
                     'beta': 0.0,
                     'buffer_lag_max': 704,
                     'ema_kl': None,
                     'forward_kl': 0.051968544721603394,
                     'learner_version': 11968,
                     'log_rho_max': 1.24546217918396,
                     'log_rho_mean': -0.14898563921451569,
                     'log_rho_p95': 0.750924289226532,
                     'reverse_kl': 0.04797731339931488,
                     'target': None,
                     'vtrace_rho_clipped_fraction': 0.3125},
 'Entropy': {'cart': -0.0,
             'city_tile': 0.1485118269920349,
             'overall': 0.4494660794734955,
             'worker': 0.30095425248146057},
 'Env': {'carts_final': nan,
         'carts_peak': nan,
         'city_tiles_final': nan,
         'city_tiles_peak': nan,
         'max_cumulative_rewards': nan,
         'mean_cumulative_reward_magnitudes': nan,
         'mean_cumulative_rewards': nan,
         'research_points': nan,
         'separate_cities_final': nan,
         'separate_cities_peak': nan,
         'step': nan,
         'workers_final': nan,
         'workers_peak': nan},
 'Gradient': {'clipped': 1.0, 'norm_before_clip': 17.370756149291992},
 'Intent': {'accuracy': nan,
            'target_build': 0,
            'target_deliver': 0,
            'target_mine': 0,
            'target_return': 0},
 'Loss': {'baseline_loss': 0.030666880309581757,
          'behavior_kl_loss': 0.0,
          'entropy_loss': -0.02994438447058201,
          'intent_aux_loss': 0.0,
          'rule_aux_loss': 0.0,
          'teacher_baseline_loss': 0.0,
          'teacher_kl_loss': 0.0,
          'total_loss': 1.3501843214035034,
          'upgo_pg_loss': 1.5030395984649658,
          'vtrace_pg_loss': -0.15357770025730133},
 'Misc': {'actor_policy_tta_rot180': 1.0,
          'league_opponents': {'first_place': 0.75, 'selfplay': 0.25},
          'learning_rate': 4.9407584e-05,
          'teacher_kl_cost': 0.0,
          'teacher_policy_tta_rot180': 1.0,
          'total_games_played': 17},
 'Normalized_Entropy': {'cart': 0.0,
                        'city_tile': 0.16557788848876953,
                        'overall': 0.19267461661186963,
                        'worker': 0.19727928936481476},
 'Teacher_KL_Divergence': {'cart': 0.0,
                           'city_tile': 0.0,
                           'overall': 0.0,
                           'worker': 0.0},
 'Value': {'bias': -7.494236342608929e-09,
           'explained_variance': 0.7824893593788147,
           'support_outside_fraction': 0.0,
           'target_std': 0.06262124329805374}}[0m
[[36m2026-08-16 10:00:48,963[0m][[34mroot[0m][[32mINFO[0m] - Steps 12416 @ 76.7 SPS / 1.2 BPS. Stats:
{'Actions': {'cart': {'MOVE': nan, 'NO-OP': nan, 'TRANSFER': nan},
             'city_tile': {'BUILD_CART': nan,
                           'BUILD_WORKER': nan,
                           'NO-OP': nan,
                           'RESEARCH': nan},
             'worker': {'BUILD_CITY': nan,
                        'MOVE': nan,
                        'NO-OP': nan,
                        'PILLAGE': nan,
                        'TRANSFER': nan}},
 'Active_Entities': {'cart': 0, 'city_tile': 131, 'worker': 423},
 'Behavior_Policy': {'actor_version_max': 12096,
                     'actor_version_min': 11776,
                     'beta': 0.0,
                     'buffer_lag_max': 576,
                     'ema_kl': None,
                     'forward_kl': 0.022684045135974884,
                     'learner_version': 12352,
                     'log_rho_max': 1.967909812927246,
                     'log_rho_mean': -0.07425521314144135,
                     'log_rho_p95': 0.5026140809059143,
                     'reverse_kl': 0.021631460636854172,
                     'target': None,
                     'vtrace_rho_clipped_fraction': 0.21875},
 'Entropy': {'cart': -0.0,
             'city_tile': 0.15705281496047974,
             'overall': 0.3435499966144562,
             'worker': 0.18649718165397644},
 'Env': {'carts_final': nan,
         'carts_peak': nan,
         'city_tiles_final': nan,
         'city_tiles_peak': nan,
         'max_cumulative_rewards': nan,
         'mean_cumulative_reward_magnitudes': nan,
         'mean_cumulative_rewards': nan,
         'research_points': nan,
         'separate_cities_final': nan,
         'separate_cities_peak': nan,
         'step': nan,
         'workers_final': nan,
         'workers_peak': nan},
 'Gradient': {'clipped': 1.0, 'norm_before_clip': 17.80856704711914},
 'Intent': {'accuracy': nan,
            'target_build': 0,
            'target_deliver': 0,
            'target_mine': 0,
            'target_return': 0},
 'Loss': {'baseline_loss': 0.019234512001276016,
          'behavior_kl_loss': 0.0,
          'entropy_loss': -0.01989244483411312,
          'intent_aux_loss': 0.0,
          'rule_aux_loss': 0.0,
          'teacher_baseline_loss': 0.0,
          'teacher_kl_loss': 0.0,
          'total_loss': 1.7285308837890625,
          'upgo_pg_loss': 1.415977954864502,
          'vtrace_pg_loss': 0.3132108747959137},
 'Misc': {'actor_policy_tta_rot180': 1.0,
          'league_opponents': {'first_place': 1.0, 'selfplay': 0.0},
          'learning_rate': 4.9388576000000005e-05,
          'teacher_kl_cost': 0.0,
          'teacher_policy_tta_rot180': 1.0,
          'total_games_played': 32},
 'Normalized_Entropy': {'cart': 0.0,
                        'city_tile': 0.19216474890708923,
                        'overall': 0.13479251679476847,
                        'worker': 0.11702475696802139},
 'Teacher_KL_Divergence': {'cart': 0.0,
                           'city_tile': 0.0,
                           'overall': 0.0,
                           'worker': 0.0},
 'Value': {'bias': -3.470631781965494e-09,
           'explained_variance': 0.8895814418792725,
           'support_outside_fraction': 0.0,
           'target_std': 0.07378100603818893}}[0m
[[36m2026-08-16 10:00:53,968[0m][[34mroot[0m][[32mINFO[0m] - Steps 12672 @ 51.2 SPS / 0.8 BPS. Stats:
{'Actions': {'cart': {'MOVE': nan, 'NO-OP': nan, 'TRANSFER': nan},
             'city_tile': {'BUILD_CART': nan,
                           'BUILD_WORKER': nan,
                           'NO-OP': nan,
                           'RESEARCH': nan},
             'worker': {'BUILD_CITY': nan,
                        'MOVE': nan,
                        'NO-OP': nan,
                        'PILLAGE': nan,
                        'TRANSFER': nan}},
 'Active_Entities': {'cart': 0, 'city_tile': 66, 'worker': 178},
 'Behavior_Policy': {'actor_version_max': 12544,
                     'actor_version_min': 12032,
                     'beta': 0.0,
                     'buffer_lag_max': 576,
                     'ema_kl': None,
                     'forward_kl': 0.018430761992931366,
                     'learner_version': 12608,
                     'log_rho_max': 1.0077818632125854,
                     'log_rho_mean': -0.053238458931446075,
                     'log_rho_p95': 0.033470820635557175,
                     'reverse_kl': 0.019881101325154305,
                     'target': None,
                     'vtrace_rho_clipped_fraction': 0.234375},
 'Entropy': {'cart': -0.0,
             'city_tile': 0.12499836832284927,
             'overall': 0.2505631521344185,
             'worker': 0.1255647838115692},
 'Env': {'carts_final': nan,
         'carts_peak': nan,
         'city_tiles_final': nan,
         'city_tiles_peak': nan,
         'max_cumulative_rewards': nan,
         'mean_cumulative_reward_magnitudes': nan,
         'mean_cumulative_rewards': nan,
         'research_points': nan,
         'separate_cities_final': nan,
         'separate_cities_peak': nan,
         'step': nan,
         'workers_final': nan,
         'workers_peak': nan},
 'Gradient': {'clipped': 1.0, 'norm_before_clip': 10.332162857055664},
 'Intent': {'accuracy': nan,
            'target_build': 0,
            'target_deliver': 0,
            'target_mine': 0,
            'target_return': 0},
 'Loss': {'baseline_loss': 0.00720943184569478,
          'behavior_kl_loss': 0.0,
          'entropy_loss': -0.006120085250586271,
          'intent_aux_loss': 0.0,
          'rule_aux_loss': 0.0,
          'teacher_baseline_loss': 0.0,
          'teacher_kl_loss': 0.0,
          'total_loss': 0.08777687698602676,
          'upgo_pg_loss': 0.12522262334823608,
          'vtrace_pg_loss': -0.03853509575128555},
 'Misc': {'actor_policy_tta_rot180': 1.0,
          'league_opponents': {'first_place': 1.0, 'selfplay': 0.0},
          'learning_rate': 4.9375904e-05,
          'teacher_kl_cost': 0.0,
          'teacher_policy_tta_rot180': 1.0,
          'total_games_played': 32},
 'Normalized_Entropy': {'cart': 0.0,
                        'city_tile': 0.1553630530834198,
                        'overall': 0.10121328994387487,
                        'worker': 0.08113528788089752},
 'Teacher_KL_Divergence': {'cart': 0.0,
                           'city_tile': 0.0,
                           'overall': 0.0,
                           'worker': 0.0},
 'Value': {'bias': 1.3751559890806675e-09,
           'explained_variance': 0.8931876420974731,
           'support_outside_fraction': 0.0,
           'target_std': 0.04592667147517204}}[0m
[[36m2026-08-16 10:00:58,974[0m][[34mroot[0m][[32mINFO[0m] - Steps 13056 @ 76.7 SPS / 1.2 BPS. Stats:
{'Actions': {'cart': {'MOVE': nan, 'NO-OP': nan, 'TRANSFER': nan},
             'city_tile': {'BUILD_CART': nan,
                           'BUILD_WORKER': nan,
                           'NO-OP': nan,
                           'RESEARCH': nan},
             'worker': {'BUILD_CITY': nan,
                        'MOVE': nan,
                        'NO-OP': nan,
                        'PILLAGE': nan,
                        'TRANSFER': nan}},
 'Active_Entities': {'cart': 0, 'city_tile': 176, 'worker': 892},
 'Behavior_Policy': {'actor_version_max': 12608,
                     'actor_version_min': 12160,
                     'beta': 0.0,
                     'buffer_lag_max': 832,
                     'ema_kl': None,
                     'forward_kl': 0.03164922818541527,
                     'learner_version': 12992,
                     'log_rho_max': 2.280148506164551,
                     'log_rho_mean': -0.23167628049850464,
                     'log_rho_p95': 1.0136947631835938,
                     'reverse_kl': 0.03192790597677231,
                     'target': None,
                     'vtrace_rho_clipped_fraction': 0.2109375},
 'Entropy': {'cart': -0.0,
             'city_tile': 0.32267141342163086,
             'overall': 0.7533719837665558,
             'worker': 0.4307005703449249},
 'Env': {'carts_final': nan,
         'carts_peak': nan,
         'city_tiles_final': nan,
         'city_tiles_peak': nan,
         'max_cumulative_rewards': nan,
         'mean_cumulative_reward_magnitudes': nan,
         'mean_cumulative_rewards': nan,
         'research_points': nan,
         'separate_cities_final': nan,
         'separate_cities_peak': nan,
         'step': nan,
         'workers_final': nan,
         'workers_peak': nan},
 'Gradient': {'clipped': 1.0, 'norm_before_clip': 19.41261100769043},
 'Intent': {'accuracy': nan,
            'target_build': 0,
            'target_deliver': 0,
            'target_mine': 0,
            'target_return': 0},
 'Loss': {'baseline_loss': 0.020507395267486572,
          'behavior_kl_loss': 0.0,
          'entropy_loss': -0.08819501101970673,
          'intent_aux_loss': 0.0,
          'rule_aux_loss': 0.0,
          'teacher_baseline_loss': 0.0,
          'teacher_kl_loss': 0.0,
          'total_loss': 2.433983087539673,
          'upgo_pg_loss': 3.418715000152588,
          'vtrace_pg_loss': -0.9170441031455994},
 'Misc': {'actor_policy_tta_rot180': 1.0,
          'league_opponents': {'first_place': 0.75, 'selfplay': 0.25},
          'learning_rate': 4.9356896000000004e-05,
          'teacher_kl_cost': 0.0,
          'teacher_policy_tta_rot180': 1.0,
          'total_games_played': 32},
 'Normalized_Entropy': {'cart': 0.0,
                        'city_tile': 0.28282368183135986,
                        'overall': 0.2697089460681887,
                        'worker': 0.267121285200119},
 'Teacher_KL_Divergence': {'cart': 0.0,
                           'city_tile': 0.0,
                           'overall': 0.0,
                           'worker': 0.0},
 'Value': {'bias': 2.6338966563344e-09,
           'explained_variance': 0.9282602071762085,
           'support_outside_fraction': 0.0,
           'target_std': 0.08204476535320282}}[0m
[[36m2026-08-16 10:01:03,980[0m][[34mroot[0m][[32mINFO[0m] - Steps 13568 @ 102.3 SPS / 1.6 BPS. Stats:
{'Actions': {'cart': {'MOVE': nan, 'NO-OP': nan, 'TRANSFER': nan},
             'city_tile': {'BUILD_CART': nan,
                           'BUILD_WORKER': nan,
                           'NO-OP': nan,
                           'RESEARCH': nan},
             'worker': {'BUILD_CITY': nan,
                        'MOVE': nan,
                        'NO-OP': nan,
                        'PILLAGE': nan,
                        'TRANSFER': nan}},
 'Active_Entities': {'cart': 0, 'city_tile': 175, 'worker': 998},
 'Behavior_Policy': {'actor_version_max': 13120,
                     'actor_version_min': 12672,
                     'beta': 0.0,
                     'buffer_lag_max': 832,
                     'ema_kl': None,
                     'forward_kl': 0.02455584518611431,
                     'learner_version': 13504,
                     'log_rho_max': 1.7640247344970703,
                     'log_rho_mean': -0.21858727931976318,
                     'log_rho_p95': 0.7303152084350586,
                     'reverse_kl': 0.024272102862596512,
                     'target': None,
                     'vtrace_rho_clipped_fraction': 0.2421875},
 'Entropy': {'cart': -0.0,
             'city_tile': 0.27813202142715454,
             'overall': 0.7404413819313049,
             'worker': 0.4623093605041504},
 'Env': {'carts_final': nan,
         'carts_peak': nan,
         'city_tiles_final': nan,
         'city_tiles_peak': nan,
         'max_cumulative_rewards': nan,
         'mean_cumulative_reward_magnitudes': nan,
         'mean_cumulative_rewards': nan,
         'research_points': nan,
         'separate_cities_final': nan,
         'separate_cities_peak': nan,
         'step': nan,
         'workers_final': nan,
         'workers_peak': nan},
 'Gradient': {'clipped': 1.0, 'norm_before_clip': 21.778549194335938},
 'Intent': {'accuracy': nan,
            'target_build': 0,
            'target_deliver': 0,
            'target_mine': 0,
            'target_return': 0},
 'Loss': {'baseline_loss': 0.05169866606593132,
          'behavior_kl_loss': 0.0,
          'entropy_loss': -0.1020115539431572,
          'intent_aux_loss': 0.0,
          'rule_aux_loss': 0.0,
          'teacher_baseline_loss': 0.0,
          'teacher_kl_loss': 0.0,
          'total_loss': 3.2897002696990967,
          'upgo_pg_loss': 4.8871636390686035,
          'vtrace_pg_loss': -1.5471506118774414},
 'Misc': {'actor_policy_tta_rot180': 1.0,
          'league_opponents': {'first_place': 0.75, 'selfplay': 0.25},
          'learning_rate': 4.9331552e-05,
          'teacher_kl_cost': 0.0,
          'teacher_policy_tta_rot180': 1.0,
          'total_games_played': 32},
 'Normalized_Entropy': {'cart': 0.0,
                        'city_tile': 0.39170753955841064,
                        'overall': 0.3082656507703451,
                        'worker': 0.2936340570449829},
 'Teacher_KL_Divergence': {'cart': 0.0,
                           'city_tile': 0.0,
                           'overall': 0.0,
                           'worker': 0.0},
 'Value': {'bias': 9.189534466713667e-09,
           'explained_variance': 0.6833797097206116,
           'support_outside_fraction': 0.0,
           'target_std': 0.06995540112257004}}[0m
[[36m2026-08-16 10:01:08,986[0m][[34mroot[0m][[32mINFO[0m] - Steps 13888 @ 63.9 SPS / 1.0 BPS. Stats:
{'Actions': {'cart': {'MOVE': nan, 'NO-OP': nan, 'TRANSFER': nan},
             'city_tile': {'BUILD_CART': nan,
                           'BUILD_WORKER': nan,
                           'NO-OP': nan,
                           'RESEARCH': nan},
             'worker': {'BUILD_CITY': nan,
                        'MOVE': nan,
                        'NO-OP': nan,
                        'PILLAGE': nan,
                        'TRANSFER': nan}},
 'Active_Entities': {'cart': 0, 'city_tile': 184, 'worker': 965},
 'Behavior_Policy': {'actor_version_max': 13568,
                     'actor_version_min': 13184,
                     'beta': 0.0,
                     'buffer_lag_max': 640,
                     'ema_kl': None,
                     'forward_kl': 0.03492503985762596,
                     'learner_version': 13824,
                     'log_rho_max': 1.3635642528533936,
                     'log_rho_mean': -0.3269084393978119,
                     'log_rho_p95': 0.5034696459770203,
                     'reverse_kl': 0.03798667713999748,
                     'target': None,
                     'vtrace_rho_clipped_fraction': 0.1796875},
 'Entropy': {'cart': -0.0,
             'city_tile': 0.11860843002796173,
             'overall': 0.5053241401910782,
             'worker': 0.38671571016311646},
 'Env': {'carts_final': nan,
         'carts_peak': nan,
         'city_tiles_final': nan,
         'city_tiles_peak': nan,
         'max_cumulative_rewards': nan,
         'mean_cumulative_reward_magnitudes': nan,
         'mean_cumulative_rewards': nan,
         'research_points': nan,
         'separate_cities_final': nan,
         'separate_cities_peak': nan,
         'step': nan,
         'workers_final': nan,
         'workers_peak': nan},
 'Gradient': {'clipped': 1.0, 'norm_before_clip': 23.835308074951172},
 'Intent': {'accuracy': nan,
            'target_build': 0,
            'target_deliver': 0,
            'target_mine': 0,
            'target_return': 0},
 'Loss': {'baseline_loss': 0.016458632424473763,
          'behavior_kl_loss': 0.0,
          'entropy_loss': -0.07900092005729675,
          'intent_aux_loss': 0.0,
          'rule_aux_loss': 0.0,
          'teacher_baseline_loss': 0.0,
          'teacher_kl_loss': 0.0,
          'total_loss': 3.7370169162750244,
          'upgo_pg_loss': 3.1344313621520996,
          'vtrace_pg_loss': 0.6651277542114258},
 'Misc': {'actor_policy_tta_rot180': 1.0,
          'league_opponents': {'first_place': 0.75, 'selfplay': 0.25},
          'learning_rate': 4.9315712000000006e-05,
          'teacher_kl_cost': 0.0,
          'teacher_policy_tta_rot180': 1.0,
          'total_games_played': 32},
 'Normalized_Entropy': {'cart': 0.0,
                        'city_tile': 0.1384129524230957,
                        'overall': 0.22413893132182802,
                        'worker': 0.24048461019992828},
 'Teacher_KL_Divergence': {'cart': 0.0,
                           'city_tile': 0.0,
                           'overall': 0.0,
                           'worker': 0.0},
 'Value': {'bias': -2.08092387765646e-09,
           'explained_variance': 0.912884533405304,
           'support_outside_fraction': 0.0,
           'target_std': 0.07286559045314789}}[0m
[[36m2026-08-16 10:01:13,991[0m][[34mroot[0m][[32mINFO[0m] - Steps 14080 @ 38.4 SPS / 0.6 BPS. Stats:
{'Actions': {'cart': {'MOVE': nan, 'NO-OP': nan, 'TRANSFER': nan},
             'city_tile': {'BUILD_CART': nan,
                           'BUILD_WORKER': nan,
                           'NO-OP': nan,
                           'RESEARCH': nan},
             'worker': {'BUILD_CITY': nan,
                        'MOVE': nan,
                        'NO-OP': nan,
                        'PILLAGE': nan,
                        'TRANSFER': nan}},
 'Active_Entities': {'cart': 0, 'city_tile': 316, 'worker': 1133},
 'Behavior_Policy': {'actor_version_max': 13568,
                     'actor_version_min': 13184,
                     'beta': 0.0,
                     'buffer_lag_max': 832,
                     'ema_kl': None,
                     'forward_kl': 0.020582087337970734,
                     'learner_version': 14016,
                     'log_rho_max': 1.3366808891296387,
                     'log_rho_mean': -0.2035834938287735,
                     'log_rho_p95': 0.704058825969696,
                     'reverse_kl': 0.020087838172912598,
                     'target': None,
                     'vtrace_rho_clipped_fraction': 0.25},
 'Entropy': {'cart': -0.0,
             'city_tile': 0.422607421875,
             'overall': 1.0013879537582397,
             'worker': 0.5787805318832397},
 'Env': {'carts_final': nan,
         'carts_peak': nan,
         'city_tiles_final': nan,
         'city_tiles_peak': nan,
         'max_cumulative_rewards': nan,
         'mean_cumulative_reward_magnitudes': nan,
         'mean_cumulative_rewards': nan,
         'research_points': nan,
         'separate_cities_final': nan,
         'separate_cities_peak': nan,
         'step': nan,
         'workers_final': nan,
         'workers_peak': nan},
 'Gradient': {'clipped': 1.0, 'norm_before_clip': 37.06450653076172},
 'Intent': {'accuracy': nan,
            'target_build': 0,
            'target_deliver': 0,
            'target_mine': 0,
            'target_return': 0},
 'Loss': {'baseline_loss': 0.02609274722635746,
          'behavior_kl_loss': 0.0,
          'entropy_loss': -0.15786045789718628,
          'intent_aux_loss': 0.0,
          'rule_aux_loss': 0.0,
          'teacher_baseline_loss': 0.0,
          'teacher_kl_loss': 0.0,
          'total_loss': 12.878083229064941,
          'upgo_pg_loss': 10.710870742797852,
          'vtrace_pg_loss': 2.298981189727783},
 'Misc': {'actor_policy_tta_rot180': 1.0,
          'league_opponents': {'first_place': 0.75, 'selfplay': 0.25},
          'learning_rate': 4.9306208e-05,
          'teacher_kl_cost': 0.0,
          'teacher_policy_tta_rot180': 1.0,
          'total_games_played': 32},
 'Normalized_Entropy': {'cart': 0.0,
                        'city_tile': 0.5502954125404358,
                        'overall': 0.4036377241399224,
                        'worker': 0.3627340793609619},
 'Teacher_KL_Divergence': {'cart': 0.0,
                           'city_tile': 0.0,
                           'overall': 0.0,
                           'worker': 0.0},
 'Value': {'bias': -1.6298145055770874e-09,
           'explained_variance': 0.7319052219390869,
           'support_outside_fraction': 0.0,
           'target_std': 0.04588254541158676}}[0m
[[36m2026-08-16 10:01:18,997[0m][[34mroot[0m][[32mINFO[0m] - Steps 14592 @ 102.3 SPS / 1.6 BPS. Stats:
{'Actions': {'cart': {'MOVE': nan, 'NO-OP': nan, 'TRANSFER': nan},
             'city_tile': {'BUILD_CART': nan,
                           'BUILD_WORKER': nan,
                           'NO-OP': nan,
                           'RESEARCH': nan},
             'worker': {'BUILD_CITY': nan,
                        'MOVE': nan,
                        'NO-OP': nan,
                        'PILLAGE': nan,
                        'TRANSFER': nan}},
 'Active_Entities': {'cart': 0, 'city_tile': 300, 'worker': 1256},
 'Behavior_Policy': {'actor_version_max': 14144,
                     'actor_version_min': 13696,
                     'beta': 0.0,
                     'buffer_lag_max': 832,
                     'ema_kl': None,
                     'forward_kl': 0.014862648211419582,
                     'learner_version': 14528,
                     'log_rho_max': 1.4891233444213867,
                     'log_rho_mean': -0.10707949846982956,
                     'log_rho_p95': 0.6836772561073303,
                     'reverse_kl': 0.01475952286273241,
                     'target': None,
                     'vtrace_rho_clipped_fraction': 0.2734375},
 'Entropy': {'cart': -0.0,
             'city_tile': 0.4701549708843231,
             'overall': 0.9770189225673676,
             'worker': 0.5068639516830444},
 'Env': {'carts_final': nan,
         'carts_peak': nan,
         'city_tiles_final': nan,
         'city_tiles_peak': nan,
         'max_cumulative_rewards': nan,
         'mean_cumulative_reward_magnitudes': nan,
         'mean_cumulative_rewards': nan,
         'research_points': nan,
         'separate_cities_final': nan,
         'separate_cities_peak': nan,
         'step': nan,
         'workers_final': nan,
         'workers_peak': nan},
 'Gradient': {'clipped': 1.0, 'norm_before_clip': 21.79083824157715},
 'Intent': {'accuracy': nan,
            'target_build': 0,
            'target_deliver': 0,
            'target_mine': 0,
            'target_return': 0},
 'Loss': {'baseline_loss': 0.027404390275478363,
          'behavior_kl_loss': 0.0,
          'entropy_loss': -0.15553352236747742,
          'intent_aux_loss': 0.0,
          'rule_aux_loss': 0.0,
          'teacher_baseline_loss': 0.0,
          'teacher_kl_loss': 0.0,
          'total_loss': 19.93025016784668,
          'upgo_pg_loss': 15.392040252685547,
          'vtrace_pg_loss': 4.666337966918945},
 'Misc': {'actor_policy_tta_rot180': 1.0,
          'league_opponents': {'first_place': 0.75, 'selfplay': 0.25},
          'learning_rate': 4.9280864000000006e-05,
          'teacher_kl_cost': 0.0,
          'teacher_policy_tta_rot180': 1.0,
          'total_games_played': 32},
 'Normalized_Entropy': {'cart': 0.0,
                        'city_tile': 0.5819326043128967,
                        'overall': 0.37202186265764015,
                        'worker': 0.3218839466571808},
 'Teacher_KL_Divergence': {'cart': 0.0,
                           'city_tile': 0.0,
                           'overall': 0.0,
                           'worker': 0.0},
 'Value': {'bias': 4.816683940589428e-09,
           'explained_variance': 0.8388275504112244,
           'support_outside_fraction': 0.0,
           'target_std': 0.07100614905357361}}[0m
[[36m2026-08-16 10:01:24,002[0m][[34mroot[0m][[32mINFO[0m] - Steps 14976 @ 76.7 SPS / 1.2 BPS. Stats:
{'Actions': {'cart': {'MOVE': nan, 'NO-OP': nan, 'TRANSFER': nan},
             'city_tile': {'BUILD_CART': nan,
                           'BUILD_WORKER': nan,
                           'NO-OP': nan,
                           'RESEARCH': nan},
             'worker': {'BUILD_CITY': nan,
                        'MOVE': nan,
                        'NO-OP': nan,
                        'PILLAGE': nan,
                        'TRANSFER': nan}},
 'Active_Entities': {'cart': 0, 'city_tile': 148, 'worker': 755},
 'Behavior_Policy': {'actor_version_max': 14656,
                     'actor_version_min': 14208,
                     'beta': 0.0,
                     'buffer_lag_max': 704,
                     'ema_kl': None,
                     'forward_kl': 0.01608831062912941,
                     'learner_version': 14912,
                     'log_rho_max': 1.1180152893066406,
                     'log_rho_mean': -0.16555139422416687,
                     'log_rho_p95': 0.47764313220977783,
                     'reverse_kl': 0.016992148011922836,
                     'target': None,
                     'vtrace_rho_clipped_fraction': 0.140625},
 'Entropy': {'cart': -0.0,
             'city_tile': 0.41278570890426636,
             'overall': 0.9867388606071472,
             'worker': 0.5739531517028809},
 'Env': {'carts_final': nan,
         'carts_peak': nan,
         'city_tiles_final': nan,
         'city_tiles_peak': nan,
         'max_cumulative_rewards': nan,
         'mean_cumulative_reward_magnitudes': nan,
         'mean_cumulative_rewards': nan,
         'research_points': nan,
         'separate_cities_final': nan,
         'separate_cities_peak': nan,
         'step': nan,
         'workers_final': nan,
         'workers_peak': nan},
 'Gradient': {'clipped': 1.0, 'norm_before_clip': 13.689029693603516},
 'Intent': {'accuracy': nan,
            'target_build': 0,
            'target_deliver': 0,
            'target_mine': 0,
            'target_return': 0},
 'Loss': {'baseline_loss': 0.015062876045703888,
          'behavior_kl_loss': 0.0,
          'entropy_loss': -0.09888537973165512,
          'intent_aux_loss': 0.0,
          'rule_aux_loss': 0.0,
          'teacher_baseline_loss': 0.0,
          'teacher_kl_loss': 0.0,
          'total_loss': 2.7054224014282227,
          'upgo_pg_loss': 3.167719841003418,
          'vtrace_pg_loss': -0.37847501039505005},
 'Misc': {'actor_policy_tta_rot180': 1.0,
          'league_opponents': {'first_place': 1.0, 'selfplay': 0.0},
          'learning_rate': 4.9261856e-05,
          'teacher_kl_cost': 0.0,
          'teacher_policy_tta_rot180': 1.0,
          'total_games_played': 32},
 'Normalized_Entropy': {'cart': 0.0,
                        'city_tile': 0.5414674878120422,
                        'overall': 0.4010182585101059,
                        'worker': 0.3734864890575409},
 'Teacher_KL_Divergence': {'cart': 0.0,
                           'city_tile': 0.0,
                           'overall': 0.0,
                           'worker': 0.0},
 'Value': {'bias': -1.752050593495369e-08,
           'explained_variance': 0.9619326591491699,
           'support_outside_fraction': 0.0,
           'target_std': 0.11119946092367172}}[0m
[[36m2026-08-16 10:01:29,007[0m][[34mroot[0m][[32mINFO[0m] - Steps 15168 @ 38.4 SPS / 0.6 BPS. Stats:
{'Actions': {'cart': {'MOVE': nan, 'NO-OP': nan, 'TRANSFER': nan},
             'city_tile': {'BUILD_CART': nan,
                           'BUILD_WORKER': nan,
                           'NO-OP': nan,
                           'RESEARCH': nan},
             'worker': {'BUILD_CITY': nan,
                        'MOVE': nan,
                        'NO-OP': nan,
                        'PILLAGE': nan,
                        'TRANSFER': nan}},
 'Active_Entities': {'cart': 8, 'city_tile': 363, 'worker': 1268},
 'Behavior_Policy': {'actor_version_max': 15104,
                     'actor_version_min': 14592,
                     'beta': 0.0,
                     'buffer_lag_max': 512,
                     'ema_kl': None,
                     'forward_kl': 0.02150156907737255,
                     'learner_version': 15104,
                     'log_rho_max': 1.2243804931640625,
                     'log_rho_mean': -0.3720799684524536,
                     'log_rho_p95': 0.41370198130607605,
                     'reverse_kl': 0.0230074655264616,
                     'target': None,
                     'vtrace_rho_clipped_fraction': 0.171875},
 'Entropy': {'cart': 1.5952510833740234,
             'city_tile': 0.5592746138572693,
             'overall': 2.7138630747795105,
             'worker': 0.5593373775482178},
 'Env': {'carts_final': nan,
         'carts_peak': nan,
         'city_tiles_final': nan,
         'city_tiles_peak': nan,
         'max_cumulative_rewards': nan,
         'mean_cumulative_reward_magnitudes': nan,
         'mean_cumulative_rewards': nan,
         'research_points': nan,
         'separate_cities_final': nan,
         'separate_cities_peak': nan,
         'step': nan,
         'workers_final': nan,
         'workers_peak': nan},
 'Gradient': {'clipped': 1.0, 'norm_before_clip': 19.003969192504883},
 'Intent': {'accuracy': nan,
            'target_build': 0,
            'target_deliver': 0,
            'target_mine': 0,
            'target_return': 0},
 'Loss': {'baseline_loss': 0.026425357908010483,
          'behavior_kl_loss': 0.0,
          'entropy_loss': -0.18500368297100067,
          'intent_aux_loss': 0.0,
          'rule_aux_loss': 0.0,
          'teacher_baseline_loss': 0.0,
          'teacher_kl_loss': 0.0,
          'total_loss': 4.760124683380127,
          'upgo_pg_loss': 5.76918888092041,
          'vtrace_pg_loss': -0.8504860401153564},
 'Misc': {'actor_policy_tta_rot180': 1.0,
          'league_opponents': {'first_place': 0.75, 'selfplay': 0.25},
          'learning_rate': 4.9252352e-05,
          'teacher_kl_cost': 0.0,
          'teacher_policy_tta_rot180': 1.0,
          'total_games_played': 32},
 'Normalized_Entropy': {'cart': 0.991185188293457,
                        'city_tile': 0.5213024616241455,
                        'overall': 0.39140492332207133,
                        'worker': 0.3504340648651123},
 'Teacher_KL_Divergence': {'cart': 0.0,
                           'city_tile': 0.0,
                           'overall': 0.0,
                           'worker': 0.0},
 'Value': {'bias': -1.4319084584712982e-08,
           'explained_variance': 0.9117982387542725,
           'support_outside_fraction': 0.0,
           'target_std': 0.0923093780875206}}[0m
[[36m2026-08-16 10:01:34,012[0m][[34mroot[0m][[32mINFO[0m] - Steps 15616 @ 89.5 SPS / 1.4 BPS. Stats:
{'Actions': {'cart': {'MOVE': nan, 'NO-OP': nan, 'TRANSFER': nan},
             'city_tile': {'BUILD_CART': nan,
                           'BUILD_WORKER': nan,
                           'NO-OP': nan,
                           'RESEARCH': nan},
             'worker': {'BUILD_CITY': nan,
                        'MOVE': nan,
                        'NO-OP': nan,
                        'PILLAGE': nan,
                        'TRANSFER': nan}},
 'Active_Entities': {'cart': 70, 'city_tile': 1332, 'worker': 1466},
 'Behavior_Policy': {'actor_version_max': 15168,
                     'actor_version_min': 14720,
                     'beta': 0.0,
                     'buffer_lag_max': 832,
                     'ema_kl': None,
                     'forward_kl': 0.015166771598160267,
                     'learner_version': 15552,
                     'log_rho_max': 1.5334348678588867,
                     'log_rho_mean': -0.24022969603538513,
                     'log_rho_p95': 0.5594577193260193,
                     'reverse_kl': 0.014493733644485474,
                     'target': None,
                     'vtrace_rho_clipped_fraction': 0.2109375},
 'Entropy': {'cart': 1.4610402584075928,
             'city_tile': 0.27427470684051514,
             'overall': 2.5009506344795227,
             'worker': 0.7656356692314148},
 'Env': {'carts_final': nan,
         'carts_peak': nan,
         'city_tiles_final': nan,
         'city_tiles_peak': nan,
         'max_cumulative_rewards': nan,
         'mean_cumulative_reward_magnitudes': nan,
         'mean_cumulative_rewards': nan,
         'research_points': nan,
         'separate_cities_final': nan,
         'separate_cities_peak': nan,
         'step': nan,
         'workers_final': nan,
         'workers_peak': nan},
 'Gradient': {'clipped': 1.0, 'norm_before_clip': 26.81562042236328},
 'Intent': {'accuracy': nan,
            'target_build': 0,
            'target_deliver': 0,
            'target_mine': 0,
            'target_return': 0},
 'Loss': {'baseline_loss': 0.052071139216423035,
          'behavior_kl_loss': 0.0,
          'entropy_loss': -0.3180057108402252,
          'intent_aux_loss': 0.0,
          'rule_aux_loss': 0.0,
          'teacher_baseline_loss': 0.0,
          'teacher_kl_loss': 0.0,
          'total_loss': 36.317962646484375,
          'upgo_pg_loss': 24.854328155517578,
          'vtrace_pg_loss': 11.729567527770996},
 'Misc': {'actor_policy_tta_rot180': 1.0,
          'league_opponents': {'first_place': 0.75, 'selfplay': 0.25},
          'learning_rate': 4.9230176e-05,
          'teacher_kl_cost': 0.0,
          'teacher_policy_tta_rot180': 1.0,
          'total_games_played': 32},
 'Normalized_Entropy': {'cart': 0.9918537735939026,
                        'city_tile': 0.27846190333366394,
                        'overall': 0.4025176827545113,
                        'worker': 0.4870939254760742},
 'Teacher_KL_Divergence': {'cart': 0.0,
                           'city_tile': 0.0,
                           'overall': 0.0,
                           'worker': 0.0},
 'Value': {'bias': -9.19681042432785e-09,
           'explained_variance': 0.9812736511230469,
           'support_outside_fraction': 0.0,
           'target_std': 0.24861861765384674}}[0m
[[36m2026-08-16 10:01:39,017[0m][[34mroot[0m][[32mINFO[0m] - Steps 15936 @ 63.9 SPS / 1.0 BPS. Stats:
{'Actions': {'cart': {'MOVE': nan, 'NO-OP': nan, 'TRANSFER': nan},
             'city_tile': {'BUILD_CART': nan,
                           'BUILD_WORKER': nan,
                           'NO-OP': nan,
                           'RESEARCH': nan},
             'worker': {'BUILD_CITY': nan,
                        'MOVE': nan,
                        'NO-OP': nan,
                        'PILLAGE': nan,
                        'TRANSFER': nan}},
 'Active_Entities': {'cart': 0, 'city_tile': 875, 'worker': 1012},
 'Behavior_Policy': {'actor_version_max': 15616,
                     'actor_version_min': 15296,
                     'beta': 0.0,
                     'buffer_lag_max': 576,
                     'ema_kl': None,
                     'forward_kl': 0.015874771401286125,
                     'learner_version': 15872,
                     'log_rho_max': 1.8949604034423828,
                     'log_rho_mean': -0.18615296483039856,
                     'log_rho_p95': 0.6026691794395447,
                     'reverse_kl': 0.017415592446923256,
                     'target': None,
                     'vtrace_rho_clipped_fraction': 0.25},
 'Entropy': {'cart': -0.0,
             'city_tile': 0.14797359704971313,
             'overall': 0.6066125631332397,
             'worker': 0.4586389660835266},
 'Env': {'carts_final': nan,
         'carts_peak': nan,
         'city_tiles_final': nan,
         'city_tiles_peak': nan,
         'max_cumulative_rewards': nan,
         'mean_cumulative_reward_magnitudes': nan,
         'mean_cumulative_rewards': nan,
         'research_points': nan,
         'separate_cities_final': nan,
         'separate_cities_peak': nan,
         'step': nan,
         'workers_final': nan,
         'workers_peak': nan},
 'Gradient': {'clipped': 1.0, 'norm_before_clip': 10.951546669006348},
 'Intent': {'accuracy': nan,
            'target_build': 0,
            'target_deliver': 0,
            'target_mine': 0,
            'target_return': 0},
 'Loss': {'baseline_loss': 0.008953716605901718,
          'behavior_kl_loss': 0.0,
          'entropy_loss': -0.11872389912605286,
          'intent_aux_loss': 0.0,
          'rule_aux_loss': 0.0,
          'teacher_baseline_loss': 0.0,
          'teacher_kl_loss': 0.0,
          'total_loss': -0.2601510286331177,
          'upgo_pg_loss': 1.535522222518921,
          'vtrace_pg_loss': -1.6859030723571777},
 'Misc': {'actor_policy_tta_rot180': 1.0,
          'league_opponents': {'first_place': 0.75, 'selfplay': 0.25},
          'learning_rate': 4.9214336e-05,
          'teacher_kl_cost': 0.0,
          'teacher_policy_tta_rot180': 1.0,
          'total_games_played': 32},
 'Normalized_Entropy': {'cart': 0.0,
                        'city_tile': 0.14504992961883545,
                        'overall': 0.22501837442839784,
                        'worker': 0.2941610515117645},
 'Teacher_KL_Divergence': {'cart': 0.0,
                           'city_tile': 0.0,
                           'overall': 0.0,
                           'worker': 0.0},
 'Value': {'bias': 2.735760062932968e-09,
           'explained_variance': 0.9946922063827515,
           'support_outside_fraction': 0.0,
           'target_std': 0.22168660163879395}}[0m
[[36m2026-08-16 10:01:44,023[0m][[34mroot[0m][[32mINFO[0m] - Steps 16128 @ 38.4 SPS / 0.6 BPS. Stats:
{'Actions': {'cart': {'MOVE': nan, 'NO-OP': nan, 'TRANSFER': nan},
             'city_tile': {'BUILD_CART': nan,
                           'BUILD_WORKER': nan,
                           'NO-OP': nan,
                           'RESEARCH': nan},
             'worker': {'BUILD_CITY': nan,
                        'MOVE': nan,
                        'NO-OP': nan,
                        'PILLAGE': nan,
                        'TRANSFER': nan}},
 'Active_Entities': {'cart': 109, 'city_tile': 966, 'worker': 1254},
 'Behavior_Policy': {'actor_version_max': 15616,
                     'actor_version_min': 15296,
                     'beta': 0.0,
                     'buffer_lag_max': 768,
                     'ema_kl': None,
                     'forward_kl': 0.01194299478083849,
                     'learner_version': 16064,
                     'log_rho_max': 1.1296463012695312,
                     'log_rho_mean': -0.1881597340106964,
                     'log_rho_p95': 0.5971605181694031,
                     'reverse_kl': 0.011638026684522629,
                     'target': None,
                     'vtrace_rho_clipped_fraction': 0.28125},
 'Entropy': {'cart': 1.4463165998458862,
             'city_tile': 0.29019004106521606,
             'overall': 2.443616032600403,
             'worker': 0.7071093916893005},
 'Env': {'carts_final': nan,
         'carts_peak': nan,
         'city_tiles_final': nan,
         'city_tiles_peak': nan,
         'max_cumulative_rewards': nan,
         'mean_cumulative_reward_magnitudes': nan,
         'mean_cumulative_rewards': nan,
         'research_points': nan,
         'separate_cities_final': nan,
         'separate_cities_peak': nan,
         'step': nan,
         'workers_final': nan,
         'workers_peak': nan},
 'Gradient': {'clipped': 1.0, 'norm_before_clip': 12.349543571472168},
 'Intent': {'accuracy': nan,
            'target_build': 0,
            'target_deliver': 0,
            'target_mine': 0,
            'target_return': 0},
 'Loss': {'baseline_loss': 0.011642452329397202,
          'behavior_kl_loss': 0.0,
          'entropy_loss': -0.2649374306201935,
          'intent_aux_loss': 0.0,
          'rule_aux_loss': 0.0,
          'teacher_baseline_loss': 0.0,
          'teacher_kl_loss': 0.0,
          'total_loss': -6.553606986999512,
          'upgo_pg_loss': 5.567554473876953,
          'vtrace_pg_loss': -11.867866516113281},
 'Misc': {'actor_policy_tta_rot180': 1.0,
          'league_opponents': {'first_place': 0.75, 'selfplay': 0.25},
          'learning_rate': 4.9204832e-05,
          'teacher_kl_cost': 0.0,
          'teacher_policy_tta_rot180': 1.0,
          'total_games_played': 32},
 'Normalized_Entropy': {'cart': 0.9920257925987244,
                        'city_tile': 0.28619876503944397,
                        'overall': 0.40742869021914047,
                        'worker': 0.4500020742416382},
 'Teacher_KL_Divergence': {'cart': 0.0,
                           'city_tile': 0.0,
                           'overall': 0.0,
                           'worker': 0.0},
 'Value': {'bias': 2.3283064365386963e-10,
           'explained_variance': 0.9954245090484619,
           'support_outside_fraction': 0.0,
           'target_std': 0.2595648467540741}}[0m
[[36m2026-08-16 10:01:49,029[0m][[34mroot[0m][[32mINFO[0m] - Steps 16640 @ 102.3 SPS / 1.6 BPS. Stats:
{'Actions': {'cart': {'MOVE': nan, 'NO-OP': nan, 'TRANSFER': nan},
             'city_tile': {'BUILD_CART': nan,
                           'BUILD_WORKER': nan,
                           'NO-OP': nan,
                           'RESEARCH': nan},
             'worker': {'BUILD_CITY': nan,
                        'MOVE': nan,
                        'NO-OP': nan,
                        'PILLAGE': nan,
                        'TRANSFER': nan}},
 'Active_Entities': {'cart': 201, 'city_tile': 1669, 'worker': 1387},
 'Behavior_Policy': {'actor_version_max': 16128,
                     'actor_version_min': 15616,
                     'beta': 0.0,
                     'buffer_lag_max': 960,
                     'ema_kl': None,
                     'forward_kl': 0.011915922164916992,
                     'learner_version': 16576,
                     'log_rho_max': 1.5578327178955078,
                     'log_rho_mean': -0.20928844809532166,
                     'log_rho_p95': 0.5712249875068665,
                     'reverse_kl': 0.010716132819652557,
                     'target': None,
                     'vtrace_rho_clipped_fraction': 0.2265625},
 'Entropy': {'cart': 1.5245287418365479,
             'city_tile': 0.15056180953979492,
             'overall': 2.57622891664505,
             'worker': 0.9011383652687073},
 'Env': {'carts_final': nan,
         'carts_peak': nan,
         'city_tiles_final': nan,
         'city_tiles_peak': nan,
         'max_cumulative_rewards': nan,
         'mean_cumulative_reward_magnitudes': nan,
         'mean_cumulative_rewards': nan,
         'research_points': nan,
         'separate_cities_final': nan,
         'separate_cities_peak': nan,
         'step': nan,
         'workers_final': nan,
         'workers_peak': nan},
 'Gradient': {'clipped': 1.0, 'norm_before_clip': 24.392467498779297},
 'Intent': {'accuracy': nan,
            'target_build': 0,
            'target_deliver': 0,
            'target_mine': 0,
            'target_return': 0},
 'Loss': {'baseline_loss': 0.04518979415297508,
          'behavior_kl_loss': 0.0,
          'entropy_loss': -0.36151936650276184,
          'intent_aux_loss': 0.0,
          'rule_aux_loss': 0.0,
          'teacher_baseline_loss': 0.0,
          'teacher_kl_loss': 0.0,
          'total_loss': 47.401432037353516,
          'upgo_pg_loss': 36.05759811401367,
          'vtrace_pg_loss': 11.660163879394531},
 'Misc': {'actor_policy_tta_rot180': 1.0,
          'league_opponents': {'first_place': 0.75, 'selfplay': 0.25},
          'learning_rate': 4.9179488e-05,
          'teacher_kl_cost': 0.0,
          'teacher_policy_tta_rot180': 1.0,
          'total_games_played': 32},
 'Normalized_Entropy': {'cart': 0.9889907240867615,
                        'city_tile': 0.14886786043643951,
                        'overall': 0.37798049886295465,
                        'worker': 0.5651296973228455},
 'Teacher_KL_Divergence': {'cart': 0.0,
                           'city_tile': 0.0,
                           'overall': 0.0,
                           'worker': 0.0},
 'Value': {'bias': -1.798616722226143e-08,
           'explained_variance': 0.9910433888435364,
           'support_outside_fraction': 0.0,
           'target_std': 0.32317519187927246}}[0m
[[36m2026-08-16 10:01:54,036[0m][[34mroot[0m][[32mINFO[0m] - Steps 16960 @ 63.9 SPS / 1.0 BPS. Stats:
{'Actions': {'cart': {'MOVE': nan, 'NO-OP': nan, 'TRANSFER': nan},
             'city_tile': {'BUILD_CART': nan,
                           'BUILD_WORKER': nan,
                           'NO-OP': nan,
                           'RESEARCH': nan},
             'worker': {'BUILD_CITY': nan,
                        'MOVE': nan,
                        'NO-OP': nan,
                        'PILLAGE': nan,
                        'TRANSFER': nan}},
 'Active_Entities': {'cart': 43, 'city_tile': 1589, 'worker': 1764},
 'Behavior_Policy': {'actor_version_max': 16640,
                     'actor_version_min': 16128,
                     'beta': 0.0,
                     'buffer_lag_max': 768,
                     'ema_kl': None,
                     'forward_kl': 0.011336083523929119,
                     'learner_version': 16896,
                     'log_rho_max': 1.4522933959960938,
                     'log_rho_mean': -0.24961867928504944,
                     'log_rho_p95': 0.6964847445487976,
                     'reverse_kl': 0.011178555898368359,
                     'target': None,
                     'vtrace_rho_clipped_fraction': 0.171875},
 'Entropy': {'cart': 1.5306222438812256,
             'city_tile': 0.29976794123649597,
             'overall': 2.6142888963222504,
             'worker': 0.7838987112045288},
 'Env': {'carts_final': nan,
         'carts_peak': nan,
         'city_tiles_final': nan,
         'city_tiles_peak': nan,
         'max_cumulative_rewards': nan,
         'mean_cumulative_reward_magnitudes': nan,
         'mean_cumulative_rewards': nan,
         'research_points': nan,
         'separate_cities_final': nan,
         'separate_cities_peak': nan,
         'step': nan,
         'workers_final': nan,
         'workers_peak': nan},
 'Gradient': {'clipped': 1.0, 'norm_before_clip': 16.62592315673828},
 'Intent': {'accuracy': nan,
            'target_build': 0,
            'target_deliver': 0,
            'target_mine': 0,
            'target_return': 0},
 'Loss': {'baseline_loss': 0.006756396032869816,
          'behavior_kl_loss': 0.0,
          'entropy_loss': -0.38498905301094055,
          'intent_aux_loss': 0.0,
          'rule_aux_loss': 0.0,
          'teacher_baseline_loss': 0.0,
          'teacher_kl_loss': 0.0,
          'total_loss': 8.423901557922363,
          'upgo_pg_loss': 7.999711990356445,
          'vtrace_pg_loss': 0.8024212718009949},
 'Misc': {'actor_policy_tta_rot180': 1.0,
          'league_opponents': {'first_place': 0.75, 'selfplay': 0.25},
          'learning_rate': 4.9163648e-05,
          'teacher_kl_cost': 0.0,
          'teacher_policy_tta_rot180': 1.0,
          'total_games_played': 32},
 'Normalized_Entropy': {'cart': 0.9857544898986816,
                        'city_tile': 0.2865079939365387,
                        'overall': 0.39707401420293625,
                        'worker': 0.48232126235961914},
 'Teacher_KL_Divergence': {'cart': 0.0,
                           'city_tile': 0.0,
                           'overall': 0.0,
                           'worker': 0.0},
 'Value': {'bias': -6.708432920277119e-09,
           'explained_variance': 0.9963786005973816,
           'support_outside_fraction': 0.0,
           'target_std': 0.22856591641902924}}[0m
[[36m2026-08-16 10:01:59,041[0m][[34mroot[0m][[32mINFO[0m] - Steps 17152 @ 38.4 SPS / 0.6 BPS. Stats:
{'Actions': {'cart': {'MOVE': nan, 'NO-OP': nan, 'TRANSFER': nan},
             'city_tile': {'BUILD_CART': nan,
                           'BUILD_WORKER': nan,
                           'NO-OP': nan,
                           'RESEARCH': nan},
             'worker': {'BUILD_CITY': nan,
                        'MOVE': nan,
                        'NO-OP': nan,
                        'PILLAGE': nan,
                        'TRANSFER': nan}},
 'Active_Entities': {'cart': 2, 'city_tile': 2032, 'worker': 2010},
 'Behavior_Policy': {'actor_version_max': 16640,
                     'actor_version_min': 16128,
                     'beta': 0.0,
                     'buffer_lag_max': 960,
                     'ema_kl': None,
                     'forward_kl': 0.014758693054318428,
                     'learner_version': 17088,
                     'log_rho_max': 1.3407583236694336,
                     'log_rho_mean': -0.37381917238235474,
                     'log_rho_p95': 0.5807102918624878,
                     'reverse_kl': 0.015986429527401924,
                     'target': None,
                     'vtrace_rho_clipped_fraction': 0.1953125},
 'Entropy': {'cart': 1.5593087673187256,
             'city_tile': 0.11172249913215637,
             'overall': 2.200320154428482,
             'worker': 0.5292888879776001},
 'Env': {'carts_final': nan,
         'carts_peak': nan,
         'city_tiles_final': nan,
         'city_tiles_peak': nan,
         'max_cumulative_rewards': nan,
         'mean_cumulative_reward_magnitudes': nan,
         'mean_cumulative_rewards': nan,
         'research_points': nan,
         'separate_cities_final': nan,
         'separate_cities_peak': nan,
         'step': nan,
         'workers_final': nan,
         'workers_peak': nan},
 'Gradient': {'clipped': 1.0, 'norm_before_clip': 14.869677543640137},
 'Intent': {'accuracy': nan,
            'target_build': 0,
            'target_deliver': 0,
            'target_mine': 0,
            'target_return': 0},
 'Loss': {'baseline_loss': 0.005922660697251558,
          'behavior_kl_loss': 0.0,
          'entropy_loss': -0.2588018476963043,
          'intent_aux_loss': 0.0,
          'rule_aux_loss': 0.0,
          'teacher_baseline_loss': 0.0,
          'teacher_kl_loss': 0.0,
          'total_loss': 1.7964686155319214,
          'upgo_pg_loss': 3.4646875858306885,
          'vtrace_pg_loss': -1.415339708328247},
 'Misc': {'actor_policy_tta_rot180': 1.0,
          'league_opponents': {'first_place': 0.75, 'selfplay': 0.25},
          'learning_rate': 4.9154144000000005e-05,
          'teacher_kl_cost': 0.0,
          'teacher_policy_tta_rot180': 1.0,
          'total_games_played': 32},
 'Normalized_Entropy': {'cart': 0.9688529968261719,
                        'city_tile': 0.10044799745082855,
                        'overall': 0.21458834476039387,
                        'worker': 0.329227477312088},
 'Teacher_KL_Divergence': {'cart': 0.0,
                           'city_tile': 0.0,
                           'overall': 0.0,
                           'worker': 0.0},
 'Value': {'bias': 1.1350493878126144e-09,
           'explained_variance': 0.9887897968292236,
           'support_outside_fraction': 0.0,
           'target_std': 0.11712180078029633}}[0m
[[36m2026-08-16 10:02:04,046[0m][[34mroot[0m][[32mINFO[0m] - Steps 17664 @ 102.3 SPS / 1.6 BPS. Stats:
{'Actions': {'cart': {'MOVE': nan, 'NO-OP': nan, 'TRANSFER': nan},
             'city_tile': {'BUILD_CART': nan,
                           'BUILD_WORKER': nan,
                           'NO-OP': nan,
                           'RESEARCH': nan},
             'worker': {'BUILD_CITY': nan,
                        'MOVE': nan,
                        'NO-OP': nan,
                        'PILLAGE': nan,
                        'TRANSFER': nan}},
 'Active_Entities': {'cart': 11, 'city_tile': 2198, 'worker': 1975},
 'Behavior_Policy': {'actor_version_max': 17152,
                     'actor_version_min': 16704,
                     'beta': 0.0,
                     'buffer_lag_max': 896,
                     'ema_kl': None,
                     'forward_kl': 0.009573489427566528,
                     'learner_version': 17600,
                     'log_rho_max': 2.1975860595703125,
                     'log_rho_mean': -0.3711991310119629,
                     'log_rho_p95': 0.6462473273277283,
                     'reverse_kl': 0.010460736230015755,
                     'target': None,
                     'vtrace_rho_clipped_fraction': 0.171875},
 'Entropy': {'cart': 1.5027484893798828,
             'city_tile': 0.06522734463214874,
             'overall': 2.0690060406923294,
             'worker': 0.5010302066802979},
 'Env': {'carts_final': nan,
         'carts_peak': nan,
         'city_tiles_final': nan,
         'city_tiles_peak': nan,
         'max_cumulative_rewards': nan,
         'mean_cumulative_reward_magnitudes': nan,
         'mean_cumulative_rewards': nan,
         'research_points': nan,
         'separate_cities_final': nan,
         'separate_cities_peak': nan,
         'step': nan,
         'workers_final': nan,
         'workers_peak': nan},
 'Gradient': {'clipped': 1.0, 'norm_before_clip': 16.488529205322266},
 'Intent': {'accuracy': nan,
            'target_build': 0,
            'target_deliver': 0,
            'target_mine': 0,
            'target_return': 0},
 'Loss': {'baseline_loss': 0.007817046716809273,
          'behavior_kl_loss': 0.0,
          'entropy_loss': -0.22988690435886383,
          'intent_aux_loss': 0.0,
          'rule_aux_loss': 0.0,
          'teacher_baseline_loss': 0.0,
          'teacher_kl_loss': 0.0,
          'total_loss': -0.9048055410385132,
          'upgo_pg_loss': 2.6225028038024902,
          'vtrace_pg_loss': -3.3052384853363037},
 'Misc': {'actor_policy_tta_rot180': 1.0,
          'league_opponents': {'first_place': 0.75, 'selfplay': 0.25},
          'learning_rate': 4.91288e-05,
          'teacher_kl_cost': 0.0,
          'teacher_policy_tta_rot180': 1.0,
          'total_games_played': 32},
 'Normalized_Entropy': {'cart': 0.9352966547012329,
                        'city_tile': 0.05937248840928078,
                        'overall': 0.18226540195319382,
                        'worker': 0.3148402273654938},
 'Teacher_KL_Divergence': {'cart': 0.0,
                           'city_tile': 0.0,
                           'overall': 0.0,
                           'worker': 0.0},
 'Value': {'bias': 1.4551915228366852e-09,
           'explained_variance': 0.9903690218925476,
           'support_outside_fraction': 0.0,
           'target_std': 0.15282975137233734}}[0m
[[36m2026-08-16 10:02:09,051[0m][[34mroot[0m][[32mINFO[0m] - Steps 17984 @ 63.9 SPS / 1.0 BPS. Stats:
{'Actions': {'cart': {'MOVE': nan, 'NO-OP': nan, 'TRANSFER': nan},
             'city_tile': {'BUILD_CART': nan,
                           'BUILD_WORKER': nan,
                           'NO-OP': nan,
                           'RESEARCH': nan},
             'worker': {'BUILD_CITY': nan,
                        'MOVE': nan,
                        'NO-OP': nan,
                        'PILLAGE': nan,
                        'TRANSFER': nan}},
 'Active_Entities': {'cart': 116, 'city_tile': 2110, 'worker': 1744},
 'Behavior_Policy': {'actor_version_max': 17728,
                     'actor_version_min': 17216,
                     'beta': 0.0,
                     'buffer_lag_max': 704,
                     'ema_kl': None,
                     'forward_kl': 0.008911744691431522,
                     'learner_version': 17920,
                     'log_rho_max': 1.3795156478881836,
                     'log_rho_mean': -0.2946658432483673,
                     'log_rho_p95': 0.7469013333320618,
                     'reverse_kl': 0.009065940976142883,
                     'target': None,
                     'vtrace_rho_clipped_fraction': 0.2109375},
 'Entropy': {'cart': 1.584381341934204,
             'city_tile': 0.2931503653526306,
             'overall': 2.7357506155967712,
             'worker': 0.8582189083099365},
 'Env': {'carts_final': nan,
         'carts_peak': nan,
         'city_tiles_final': nan,
         'city_tiles_peak': nan,
         'max_cumulative_rewards': nan,
         'mean_cumulative_reward_magnitudes': nan,
         'mean_cumulative_rewards': nan,
         'research_points': nan,
         'separate_cities_final': nan,
         'separate_cities_peak': nan,
         'step': nan,
         'workers_final': nan,
         'workers_peak': nan},
 'Gradient': {'clipped': 1.0, 'norm_before_clip': 15.858954429626465},
 'Intent': {'accuracy': nan,
            'target_build': 0,
            'target_deliver': 0,
            'target_mine': 0,
            'target_return': 0},
 'Loss': {'baseline_loss': 0.011873839423060417,
          'behavior_kl_loss': 0.0,
          'entropy_loss': -0.4598138630390167,
          'intent_aux_loss': 0.0,
          'rule_aux_loss': 0.0,
          'teacher_baseline_loss': 0.0,
          'teacher_kl_loss': 0.0,
          'total_loss': 21.559803009033203,
          'upgo_pg_loss': 17.09136390686035,
          'vtrace_pg_loss': 4.916380405426025},
 'Misc': {'actor_policy_tta_rot180': 1.0,
          'league_opponents': {'first_place': 0.75, 'selfplay': 0.25},
          'learning_rate': 4.911296e-05,
          'teacher_kl_cost': 0.0,
          'teacher_policy_tta_rot180': 1.0,
          'total_games_played': 32},
 'Normalized_Entropy': {'cart': 0.9955562949180603,
                        'city_tile': 0.2739819884300232,
                        'overall': 0.40621446467166583,
                        'worker': 0.5269982218742371},
 'Teacher_KL_Divergence': {'cart': 0.0,
                           'city_tile': 0.0,
                           'overall': 0.0,
                           'worker': 0.0},
 'Value': {'bias': -1.57160684466362e-09,
           'explained_variance': 0.9967625737190247,
           'support_outside_fraction': 0.0,
           'target_std': 0.31292542815208435}}[0m
[[36m2026-08-16 10:02:14,057[0m][[34mroot[0m][[32mINFO[0m] - Steps 18176 @ 38.4 SPS / 0.6 BPS. Stats:
{'Actions': {'cart': {'MOVE': nan, 'NO-OP': nan, 'TRANSFER': nan},
             'city_tile': {'BUILD_CART': nan,
                           'BUILD_WORKER': nan,
                           'NO-OP': nan,
                           'RESEARCH': nan},
             'worker': {'BUILD_CITY': nan,
                        'MOVE': nan,
                        'NO-OP': nan,
                        'PILLAGE': nan,
                        'TRANSFER': nan}},
 'Active_Entities': {'cart': 50, 'city_tile': 2582, 'worker': 2026},
 'Behavior_Policy': {'actor_version_max': 17728,
                     'actor_version_min': 17216,
                     'beta': 0.0,
                     'buffer_lag_max': 896,
                     'ema_kl': None,
                     'forward_kl': 0.0096864840015769,
                     'learner_version': 18112,
                     'log_rho_max': 1.925394058227539,
                     'log_rho_mean': -0.3821343183517456,
                     'log_rho_p95': 0.7849514484405518,
                     'reverse_kl': 0.009780499152839184,
                     'target': None,
                     'vtrace_rho_clipped_fraction': 0.234375},
 'Entropy': {'cart': 1.550784945487976,
             'city_tile': 0.09073573350906372,
             'overall': 2.2940341234207153,
             'worker': 0.6525134444236755},
 'Env': {'carts_final': nan,
         'carts_peak': nan,
         'city_tiles_final': nan,
         'city_tiles_peak': nan,
         'max_cumulative_rewards': nan,
         'mean_cumulative_reward_magnitudes': nan,
         'mean_cumulative_rewards': nan,
         'research_points': nan,
         'separate_cities_final': nan,
         'separate_cities_peak': nan,
         'step': nan,
         'workers_final': nan,
         'workers_peak': nan},
 'Gradient': {'clipped': 1.0, 'norm_before_clip': 13.023690223693848},
 'Intent': {'accuracy': nan,
            'target_build': 0,
            'target_deliver': 0,
            'target_mine': 0,
            'target_return': 0},
 'Loss': {'baseline_loss': 0.01792791299521923,
          'behavior_kl_loss': 0.0,
          'entropy_loss': -0.32676222920417786,
          'intent_aux_loss': 0.0,
          'rule_aux_loss': 0.0,
          'teacher_baseline_loss': 0.0,
          'teacher_kl_loss': 0.0,
          'total_loss': -4.5975341796875,
          'upgo_pg_loss': 3.753384828567505,
          'vtrace_pg_loss': -8.042084693908691},
 'Misc': {'actor_policy_tta_rot180': 1.0,
          'league_opponents': {'first_place': 0.75, 'selfplay': 0.25},
          'learning_rate': 4.9103456e-05,
          'teacher_kl_cost': 0.0,
          'teacher_policy_tta_rot180': 1.0,
          'total_games_played': 32},
 'Normalized_Entropy': {'cart': 0.973365306854248,
                        'city_tile': 0.0825912281870842,
                        'overall': 0.23303678931533242,
                        'worker': 0.4064987897872925},
 'Teacher_KL_Divergence': {'cart': 0.0,
                           'city_tile': 0.0,
                           'overall': 0.0,
                           'worker': 0.0},
 'Value': {'bias': 8.672941476106644e-09,
           'explained_variance': 0.9866009950637817,
           'support_outside_fraction': 0.0,
           'target_std': 0.19951947033405304}}[0m
[[36m2026-08-16 10:02:19,063[0m][[34mroot[0m][[32mINFO[0m] - Steps 18496 @ 63.9 SPS / 1.0 BPS. Stats:
{'Actions': {'cart': {'MOVE': nan, 'NO-OP': nan, 'TRANSFER': nan},
             'city_tile': {'BUILD_CART': nan,
                           'BUILD_WORKER': nan,
                           'NO-OP': nan,
                           'RESEARCH': nan},
             'worker': {'BUILD_CITY': nan,
                        'MOVE': nan,
                        'NO-OP': nan,
                        'PILLAGE': nan,
                        'TRANSFER': nan}},
 'Active_Entities': {'cart': 197, 'city_tile': 2166, 'worker': 1843},
 'Behavior_Policy': {'actor_version_max': 18432,
                     'actor_version_min': 17792,
                     'beta': 0.0,
                     'buffer_lag_max': 640,
                     'ema_kl': None,
                     'forward_kl': 0.007962841540575027,
                     'learner_version': 18432,
                     'log_rho_max': 3.3726272583007812,
                     'log_rho_mean': -0.25900477170944214,
                     'log_rho_p95': 0.6396783590316772,
                     'reverse_kl': 0.008034775964915752,
                     'target': None,
                     'vtrace_rho_clipped_fraction': 0.21875},
 'Entropy': {'cart': 1.5635755062103271,
             'city_tile': 0.400638610124588,
             'overall': 2.7635872662067413,
             'worker': 0.7993731498718262},
 'Env': {'carts_final': nan,
         'carts_peak': nan,
         'city_tiles_final': nan,
         'city_tiles_peak': nan,
         'max_cumulative_rewards': nan,
         'mean_cumulative_reward_magnitudes': nan,
         'mean_cumulative_rewards': nan,
         'research_points': nan,
         'separate_cities_final': nan,
         'separate_cities_peak': nan,
         'step': nan,
         'workers_final': nan,
         'workers_peak': nan},
 'Gradient': {'clipped': 1.0, 'norm_before_clip': 25.014724731445312},
 'Intent': {'accuracy': nan,
            'target_build': 0,
            'target_deliver': 0,
            'target_mine': 0,
            'target_return': 0},
 'Loss': {'baseline_loss': 0.01595781184732914,
          'behavior_kl_loss': 0.0,
          'entropy_loss': -0.5298104286193848,
          'intent_aux_loss': 0.0,
          'rule_aux_loss': 0.0,
          'teacher_baseline_loss': 0.0,
          'teacher_kl_loss': 0.0,
          'total_loss': 37.136478424072266,
          'upgo_pg_loss': 33.96073532104492,
          'vtrace_pg_loss': 3.6895971298217773},
 'Misc': {'actor_policy_tta_rot180': 1.0,
          'league_opponents': {'first_place': 0.75, 'selfplay': 0.25},
          'learning_rate': 4.9087616000000005e-05,
          'teacher_kl_cost': 0.0,
          'teacher_policy_tta_rot180': 1.0,
          'total_games_played': 32},
 'Normalized_Entropy': {'cart': 0.9882122874259949,
                        'city_tile': 0.3730470538139343,
                        'overall': 0.4565406751969968,
                        'worker': 0.49783632159233093},
 'Teacher_KL_Divergence': {'cart': 0.0,
                           'city_tile': 0.0,
                           'overall': 0.0,
                           'worker': 0.0},
 'Value': {'bias': -2.7794158086180687e-09,
           'explained_variance': 0.9972512125968933,
           'support_outside_fraction': 0.0,
           'target_std': 0.33336809277534485}}[0m
[[36m2026-08-16 10:02:24,069[0m][[34mroot[0m][[32mINFO[0m] - Steps 18688 @ 38.4 SPS / 0.6 BPS. Stats:
{'Actions': {'cart': {'MOVE': nan, 'NO-OP': nan, 'TRANSFER': nan},
             'city_tile': {'BUILD_CART': nan,
                           'BUILD_WORKER': nan,
                           'NO-OP': nan,
                           'RESEARCH': nan},
             'worker': {'BUILD_CITY': nan,
                        'MOVE': nan,
                        'NO-OP': nan,
                        'PILLAGE': nan,
                        'TRANSFER': nan}},
 'Active_Entities': {'cart': 64, 'city_tile': 2601, 'worker': 2095},
 'Behavior_Policy': {'actor_version_max': 18432,
                     'actor_version_min': 17792,
                     'beta': 0.0,
                     'buffer_lag_max': 832,
                     'ema_kl': None,
                     'forward_kl': 0.007508647628128529,
                     'learner_version': 18624,
                     'log_rho_max': 2.76239013671875,
                     'log_rho_mean': -0.2236558496952057,
                     'log_rho_p95': 0.6619674563407898,
                     'reverse_kl': 0.007553461939096451,
                     'target': None,
                     'vtrace_rho_clipped_fraction': 0.25},
 'Entropy': {'cart': 1.5401203632354736,
             'city_tile': 0.17920170724391937,
             'overall': 2.3005428165197372,
             'worker': 0.5812207460403442},
 'Env': {'carts_final': nan,
         'carts_peak': nan,
         'city_tiles_final': nan,
         'city_tiles_peak': nan,
         'max_cumulative_rewards': nan,
         'mean_cumulative_reward_magnitudes': nan,
         'mean_cumulative_rewards': nan,
         'research_points': nan,
         'separate_cities_final': nan,
         'separate_cities_peak': nan,
         'step': nan,
         'workers_final': nan,
         'workers_peak': nan},
 'Gradient': {'clipped': 1.0, 'norm_before_clip': 16.715917587280273},
 'Intent': {'accuracy': nan,
            'target_build': 0,
            'target_deliver': 0,
            'target_mine': 0,
            'target_return': 0},
 'Loss': {'baseline_loss': 0.007111043203622103,
          'behavior_kl_loss': 0.0,
          'entropy_loss': -0.35646575689315796,
          'intent_aux_loss': 0.0,
          'rule_aux_loss': 0.0,
          'teacher_baseline_loss': 0.0,
          'teacher_kl_loss': 0.0,
          'total_loss': 12.822356224060059,
          'upgo_pg_loss': 11.421772956848145,
          'vtrace_pg_loss': 1.749937653541565},
 'Misc': {'actor_policy_tta_rot180': 1.0,
          'league_opponents': {'first_place': 0.75, 'selfplay': 0.25},
          'learning_rate': 4.9078112000000007e-05,
          'teacher_kl_cost': 0.0,
          'teacher_policy_tta_rot180': 1.0,
          'total_games_played': 32},
 'Normalized_Entropy': {'cart': 0.9692080616950989,
                        'city_tile': 0.1631164252758026,
                        'overall': 0.2633794365998577,
                        'worker': 0.3662964105606079},
 'Teacher_KL_Divergence': {'cart': 0.0,
                           'city_tile': 0.0,
                           'overall': 0.0,
                           'worker': 0.0},
 'Value': {'bias': -4.780304152518511e-09,
           'explained_variance': 0.9973039627075195,
           'support_outside_fraction': 0.0,
           'target_std': 0.24007560312747955}}[0m
[[36m2026-08-16 10:02:29,080[0m][[34mroot[0m][[32mINFO[0m] - Steps 18944 @ 51.1 SPS / 0.8 BPS. Stats:
{'Actions': {'cart': {'MOVE': nan, 'NO-OP': nan, 'TRANSFER': nan},
             'city_tile': {'BUILD_CART': nan,
                           'BUILD_WORKER': nan,
                           'NO-OP': nan,
                           'RESEARCH': nan},
             'worker': {'BUILD_CITY': nan,
                        'MOVE': nan,
                        'NO-OP': nan,
                        'PILLAGE': nan,
                        'TRANSFER': nan}},
 'Active_Entities': {'cart': 472, 'city_tile': 1737, 'worker': 1185},
 'Behavior_Policy': {'actor_version_max': 18688,
                     'actor_version_min': 18176,
                     'beta': 0.0,
                     'buffer_lag_max': 704,
                     'ema_kl': None,
                     'forward_kl': 0.005085253156721592,
                     'learner_version': 18880,
                     'log_rho_max': 0.8150291442871094,
                     'log_rho_mean': -0.1348280906677246,
                     'log_rho_p95': 0.44363218545913696,
                     'reverse_kl': 0.005032945424318314,
                     'target': None,
                     'vtrace_rho_clipped_fraction': 0.2421875},
 'Entropy': {'cart': 1.5063542127609253,
             'city_tile': 0.09762377291917801,
             'overall': 2.8153691962361336,
             'worker': 1.2113912105560303},
 'Env': {'carts_final': nan,
         'carts_peak': nan,
         'city_tiles_final': nan,
         'city_tiles_peak': nan,
         'max_cumulative_rewards': nan,
         'mean_cumulative_reward_magnitudes': nan,
         'mean_cumulative_rewards': nan,
         'research_points': nan,
         'separate_cities_final': nan,
         'separate_cities_peak': nan,
         'step': nan,
         'workers_final': nan,
         'workers_peak': nan},
 'Gradient': {'clipped': 1.0, 'norm_before_clip': 15.188623428344727},
 'Intent': {'accuracy': nan,
            'target_build': 0,
            'target_deliver': 0,
            'target_mine': 0,
            'target_return': 0},
 'Loss': {'baseline_loss': 0.03274525701999664,
          'behavior_kl_loss': 0.0,
          'entropy_loss': -0.46321403980255127,
          'intent_aux_loss': 0.0,
          'rule_aux_loss': 0.0,
          'teacher_baseline_loss': 0.0,
          'teacher_kl_loss': 0.0,
          'total_loss': 14.980330467224121,
          'upgo_pg_loss': 15.604458808898926,
          'vtrace_pg_loss': -0.19365975260734558},
 'Misc': {'actor_policy_tta_rot180': 1.0,
          'league_opponents': {'first_place': 0.75, 'selfplay': 0.25},
          'learning_rate': 4.906544e-05,
          'teacher_kl_cost': 0.0,
          'teacher_policy_tta_rot180': 1.0,
          'total_games_played': 32},
 'Normalized_Entropy': {'cart': 0.982290506362915,
                        'city_tile': 0.10002221167087555,
                        'overall': 0.44996561898104076,
                        'worker': 0.7508891224861145},
 'Teacher_KL_Divergence': {'cart': 0.0,
                           'city_tile': 0.0,
                           'overall': 0.0,
                           'worker': 0.0},
 'Value': {'bias': -1.57160684466362e-09,
           'explained_variance': 0.9975131154060364,
           'support_outside_fraction': 0.0,
           'target_std': 0.49384763836860657}}[0m
[[36m2026-08-16 10:02:34,085[0m][[34mroot[0m][[32mINFO[0m] - Steps 19200 @ 51.2 SPS / 0.8 BPS. Stats:
{'Actions': {'cart': {'MOVE': nan, 'NO-OP': nan, 'TRANSFER': nan},
             'city_tile': {'BUILD_CART': nan,
                           'BUILD_WORKER': nan,
                           'NO-OP': nan,
                           'RESEARCH': nan},
             'worker': {'BUILD_CITY': nan,
                        'MOVE': nan,
                        'NO-OP': nan,
                        'PILLAGE': nan,
                        'TRANSFER': nan}},
 'Active_Entities': {'cart': 81, 'city_tile': 2558, 'worker': 2016},
 'Behavior_Policy': {'actor_version_max': 18944,
                     'actor_version_min': 18432,
                     'beta': 0.0,
                     'buffer_lag_max': 704,
                     'ema_kl': None,
                     'forward_kl': 0.007560759782791138,
                     'learner_version': 19136,
                     'log_rho_max': 1.6848087310791016,
                     'log_rho_mean': -0.25942516326904297,
                     'log_rho_p95': 0.9779084920883179,
                     'reverse_kl': 0.007733992766588926,
                     'target': None,
                     'vtrace_rho_clipped_fraction': 0.234375},
 'Entropy': {'cart': 1.507399082183838,
             'city_tile': 0.15052469074726105,
             'overall': 2.401228979229927,
             'worker': 0.7433052062988281},
 'Env': {'carts_final': nan,
         'carts_peak': nan,
         'city_tiles_final': nan,
         'city_tiles_peak': nan,
         'max_cumulative_rewards': nan,
         'mean_cumulative_reward_magnitudes': nan,
         'mean_cumulative_rewards': nan,
         'research_points': nan,
         'separate_cities_final': nan,
         'separate_cities_peak': nan,
         'step': nan,
         'workers_final': nan,
         'workers_peak': nan},
 'Gradient': {'clipped': 1.0, 'norm_before_clip': 15.15853214263916},
 'Intent': {'accuracy': nan,
            'target_build': 0,
            'target_deliver': 0,
            'target_mine': 0,
            'target_return': 0},
 'Loss': {'baseline_loss': 0.011786414310336113,
          'behavior_kl_loss': 0.0,
          'entropy_loss': -0.40112894773483276,
          'intent_aux_loss': 0.0,
          'rule_aux_loss': 0.0,
          'teacher_baseline_loss': 0.0,
          'teacher_kl_loss': 0.0,
          'total_loss': -0.8289563655853271,
          'upgo_pg_loss': 4.423995494842529,
          'vtrace_pg_loss': -4.863609313964844},
 'Misc': {'actor_policy_tta_rot180': 1.0,
          'league_opponents': {'first_place': 0.75, 'selfplay': 0.25},
          'learning_rate': 4.9052768000000005e-05,
          'teacher_kl_cost': 0.0,
          'teacher_policy_tta_rot180': 1.0,
          'total_games_played': 32},
 'Normalized_Entropy': {'cart': 0.975506603717804,
                        'city_tile': 0.13701346516609192,
                        'overall': 0.293501506840248,
                        'worker': 0.4646592438220978},
 'Teacher_KL_Divergence': {'cart': 0.0,
                           'city_tile': 0.0,
                           'overall': 0.0,
                           'worker': 0.0},
 'Value': {'bias': 4.2782630771398544e-09,
           'explained_variance': 0.9965887665748596,
           'support_outside_fraction': 0.0,
           'target_std': 0.28682589530944824}}[0m
[[36m2026-08-16 10:02:39,096[0m][[34mroot[0m][[32mINFO[0m] - Steps 19328 @ 25.6 SPS / 0.4 BPS. Stats:
{'Actions': {'cart': {'MOVE': nan, 'NO-OP': nan, 'TRANSFER': nan},
             'city_tile': {'BUILD_CART': nan,
                           'BUILD_WORKER': nan,
                           'NO-OP': nan,
                           'RESEARCH': nan},
             'worker': {'BUILD_CITY': nan,
                        'MOVE': nan,
                        'NO-OP': nan,
                        'PILLAGE': nan,
                        'TRANSFER': nan}},
 'Active_Entities': {'cart': 270, 'city_tile': 1014, 'worker': 965},
 'Behavior_Policy': {'actor_version_max': 19200,
                     'actor_version_min': 18688,
                     'beta': 0.0,
                     'buffer_lag_max': 576,
                     'ema_kl': None,
                     'forward_kl': 0.004324177745729685,
                     'learner_version': 19264,
                     'log_rho_max': 2.27166748046875,
                     'log_rho_mean': 0.017091484740376472,
                     'log_rho_p95': 0.5708215236663818,
                     'reverse_kl': 0.004269229248166084,
                     'target': None,
                     'vtrace_rho_clipped_fraction': 0.2421875},
 'Entropy': {'cart': 1.5656051635742188,
             'city_tile': 0.6115700006484985,
             'overall': 3.107190430164337,
             'worker': 0.9300152659416199},
 'Env': {'carts_final': nan,
         'carts_peak': nan,
         'city_tiles_final': nan,
         'city_tiles_peak': nan,
         'max_cumulative_rewards': nan,
         'mean_cumulative_reward_magnitudes': nan,
         'mean_cumulative_rewards': nan,
         'research_points': nan,
         'separate_cities_final': nan,
         'separate_cities_peak': nan,
         'step': nan,
         'workers_final': nan,
         'workers_peak': nan},
 'Gradient': {'clipped': 1.0, 'norm_before_clip': 26.872756958007812},
 'Intent': {'accuracy': nan,
            'target_build': 0,
            'target_deliver': 0,
            'target_mine': 0,
            'target_return': 0},
 'Loss': {'baseline_loss': 0.05125416815280914,
          'behavior_kl_loss': 0.0,
          'entropy_loss': -0.3880620002746582,
          'intent_aux_loss': 0.0,
          'rule_aux_loss': 0.0,
          'teacher_baseline_loss': 0.0,
          'teacher_kl_loss': 0.0,
          'total_loss': 15.700820922851562,
          'upgo_pg_loss': 24.034976959228516,
          'vtrace_pg_loss': -7.997349739074707},
 'Misc': {'actor_policy_tta_rot180': 1.0,
          'league_opponents': {'first_place': 1.0, 'selfplay': 0.0},
          'learning_rate': 4.9046432000000006e-05,
          'teacher_kl_cost': 0.0,
          'teacher_policy_tta_rot180': 1.0,
          'total_games_played': 32},
 'Normalized_Entropy': {'cart': 0.9858773946762085,
                        'city_tile': 0.5601832866668701,
                        'overall': 0.6190866154795385,
                        'worker': 0.5783554911613464},
 'Teacher_KL_Divergence': {'cart': 0.0,
                           'city_tile': 0.0,
                           'overall': 0.0,
                           'worker': 0.0},
 'Value': {'bias': 4.081812221556902e-09,
           'explained_variance': 0.993636965751648,
           'support_outside_fraction': 0.0,
           'target_std': 0.5017147064208984}}[0m
[[36m2026-08-16 10:02:44,102[0m][[34mroot[0m][[32mINFO[0m] - Steps 19648 @ 63.9 SPS / 1.0 BPS. Stats:
{'Actions': {'cart': {'MOVE': nan, 'NO-OP': nan, 'TRANSFER': nan},
             'city_tile': {'BUILD_CART': 0.0,
                           'BUILD_WORKER': 0.017904918707552994,
                           'NO-OP': 0.9639843589215888,
                           'RESEARCH': 0.0181107223708582},
             'worker': {'BUILD_CITY': 0.03960652342738804,
                        'MOVE': 0.5757183536111831,
                        'NO-OP': 0.37224954698420915,
                        'PILLAGE': 0.0,
                        'TRANSFER': 0.012425575977219777}},
 'Active_Entities': {'cart': 236, 'city_tile': 1976, 'worker': 1461},
 'Behavior_Policy': {'actor_version_max': 19456,
                     'actor_version_min': 18944,
                     'beta': 0.0,
                     'buffer_lag_max': 640,
                     'ema_kl': None,
                     'forward_kl': 0.011212121695280075,
                     'learner_version': 19584,
                     'log_rho_max': 2.176982879638672,
                     'log_rho_mean': -0.2890867292881012,
                     'log_rho_p95': 0.6510643362998962,
                     'reverse_kl': 0.010887537151575089,
                     'target': None,
                     'vtrace_rho_clipped_fraction': 0.1328125},
 'Entropy': {'cart': 1.5264846086502075,
             'city_tile': 0.3466491103172302,
             'overall': 2.7016918659210205,
             'worker': 0.8285581469535828},
 'Env': {'carts_final': 0.0,
         'carts_peak': 0.0,
         'city_tiles_final': 4.5,
         'city_tiles_peak': 26.5,
         'max_cumulative_rewards': 1.0,
         'mean_cumulative_reward_magnitudes': 1.0,
         'mean_cumulative_rewards': 0.0,
         'research_points': 44.0,
         'separate_cities_final': 1.0,
         'separate_cities_peak': 11.5,
         'step': 236.0,
         'workers_final': 9.5,
         'workers_peak': 22.0},
 'Gradient': {'clipped': 1.0, 'norm_before_clip': 29.253768920898438},
 'Intent': {'accuracy': nan,
            'target_build': 0,
            'target_deliver': 0,
            'target_mine': 0,
            'target_return': 0},
 'Loss': {'baseline_loss': 0.9084268808364868,
          'behavior_kl_loss': 0.0,
          'entropy_loss': -0.45115047693252563,
          'intent_aux_loss': 0.0,
          'rule_aux_loss': 0.0,
          'teacher_baseline_loss': 0.0,
          'teacher_kl_loss': 0.0,
          'total_loss': -2.36855411529541,
          'upgo_pg_loss': 5.769536972045898,
          'vtrace_pg_loss': -8.595367431640625},
 'Misc': {'actor_policy_tta_rot180': 1.0,
          'league_opponents': {'first_place': 1.0, 'selfplay': 0.0},
          'learning_rate': 4.9030592e-05,
          'teacher_kl_cost': 0.0,
          'teacher_policy_tta_rot180': 1.0,
          'total_games_played': 33},
 'Normalized_Entropy': {'cart': 0.9790180921554565,
                        'city_tile': 0.3158891201019287,
                        'overall': 0.4366885302763299,
                        'worker': 0.5124652981758118},
 'Teacher_KL_Divergence': {'cart': 0.0,
                           'city_tile': 0.0,
                           'overall': 0.0,
                           'worker': 0.0},
 'Value': {'bias': -2.992237568832934e-09,
           'explained_variance': 0.7855719327926636,
           'support_outside_fraction': 0.0,
           'target_std': 0.3638556897640228}}[0m
[[36m2026-08-16 10:02:49,107[0m][[34mroot[0m][[32mINFO[0m] - Saving checkpoint to 0019776[0m
[[36m2026-08-16 10:02:49,505[0m][[34mroot[0m][[32mINFO[0m] - Verified learner-to-actor model synchronization: max_abs_diff=0[0m
[[36m2026-08-16 10:02:49,554[0m][[34mroot[0m][[32mINFO[0m] - Checkpoint learner delta from run start: max_abs_diff=0.0297622979[0m
[[36m2026-08-16 10:02:49,755[0m][[34mroot[0m][[32mINFO[0m] - Steps 19840 @ 34.0 SPS / 0.5 BPS. Stats:
{'Actions': {'cart': {'MOVE': nan, 'NO-OP': nan, 'TRANSFER': nan},
             'city_tile': {'BUILD_CART': nan,
                           'BUILD_WORKER': nan,
                           'NO-OP': nan,
                           'RESEARCH': nan},
             'worker': {'BUILD_CITY': nan,
                        'MOVE': nan,
                        'NO-OP': nan,
                        'PILLAGE': nan,
                        'TRANSFER': nan}},
 'Active_Entities': {'cart': 324, 'city_tile': 949, 'worker': 988},
 'Behavior_Policy': {'actor_version_max': 19712,
                     'actor_version_min': 19200,
                     'beta': 0.0,
                     'buffer_lag_max': 576,
                     'ema_kl': None,
                     'forward_kl': 0.004224706441164017,
                     'learner_version': 19776,
                     'log_rho_max': 0.90985107421875,
                     'log_rho_mean': -0.11330576986074448,
                     'log_rho_p95': 0.20587235689163208,
                     'reverse_kl': 0.00420393468812108,
                     'target': None,
                     'vtrace_rho_clipped_fraction': 0.21875},
 'Entropy': {'cart': 1.5552455186843872,
             'city_tile': 0.46895092725753784,
             'overall': 3.164060056209564,
             'worker': 1.1398636102676392},
 'Env': {'carts_final': nan,
         'carts_peak': nan,
         'city_tiles_final': nan,
         'city_tiles_peak': nan,
         'max_cumulative_rewards': nan,
         'mean_cumulative_reward_magnitudes': nan,
         'mean_cumulative_rewards': nan,
         'research_points': nan,
         'separate_cities_final': nan,
         'separate_cities_peak': nan,
         'step': nan,
         'workers_final': nan,
         'workers_peak': nan},
 'Gradient': {'clipped': 0.0, 'norm_before_clip': 7.5957770347595215},
 'Intent': {'accuracy': nan,
            'target_build': 0,
            'target_deliver': 0,
            'target_mine': 0,
            'target_return': 0},
 'Loss': {'baseline_loss': 0.008300738409161568,
          'behavior_kl_loss': 0.0,
          'entropy_loss': -0.4150238037109375,
          'intent_aux_loss': 0.0,
          'rule_aux_loss': 0.0,
          'teacher_baseline_loss': 0.0,
          'teacher_kl_loss': 0.0,
          'total_loss': 5.808953285217285,
          'upgo_pg_loss': 10.611944198608398,
          'vtrace_pg_loss': -4.396267890930176},
 'Misc': {'actor_policy_tta_rot180': 1.0,
          'league_opponents': {'first_place': 1.0, 'selfplay': 0.0},
          'learning_rate': 4.9021088000000005e-05,
          'teacher_kl_cost': 0.0,
          'teacher_policy_tta_rot180': 1.0,
          'total_games_played': 33},
 'Normalized_Entropy': {'cart': 0.9902487993240356,
                        'city_tile': 0.4308153986930847,
                        'overall': 0.6285345845125461,
                        'worker': 0.6998302340507507},
 'Teacher_KL_Divergence': {'cart': 0.0,
                           'city_tile': 0.0,
                           'overall': 0.0,
                           'worker': 0.0},
 'Value': {'bias': -8.731149137020111e-11,
           'explained_variance': 0.9992028474807739,
           'support_outside_fraction': 0.0,
           'target_std': 0.5704532861709595}}[0m
[[36m2026-08-16 10:02:54,768[0m][[34mroot[0m][[32mINFO[0m] - Steps 19968 @ 25.6 SPS / 0.4 BPS. Stats:
{'Actions': {'cart': {'MOVE': nan, 'NO-OP': nan, 'TRANSFER': nan},
             'city_tile': {'BUILD_CART': nan,
                           'BUILD_WORKER': nan,
                           'NO-OP': nan,
                           'RESEARCH': nan},
             'worker': {'BUILD_CITY': nan,
                        'MOVE': nan,
                        'NO-OP': nan,
                        'PILLAGE': nan,
                        'TRANSFER': nan}},
 'Active_Entities': {'cart': 235, 'city_tile': 1069, 'worker': 915},
 'Behavior_Policy': {'actor_version_max': 19712,
                     'actor_version_min': 19200,
                     'beta': 0.0,
                     'buffer_lag_max': 704,
                     'ema_kl': None,
                     'forward_kl': 0.0054595875553786755,
                     'learner_version': 19904,
                     'log_rho_max': 1.704254150390625,
                     'log_rho_mean': -0.09046612679958344,
                     'log_rho_p95': 0.674207329750061,
                     'reverse_kl': 0.005351334344595671,
                     'target': None,
                     'vtrace_rho_clipped_fraction': 0.2890625},
 'Entropy': {'cart': 1.5593446493148804,
             'city_tile': 0.28409039974212646,
             'overall': 3.124350428581238,
             'worker': 1.280915379524231},
 'Env': {'carts_final': nan,
         'carts_peak': nan,
         'city_tiles_final': nan,
         'city_tiles_peak': nan,
         'max_cumulative_rewards': nan,
         'mean_cumulative_reward_magnitudes': nan,
         'mean_cumulative_rewards': nan,
         'research_points': nan,
         'separate_cities_final': nan,
         'separate_cities_peak': nan,
         'step': nan,
         'workers_final': nan,
         'workers_peak': nan},
 'Gradient': {'clipped': 1.0, 'norm_before_clip': 13.544897079467773},
 'Intent': {'accuracy': nan,
            'target_build': 0,
            'target_deliver': 0,
            'target_mine': 0,
            'target_return': 0},
 'Loss': {'baseline_loss': 0.03563757240772247,
          'behavior_kl_loss': 0.0,
          'entropy_loss': -0.36843523383140564,
          'intent_aux_loss': 0.0,
          'rule_aux_loss': 0.0,
          'teacher_baseline_loss': 0.0,
          'teacher_kl_loss': 0.0,
          'total_loss': -1.716614842414856,
          'upgo_pg_loss': 5.204875946044922,
          'vtrace_pg_loss': -6.588693141937256},
 'Misc': {'actor_policy_tta_rot180': 1.0,
          'league_opponents': {'first_place': 0.75, 'selfplay': 0.25},
          'learning_rate': 4.9014752000000006e-05,
          'teacher_kl_cost': 0.0,
          'teacher_policy_tta_rot180': 1.0,
          'total_games_played': 33},
 'Normalized_Entropy': {'cart': 0.9918642044067383,
                        'city_tile': 0.26686421036720276,
                        'overall': 0.56115083182218,
                        'worker': 0.7943472862243652},
 'Teacher_KL_Divergence': {'cart': 0.0,
                           'city_tile': 0.0,
                           'overall': 0.0,
                           'worker': 0.0},
 'Value': {'bias': -9.19681042432785e-09,
           'explained_variance': 0.9967190027236938,
           'support_outside_fraction': 0.0,
           'target_std': 0.574271023273468}}[0m
[[36m2026-08-16 10:02:59,774[0m][[34mroot[0m][[32mINFO[0m] - Steps 20288 @ 63.9 SPS / 1.0 BPS. Stats:
{'Actions': {'cart': {'MOVE': nan, 'NO-OP': nan, 'TRANSFER': nan},
             'city_tile': {'BUILD_CART': nan,
                           'BUILD_WORKER': nan,
                           'NO-OP': nan,
                           'RESEARCH': nan},
             'worker': {'BUILD_CITY': nan,
                        'MOVE': nan,
                        'NO-OP': nan,
                        'PILLAGE': nan,
                        'TRANSFER': nan}},
 'Active_Entities': {'cart': 272, 'city_tile': 1703, 'worker': 1414},
 'Behavior_Policy': {'actor_version_max': 20224,
                     'actor_version_min': 19712,
                     'beta': 0.0,
                     'buffer_lag_max': 512,
                     'ema_kl': None,
                     'forward_kl': 0.00969730969518423,
                     'learner_version': 20224,
                     'log_rho_max': 1.1927871704101562,
                     'log_rho_mean': -0.16007089614868164,
                     'log_rho_p95': 0.5823938250541687,
                     'reverse_kl': 0.010008743964135647,
                     'target': None,
                     'vtrace_rho_clipped_fraction': 0.234375},
 'Entropy': {'cart': 1.5448278188705444,
             'city_tile': 0.3161064386367798,
             'overall': 2.783560335636139,
             'worker': 0.9226260781288147},
 'Env': {'carts_final': nan,
         'carts_peak': nan,
         'city_tiles_final': nan,
         'city_tiles_peak': nan,
         'max_cumulative_rewards': nan,
         'mean_cumulative_reward_magnitudes': nan,
         'mean_cumulative_rewards': nan,
         'research_points': nan,
         'separate_cities_final': nan,
         'separate_cities_peak': nan,
         'step': nan,
         'workers_final': nan,
         'workers_peak': nan},
 'Gradient': {'clipped': 0.0, 'norm_before_clip': 8.394569396972656},
 'Intent': {'accuracy': nan,
            'target_build': 0,
            'target_deliver': 0,
            'target_mine': 0,
            'target_return': 0},
 'Loss': {'baseline_loss': 0.010871438309550285,
          'behavior_kl_loss': 0.0,
          'entropy_loss': -0.4526231288909912,
          'intent_aux_loss': 0.0,
          'rule_aux_loss': 0.0,
          'teacher_baseline_loss': 0.0,
          'teacher_kl_loss': 0.0,
          'total_loss': 8.8983793258667,
          'upgo_pg_loss': 10.081911087036133,
          'vtrace_pg_loss': -0.7417804002761841},
 'Misc': {'actor_policy_tta_rot180': 1.0,
          'league_opponents': {'first_place': 0.75, 'selfplay': 0.25},
          'learning_rate': 4.8998912e-05,
          'teacher_kl_cost': 0.0,
          'teacher_policy_tta_rot180': 1.0,
          'total_games_played': 33},
 'Normalized_Entropy': {'cart': 0.9915766716003418,
                        'city_tile': 0.29357337951660156,
                        'overall': 0.47182067030121283,
                        'worker': 0.5865176320075989},
 'Teacher_KL_Divergence': {'cart': 0.0,
                           'city_tile': 0.0,
                           'overall': 0.0,
                           'worker': 0.0},
 'Value': {'bias': 1.949956640601158e-08,
           'explained_variance': 0.9986790418624878,
           'support_outside_fraction': 0.0,
           'target_std': 0.44699791073799133}}[0m
[[36m2026-08-16 10:03:04,789[0m][[34mroot[0m][[32mINFO[0m] - Steps 20480 @ 38.4 SPS / 0.6 BPS. Stats:
{'Actions': {'cart': {'MOVE': nan, 'NO-OP': nan, 'TRANSFER': nan},
             'city_tile': {'BUILD_CART': nan,
                           'BUILD_WORKER': nan,
                           'NO-OP': nan,
                           'RESEARCH': nan},
             'worker': {'BUILD_CITY': nan,
                        'MOVE': nan,
                        'NO-OP': nan,
                        'PILLAGE': nan,
                        'TRANSFER': nan}},
 'Active_Entities': {'cart': 290, 'city_tile': 1501, 'worker': 1038},
 'Behavior_Policy': {'actor_version_max': 20224,
                     'actor_version_min': 19712,
                     'beta': 0.0,
                     'buffer_lag_max': 704,
                     'ema_kl': None,
                     'forward_kl': 0.004507601726800203,
                     'learner_version': 20416,
                     'log_rho_max': 1.3703193664550781,
                     'log_rho_mean': -0.06914426386356354,
                     'log_rho_p95': 0.29500287771224976,
                     'reverse_kl': 0.004435389768332243,
                     'target': None,
                     'vtrace_rho_clipped_fraction': 0.234375},
 'Entropy': {'cart': 1.5514311790466309,
             'city_tile': 0.17380470037460327,
             'overall': 3.0950323939323425,
             'worker': 1.3697965145111084},
 'Env': {'carts_final': nan,
         'carts_peak': nan,
         'city_tiles_final': nan,
         'city_tiles_peak': nan,
         'max_cumulative_rewards': nan,
         'mean_cumulative_reward_magnitudes': nan,
         'mean_cumulative_rewards': nan,
         'research_points': nan,
         'separate_cities_final': nan,
         'separate_cities_peak': nan,
         'step': nan,
         'workers_final': nan,
         'workers_peak': nan},
 'Gradient': {'clipped': 1.0, 'norm_before_clip': 25.96055793762207},
 'Intent': {'accuracy': nan,
            'target_build': 0,
            'target_deliver': 0,
            'target_mine': 0,
            'target_return': 0},
 'Loss': {'baseline_loss': 0.013714928179979324,
          'behavior_kl_loss': 0.0,
          'entropy_loss': -0.4265289306640625,
          'intent_aux_loss': 0.0,
          'rule_aux_loss': 0.0,
          'teacher_baseline_loss': 0.0,
          'teacher_kl_loss': 0.0,
          'total_loss': 41.610774993896484,
          'upgo_pg_loss': 31.03264808654785,
          'vtrace_pg_loss': 10.99094295501709},
 'Misc': {'actor_policy_tta_rot180': 1.0,
          'league_opponents': {'first_place': 0.75, 'selfplay': 0.25},
          'learning_rate': 4.8989408000000004e-05,
          'teacher_kl_cost': 0.0,
          'teacher_policy_tta_rot180': 1.0,
          'total_games_played': 33},
 'Normalized_Entropy': {'cart': 0.9926931262016296,
                        'city_tile': 0.16083559393882751,
                        'overall': 0.49644026804956376,
                        'worker': 0.8430966138839722},
 'Teacher_KL_Divergence': {'cart': 0.0,
                           'city_tile': 0.0,
                           'overall': 0.0,
                           'worker': 0.0},
 'Value': {'bias': 1.641456037759781e-08,
           'explained_variance': 0.9989014267921448,
           'support_outside_fraction': 0.0,
           'target_std': 0.5945054292678833}}[0m
[[36m2026-08-16 10:03:09,801[0m][[34mroot[0m][[32mINFO[0m] - Steps 20480 @ 0.0 SPS / 0.0 BPS. Stats:
{'Actions': {'cart': {'MOVE': nan, 'NO-OP': nan, 'TRANSFER': nan},
             'city_tile': {'BUILD_CART': nan,
                           'BUILD_WORKER': nan,
                           'NO-OP': nan,
                           'RESEARCH': nan},
             'worker': {'BUILD_CITY': nan,
                        'MOVE': nan,
                        'NO-OP': nan,
                        'PILLAGE': nan,
                        'TRANSFER': nan}},
 'Active_Entities': {'cart': 290, 'city_tile': 1501, 'worker': 1038},
 'Behavior_Policy': {'actor_version_max': 20224,
                     'actor_version_min': 19712,
                     'beta': 0.0,
                     'buffer_lag_max': 704,
                     'ema_kl': None,
                     'forward_kl': 0.004507601726800203,
                     'learner_version': 20416,
                     'log_rho_max': 1.3703193664550781,
                     'log_rho_mean': -0.06914426386356354,
                     'log_rho_p95': 0.29500287771224976,
                     'reverse_kl': 0.004435389768332243,
                     'target': None,
                     'vtrace_rho_clipped_fraction': 0.234375},
 'Entropy': {'cart': 1.5514311790466309,
             'city_tile': 0.17380470037460327,
             'overall': 3.0950323939323425,
             'worker': 1.3697965145111084},
 'Env': {'carts_final': nan,
         'carts_peak': nan,
         'city_tiles_final': nan,
         'city_tiles_peak': nan,
         'max_cumulative_rewards': nan,
         'mean_cumulative_reward_magnitudes': nan,
         'mean_cumulative_rewards': nan,
         'research_points': nan,
         'separate_cities_final': nan,
         'separate_cities_peak': nan,
         'step': nan,
         'workers_final': nan,
         'workers_peak': nan},
 'Gradient': {'clipped': 1.0, 'norm_before_clip': 25.96055793762207},
 'Intent': {'accuracy': nan,
            'target_build': 0,
            'target_deliver': 0,
            'target_mine': 0,
            'target_return': 0},
 'Loss': {'baseline_loss': 0.013714928179979324,
          'behavior_kl_loss': 0.0,
          'entropy_loss': -0.4265289306640625,
          'intent_aux_loss': 0.0,
          'rule_aux_loss': 0.0,
          'teacher_baseline_loss': 0.0,
          'teacher_kl_loss': 0.0,
          'total_loss': 41.610774993896484,
          'upgo_pg_loss': 31.03264808654785,
          'vtrace_pg_loss': 10.99094295501709},
 'Misc': {'actor_policy_tta_rot180': 1.0,
          'league_opponents': {'first_place': 0.75, 'selfplay': 0.25},
          'learning_rate': 4.8989408000000004e-05,
          'teacher_kl_cost': 0.0,
          'teacher_policy_tta_rot180': 1.0,
          'total_games_played': 33},
 'Normalized_Entropy': {'cart': 0.9926931262016296,
                        'city_tile': 0.16083559393882751,
                        'overall': 0.49644026804956376,
                        'worker': 0.8430966138839722},
 'Teacher_KL_Divergence': {'cart': 0.0,
                           'city_tile': 0.0,
                           'overall': 0.0,
                           'worker': 0.0},
 'Value': {'bias': 1.641456037759781e-08,
           'explained_variance': 0.9989014267921448,
           'support_outside_fraction': 0.0,
           'target_std': 0.5945054292678833}}[0m
[[36m2026-08-16 10:03:14,807[0m][[34mroot[0m][[32mINFO[0m] - Steps 20992 @ 102.3 SPS / 1.6 BPS. Stats:
{'Actions': {'cart': {'MOVE': nan, 'NO-OP': nan, 'TRANSFER': nan},
             'city_tile': {'BUILD_CART': nan,
                           'BUILD_WORKER': nan,
                           'NO-OP': nan,
                           'RESEARCH': nan},
             'worker': {'BUILD_CITY': nan,
                        'MOVE': nan,
                        'NO-OP': nan,
                        'PILLAGE': nan,
                        'TRANSFER': nan}},
 'Active_Entities': {'cart': 249, 'city_tile': 3003, 'worker': 2231},
 'Behavior_Policy': {'actor_version_max': 20480,
                     'actor_version_min': 19968,
                     'beta': 0.0,
                     'buffer_lag_max': 960,
                     'ema_kl': None,
                     'forward_kl': 0.005795300006866455,
                     'learner_version': 20928,
                     'log_rho_max': 2.1742210388183594,
                     'log_rho_mean': -0.22324582934379578,
                     'log_rho_p95': 0.7823773622512817,
                     'reverse_kl': 0.006053189281374216,
                     'target': None,
                     'vtrace_rho_clipped_fraction': 0.2265625},
 'Entropy': {'cart': 1.4752599000930786,
             'city_tile': 0.3108772933483124,
             'overall': 2.8852098882198334,
             'worker': 1.0990726947784424},
 'Env': {'carts_final': nan,
         'carts_peak': nan,
         'city_tiles_final': nan,
         'city_tiles_peak': nan,
         'max_cumulative_rewards': nan,
         'mean_cumulative_reward_magnitudes': nan,
         'mean_cumulative_rewards': nan,
         'research_points': nan,
         'separate_cities_final': nan,
         'separate_cities_peak': nan,
         'step': nan,
         'workers_final': nan,
         'workers_peak': nan},
 'Gradient': {'clipped': 1.0, 'norm_before_clip': 41.94000244140625},
 'Intent': {'accuracy': nan,
            'target_build': 0,
            'target_deliver': 0,
            'target_mine': 0,
            'target_return': 0},
 'Loss': {'baseline_loss': 0.06940530240535736,
          'behavior_kl_loss': 0.0,
          'entropy_loss': -0.7505871057510376,
          'intent_aux_loss': 0.0,
          'rule_aux_loss': 0.0,
          'teacher_baseline_loss': 0.0,
          'teacher_kl_loss': 0.0,
          'total_loss': 30.059280395507812,
          'upgo_pg_loss': 36.61572265625,
          'vtrace_pg_loss': -5.8752593994140625},
 'Misc': {'actor_policy_tta_rot180': 1.0,
          'league_opponents': {'first_place': 0.75, 'selfplay': 0.25},
          'learning_rate': 4.8964064e-05,
          'teacher_kl_cost': 0.0,
          'teacher_policy_tta_rot180': 1.0,
          'total_games_played': 35},
 'Normalized_Entropy': {'cart': 0.9587813019752502,
                        'city_tile': 0.28297269344329834,
                        'overall': 0.4717349559313273,
                        'worker': 0.6714563965797424},
 'Teacher_KL_Divergence': {'cart': 0.0,
                           'city_tile': 0.0,
                           'overall': 0.0,
                           'worker': 0.0},
 'Value': {'bias': -1.30385160446167e-08,
           'explained_variance': 0.993117094039917,
           'support_outside_fraction': 0.0,
           'target_std': 0.4175450801849365}}[0m
[[36m2026-08-16 10:03:19,812[0m][[34mroot[0m][[32mINFO[0m] - Steps 20992 @ 0.0 SPS / 0.0 BPS. Stats:
{'Actions': {'cart': {'MOVE': nan, 'NO-OP': nan, 'TRANSFER': nan},
             'city_tile': {'BUILD_CART': nan,
                           'BUILD_WORKER': nan,
                           'NO-OP': nan,
                           'RESEARCH': nan},
             'worker': {'BUILD_CITY': nan,
                        'MOVE': nan,
                        'NO-OP': nan,
                        'PILLAGE': nan,
                        'TRANSFER': nan}},
 'Active_Entities': {'cart': 249, 'city_tile': 3003, 'worker': 2231},
 'Behavior_Policy': {'actor_version_max': 20480,
                     'actor_version_min': 19968,
                     'beta': 0.0,
                     'buffer_lag_max': 960,
                     'ema_kl': None,
                     'forward_kl': 0.005795300006866455,
                     'learner_version': 20928,
                     'log_rho_max': 2.1742210388183594,
                     'log_rho_mean': -0.22324582934379578,
                     'log_rho_p95': 0.7823773622512817,
                     'reverse_kl': 0.006053189281374216,
                     'target': None,
                     'vtrace_rho_clipped_fraction': 0.2265625},
 'Entropy': {'cart': 1.4752599000930786,
             'city_tile': 0.3108772933483124,
             'overall': 2.8852098882198334,
             'worker': 1.0990726947784424},
 'Env': {'carts_final': nan,
         'carts_peak': nan,
         'city_tiles_final': nan,
         'city_tiles_peak': nan,
         'max_cumulative_rewards': nan,
         'mean_cumulative_reward_magnitudes': nan,
         'mean_cumulative_rewards': nan,
         'research_points': nan,
         'separate_cities_final': nan,
         'separate_cities_peak': nan,
         'step': nan,
         'workers_final': nan,
         'workers_peak': nan},
 'Gradient': {'clipped': 1.0, 'norm_before_clip': 41.94000244140625},
 'Intent': {'accuracy': nan,
            'target_build': 0,
            'target_deliver': 0,
            'target_mine': 0,
            'target_return': 0},
 'Loss': {'baseline_loss': 0.06940530240535736,
          'behavior_kl_loss': 0.0,
          'entropy_loss': -0.7505871057510376,
          'intent_aux_loss': 0.0,
          'rule_aux_loss': 0.0,
          'teacher_baseline_loss': 0.0,
          'teacher_kl_loss': 0.0,
          'total_loss': 30.059280395507812,
          'upgo_pg_loss': 36.61572265625,
          'vtrace_pg_loss': -5.8752593994140625},
 'Misc': {'actor_policy_tta_rot180': 1.0,
          'league_opponents': {'first_place': 0.75, 'selfplay': 0.25},
          'learning_rate': 4.8964064e-05,
          'teacher_kl_cost': 0.0,
          'teacher_policy_tta_rot180': 1.0,
          'total_games_played': 35},
 'Normalized_Entropy': {'cart': 0.9587813019752502,
                        'city_tile': 0.28297269344329834,
                        'overall': 0.4717349559313273,
                        'worker': 0.6714563965797424},
 'Teacher_KL_Divergence': {'cart': 0.0,
                           'city_tile': 0.0,
                           'overall': 0.0,
                           'worker': 0.0},
 'Value': {'bias': -1.30385160446167e-08,
           'explained_variance': 0.993117094039917,
           'support_outside_fraction': 0.0,
           'target_std': 0.4175450801849365}}[0m
[[36m2026-08-16 10:03:24,822[0m][[34mroot[0m][[32mINFO[0m] - Steps 21312 @ 63.9 SPS / 1.0 BPS. Stats:
{'Actions': {'cart': {'MOVE': nan, 'NO-OP': nan, 'TRANSFER': nan},
             'city_tile': {'BUILD_CART': nan,
                           'BUILD_WORKER': nan,
                           'NO-OP': nan,
                           'RESEARCH': nan},
             'worker': {'BUILD_CITY': nan,
                        'MOVE': nan,
                        'NO-OP': nan,
                        'PILLAGE': nan,
                        'TRANSFER': nan}},
 'Active_Entities': {'cart': 842, 'city_tile': 2918, 'worker': 2368},
 'Behavior_Policy': {'actor_version_max': 20992,
                     'actor_version_min': 20480,
                     'beta': 0.0,
                     'buffer_lag_max': 768,
                     'ema_kl': None,
                     'forward_kl': 0.006821675691753626,
                     'learner_version': 21248,
                     'log_rho_max': 1.7417449951171875,
                     'log_rho_mean': -0.1478428691625595,
                     'log_rho_p95': 0.7631044983863831,
                     'reverse_kl': 0.005962098482996225,
                     'target': None,
                     'vtrace_rho_clipped_fraction': 0.2734375},
 'Entropy': {'cart': 1.5568816661834717,
             'city_tile': 0.5008836388587952,
             'overall': 3.1969104409217834,
             'worker': 1.1391451358795166},
 'Env': {'carts_final': nan,
         'carts_peak': nan,
         'city_tiles_final': nan,
         'city_tiles_peak': nan,
         'max_cumulative_rewards': nan,
         'mean_cumulative_reward_magnitudes': nan,
         'mean_cumulative_rewards': nan,
         'research_points': nan,
         'separate_cities_final': nan,
         'separate_cities_peak': nan,
         'step': nan,
         'workers_final': nan,
         'workers_peak': nan},
 'Gradient': {'clipped': 1.0, 'norm_before_clip': 19.017513275146484},
 'Intent': {'accuracy': nan,
            'target_build': 0,
            'target_deliver': 0,
            'target_mine': 0,
            'target_return': 0},
 'Loss': {'baseline_loss': 0.014010528102517128,
          'behavior_kl_loss': 0.0,
          'entropy_loss': -1.0939936637878418,
          'intent_aux_loss': 0.0,
          'rule_aux_loss': 0.0,
          'teacher_baseline_loss': 0.0,
          'teacher_kl_loss': 0.0,
          'total_loss': 40.76725387573242,
          'upgo_pg_loss': 35.78399658203125,
          'vtrace_pg_loss': 6.063241004943848},
 'Misc': {'actor_policy_tta_rot180': 1.0,
          'league_opponents': {'first_place': 0.75, 'selfplay': 0.25},
          'learning_rate': 4.8948224000000006e-05,
          'teacher_kl_cost': 0.0,
          'teacher_policy_tta_rot180': 1.0,
          'total_games_played': 35},
 'Normalized_Entropy': {'cart': 0.991012454032898,
                        'city_tile': 0.45835360884666443,
                        'overall': 0.6264625298000347,
                        'worker': 0.7039924263954163},
 'Teacher_KL_Divergence': {'cart': 0.0,
                           'city_tile': 0.0,
                           'overall': 0.0,
                           'worker': 0.0},
 'Value': {'bias': 4.878529580309987e-09,
           'explained_variance': 0.9984196424484253,
           'support_outside_fraction': 0.0,
           'target_std': 0.4965711236000061}}[0m
[[36m2026-08-16 10:03:29,834[0m][[34mroot[0m][[32mINFO[0m] - Steps 21504 @ 38.3 SPS / 0.6 BPS. Stats:
{'Actions': {'cart': {'MOVE': nan, 'NO-OP': nan, 'TRANSFER': nan},
             'city_tile': {'BUILD_CART': nan,
                           'BUILD_WORKER': nan,
                           'NO-OP': nan,
                           'RESEARCH': nan},
             'worker': {'BUILD_CITY': nan,
                        'MOVE': nan,
                        'NO-OP': nan,
                        'PILLAGE': nan,
                        'TRANSFER': nan}},
 'Active_Entities': {'cart': 422, 'city_tile': 2589, 'worker': 2149},
 'Behavior_Policy': {'actor_version_max': 20992,
                     'actor_version_min': 20480,
                     'beta': 0.0,
                     'buffer_lag_max': 960,
                     'ema_kl': None,
                     'forward_kl': 0.005425991024821997,
                     'learner_version': 21440,
                     'log_rho_max': 1.6646575927734375,
                     'log_rho_mean': -0.24388006329536438,
                     'log_rho_p95': 0.6442692279815674,
                     'reverse_kl': 0.0057921214029192924,
                     'target': None,
                     'vtrace_rho_clipped_fraction': 0.2109375},
 'Entropy': {'cart': 1.5232787132263184,
             'city_tile': 0.5658115148544312,
             'overall': 3.1074788570404053,
             'worker': 1.0183886289596558},
 'Env': {'carts_final': nan,
         'carts_peak': nan,
         'city_tiles_final': nan,
         'city_tiles_peak': nan,
         'max_cumulative_rewards': nan,
         'mean_cumulative_reward_magnitudes': nan,
         'mean_cumulative_rewards': nan,
         'research_points': nan,
         'separate_cities_final': nan,
         'separate_cities_peak': nan,
         'step': nan,
         'workers_final': nan,
         'workers_peak': nan},
 'Gradient': {'clipped': 1.0, 'norm_before_clip': 48.553001403808594},
 'Intent': {'accuracy': nan,
            'target_build': 0,
            'target_deliver': 0,
            'target_mine': 0,
            'target_return': 0},
 'Loss': {'baseline_loss': 0.15446633100509644,
          'behavior_kl_loss': 0.0,
          'entropy_loss': -0.8592453002929688,
          'intent_aux_loss': 0.0,
          'rule_aux_loss': 0.0,
          'teacher_baseline_loss': 0.0,
          'teacher_kl_loss': 0.0,
          'total_loss': 140.2958984375,
          'upgo_pg_loss': 93.6670913696289,
          'vtrace_pg_loss': 47.333580017089844},
 'Misc': {'actor_policy_tta_rot180': 1.0,
          'league_opponents': {'first_place': 0.75, 'selfplay': 0.25},
          'learning_rate': 4.893872000000001e-05,
          'teacher_kl_cost': 0.0,
          'teacher_policy_tta_rot180': 1.0,
          'total_games_played': 35},
 'Normalized_Entropy': {'cart': 0.9660840034484863,
                        'city_tile': 0.5150237679481506,
                        'overall': 0.600531641896381,
                        'worker': 0.6317632794380188},
 'Teacher_KL_Divergence': {'cart': 0.0,
                           'city_tile': 0.0,
                           'overall': 0.0,
                           'worker': 0.0},
 'Value': {'bias': -8.003553375601768e-09,
           'explained_variance': 0.9878562092781067,
           'support_outside_fraction': 0.0,
           'target_std': 0.45330578088760376}}[0m
[[36m2026-08-16 10:03:34,839[0m][[34mroot[0m][[32mINFO[0m] - Steps 21568 @ 12.8 SPS / 0.2 BPS. Stats:
{'Actions': {'cart': {'MOVE': nan, 'NO-OP': nan, 'TRANSFER': nan},
             'city_tile': {'BUILD_CART': nan,
                           'BUILD_WORKER': nan,
                           'NO-OP': nan,
                           'RESEARCH': nan},
             'worker': {'BUILD_CITY': nan,
                        'MOVE': nan,
                        'NO-OP': nan,
                        'PILLAGE': nan,
                        'TRANSFER': nan}},
 'Active_Entities': {'cart': 356, 'city_tile': 2217, 'worker': 1558},
 'Behavior_Policy': {'actor_version_max': 21504,
                     'actor_version_min': 20992,
                     'beta': 0.0,
                     'buffer_lag_max': 512,
                     'ema_kl': None,
                     'forward_kl': 0.007567941676825285,
                     'learner_version': 21504,
                     'log_rho_max': 1.6358642578125,
                     'log_rho_mean': -0.03360707685351372,
                     'log_rho_p95': 0.7886314988136292,
                     'reverse_kl': 0.007599932141602039,
                     'target': None,
                     'vtrace_rho_clipped_fraction': 0.2890625},
 'Entropy': {'cart': 1.5288188457489014,
             'city_tile': 0.34244465827941895,
             'overall': 2.590321362018585,
             'worker': 0.7190578579902649},
 'Env': {'carts_final': nan,
         'carts_peak': nan,
         'city_tiles_final': nan,
         'city_tiles_peak': nan,
         'max_cumulative_rewards': nan,
         'mean_cumulative_reward_magnitudes': nan,
         'mean_cumulative_rewards': nan,
         'research_points': nan,
         'separate_cities_final': nan,
         'separate_cities_peak': nan,
         'step': nan,
         'workers_final': nan,
         'workers_peak': nan},
 'Gradient': {'clipped': 1.0, 'norm_before_clip': 27.81039810180664},
 'Intent': {'accuracy': nan,
            'target_build': 0,
            'target_deliver': 0,
            'target_mine': 0,
            'target_return': 0},
 'Loss': {'baseline_loss': 0.3310278356075287,
          'behavior_kl_loss': 0.0,
          'entropy_loss': -0.48475027084350586,
          'intent_aux_loss': 0.0,
          'rule_aux_loss': 0.0,
          'teacher_baseline_loss': 0.0,
          'teacher_kl_loss': 0.0,
          'total_loss': 22.709287643432617,
          'upgo_pg_loss': 17.051910400390625,
          'vtrace_pg_loss': 5.811100959777832},
 'Misc': {'actor_policy_tta_rot180': 1.0,
          'league_opponents': {'first_place': 0.75, 'selfplay': 0.25},
          'learning_rate': 4.8935552e-05,
          'teacher_kl_cost': 0.0,
          'teacher_policy_tta_rot180': 1.0,
          'total_games_played': 35},
 'Normalized_Entropy': {'cart': 0.9900728464126587,
                        'city_tile': 0.3118973672389984,
                        'overall': 0.42745265451218656,
                        'worker': 0.46332767605781555},
 'Teacher_KL_Divergence': {'cart': 0.0,
                           'city_tile': 0.0,
                           'overall': 0.0,
                           'worker': 0.0},
 'Value': {'bias': 2.4883775040507317e-09,
           'explained_variance': 0.8890078067779541,
           'support_outside_fraction': 0.0,
           'target_std': 0.304823637008667}}[0m
[[36m2026-08-16 10:03:39,850[0m][[34mroot[0m][[32mINFO[0m] - Steps 21760 @ 38.3 SPS / 0.6 BPS. Stats:
{'Actions': {'cart': {'MOVE': nan, 'NO-OP': nan, 'TRANSFER': nan},
             'city_tile': {'BUILD_CART': nan,
                           'BUILD_WORKER': nan,
                           'NO-OP': nan,
                           'RESEARCH': nan},
             'worker': {'BUILD_CITY': nan,
                        'MOVE': nan,
                        'NO-OP': nan,
                        'PILLAGE': nan,
                        'TRANSFER': nan}},
 'Active_Entities': {'cart': 289, 'city_tile': 1260, 'worker': 1210},
 'Behavior_Policy': {'actor_version_max': 21504,
                     'actor_version_min': 20992,
                     'beta': 0.0,
                     'buffer_lag_max': 704,
                     'ema_kl': None,
                     'forward_kl': 0.0073056831024587154,
                     'learner_version': 21696,
                     'log_rho_max': 1.1614842414855957,
                     'log_rho_mean': -0.11831504106521606,
                     'log_rho_p95': 0.46540534496307373,
                     'reverse_kl': 0.0073289647698402405,
                     'target': None,
                     'vtrace_rho_clipped_fraction': 0.234375},
 'Entropy': {'cart': 1.5622563362121582,
             'city_tile': 0.676023542881012,
             'overall': 3.367734968662262,
             'worker': 1.1294550895690918},
 'Env': {'carts_final': nan,
         'carts_peak': nan,
         'city_tiles_final': nan,
         'city_tiles_peak': nan,
         'max_cumulative_rewards': nan,
         'mean_cumulative_reward_magnitudes': nan,
         'mean_cumulative_rewards': nan,
         'research_points': nan,
         'separate_cities_final': nan,
         'separate_cities_peak': nan,
         'step': nan,
         'workers_final': nan,
         'workers_peak': nan},
 'Gradient': {'clipped': 1.0, 'norm_before_clip': 127.7140121459961},
 'Intent': {'accuracy': nan,
            'target_build': 0,
            'target_deliver': 0,
            'target_mine': 0,
            'target_return': 0},
 'Loss': {'baseline_loss': 1.2943873405456543,
          'behavior_kl_loss': 0.0,
          'entropy_loss': -0.5339844822883606,
          'intent_aux_loss': 0.0,
          'rule_aux_loss': 0.0,
          'teacher_baseline_loss': 0.0,
          'teacher_kl_loss': 0.0,
          'total_loss': 569.80615234375,
          'upgo_pg_loss': 407.1094665527344,
          'vtrace_pg_loss': 161.93634033203125},
 'Misc': {'actor_policy_tta_rot180': 1.0,
          'league_opponents': {'first_place': 0.75, 'selfplay': 0.25},
          'learning_rate': 4.8926048000000004e-05,
          'teacher_kl_cost': 0.0,
          'teacher_policy_tta_rot180': 1.0,
          'total_games_played': 35},
 'Normalized_Entropy': {'cart': 0.9956464171409607,
                        'city_tile': 0.6176536679267883,
                        'overall': 0.6954409622247343,
                        'worker': 0.7047406435012817},
 'Teacher_KL_Divergence': {'cart': 0.0,
                           'city_tile': 0.0,
                           'overall': 0.0,
                           'worker': 0.0},
 'Value': {'bias': 7.566995918750763e-09,
           'explained_variance': 0.8596656918525696,
           'support_outside_fraction': 0.0,
           'target_std': 0.5339898467063904}}[0m
[[36m2026-08-16 10:03:44,861[0m][[34mroot[0m][[32mINFO[0m] - Steps 22272 @ 89.5 SPS / 1.4 BPS. Stats:
{'Actions': {'cart': {'MOVE': 0.7912087912087912,
                      'NO-OP': 0.20366300366300366,
                      'TRANSFER': 0.005128205128205128},
             'city_tile': {'BUILD_CART': 0.016569032850907422,
                           'BUILD_WORKER': 0.04315988973121985,
                           'NO-OP': 0.9081380657018149,
                           'RESEARCH': 0.03213301171605789},
             'worker': {'BUILD_CITY': 0.015496622905762989,
                        'MOVE': 0.5803046694541095,
                        'NO-OP': 0.3781468378117599,
                        'PILLAGE': 0.003713341715154528,
                        'TRANSFER': 0.022338528113213064}},
 'Active_Entities': {'cart': 19, 'city_tile': 83, 'worker': 322},
 'Behavior_Policy': {'actor_version_max': 22016,
                     'actor_version_min': 21504,
                     'beta': 0.0,
                     'buffer_lag_max': 704,
                     'ema_kl': None,
                     'forward_kl': 0.018289685249328613,
                     'learner_version': 22208,
                     'log_rho_max': 1.3584961891174316,
                     'log_rho_mean': -0.08440428972244263,
                     'log_rho_p95': 0.2864404618740082,
                     'reverse_kl': 0.01897130161523819,
                     'target': None,
                     'vtrace_rho_clipped_fraction': 0.2578125},
 'Entropy': {'cart': 1.5458773374557495,
             'city_tile': 0.37511157989501953,
             'overall': 2.516690731048584,
             'worker': 0.5957018136978149},
 'Env': {'carts_final': 1.8333333730697632,
         'carts_peak': 5.5,
         'city_tiles_final': 25.33333396911621,
         'city_tiles_peak': 50.0,
         'max_cumulative_rewards': 1.0,
         'mean_cumulative_reward_magnitudes': 1.0,
         'mean_cumulative_rewards': 0.0,
         'research_points': 186.5,
         'separate_cities_final': 2.3333334922790527,
         'separate_cities_peak': 9.5,
         'step': 361.0,
         'workers_final': 19.33333396911621,
         'workers_peak': 34.16666793823242},
 'Gradient': {'clipped': 1.0, 'norm_before_clip': 66.06895446777344},
 'Intent': {'accuracy': nan,
            'target_build': 0,
            'target_deliver': 0,
            'target_mine': 0,
            'target_return': 0},
 'Loss': {'baseline_loss': 0.5721458792686462,
          'behavior_kl_loss': 0.0,
          'entropy_loss': -0.05046437680721283,
          'intent_aux_loss': 0.0,
          'rule_aux_loss': 0.0,
          'teacher_baseline_loss': 0.0,
          'teacher_kl_loss': 0.0,
          'total_loss': 111.67738342285156,
          'upgo_pg_loss': 54.84818649291992,
          'vtrace_pg_loss': 56.30751037597656},
 'Misc': {'actor_policy_tta_rot180': 1.0,
          'league_opponents': {'first_place': 0.96875, 'selfplay': 0.03125},
          'learning_rate': 4.8900704e-05,
          'teacher_kl_cost': 0.0,
          'teacher_policy_tta_rot180': 1.0,
          'total_games_played': 49},
 'Normalized_Entropy': {'cart': 0.9968478679656982,
                        'city_tile': 0.3634435832500458,
                        'overall': 0.40394371867461026,
                        'worker': 0.3793981671333313},
 'Teacher_KL_Divergence': {'cart': 0.0,
                           'city_tile': 0.0,
                           'overall': 0.0,
                           'worker': 0.0},
 'Value': {'bias': -7.628841558471322e-09,
           'explained_variance': 0.8714079856872559,
           'support_outside_fraction': 0.0,
           'target_std': 0.305273175239563}}[0m
[[36m2026-08-16 10:03:49,871[0m][[34mroot[0m][[32mINFO[0m] - Steps 22272 @ 0.0 SPS / 0.0 BPS. Stats:
{'Actions': {'cart': {'MOVE': 0.7912087912087912,
                      'NO-OP': 0.20366300366300366,
                      'TRANSFER': 0.005128205128205128},
             'city_tile': {'BUILD_CART': 0.016569032850907422,
                           'BUILD_WORKER': 0.04315988973121985,
                           'NO-OP': 0.9081380657018149,
                           'RESEARCH': 0.03213301171605789},
             'worker': {'BUILD_CITY': 0.015496622905762989,
                        'MOVE': 0.5803046694541095,
                        'NO-OP': 0.3781468378117599,
                        'PILLAGE': 0.003713341715154528,
                        'TRANSFER': 0.022338528113213064}},
 'Active_Entities': {'cart': 19, 'city_tile': 83, 'worker': 322},
 'Behavior_Policy': {'actor_version_max': 22016,
                     'actor_version_min': 21504,
                     'beta': 0.0,
                     'buffer_lag_max': 704,
                     'ema_kl': None,
                     'forward_kl': 0.018289685249328613,
                     'learner_version': 22208,
                     'log_rho_max': 1.3584961891174316,
                     'log_rho_mean': -0.08440428972244263,
                     'log_rho_p95': 0.2864404618740082,
                     'reverse_kl': 0.01897130161523819,
                     'target': None,
                     'vtrace_rho_clipped_fraction': 0.2578125},
 'Entropy': {'cart': 1.5458773374557495,
             'city_tile': 0.37511157989501953,
             'overall': 2.516690731048584,
             'worker': 0.5957018136978149},
 'Env': {'carts_final': 1.8333333730697632,
         'carts_peak': 5.5,
         'city_tiles_final': 25.33333396911621,
         'city_tiles_peak': 50.0,
         'max_cumulative_rewards': 1.0,
         'mean_cumulative_reward_magnitudes': 1.0,
         'mean_cumulative_rewards': 0.0,
         'research_points': 186.5,
         'separate_cities_final': 2.3333334922790527,
         'separate_cities_peak': 9.5,
         'step': 361.0,
         'workers_final': 19.33333396911621,
         'workers_peak': 34.16666793823242},
 'Gradient': {'clipped': 1.0, 'norm_before_clip': 66.06895446777344},
 'Intent': {'accuracy': nan,
            'target_build': 0,
            'target_deliver': 0,
            'target_mine': 0,
            'target_return': 0},
 'Loss': {'baseline_loss': 0.5721458792686462,
          'behavior_kl_loss': 0.0,
          'entropy_loss': -0.05046437680721283,
          'intent_aux_loss': 0.0,
          'rule_aux_loss': 0.0,
          'teacher_baseline_loss': 0.0,
          'teacher_kl_loss': 0.0,
          'total_loss': 111.67738342285156,
          'upgo_pg_loss': 54.84818649291992,
          'vtrace_pg_loss': 56.30751037597656},
 'Misc': {'actor_policy_tta_rot180': 1.0,
          'league_opponents': {'first_place': 0.96875, 'selfplay': 0.03125},
          'learning_rate': 4.8900704e-05,
          'teacher_kl_cost': 0.0,
          'teacher_policy_tta_rot180': 1.0,
          'total_games_played': 49},
 'Normalized_Entropy': {'cart': 0.9968478679656982,
                        'city_tile': 0.3634435832500458,
                        'overall': 0.40394371867461026,
                        'worker': 0.3793981671333313},
 'Teacher_KL_Divergence': {'cart': 0.0,
                           'city_tile': 0.0,
                           'overall': 0.0,
                           'worker': 0.0},
 'Value': {'bias': -7.628841558471322e-09,
           'explained_variance': 0.8714079856872559,
           'support_outside_fraction': 0.0,
           'target_std': 0.305273175239563}}[0m
[[36m2026-08-16 10:03:54,883[0m][[34mroot[0m][[32mINFO[0m] - Steps 22528 @ 51.1 SPS / 0.8 BPS. Stats:
{'Actions': {'cart': {'MOVE': nan, 'NO-OP': nan, 'TRANSFER': nan},
             'city_tile': {'BUILD_CART': nan,
                           'BUILD_WORKER': nan,
                           'NO-OP': nan,
                           'RESEARCH': nan},
             'worker': {'BUILD_CITY': nan,
                        'MOVE': nan,
                        'NO-OP': nan,
                        'PILLAGE': nan,
                        'TRANSFER': nan}},
 'Active_Entities': {'cart': 0, 'city_tile': 67, 'worker': 354},
 'Behavior_Policy': {'actor_version_max': 22272,
                     'actor_version_min': 22016,
                     'beta': 0.0,
                     'buffer_lag_max': 448,
                     'ema_kl': None,
                     'forward_kl': 0.025280777364969254,
                     'learner_version': 22464,
                     'log_rho_max': 1.1591718196868896,
                     'log_rho_mean': -0.04833483695983887,
                     'log_rho_p95': 0.4416615962982178,
                     'reverse_kl': 0.025572530925273895,
                     'target': None,
                     'vtrace_rho_clipped_fraction': 0.203125},
 'Entropy': {'cart': -0.0,
             'city_tile': 0.24433785676956177,
             'overall': 0.5328301787376404,
             'worker': 0.2884923219680786},
 'Env': {'carts_final': nan,
         'carts_peak': nan,
         'city_tiles_final': nan,
         'city_tiles_peak': nan,
         'max_cumulative_rewards': nan,
         'mean_cumulative_reward_magnitudes': nan,
         'mean_cumulative_rewards': nan,
         'research_points': nan,
         'separate_cities_final': nan,
         'separate_cities_peak': nan,
         'step': nan,
         'workers_final': nan,
         'workers_peak': nan},
 'Gradient': {'clipped': 1.0, 'norm_before_clip': 18.28611946105957},
 'Intent': {'accuracy': nan,
            'target_build': 0,
            'target_deliver': 0,
            'target_mine': 0,
            'target_return': 0},
 'Loss': {'baseline_loss': 0.060442447662353516,
          'behavior_kl_loss': 0.0,
          'entropy_loss': -0.023699384182691574,
          'intent_aux_loss': 0.0,
          'rule_aux_loss': 0.0,
          'teacher_baseline_loss': 0.0,
          'teacher_kl_loss': 0.0,
          'total_loss': -1.3943465948104858,
          'upgo_pg_loss': 0.3505217730998993,
          'vtrace_pg_loss': -1.781611442565918},
 'Misc': {'actor_policy_tta_rot180': 1.0,
          'league_opponents': {'first_place': 1.0, 'selfplay': 0.0},
          'learning_rate': 4.8888032e-05,
          'teacher_kl_cost': 0.0,
          'teacher_policy_tta_rot180': 1.0,
          'total_games_played': 49},
 'Normalized_Entropy': {'cart': 0.0,
                        'city_tile': 0.22839321196079254,
                        'overall': 0.18841652182813495,
                        'worker': 0.1808503121137619},
 'Teacher_KL_Divergence': {'cart': 0.0,
                           'city_tile': 0.0,
                           'overall': 0.0,
                           'worker': 0.0},
 'Value': {'bias': 1.5861587598919868e-09,
           'explained_variance': 0.805091142654419,
           'support_outside_fraction': 0.0,
           'target_std': 0.098441943526268}}[0m
[[36m2026-08-16 10:03:59,900[0m][[34mroot[0m][[32mINFO[0m] - Steps 22784 @ 51.0 SPS / 0.8 BPS. Stats:
{'Actions': {'cart': {'MOVE': nan, 'NO-OP': nan, 'TRANSFER': nan},
             'city_tile': {'BUILD_CART': nan,
                           'BUILD_WORKER': nan,
                           'NO-OP': nan,
                           'RESEARCH': nan},
             'worker': {'BUILD_CITY': nan,
                        'MOVE': nan,
                        'NO-OP': nan,
                        'PILLAGE': nan,
                        'TRANSFER': nan}},
 'Active_Entities': {'cart': 682, 'city_tile': 3892, 'worker': 2683},
 'Behavior_Policy': {'actor_version_max': 22528,
                     'actor_version_min': 21760,
                     'beta': 0.0,
                     'buffer_lag_max': 960,
                     'ema_kl': None,
                     'forward_kl': 0.003048579441383481,
                     'learner_version': 22720,
                     'log_rho_max': 1.9804706573486328,
                     'log_rho_mean': -0.13244470953941345,
                     'log_rho_p95': 0.6676972508430481,
                     'reverse_kl': 0.002967769280076027,
                     'target': None,
                     'vtrace_rho_clipped_fraction': 0.2578125},
 'Entropy': {'cart': 1.5253949165344238,
             'city_tile': 0.5601087212562561,
             'overall': 3.3168243765830994,
             'worker': 1.2313207387924194},
 'Env': {'carts_final': nan,
         'carts_peak': nan,
         'city_tiles_final': nan,
         'city_tiles_peak': nan,
         'max_cumulative_rewards': nan,
         'mean_cumulative_reward_magnitudes': nan,
         'mean_cumulative_rewards': nan,
         'research_points': nan,
         'separate_cities_final': nan,
         'separate_cities_peak': nan,
         'step': nan,
         'workers_final': nan,
         'workers_peak': nan},
 'Gradient': {'clipped': 1.0, 'norm_before_clip': 16.909082412719727},
 'Intent': {'accuracy': nan,
            'target_build': 0,
            'target_deliver': 0,
            'target_mine': 0,
            'target_return': 0},
 'Loss': {'baseline_loss': 0.018170783296227455,
          'behavior_kl_loss': 0.0,
          'entropy_loss': -1.3047791719436646,
          'intent_aux_loss': 0.0,
          'rule_aux_loss': 0.0,
          'teacher_baseline_loss': 0.0,
          'teacher_kl_loss': 0.0,
          'total_loss': 71.7857437133789,
          'upgo_pg_loss': 62.560546875,
          'vtrace_pg_loss': 10.51180362701416},
 'Misc': {'actor_policy_tta_rot180': 1.0,
          'league_opponents': {'first_place': 0.75, 'selfplay': 0.25},
          'learning_rate': 4.887536e-05,
          'teacher_kl_cost': 0.0,
          'teacher_policy_tta_rot180': 1.0,
          'total_games_played': 49},
 'Normalized_Entropy': {'cart': 0.9832887053489685,
                        'city_tile': 0.5098329186439514,
                        'overall': 0.6472468481126922,
                        'worker': 0.7611620426177979},
 'Teacher_KL_Divergence': {'cart': 0.0,
                           'city_tile': 0.0,
                           'overall': 0.0,
                           'worker': 0.0},
 'Value': {'bias': 5.209585651755333e-09,
           'explained_variance': 0.9975835680961609,
           'support_outside_fraction': 0.0,
           'target_std': 0.4259597957134247}}[0m
[[36m2026-08-16 10:04:04,908[0m][[34mroot[0m][[32mINFO[0m] - Steps 23040 @ 51.1 SPS / 0.8 BPS. Stats:
{'Actions': {'cart': {'MOVE': nan, 'NO-OP': nan, 'TRANSFER': nan},
             'city_tile': {'BUILD_CART': nan,
                           'BUILD_WORKER': nan,
                           'NO-OP': nan,
                           'RESEARCH': nan},
             'worker': {'BUILD_CITY': nan,
                        'MOVE': nan,
                        'NO-OP': nan,
                        'PILLAGE': nan,
                        'TRANSFER': nan}},
 'Active_Entities': {'cart': 0, 'city_tile': 73, 'worker': 419},
 'Behavior_Policy': {'actor_version_max': 22784,
                     'actor_version_min': 22272,
                     'beta': 0.0,
                     'buffer_lag_max': 704,
                     'ema_kl': None,
                     'forward_kl': 0.02638590708374977,
                     'learner_version': 22976,
                     'log_rho_max': 1.8100695610046387,
                     'log_rho_mean': -0.03357347100973129,
                     'log_rho_p95': 0.5554509162902832,
                     'reverse_kl': 0.027789050713181496,
                     'target': None,
                     'vtrace_rho_clipped_fraction': 0.265625},
 'Entropy': {'cart': -0.0,
             'city_tile': 0.11725877970457077,
             'overall': 0.4724605903029442,
             'worker': 0.3552018105983734},
 'Env': {'carts_final': nan,
         'carts_peak': nan,
         'city_tiles_final': nan,
         'city_tiles_peak': nan,
         'max_cumulative_rewards': nan,
         'mean_cumulative_reward_magnitudes': nan,
         'mean_cumulative_rewards': nan,
         'research_points': nan,
         'separate_cities_final': nan,
         'separate_cities_peak': nan,
         'step': nan,
         'workers_final': nan,
         'workers_peak': nan},
 'Gradient': {'clipped': 1.0, 'norm_before_clip': 18.64920425415039},
 'Intent': {'accuracy': nan,
            'target_build': 0,
            'target_deliver': 0,
            'target_mine': 0,
            'target_return': 0},
 'Loss': {'baseline_loss': 0.048459649085998535,
          'behavior_kl_loss': 0.0,
          'entropy_loss': -0.03147789090871811,
          'intent_aux_loss': 0.0,
          'rule_aux_loss': 0.0,
          'teacher_baseline_loss': 0.0,
          'teacher_kl_loss': 0.0,
          'total_loss': 0.8186048865318298,
          'upgo_pg_loss': 1.6669032573699951,
          'vtrace_pg_loss': -0.8652801513671875},
 'Misc': {'actor_policy_tta_rot180': 1.0,
          'league_opponents': {'first_place': 1.0, 'selfplay': 0.0},
          'learning_rate': 4.8862688e-05,
          'teacher_kl_cost': 0.0,
          'teacher_policy_tta_rot180': 1.0,
          'total_games_played': 49},
 'Normalized_Entropy': {'cart': 0.0,
                        'city_tile': 0.12340020388364792,
                        'overall': 0.20886628061714696,
                        'worker': 0.2237565517425537},
 'Teacher_KL_Divergence': {'cart': 0.0,
                           'city_tile': 0.0,
                           'overall': 0.0,
                           'worker': 0.0},
 'Value': {'bias': -7.516064215451479e-09,
           'explained_variance': 0.9054944515228271,
           'support_outside_fraction': 0.0,
           'target_std': 0.1265861988067627}}[0m
[[36m2026-08-16 10:04:09,925[0m][[34mroot[0m][[32mINFO[0m] - Steps 23040 @ 0.0 SPS / 0.0 BPS. Stats:
{'Actions': {'cart': {'MOVE': nan, 'NO-OP': nan, 'TRANSFER': nan},
             'city_tile': {'BUILD_CART': nan,
                           'BUILD_WORKER': nan,
                           'NO-OP': nan,
                           'RESEARCH': nan},
             'worker': {'BUILD_CITY': nan,
                        'MOVE': nan,
                        'NO-OP': nan,
                        'PILLAGE': nan,
                        'TRANSFER': nan}},
 'Active_Entities': {'cart': 0, 'city_tile': 73, 'worker': 419},
 'Behavior_Policy': {'actor_version_max': 22784,
                     'actor_version_min': 22272,
                     'beta': 0.0,
                     'buffer_lag_max': 704,
                     'ema_kl': None,
                     'forward_kl': 0.02638590708374977,
                     'learner_version': 22976,
                     'log_rho_max': 1.8100695610046387,
                     'log_rho_mean': -0.03357347100973129,
                     'log_rho_p95': 0.5554509162902832,
                     'reverse_kl': 0.027789050713181496,
                     'target': None,
                     'vtrace_rho_clipped_fraction': 0.265625},
 'Entropy': {'cart': -0.0,
             'city_tile': 0.11725877970457077,
             'overall': 0.4724605903029442,
             'worker': 0.3552018105983734},
 'Env': {'carts_final': nan,
         'carts_peak': nan,
         'city_tiles_final': nan,
         'city_tiles_peak': nan,
         'max_cumulative_rewards': nan,
         'mean_cumulative_reward_magnitudes': nan,
         'mean_cumulative_rewards': nan,
         'research_points': nan,
         'separate_cities_final': nan,
         'separate_cities_peak': nan,
         'step': nan,
         'workers_final': nan,
         'workers_peak': nan},
 'Gradient': {'clipped': 1.0, 'norm_before_clip': 18.64920425415039},
 'Intent': {'accuracy': nan,
            'target_build': 0,
            'target_deliver': 0,
            'target_mine': 0,
            'target_return': 0},
 'Loss': {'baseline_loss': 0.048459649085998535,
          'behavior_kl_loss': 0.0,
          'entropy_loss': -0.03147789090871811,
          'intent_aux_loss': 0.0,
          'rule_aux_loss': 0.0,
          'teacher_baseline_loss': 0.0,
          'teacher_kl_loss': 0.0,
          'total_loss': 0.8186048865318298,
          'upgo_pg_loss': 1.6669032573699951,
          'vtrace_pg_loss': -0.8652801513671875},
 'Misc': {'actor_policy_tta_rot180': 1.0,
          'league_opponents': {'first_place': 1.0, 'selfplay': 0.0},
          'learning_rate': 4.8862688e-05,
          'teacher_kl_cost': 0.0,
          'teacher_policy_tta_rot180': 1.0,
          'total_games_played': 49},
 'Normalized_Entropy': {'cart': 0.0,
                        'city_tile': 0.12340020388364792,
                        'overall': 0.20886628061714696,
                        'worker': 0.2237565517425537},
 'Teacher_KL_Divergence': {'cart': 0.0,
                           'city_tile': 0.0,
                           'overall': 0.0,
                           'worker': 0.0},
 'Value': {'bias': -7.516064215451479e-09,
           'explained_variance': 0.9054944515228271,
           'support_outside_fraction': 0.0,
           'target_std': 0.1265861988067627}}[0m
[[36m2026-08-16 10:04:14,930[0m][[34mroot[0m][[32mINFO[0m] - Steps 23296 @ 51.2 SPS / 0.8 BPS. Stats:
{'Actions': {'cart': {'MOVE': nan, 'NO-OP': nan, 'TRANSFER': nan},
             'city_tile': {'BUILD_CART': nan,
                           'BUILD_WORKER': nan,
                           'NO-OP': nan,
                           'RESEARCH': nan},
             'worker': {'BUILD_CITY': nan,
                        'MOVE': nan,
                        'NO-OP': nan,
                        'PILLAGE': nan,
                        'TRANSFER': nan}},
 'Active_Entities': {'cart': 0, 'city_tile': 111, 'worker': 527},
 'Behavior_Policy': {'actor_version_max': 23040,
                     'actor_version_min': 22784,
                     'beta': 0.0,
                     'buffer_lag_max': 448,
                     'ema_kl': None,
                     'forward_kl': 0.019131220877170563,
                     'learner_version': 23232,
                     'log_rho_max': 1.310523509979248,
                     'log_rho_mean': -0.11676405370235443,
                     'log_rho_p95': 0.4495880901813507,
                     'reverse_kl': 0.019773131236433983,
                     'target': None,
                     'vtrace_rho_clipped_fraction': 0.203125},
 'Entropy': {'cart': -0.0,
             'city_tile': 0.24138480424880981,
             'overall': 0.5623231530189514,
             'worker': 0.3209383487701416},
 'Env': {'carts_final': nan,
         'carts_peak': nan,
         'city_tiles_final': nan,
         'city_tiles_peak': nan,
         'max_cumulative_rewards': nan,
         'mean_cumulative_reward_magnitudes': nan,
         'mean_cumulative_rewards': nan,
         'research_points': nan,
         'separate_cities_final': nan,
         'separate_cities_peak': nan,
         'step': nan,
         'workers_final': nan,
         'workers_peak': nan},
 'Gradient': {'clipped': 1.0, 'norm_before_clip': 14.23521900177002},
 'Intent': {'accuracy': nan,
            'target_build': 0,
            'target_deliver': 0,
            'target_mine': 0,
            'target_return': 0},
 'Loss': {'baseline_loss': 0.019336022436618805,
          'behavior_kl_loss': 0.0,
          'entropy_loss': -0.03918564319610596,
          'intent_aux_loss': 0.0,
          'rule_aux_loss': 0.0,
          'teacher_baseline_loss': 0.0,
          'teacher_kl_loss': 0.0,
          'total_loss': 0.7203893065452576,
          'upgo_pg_loss': 1.6783334016799927,
          'vtrace_pg_loss': -0.9380944967269897},
 'Misc': {'actor_policy_tta_rot180': 1.0,
          'league_opponents': {'first_place': 1.0, 'selfplay': 0.0},
          'learning_rate': 4.8850016000000005e-05,
          'teacher_kl_cost': 0.0,
          'teacher_policy_tta_rot180': 1.0,
          'total_games_played': 49},
 'Normalized_Entropy': {'cart': 0.0,
                        'city_tile': 0.2557522654533386,
                        'overall': 0.2183404882733351,
                        'worker': 0.2104605883359909},
 'Teacher_KL_Divergence': {'cart': 0.0,
                           'city_tile': 0.0,
                           'overall': 0.0,
                           'worker': 0.0},
 'Value': {'bias': -1.6152625903487206e-08,
           'explained_variance': 0.9718753099441528,
           'support_outside_fraction': 0.0,
           'target_std': 0.14657658338546753}}[0m
[[36m2026-08-16 10:04:19,936[0m][[34mroot[0m][[32mINFO[0m] - Steps 23424 @ 25.6 SPS / 0.4 BPS. Stats:
{'Actions': {'cart': {'MOVE': nan, 'NO-OP': nan, 'TRANSFER': nan},
             'city_tile': {'BUILD_CART': nan,
                           'BUILD_WORKER': nan,
                           'NO-OP': nan,
                           'RESEARCH': nan},
             'worker': {'BUILD_CITY': nan,
                        'MOVE': nan,
                        'NO-OP': nan,
                        'PILLAGE': nan,
                        'TRANSFER': nan}},
 'Active_Entities': {'cart': 199, 'city_tile': 656, 'worker': 740},
 'Behavior_Policy': {'actor_version_max': 23296,
                     'actor_version_min': 22528,
                     'beta': 0.0,
                     'buffer_lag_max': 832,
                     'ema_kl': None,
                     'forward_kl': 0.003321054857224226,
                     'learner_version': 23360,
                     'log_rho_max': 1.2878913879394531,
                     'log_rho_mean': 0.006330112926661968,
                     'log_rho_p95': 0.7791991233825684,
                     'reverse_kl': 0.0033215186558663845,
                     'target': None,
                     'vtrace_rho_clipped_fraction': 0.2421875},
 'Entropy': {'cart': 1.529913067817688,
             'city_tile': 0.4995185136795044,
             'overall': 3.034545660018921,
             'worker': 1.0051140785217285},
 'Env': {'carts_final': nan,
         'carts_peak': nan,
         'city_tiles_final': nan,
         'city_tiles_peak': nan,
         'max_cumulative_rewards': nan,
         'mean_cumulative_reward_magnitudes': nan,
         'mean_cumulative_rewards': nan,
         'research_points': nan,
         'separate_cities_final': nan,
         'separate_cities_peak': nan,
         'step': nan,
         'workers_final': nan,
         'workers_peak': nan},
 'Gradient': {'clipped': 1.0, 'norm_before_clip': 31.70207405090332},
 'Intent': {'accuracy': nan,
            'target_build': 0,
            'target_deliver': 0,
            'target_mine': 0,
            'target_return': 0},
 'Loss': {'baseline_loss': 0.19174259901046753,
          'behavior_kl_loss': 0.0,
          'entropy_loss': -0.2751842439174652,
          'intent_aux_loss': 0.0,
          'rule_aux_loss': 0.0,
          'teacher_baseline_loss': 0.0,
          'teacher_kl_loss': 0.0,
          'total_loss': 80.42256164550781,
          'upgo_pg_loss': 48.79557800292969,
          'vtrace_pg_loss': 31.710426330566406},
 'Misc': {'actor_policy_tta_rot180': 1.0,
          'league_opponents': {'first_place': 1.0, 'selfplay': 0.0},
          'learning_rate': 4.884368e-05,
          'teacher_kl_cost': 0.0,
          'teacher_policy_tta_rot180': 1.0,
          'total_games_played': 49},
 'Normalized_Entropy': {'cart': 0.9921488761901855,
                        'city_tile': 0.45468130707740784,
                        'overall': 0.6027918888857372,
                        'worker': 0.629384458065033},
 'Teacher_KL_Divergence': {'cart': 0.0,
                           'city_tile': 0.0,
                           'overall': 0.0,
                           'worker': 0.0},
 'Value': {'bias': 3.987224772572517e-09,
           'explained_variance': 0.9398372173309326,
           'support_outside_fraction': 0.0,
           'target_std': 0.3155878782272339}}[0m
[[36m2026-08-16 10:04:24,952[0m][[34mroot[0m][[32mINFO[0m] - Steps 23552 @ 25.5 SPS / 0.4 BPS. Stats:
{'Actions': {'cart': {'MOVE': 0.9900990099009901,
                      'NO-OP': 0.009900990099009901,
                      'TRANSFER': 0.0},
             'city_tile': {'BUILD_CART': 0.0003510825043885313,
                           'BUILD_WORKER': 0.013107080163838502,
                           'NO-OP': 0.9740198946752486,
                           'RESEARCH': 0.012521942656524284},
             'worker': {'BUILD_CITY': 0.0192226148409894,
                        'MOVE': 0.40965842167255595,
                        'NO-OP': 0.5534511189634864,
                        'PILLAGE': 4.7114252061248525e-05,
                        'TRANSFER': 0.01762073027090695}},
 'Active_Entities': {'cart': 654, 'city_tile': 2385, 'worker': 2475},
 'Behavior_Policy': {'actor_version_max': 23296,
                     'actor_version_min': 22528,
                     'beta': 0.0,
                     'buffer_lag_max': 960,
                     'ema_kl': None,
                     'forward_kl': 0.006758218165487051,
                     'learner_version': 23488,
                     'log_rho_max': 1.075653076171875,
                     'log_rho_mean': -0.22295546531677246,
                     'log_rho_p95': 0.623936116695404,
                     'reverse_kl': 0.006470926105976105,
                     'target': None,
                     'vtrace_rho_clipped_fraction': 0.25},
 'Entropy': {'cart': 1.5527832508087158,
             'city_tile': 0.6578901410102844,
             'overall': 3.2374362349510193,
             'worker': 1.026762843132019},
 'Env': {'carts_final': 0.0,
         'carts_peak': 3.5,
         'city_tiles_final': 63.5,
         'city_tiles_peak': 128.0,
         'max_cumulative_rewards': 1.0,
         'mean_cumulative_reward_magnitudes': 1.0,
         'mean_cumulative_rewards': 0.0,
         'research_points': 214.0,
         'separate_cities_final': 8.0,
         'separate_cities_peak': 16.5,
         'step': 361.0,
         'workers_final': 36.0,
         'workers_peak': 63.5},
 'Gradient': {'clipped': 1.0, 'norm_before_clip': 32.39509582519531},
 'Intent': {'accuracy': nan,
            'target_build': 0,
            'target_deliver': 0,
            'target_mine': 0,
            'target_return': 0},
 'Loss': {'baseline_loss': 0.21226367354393005,
          'behavior_kl_loss': 0.0,
          'entropy_loss': -1.0251652002334595,
          'intent_aux_loss': 0.0,
          'rule_aux_loss': 0.0,
          'teacher_baseline_loss': 0.0,
          'teacher_kl_loss': 0.0,
          'total_loss': 57.33150100708008,
          'upgo_pg_loss': 65.67044067382812,
          'vtrace_pg_loss': -7.526040077209473},
 'Misc': {'actor_policy_tta_rot180': 1.0,
          'league_opponents': {'first_place': 0.75, 'selfplay': 0.25},
          'learning_rate': 4.8837344e-05,
          'teacher_kl_cost': 0.0,
          'teacher_policy_tta_rot180': 1.0,
          'total_games_played': 50},
 'Normalized_Entropy': {'cart': 0.9822434186935425,
                        'city_tile': 0.598880410194397,
                        'overall': 0.6612921135664246,
                        'worker': 0.636625349521637},
 'Teacher_KL_Divergence': {'cart': 0.0,
                           'city_tile': 0.0,
                           'overall': 0.0,
                           'worker': 0.0},
 'Value': {'bias': 4.787580110132694e-09,
           'explained_variance': 0.9679573774337769,
           'support_outside_fraction': 0.0,
           'target_std': 0.44762417674064636}}[0m
[[36m2026-08-16 10:04:29,967[0m][[34mroot[0m][[32mINFO[0m] - Steps 23808 @ 51.1 SPS / 0.8 BPS. Stats:
{'Actions': {'cart': {'MOVE': nan, 'NO-OP': nan, 'TRANSFER': nan},
             'city_tile': {'BUILD_CART': nan,
                           'BUILD_WORKER': nan,
                           'NO-OP': nan,
                           'RESEARCH': nan},
             'worker': {'BUILD_CITY': nan,
                        'MOVE': nan,
                        'NO-OP': nan,
                        'PILLAGE': nan,
                        'TRANSFER': nan}},
 'Active_Entities': {'cart': 0, 'city_tile': 122, 'worker': 751},
 'Behavior_Policy': {'actor_version_max': 23552,
                     'actor_version_min': 23040,
                     'beta': 0.0,
                     'buffer_lag_max': 704,
                     'ema_kl': None,
                     'forward_kl': 0.018534235656261444,
                     'learner_version': 23744,
                     'log_rho_max': 0.9206957817077637,
                     'log_rho_mean': -0.14749568700790405,
                     'log_rho_p95': 0.4860464632511139,
                     'reverse_kl': 0.01930803619325161,
                     'target': None,
                     'vtrace_rho_clipped_fraction': 0.203125},
 'Entropy': {'cart': -0.0,
             'city_tile': 0.29999276995658875,
             'overall': 0.7363114058971405,
             'worker': 0.43631863594055176},
 'Env': {'carts_final': nan,
         'carts_peak': nan,
         'city_tiles_final': nan,
         'city_tiles_peak': nan,
         'max_cumulative_rewards': nan,
         'mean_cumulative_reward_magnitudes': nan,
         'mean_cumulative_rewards': nan,
         'research_points': nan,
         'separate_cities_final': nan,
         'separate_cities_peak': nan,
         'step': nan,
         'workers_final': nan,
         'workers_peak': nan},
 'Gradient': {'clipped': 1.0, 'norm_before_clip': 16.982582092285156},
 'Intent': {'accuracy': nan,
            'target_build': 0,
            'target_deliver': 0,
            'target_mine': 0,
            'target_return': 0},
 'Loss': {'baseline_loss': 0.036649059504270554,
          'behavior_kl_loss': 0.0,
          'entropy_loss': -0.07285488396883011,
          'intent_aux_loss': 0.0,
          'rule_aux_loss': 0.0,
          'teacher_baseline_loss': 0.0,
          'teacher_kl_loss': 0.0,
          'total_loss': -2.26061749458313,
          'upgo_pg_loss': 0.7704440355300903,
          'vtrace_pg_loss': -2.9948554039001465},
 'Misc': {'actor_policy_tta_rot180': 1.0,
          'league_opponents': {'first_place': 1.0, 'selfplay': 0.0},
          'learning_rate': 4.8824672000000004e-05,
          'teacher_kl_cost': 0.0,
          'teacher_policy_tta_rot180': 1.0,
          'total_games_played': 50},
 'Normalized_Entropy': {'cart': 0.0,
                        'city_tile': 0.331282377243042,
                        'overall': 0.2888557376320829,
                        'worker': 0.2819635272026062},
 'Teacher_KL_Divergence': {'cart': 0.0,
                           'city_tile': 0.0,
                           'overall': 0.0,
                           'worker': 0.0},
 'Value': {'bias': -8.163624443113804e-09,
           'explained_variance': 0.9758855700492859,
           'support_outside_fraction': 0.0,
           'target_std': 0.21793034672737122}}[0m
[[36m2026-08-16 10:04:34,980[0m][[34mroot[0m][[32mINFO[0m] - Steps 24064 @ 51.1 SPS / 0.8 BPS. Stats:
{'Actions': {'cart': {'MOVE': nan, 'NO-OP': nan, 'TRANSFER': nan},
             'city_tile': {'BUILD_CART': nan,
                           'BUILD_WORKER': nan,
                           'NO-OP': nan,
                           'RESEARCH': nan},
             'worker': {'BUILD_CITY': nan,
                        'MOVE': nan,
                        'NO-OP': nan,
                        'PILLAGE': nan,
                        'TRANSFER': nan}},
 'Active_Entities': {'cart': 821, 'city_tile': 4048, 'worker': 2801},
 'Behavior_Policy': {'actor_version_max': 23808,
                     'actor_version_min': 23296,
                     'beta': 0.0,
                     'buffer_lag_max': 704,
                     'ema_kl': None,
                     'forward_kl': 0.006544888019561768,
                     'learner_version': 24000,
                     'log_rho_max': 2.55078125,
                     'log_rho_mean': -0.14102810621261597,
                     'log_rho_p95': 0.7114903330802917,
                     'reverse_kl': 0.00758914602920413,
                     'target': None,
                     'vtrace_rho_clipped_fraction': 0.2421875},
 'Entropy': {'cart': 1.554498314857483,
             'city_tile': 0.5849358439445496,
             'overall': 3.4641833901405334,
             'worker': 1.324749231338501},
 'Env': {'carts_final': nan,
         'carts_peak': nan,
         'city_tiles_final': nan,
         'city_tiles_peak': nan,
         'max_cumulative_rewards': nan,
         'mean_cumulative_reward_magnitudes': nan,
         'mean_cumulative_rewards': nan,
         'research_points': nan,
         'separate_cities_final': nan,
         'separate_cities_peak': nan,
         'step': nan,
         'workers_final': nan,
         'workers_peak': nan},
 'Gradient': {'clipped': 0.0, 'norm_before_clip': 9.695906639099121},
 'Intent': {'accuracy': nan,
            'target_build': 0,
            'target_deliver': 0,
            'target_mine': 0,
            'target_return': 0},
 'Loss': {'baseline_loss': 0.009694364853203297,
          'behavior_kl_loss': 0.0,
          'entropy_loss': -1.4709370136260986,
          'intent_aux_loss': 0.0,
          'rule_aux_loss': 0.0,
          'teacher_baseline_loss': 0.0,
          'teacher_kl_loss': 0.0,
          'total_loss': 17.9764404296875,
          'upgo_pg_loss': 22.69232940673828,
          'vtrace_pg_loss': -3.254645347595215},
 'Misc': {'actor_policy_tta_rot180': 1.0,
          'league_opponents': {'first_place': 0.75, 'selfplay': 0.25},
          'learning_rate': 4.8812e-05,
          'teacher_kl_cost': 0.0,
          'teacher_policy_tta_rot180': 1.0,
          'total_games_played': 50},
 'Normalized_Entropy': {'cart': 0.9833230376243591,
                        'city_tile': 0.5324144959449768,
                        'overall': 0.6870482719162142,
                        'worker': 0.8236837387084961},
 'Teacher_KL_Divergence': {'cart': 0.0,
                           'city_tile': 0.0,
                           'overall': 0.0,
                           'worker': 0.0},
 'Value': {'bias': -6.963091436773539e-09,
           'explained_variance': 0.9975543022155762,
           'support_outside_fraction': 0.0,
           'target_std': 0.28682637214660645}}[0m
[[36m2026-08-16 10:04:39,990[0m][[34mroot[0m][[32mINFO[0m] - Steps 24320 @ 51.2 SPS / 0.8 BPS. Stats:
{'Actions': {'cart': {'MOVE': nan, 'NO-OP': nan, 'TRANSFER': nan},
             'city_tile': {'BUILD_CART': nan,
                           'BUILD_WORKER': nan,
                           'NO-OP': nan,
                           'RESEARCH': nan},
             'worker': {'BUILD_CITY': nan,
                        'MOVE': nan,
                        'NO-OP': nan,
                        'PILLAGE': nan,
                        'TRANSFER': nan}},
 'Active_Entities': {'cart': 0, 'city_tile': 128, 'worker': 686},
 'Behavior_Policy': {'actor_version_max': 24064,
                     'actor_version_min': 23552,
                     'beta': 0.0,
                     'buffer_lag_max': 704,
                     'ema_kl': None,
                     'forward_kl': 0.019748549908399582,
                     'learner_version': 24256,
                     'log_rho_max': 0.9943666458129883,
                     'log_rho_mean': -0.06399668753147125,
                     'log_rho_p95': 0.5792732238769531,
                     'reverse_kl': 0.020465001463890076,
                     'target': None,
                     'vtrace_rho_clipped_fraction': 0.1953125},
 'Entropy': {'cart': -0.0,
             'city_tile': 0.37530139088630676,
             'overall': 0.8749534785747528,
             'worker': 0.49965208768844604},
 'Env': {'carts_final': nan,
         'carts_peak': nan,
         'city_tiles_final': nan,
         'city_tiles_peak': nan,
         'max_cumulative_rewards': nan,
         'mean_cumulative_reward_magnitudes': nan,
         'mean_cumulative_rewards': nan,
         'research_points': nan,
         'separate_cities_final': nan,
         'separate_cities_peak': nan,
         'step': nan,
         'workers_final': nan,
         'workers_peak': nan},
 'Gradient': {'clipped': 1.0, 'norm_before_clip': 23.00164222717285},
 'Intent': {'accuracy': nan,
            'target_build': 0,
            'target_deliver': 0,
            'target_mine': 0,
            'target_return': 0},
 'Loss': {'baseline_loss': 0.04467838630080223,
          'behavior_kl_loss': 0.0,
          'entropy_loss': -0.07815997302532196,
          'intent_aux_loss': 0.0,
          'rule_aux_loss': 0.0,
          'teacher_baseline_loss': 0.0,
          'teacher_kl_loss': 0.0,
          'total_loss': -4.139083385467529,
          'upgo_pg_loss': 0.7094445824623108,
          'vtrace_pg_loss': -4.815046310424805},
 'Misc': {'actor_policy_tta_rot180': 1.0,
          'league_opponents': {'first_place': 1.0, 'selfplay': 0.0},
          'learning_rate': 4.8799328e-05,
          'teacher_kl_cost': 0.0,
          'teacher_policy_tta_rot180': 1.0,
          'total_games_played': 50},
 'Normalized_Entropy': {'cart': 0.0,
                        'city_tile': 0.5336241722106934,
                        'overall': 0.3538203054915482,
                        'worker': 0.3202708959579468},
 'Teacher_KL_Divergence': {'cart': 0.0,
                           'city_tile': 0.0,
                           'overall': 0.0,
                           'worker': 0.0},
 'Value': {'bias': 1.618172973394394e-08,
           'explained_variance': 0.9771667718887329,
           'support_outside_fraction': 0.0,
           'target_std': 0.24728073179721832}}[0m
[[36m2026-08-16 10:04:44,999[0m][[34mroot[0m][[32mINFO[0m] - Steps 24320 @ 0.0 SPS / 0.0 BPS. Stats:
{'Actions': {'cart': {'MOVE': nan, 'NO-OP': nan, 'TRANSFER': nan},
             'city_tile': {'BUILD_CART': nan,
                           'BUILD_WORKER': nan,
                           'NO-OP': nan,
                           'RESEARCH': nan},
             'worker': {'BUILD_CITY': nan,
                        'MOVE': nan,
                        'NO-OP': nan,
                        'PILLAGE': nan,
                        'TRANSFER': nan}},
 'Active_Entities': {'cart': 0, 'city_tile': 128, 'worker': 686},
 'Behavior_Policy': {'actor_version_max': 24064,
                     'actor_version_min': 23552,
                     'beta': 0.0,
                     'buffer_lag_max': 704,
                     'ema_kl': None,
                     'forward_kl': 0.019748549908399582,
                     'learner_version': 24256,
                     'log_rho_max': 0.9943666458129883,
                     'log_rho_mean': -0.06399668753147125,
                     'log_rho_p95': 0.5792732238769531,
                     'reverse_kl': 0.020465001463890076,
                     'target': None,
                     'vtrace_rho_clipped_fraction': 0.1953125},
 'Entropy': {'cart': -0.0,
             'city_tile': 0.37530139088630676,
             'overall': 0.8749534785747528,
             'worker': 0.49965208768844604},
 'Env': {'carts_final': nan,
         'carts_peak': nan,
         'city_tiles_final': nan,
         'city_tiles_peak': nan,
         'max_cumulative_rewards': nan,
         'mean_cumulative_reward_magnitudes': nan,
         'mean_cumulative_rewards': nan,
         'research_points': nan,
         'separate_cities_final': nan,
         'separate_cities_peak': nan,
         'step': nan,
         'workers_final': nan,
         'workers_peak': nan},
 'Gradient': {'clipped': 1.0, 'norm_before_clip': 23.00164222717285},
 'Intent': {'accuracy': nan,
            'target_build': 0,
            'target_deliver': 0,
            'target_mine': 0,
            'target_return': 0},
 'Loss': {'baseline_loss': 0.04467838630080223,
          'behavior_kl_loss': 0.0,
          'entropy_loss': -0.07815997302532196,
          'intent_aux_loss': 0.0,
          'rule_aux_loss': 0.0,
          'teacher_baseline_loss': 0.0,
          'teacher_kl_loss': 0.0,
          'total_loss': -4.139083385467529,
          'upgo_pg_loss': 0.7094445824623108,
          'vtrace_pg_loss': -4.815046310424805},
 'Misc': {'actor_policy_tta_rot180': 1.0,
          'league_opponents': {'first_place': 1.0, 'selfplay': 0.0},
          'learning_rate': 4.8799328e-05,
          'teacher_kl_cost': 0.0,
          'teacher_policy_tta_rot180': 1.0,
          'total_games_played': 50},
 'Normalized_Entropy': {'cart': 0.0,
                        'city_tile': 0.5336241722106934,
                        'overall': 0.3538203054915482,
                        'worker': 0.3202708959579468},
 'Teacher_KL_Divergence': {'cart': 0.0,
                           'city_tile': 0.0,
                           'overall': 0.0,
                           'worker': 0.0},
 'Value': {'bias': 1.618172973394394e-08,
           'explained_variance': 0.9771667718887329,
           'support_outside_fraction': 0.0,
           'target_std': 0.24728073179721832}}[0m
[[36m2026-08-16 10:04:50,009[0m][[34mroot[0m][[32mINFO[0m] - Steps 24320 @ 0.0 SPS / 0.0 BPS. Stats:
{'Actions': {'cart': {'MOVE': nan, 'NO-OP': nan, 'TRANSFER': nan},
             'city_tile': {'BUILD_CART': nan,
                           'BUILD_WORKER': nan,
                           'NO-OP': nan,
                           'RESEARCH': nan},
             'worker': {'BUILD_CITY': nan,
                        'MOVE': nan,
                        'NO-OP': nan,
                        'PILLAGE': nan,
                        'TRANSFER': nan}},
 'Active_Entities': {'cart': 0, 'city_tile': 128, 'worker': 686},
 'Behavior_Policy': {'actor_version_max': 24064,
                     'actor_version_min': 23552,
                     'beta': 0.0,
                     'buffer_lag_max': 704,
                     'ema_kl': None,
                     'forward_kl': 0.019748549908399582,
                     'learner_version': 24256,
                     'log_rho_max': 0.9943666458129883,
                     'log_rho_mean': -0.06399668753147125,
                     'log_rho_p95': 0.5792732238769531,
                     'reverse_kl': 0.020465001463890076,
                     'target': None,
                     'vtrace_rho_clipped_fraction': 0.1953125},
 'Entropy': {'cart': -0.0,
             'city_tile': 0.37530139088630676,
             'overall': 0.8749534785747528,
             'worker': 0.49965208768844604},
 'Env': {'carts_final': nan,
         'carts_peak': nan,
         'city_tiles_final': nan,
         'city_tiles_peak': nan,
         'max_cumulative_rewards': nan,
         'mean_cumulative_reward_magnitudes': nan,
         'mean_cumulative_rewards': nan,
         'research_points': nan,
         'separate_cities_final': nan,
         'separate_cities_peak': nan,
         'step': nan,
         'workers_final': nan,
         'workers_peak': nan},
 'Gradient': {'clipped': 1.0, 'norm_before_clip': 23.00164222717285},
 'Intent': {'accuracy': nan,
            'target_build': 0,
            'target_deliver': 0,
            'target_mine': 0,
            'target_return': 0},
 'Loss': {'baseline_loss': 0.04467838630080223,
          'behavior_kl_loss': 0.0,
          'entropy_loss': -0.07815997302532196,
          'intent_aux_loss': 0.0,
          'rule_aux_loss': 0.0,
          'teacher_baseline_loss': 0.0,
          'teacher_kl_loss': 0.0,
          'total_loss': -4.139083385467529,
          'upgo_pg_loss': 0.7094445824623108,
          'vtrace_pg_loss': -4.815046310424805},
 'Misc': {'actor_policy_tta_rot180': 1.0,
          'league_opponents': {'first_place': 1.0, 'selfplay': 0.0},
          'learning_rate': 4.8799328e-05,
          'teacher_kl_cost': 0.0,
          'teacher_policy_tta_rot180': 1.0,
          'total_games_played': 50},
 'Normalized_Entropy': {'cart': 0.0,
                        'city_tile': 0.5336241722106934,
                        'overall': 0.3538203054915482,
                        'worker': 0.3202708959579468},
 'Teacher_KL_Divergence': {'cart': 0.0,
                           'city_tile': 0.0,
                           'overall': 0.0,
                           'worker': 0.0},
 'Value': {'bias': 1.618172973394394e-08,
           'explained_variance': 0.9771667718887329,
           'support_outside_fraction': 0.0,
           'target_std': 0.24728073179721832}}[0m
[[36m2026-08-16 10:04:55,023[0m][[34mroot[0m][[32mINFO[0m] - Steps 24704 @ 76.7 SPS / 1.2 BPS. Stats:
{'Actions': {'cart': {'MOVE': nan, 'NO-OP': nan, 'TRANSFER': nan},
             'city_tile': {'BUILD_CART': nan,
                           'BUILD_WORKER': nan,
                           'NO-OP': nan,
                           'RESEARCH': nan},
             'worker': {'BUILD_CITY': nan,
                        'MOVE': nan,
                        'NO-OP': nan,
                        'PILLAGE': nan,
                        'TRANSFER': nan}},
 'Active_Entities': {'cart': 194, 'city_tile': 1153, 'worker': 817},
 'Behavior_Policy': {'actor_version_max': 24320,
                     'actor_version_min': 23808,
                     'beta': 0.0,
                     'buffer_lag_max': 832,
                     'ema_kl': None,
                     'forward_kl': 0.002520488342270255,
                     'learner_version': 24640,
                     'log_rho_max': 1.2823524475097656,
                     'log_rho_mean': -0.02906370908021927,
                     'log_rho_p95': 0.5318640470504761,
                     'reverse_kl': 0.0025330963544547558,
                     'target': None,
                     'vtrace_rho_clipped_fraction': 0.2421875},
 'Entropy': {'cart': 1.511351227760315,
             'city_tile': 0.28957614302635193,
             'overall': 2.7654931843280792,
             'worker': 0.9645658135414124},
 'Env': {'carts_final': nan,
         'carts_peak': nan,
         'city_tiles_final': nan,
         'city_tiles_peak': nan,
         'max_cumulative_rewards': nan,
         'mean_cumulative_reward_magnitudes': nan,
         'mean_cumulative_rewards': nan,
         'research_points': nan,
         'separate_cities_final': nan,
         'separate_cities_peak': nan,
         'step': nan,
         'workers_final': nan,
         'workers_peak': nan},
 'Gradient': {'clipped': 1.0, 'norm_before_clip': 57.53363800048828},
 'Intent': {'accuracy': nan,
            'target_build': 0,
            'target_deliver': 0,
            'target_mine': 0,
            'target_return': 0},
 'Loss': {'baseline_loss': 0.7004522085189819,
          'behavior_kl_loss': 0.0,
          'entropy_loss': -0.2830267548561096,
          'intent_aux_loss': 0.0,
          'rule_aux_loss': 0.0,
          'teacher_baseline_loss': 0.0,
          'teacher_kl_loss': 0.0,
          'total_loss': -102.70966339111328,
          'upgo_pg_loss': -7.3721442222595215,
          'vtrace_pg_loss': -95.75494384765625},
 'Misc': {'actor_policy_tta_rot180': 1.0,
          'league_opponents': {'first_place': 1.0, 'selfplay': 0.0},
          'learning_rate': 4.878032e-05,
          'teacher_kl_cost': 0.0,
          'teacher_policy_tta_rot180': 1.0,
          'total_games_played': 50},
 'Normalized_Entropy': {'cart': 0.994721531867981,
                        'city_tile': 0.26358354091644287,
                        'overall': 0.4566980722100369,
                        'worker': 0.6014771461486816},
 'Teacher_KL_Divergence': {'cart': 0.0,
                           'city_tile': 0.0,
                           'overall': 0.0,
                           'worker': 0.0},
 'Value': {'bias': 1.4682882465422153e-08,
           'explained_variance': 0.8599708080291748,
           'support_outside_fraction': 0.0,
           'target_std': 0.3953711688518524}}[0m
[[36m2026-08-16 10:05:00,030[0m][[34mroot[0m][[32mINFO[0m] - Steps 24896 @ 38.4 SPS / 0.6 BPS. Stats:
{'Actions': {'cart': {'MOVE': nan, 'NO-OP': nan, 'TRANSFER': nan},
             'city_tile': {'BUILD_CART': nan,
                           'BUILD_WORKER': nan,
                           'NO-OP': nan,
                           'RESEARCH': nan},
             'worker': {'BUILD_CITY': nan,
                        'MOVE': nan,
                        'NO-OP': nan,
                        'PILLAGE': nan,
                        'TRANSFER': nan}},
 'Active_Entities': {'cart': 0, 'city_tile': 221, 'worker': 1417},
 'Behavior_Policy': {'actor_version_max': 24832,
                     'actor_version_min': 24320,
                     'beta': 0.0,
                     'buffer_lag_max': 512,
                     'ema_kl': None,
                     'forward_kl': 0.021043919026851654,
                     'learner_version': 24832,
                     'log_rho_max': 1.6689176559448242,
                     'log_rho_mean': -0.2293073832988739,
                     'log_rho_p95': 0.9642777442932129,
                     'reverse_kl': 0.02251192182302475,
                     'target': None,
                     'vtrace_rho_clipped_fraction': 0.359375},
 'Entropy': {'cart': -0.0,
             'city_tile': 0.17755816876888275,
             'overall': 0.5629404336214066,
             'worker': 0.3853822648525238},
 'Env': {'carts_final': nan,
         'carts_peak': nan,
         'city_tiles_final': nan,
         'city_tiles_peak': nan,
         'max_cumulative_rewards': nan,
         'mean_cumulative_reward_magnitudes': nan,
         'mean_cumulative_rewards': nan,
         'research_points': nan,
         'separate_cities_final': nan,
         'separate_cities_peak': nan,
         'step': nan,
         'workers_final': nan,
         'workers_peak': nan},
 'Gradient': {'clipped': 1.0, 'norm_before_clip': 28.6004581451416},
 'Intent': {'accuracy': nan,
            'target_build': 0,
            'target_deliver': 0,
            'target_mine': 0,
            'target_return': 0},
 'Loss': {'baseline_loss': 0.10058173537254333,
          'behavior_kl_loss': 0.0,
          'entropy_loss': -0.11706539988517761,
          'intent_aux_loss': 0.0,
          'rule_aux_loss': 0.0,
          'teacher_baseline_loss': 0.0,
          'teacher_kl_loss': 0.0,
          'total_loss': 1.6079400777816772,
          'upgo_pg_loss': 4.572358131408691,
          'vtrace_pg_loss': -2.94793438911438},
 'Misc': {'actor_policy_tta_rot180': 1.0,
          'league_opponents': {'first_place': 0.25, 'selfplay': 0.75},
          'learning_rate': 4.8770816e-05,
          'teacher_kl_cost': 0.0,
          'teacher_policy_tta_rot180': 1.0,
          'total_games_played': 50},
 'Normalized_Entropy': {'cart': 0.0,
                        'city_tile': 0.1674777716398239,
                        'overall': 0.23040550391352366,
                        'worker': 0.24021992087364197},
 'Teacher_KL_Divergence': {'cart': 0.0,
                           'city_tile': 0.0,
                           'overall': 0.0,
                           'worker': 0.0},
 'Value': {'bias': 1.2194504961371422e-08,
           'explained_variance': 0.7244327664375305,
           'support_outside_fraction': 0.0,
           'target_std': 0.10304825007915497}}[0m
[[36m2026-08-16 10:05:05,035[0m][[34mroot[0m][[32mINFO[0m] - Steps 25088 @ 38.4 SPS / 0.6 BPS. Stats:
{'Actions': {'cart': {'MOVE': nan, 'NO-OP': nan, 'TRANSFER': nan},
             'city_tile': {'BUILD_CART': nan,
                           'BUILD_WORKER': nan,
                           'NO-OP': nan,
                           'RESEARCH': nan},
             'worker': {'BUILD_CITY': nan,
                        'MOVE': nan,
                        'NO-OP': nan,
                        'PILLAGE': nan,
                        'TRANSFER': nan}},
 'Active_Entities': {'cart': 6, 'city_tile': 135, 'worker': 687},
 'Behavior_Policy': {'actor_version_max': 24832,
                     'actor_version_min': 24320,
                     'beta': 0.0,
                     'buffer_lag_max': 704,
                     'ema_kl': None,
                     'forward_kl': 0.021992066875100136,
                     'learner_version': 25024,
                     'log_rho_max': 2.1900672912597656,
                     'log_rho_mean': -0.15191411972045898,
                     'log_rho_p95': 0.6976237297058105,
                     'reverse_kl': 0.022412188351154327,
                     'target': None,
                     'vtrace_rho_clipped_fraction': 0.1875},
 'Entropy': {'cart': 1.472814917564392,
             'city_tile': 0.46969130635261536,
             'overall': 2.550092250108719,
             'worker': 0.6075860261917114},
 'Env': {'carts_final': nan,
         'carts_peak': nan,
         'city_tiles_final': nan,
         'city_tiles_peak': nan,
         'max_cumulative_rewards': nan,
         'mean_cumulative_reward_magnitudes': nan,
         'mean_cumulative_rewards': nan,
         'research_points': nan,
         'separate_cities_final': nan,
         'separate_cities_peak': nan,
         'step': nan,
         'workers_final': nan,
         'workers_peak': nan},
 'Gradient': {'clipped': 1.0, 'norm_before_clip': 21.932310104370117},
 'Intent': {'accuracy': nan,
            'target_build': 0,
            'target_deliver': 0,
            'target_mine': 0,
            'target_return': 0},
 'Loss': {'baseline_loss': 0.055657804012298584,
          'behavior_kl_loss': 0.0,
          'entropy_loss': -0.09793135523796082,
          'intent_aux_loss': 0.0,
          'rule_aux_loss': 0.0,
          'teacher_baseline_loss': 0.0,
          'teacher_kl_loss': 0.0,
          'total_loss': 1.0331578254699707,
          'upgo_pg_loss': 3.5991108417510986,
          'vtrace_pg_loss': -2.523679494857788},
 'Misc': {'actor_policy_tta_rot180': 1.0,
          'league_opponents': {'first_place': 1.0, 'selfplay': 0.0},
          'learning_rate': 4.8761312e-05,
          'teacher_kl_cost': 0.0,
          'teacher_policy_tta_rot180': 1.0,
          'total_games_played': 50},
 'Normalized_Entropy': {'cart': 0.9578081965446472,
                        'city_tile': 0.48351654410362244,
                        'overall': 0.4155219393795815,
                        'worker': 0.3974244296550751},
 'Teacher_KL_Divergence': {'cart': 0.0,
                           'city_tile': 0.0,
                           'overall': 0.0,
                           'worker': 0.0},
 'Value': {'bias': 2.7066562324762344e-09,
           'explained_variance': 0.9806336164474487,
           'support_outside_fraction': 0.0,
           'target_std': 0.29968389868736267}}[0m
[[36m2026-08-16 10:05:10,045[0m][[34mroot[0m][[32mINFO[0m] - Steps 25344 @ 51.2 SPS / 0.8 BPS. Stats:
{'Actions': {'cart': {'MOVE': 0.7766, 'NO-OP': 0.216, 'TRANSFER': 0.0074},
             'city_tile': {'BUILD_CART': 0.03789841120330226,
                           'BUILD_WORKER': 0.0703392295651933,
                           'NO-OP': 0.8746415857493108,
                           'RESEARCH': 0.017120773482193565},
             'worker': {'BUILD_CITY': 0.014861793270071368,
                        'MOVE': 0.4736699887145741,
                        'NO-OP': 0.4703638357732106,
                        'PILLAGE': 0.007359369287746571,
                        'TRANSFER': 0.033745012954397344}},
 'Active_Entities': {'cart': 58, 'city_tile': 335, 'worker': 537},
 'Behavior_Policy': {'actor_version_max': 25088,
                     'actor_version_min': 24320,
                     'beta': 0.0,
                     'buffer_lag_max': 960,
                     'ema_kl': None,
                     'forward_kl': 0.016441624611616135,
                     'learner_version': 25280,
                     'log_rho_max': 1.6744375228881836,
                     'log_rho_mean': -0.07501646876335144,
                     'log_rho_p95': 0.2664484679698944,
                     'reverse_kl': 0.014501627534627914,
                     'target': None,
                     'vtrace_rho_clipped_fraction': 0.3203125},
 'Entropy': {'cart': 1.5756425857543945,
             'city_tile': 0.38743823766708374,
             'overall': 2.671021044254303,
             'worker': 0.7079402208328247},
 'Env': {'carts_final': 5.6666669845581055,
         'carts_peak': 15.166666984558105,
         'city_tiles_final': 88.83333587646484,
         'city_tiles_peak': 106.0,
         'max_cumulative_rewards': 1.0,
         'mean_cumulative_reward_magnitudes': 1.0,
         'mean_cumulative_rewards': 0.0,
         'research_points': 206.0,
         'separate_cities_final': 4.1666669845581055,
         'separate_cities_peak': 15.333333969116211,
         'step': 361.0,
         'workers_final': 60.5,
         'workers_peak': 75.0},
 'Gradient': {'clipped': 1.0, 'norm_before_clip': 202.77801513671875},
 'Intent': {'accuracy': nan,
            'target_build': 0,
            'target_deliver': 0,
            'target_mine': 0,
            'target_return': 0},
 'Loss': {'baseline_loss': 1.1134763956069946,
          'behavior_kl_loss': 0.0,
          'entropy_loss': -0.12026859074831009,
          'intent_aux_loss': 0.0,
          'rule_aux_loss': 0.0,
          'teacher_baseline_loss': 0.0,
          'teacher_kl_loss': 0.0,
          'total_loss': -82.19114685058594,
          'upgo_pg_loss': -28.24199867248535,
          'vtrace_pg_loss': -54.94235610961914},
 'Misc': {'actor_policy_tta_rot180': 1.0,
          'league_opponents': {'first_place': 0.75, 'selfplay': 0.25},
          'learning_rate': 4.874864e-05,
          'teacher_kl_cost': 0.0,
          'teacher_policy_tta_rot180': 1.0,
          'total_games_played': 64},
 'Normalized_Entropy': {'cart': 0.9932891726493835,
                        'city_tile': 0.3547951579093933,
                        'overall': 0.4482277412247914,
                        'worker': 0.4476436674594879},
 'Teacher_KL_Divergence': {'cart': 0.0,
                           'city_tile': 0.0,
                           'overall': 0.0,
                           'worker': 0.0},
 'Value': {'bias': 7.275957614183426e-10,
           'explained_variance': 0.6834224462509155,
           'support_outside_fraction': 0.0,
           'target_std': 0.3001691401004791}}[0m
[[36m2026-08-16 10:05:15,052[0m][[34mroot[0m][[32mINFO[0m] - Steps 25472 @ 25.6 SPS / 0.4 BPS. Stats:
{'Actions': {'cart': {'MOVE': nan, 'NO-OP': nan, 'TRANSFER': nan},
             'city_tile': {'BUILD_CART': nan,
                           'BUILD_WORKER': nan,
                           'NO-OP': nan,
                           'RESEARCH': nan},
             'worker': {'BUILD_CITY': nan,
                        'MOVE': nan,
                        'NO-OP': nan,
                        'PILLAGE': nan,
                        'TRANSFER': nan}},
 'Active_Entities': {'cart': 49, 'city_tile': 692, 'worker': 927},
 'Behavior_Policy': {'actor_version_max': 25344,
                     'actor_version_min': 24832,
                     'beta': 0.0,
                     'buffer_lag_max': 576,
                     'ema_kl': None,
                     'forward_kl': 0.014749910682439804,
                     'learner_version': 25408,
                     'log_rho_max': 1.9989604949951172,
                     'log_rho_mean': -0.16134950518608093,
                     'log_rho_p95': 0.9244685769081116,
                     'reverse_kl': 0.014969252981245518,
                     'target': None,
                     'vtrace_rho_clipped_fraction': 0.1796875},
 'Entropy': {'cart': 1.4709855318069458,
             'city_tile': 0.18122230470180511,
             'overall': 2.3952895253896713,
             'worker': 0.7430816888809204},
 'Env': {'carts_final': nan,
         'carts_peak': nan,
         'city_tiles_final': nan,
         'city_tiles_peak': nan,
         'max_cumulative_rewards': nan,
         'mean_cumulative_reward_magnitudes': nan,
         'mean_cumulative_rewards': nan,
         'research_points': nan,
         'separate_cities_final': nan,
         'separate_cities_peak': nan,
         'step': nan,
         'workers_final': nan,
         'workers_peak': nan},
 'Gradient': {'clipped': 1.0, 'norm_before_clip': 12.885629653930664},
 'Intent': {'accuracy': nan,
            'target_build': 0,
            'target_deliver': 0,
            'target_mine': 0,
            'target_return': 0},
 'Loss': {'baseline_loss': 0.016464507207274437,
          'behavior_kl_loss': 0.0,
          'entropy_loss': -0.17726416885852814,
          'intent_aux_loss': 0.0,
          'rule_aux_loss': 0.0,
          'teacher_baseline_loss': 0.0,
          'teacher_kl_loss': 0.0,
          'total_loss': 3.1253840923309326,
          'upgo_pg_loss': 4.234169960021973,
          'vtrace_pg_loss': -0.9479862451553345},
 'Misc': {'actor_policy_tta_rot180': 1.0,
          'league_opponents': {'first_place': 1.0, 'selfplay': 0.0},
          'learning_rate': 4.8742304e-05,
          'teacher_kl_cost': 0.0,
          'teacher_policy_tta_rot180': 1.0,
          'total_games_played': 64},
 'Normalized_Entropy': {'cart': 0.9482464790344238,
                        'city_tile': 0.1822933405637741,
                        'overall': 0.3681944232049892,
                        'worker': 0.4763076901435852},
 'Teacher_KL_Divergence': {'cart': 0.0,
                           'city_tile': 0.0,
                           'overall': 0.0,
                           'worker': 0.0},
 'Value': {'bias': 2.371962182223797e-09,
           'explained_variance': 0.9946587085723877,
           'support_outside_fraction': 0.0,
           'target_std': 0.3103668689727783}}[0m
[[36m2026-08-16 10:05:20,061[0m][[34mroot[0m][[32mINFO[0m] - Steps 25856 @ 76.7 SPS / 1.2 BPS. Stats:
{'Actions': {'cart': {'MOVE': nan, 'NO-OP': nan, 'TRANSFER': nan},
             'city_tile': {'BUILD_CART': nan,
                           'BUILD_WORKER': nan,
                           'NO-OP': nan,
                           'RESEARCH': nan},
             'worker': {'BUILD_CITY': nan,
                        'MOVE': nan,
                        'NO-OP': nan,
                        'PILLAGE': nan,
                        'TRANSFER': nan}},
 'Active_Entities': {'cart': 0, 'city_tile': 168, 'worker': 628},
 'Behavior_Policy': {'actor_version_max': 25536,
                     'actor_version_min': 25088,
                     'beta': 0.0,
                     'buffer_lag_max': 704,
                     'ema_kl': None,
                     'forward_kl': 0.026259729638695717,
                     'learner_version': 25792,
                     'log_rho_max': 1.4322795867919922,
                     'log_rho_mean': -0.15579438209533691,
                     'log_rho_p95': 0.4209837019443512,
                     'reverse_kl': 0.02717077173292637,
                     'target': None,
                     'vtrace_rho_clipped_fraction': 0.2265625},
 'Entropy': {'cart': -0.0,
             'city_tile': 0.19063380360603333,
             'overall': 0.5094083547592163,
             'worker': 0.318774551153183},
 'Env': {'carts_final': nan,
         'carts_peak': nan,
         'city_tiles_final': nan,
         'city_tiles_peak': nan,
         'max_cumulative_rewards': nan,
         'mean_cumulative_reward_magnitudes': nan,
         'mean_cumulative_rewards': nan,
         'research_points': nan,
         'separate_cities_final': nan,
         'separate_cities_peak': nan,
         'step': nan,
         'workers_final': nan,
         'workers_peak': nan},
 'Gradient': {'clipped': 1.0, 'norm_before_clip': 18.89896583557129},
 'Intent': {'accuracy': nan,
            'target_build': 0,
            'target_deliver': 0,
            'target_mine': 0,
            'target_return': 0},
 'Loss': {'baseline_loss': 0.02201741188764572,
          'behavior_kl_loss': 0.0,
          'entropy_loss': -0.04644337669014931,
          'intent_aux_loss': 0.0,
          'rule_aux_loss': 0.0,
          'teacher_baseline_loss': 0.0,
          'teacher_kl_loss': 0.0,
          'total_loss': 0.3341374695301056,
          'upgo_pg_loss': 1.759341835975647,
          'vtrace_pg_loss': -1.4007784128189087},
 'Misc': {'actor_policy_tta_rot180': 1.0,
          'league_opponents': {'first_place': 0.75, 'selfplay': 0.25},
          'learning_rate': 4.8723296000000004e-05,
          'teacher_kl_cost': 0.0,
          'teacher_policy_tta_rot180': 1.0,
          'total_games_played': 64},
 'Normalized_Entropy': {'cart': 0.0,
                        'city_tile': 0.170452281832695,
                        'overall': 0.19729898166117357,
                        'worker': 0.20448090136051178},
 'Teacher_KL_Divergence': {'cart': 0.0,
                           'city_tile': 0.0,
                           'overall': 0.0,
                           'worker': 0.0},
 'Value': {'bias': 3.4924596548080444e-10,
           'explained_variance': 0.8030891418457031,
           'support_outside_fraction': 0.0,
           'target_std': 0.050386302173137665}}[0m
[[36m2026-08-16 10:05:25,069[0m][[34mroot[0m][[32mINFO[0m] - Steps 25856 @ 0.0 SPS / 0.0 BPS. Stats:
{'Actions': {'cart': {'MOVE': nan, 'NO-OP': nan, 'TRANSFER': nan},
             'city_tile': {'BUILD_CART': nan,
                           'BUILD_WORKER': nan,
                           'NO-OP': nan,
                           'RESEARCH': nan},
             'worker': {'BUILD_CITY': nan,
                        'MOVE': nan,
                        'NO-OP': nan,
                        'PILLAGE': nan,
                        'TRANSFER': nan}},
 'Active_Entities': {'cart': 0, 'city_tile': 168, 'worker': 628},
 'Behavior_Policy': {'actor_version_max': 25536,
                     'actor_version_min': 25088,
                     'beta': 0.0,
                     'buffer_lag_max': 704,
                     'ema_kl': None,
                     'forward_kl': 0.026259729638695717,
                     'learner_version': 25792,
                     'log_rho_max': 1.4322795867919922,
                     'log_rho_mean': -0.15579438209533691,
                     'log_rho_p95': 0.4209837019443512,
                     'reverse_kl': 0.02717077173292637,
                     'target': None,
                     'vtrace_rho_clipped_fraction': 0.2265625},
 'Entropy': {'cart': -0.0,
             'city_tile': 0.19063380360603333,
             'overall': 0.5094083547592163,
             'worker': 0.318774551153183},
 'Env': {'carts_final': nan,
         'carts_peak': nan,
         'city_tiles_final': nan,
         'city_tiles_peak': nan,
         'max_cumulative_rewards': nan,
         'mean_cumulative_reward_magnitudes': nan,
         'mean_cumulative_rewards': nan,
         'research_points': nan,
         'separate_cities_final': nan,
         'separate_cities_peak': nan,
         'step': nan,
         'workers_final': nan,
         'workers_peak': nan},
 'Gradient': {'clipped': 1.0, 'norm_before_clip': 18.89896583557129},
 'Intent': {'accuracy': nan,
            'target_build': 0,
            'target_deliver': 0,
            'target_mine': 0,
            'target_return': 0},
 'Loss': {'baseline_loss': 0.02201741188764572,
          'behavior_kl_loss': 0.0,
          'entropy_loss': -0.04644337669014931,
          'intent_aux_loss': 0.0,
          'rule_aux_loss': 0.0,
          'teacher_baseline_loss': 0.0,
          'teacher_kl_loss': 0.0,
          'total_loss': 0.3341374695301056,
          'upgo_pg_loss': 1.759341835975647,
          'vtrace_pg_loss': -1.4007784128189087},
 'Misc': {'actor_policy_tta_rot180': 1.0,
          'league_opponents': {'first_place': 0.75, 'selfplay': 0.25},
          'learning_rate': 4.8723296000000004e-05,
          'teacher_kl_cost': 0.0,
          'teacher_policy_tta_rot180': 1.0,
          'total_games_played': 64},
 'Normalized_Entropy': {'cart': 0.0,
                        'city_tile': 0.170452281832695,
                        'overall': 0.19729898166117357,
                        'worker': 0.20448090136051178},
 'Teacher_KL_Divergence': {'cart': 0.0,
                           'city_tile': 0.0,
                           'overall': 0.0,
                           'worker': 0.0},
 'Value': {'bias': 3.4924596548080444e-10,
           'explained_variance': 0.8030891418457031,
           'support_outside_fraction': 0.0,
           'target_std': 0.050386302173137665}}[0m
[[36m2026-08-16 10:05:30,075[0m][[34mroot[0m][[32mINFO[0m] - Steps 26112 @ 51.2 SPS / 0.8 BPS. Stats:
{'Actions': {'cart': {'MOVE': nan, 'NO-OP': nan, 'TRANSFER': nan},
             'city_tile': {'BUILD_CART': nan,
                           'BUILD_WORKER': nan,
                           'NO-OP': nan,
                           'RESEARCH': nan},
             'worker': {'BUILD_CITY': nan,
                        'MOVE': nan,
                        'NO-OP': nan,
                        'PILLAGE': nan,
                        'TRANSFER': nan}},
 'Active_Entities': {'cart': 14, 'city_tile': 263, 'worker': 781},
 'Behavior_Policy': {'actor_version_max': 25856,
                     'actor_version_min': 25344,
                     'beta': 0.0,
                     'buffer_lag_max': 704,
                     'ema_kl': None,
                     'forward_kl': 0.01471993513405323,
                     'learner_version': 26048,
                     'log_rho_max': 0.7244224548339844,
                     'log_rho_mean': -0.18326368927955627,
                     'log_rho_p95': 0.35918793082237244,
                     'reverse_kl': 0.015733052045106888,
                     'target': None,
                     'vtrace_rho_clipped_fraction': 0.1328125},
 'Entropy': {'cart': 1.4826724529266357,
             'city_tile': 0.23010759055614471,
             'overall': 2.3678385466337204,
             'worker': 0.6550585031509399},
 'Env': {'carts_final': nan,
         'carts_peak': nan,
         'city_tiles_final': nan,
         'city_tiles_peak': nan,
         'max_cumulative_rewards': nan,
         'mean_cumulative_reward_magnitudes': nan,
         'mean_cumulative_rewards': nan,
         'research_points': nan,
         'separate_cities_final': nan,
         'separate_cities_peak': nan,
         'step': nan,
         'workers_final': nan,
         'workers_peak': nan},
 'Gradient': {'clipped': 1.0, 'norm_before_clip': 21.257614135742188},
 'Intent': {'accuracy': nan,
            'target_build': 0,
            'target_deliver': 0,
            'target_mine': 0,
            'target_return': 0},
 'Loss': {'baseline_loss': 0.055980291217565536,
          'behavior_kl_loss': 0.0,
          'entropy_loss': -0.11857527494430542,
          'intent_aux_loss': 0.0,
          'rule_aux_loss': 0.0,
          'teacher_baseline_loss': 0.0,
          'teacher_kl_loss': 0.0,
          'total_loss': 3.806925058364868,
          'upgo_pg_loss': 5.737081527709961,
          'vtrace_pg_loss': -1.8675613403320312},
 'Misc': {'actor_policy_tta_rot180': 1.0,
          'league_opponents': {'first_place': 1.0, 'selfplay': 0.0},
          'learning_rate': 4.8710624000000007e-05,
          'teacher_kl_cost': 0.0,
          'teacher_policy_tta_rot180': 1.0,
          'total_games_played': 64},
 'Normalized_Entropy': {'cart': 0.9686656594276428,
                        'city_tile': 0.2156643271446228,
                        'overall': 0.3711495672991686,
                        'worker': 0.4127979576587677},
 'Teacher_KL_Divergence': {'cart': 0.0,
                           'city_tile': 0.0,
                           'overall': 0.0,
                           'worker': 0.0},
 'Value': {'bias': -4.802132025361061e-10,
           'explained_variance': 0.9867714047431946,
           'support_outside_fraction': 0.0,
           'target_std': 0.36365196108818054}}[0m
[[36m2026-08-16 10:05:35,082[0m][[34mroot[0m][[32mINFO[0m] - Steps 26240 @ 25.6 SPS / 0.4 BPS. Stats:
{'Actions': {'cart': {'MOVE': nan, 'NO-OP': nan, 'TRANSFER': nan},
             'city_tile': {'BUILD_CART': nan,
                           'BUILD_WORKER': nan,
                           'NO-OP': nan,
                           'RESEARCH': nan},
             'worker': {'BUILD_CITY': nan,
                        'MOVE': nan,
                        'NO-OP': nan,
                        'PILLAGE': nan,
                        'TRANSFER': nan}},
 'Active_Entities': {'cart': 0, 'city_tile': 120, 'worker': 581},
 'Behavior_Policy': {'actor_version_max': 26112,
                     'actor_version_min': 25600,
                     'beta': 0.0,
                     'buffer_lag_max': 576,
                     'ema_kl': None,
                     'forward_kl': 0.03011249378323555,
                     'learner_version': 26176,
                     'log_rho_max': 1.2707526683807373,
                     'log_rho_mean': -0.1563401073217392,
                     'log_rho_p95': 0.6592921018600464,
                     'reverse_kl': 0.029127348214387894,
                     'target': None,
                     'vtrace_rho_clipped_fraction': 0.2265625},
 'Entropy': {'cart': -0.0,
             'city_tile': 0.1761285811662674,
             'overall': 0.4872525483369827,
             'worker': 0.31112396717071533},
 'Env': {'carts_final': nan,
         'carts_peak': nan,
         'city_tiles_final': nan,
         'city_tiles_peak': nan,
         'max_cumulative_rewards': nan,
         'mean_cumulative_reward_magnitudes': nan,
         'mean_cumulative_rewards': nan,
         'research_points': nan,
         'separate_cities_final': nan,
         'separate_cities_peak': nan,
         'step': nan,
         'workers_final': nan,
         'workers_peak': nan},
 'Gradient': {'clipped': 1.0, 'norm_before_clip': 15.715741157531738},
 'Intent': {'accuracy': nan,
            'target_build': 0,
            'target_deliver': 0,
            'target_mine': 0,
            'target_return': 0},
 'Loss': {'baseline_loss': 0.01748732104897499,
          'behavior_kl_loss': 0.0,
          'entropy_loss': -0.040379688143730164,
          'intent_aux_loss': 0.0,
          'rule_aux_loss': 0.0,
          'teacher_baseline_loss': 0.0,
          'teacher_kl_loss': 0.0,
          'total_loss': 2.6281819343566895,
          'upgo_pg_loss': 2.535888195037842,
          'vtrace_pg_loss': 0.11518622934818268},
 'Misc': {'actor_policy_tta_rot180': 1.0,
          'league_opponents': {'first_place': 0.75, 'selfplay': 0.25},
          'learning_rate': 4.8704288e-05,
          'teacher_kl_cost': 0.0,
          'teacher_policy_tta_rot180': 1.0,
          'total_games_played': 64},
 'Normalized_Entropy': {'cart': 0.0,
                        'city_tile': 0.24078217148780823,
                        'overall': 0.20811967413537683,
                        'worker': 0.20137354731559753},
 'Teacher_KL_Divergence': {'cart': 0.0,
                           'city_tile': 0.0,
                           'overall': 0.0,
                           'worker': 0.0},
 'Value': {'bias': 9.371433407068253e-09,
           'explained_variance': 0.9581584334373474,
           'support_outside_fraction': 0.0,
           'target_std': 0.10491647571325302}}[0m
[[36m2026-08-16 10:05:40,091[0m][[34mroot[0m][[32mINFO[0m] - Steps 26624 @ 76.7 SPS / 1.2 BPS. Stats:
{'Actions': {'cart': {'MOVE': nan, 'NO-OP': nan, 'TRANSFER': nan},
             'city_tile': {'BUILD_CART': nan,
                           'BUILD_WORKER': nan,
                           'NO-OP': nan,
                           'RESEARCH': nan},
             'worker': {'BUILD_CITY': nan,
                        'MOVE': nan,
                        'NO-OP': nan,
                        'PILLAGE': nan,
                        'TRANSFER': nan}},
 'Active_Entities': {'cart': 58, 'city_tile': 395, 'worker': 689},
 'Behavior_Policy': {'actor_version_max': 26240,
                     'actor_version_min': 25856,
                     'beta': 0.0,
                     'buffer_lag_max': 704,
                     'ema_kl': None,
                     'forward_kl': 0.009131554514169693,
                     'learner_version': 26560,
                     'log_rho_max': 1.1648750305175781,
                     'log_rho_mean': -0.08781176060438156,
                     'log_rho_p95': 0.560146689414978,
                     'reverse_kl': 0.00942367035895586,
                     'target': None,
                     'vtrace_rho_clipped_fraction': 0.2421875},
 'Entropy': {'cart': 1.4781997203826904,
             'city_tile': 0.06151489168405533,
             'overall': 2.328733004629612,
             'worker': 0.7890183925628662},
 'Env': {'carts_final': nan,
         'carts_peak': nan,
         'city_tiles_final': nan,
         'city_tiles_peak': nan,
         'max_cumulative_rewards': nan,
         'mean_cumulative_reward_magnitudes': nan,
         'mean_cumulative_rewards': nan,
         'research_points': nan,
         'separate_cities_final': nan,
         'separate_cities_peak': nan,
         'step': nan,
         'workers_final': nan,
         'workers_peak': nan},
 'Gradient': {'clipped': 1.0, 'norm_before_clip': 17.866039276123047},
 'Intent': {'accuracy': nan,
            'target_build': 0,
            'target_deliver': 0,
            'target_mine': 0,
            'target_return': 0},
 'Loss': {'baseline_loss': 0.03299308568239212,
          'behavior_kl_loss': 0.0,
          'entropy_loss': -0.13073351979255676,
          'intent_aux_loss': 0.0,
          'rule_aux_loss': 0.0,
          'teacher_baseline_loss': 0.0,
          'teacher_kl_loss': 0.0,
          'total_loss': 5.081315517425537,
          'upgo_pg_loss': 5.914572238922119,
          'vtrace_pg_loss': -0.7355167269706726},
 'Misc': {'actor_policy_tta_rot180': 1.0,
          'league_opponents': {'first_place': 1.0, 'selfplay': 0.0},
          'learning_rate': 4.868528e-05,
          'teacher_kl_cost': 0.0,
          'teacher_policy_tta_rot180': 1.0,
          'total_games_played': 64},
 'Normalized_Entropy': {'cart': 0.9689351916313171,
                        'city_tile': 0.0593305267393589,
                        'overall': 0.36434125374095766,
                        'worker': 0.48830756545066833},
 'Teacher_KL_Divergence': {'cart': 0.0,
                           'city_tile': 0.0,
                           'overall': 0.0,
                           'worker': 0.0},
 'Value': {'bias': -2.7939677238464355e-09,
           'explained_variance': 0.9929990768432617,
           'support_outside_fraction': 0.0,
           'target_std': 0.3837597966194153}}[0m
[[36m2026-08-16 10:05:45,106[0m][[34mroot[0m][[32mINFO[0m] - Steps 26624 @ 0.0 SPS / 0.0 BPS. Stats:
{'Actions': {'cart': {'MOVE': nan, 'NO-OP': nan, 'TRANSFER': nan},
             'city_tile': {'BUILD_CART': nan,
                           'BUILD_WORKER': nan,
                           'NO-OP': nan,
                           'RESEARCH': nan},
             'worker': {'BUILD_CITY': nan,
                        'MOVE': nan,
                        'NO-OP': nan,
                        'PILLAGE': nan,
                        'TRANSFER': nan}},
 'Active_Entities': {'cart': 58, 'city_tile': 395, 'worker': 689},
 'Behavior_Policy': {'actor_version_max': 26240,
                     'actor_version_min': 25856,
                     'beta': 0.0,
                     'buffer_lag_max': 704,
                     'ema_kl': None,
                     'forward_kl': 0.009131554514169693,
                     'learner_version': 26560,
                     'log_rho_max': 1.1648750305175781,
                     'log_rho_mean': -0.08781176060438156,
                     'log_rho_p95': 0.560146689414978,
                     'reverse_kl': 0.00942367035895586,
                     'target': None,
                     'vtrace_rho_clipped_fraction': 0.2421875},
 'Entropy': {'cart': 1.4781997203826904,
             'city_tile': 0.06151489168405533,
             'overall': 2.328733004629612,
             'worker': 0.7890183925628662},
 'Env': {'carts_final': nan,
         'carts_peak': nan,
         'city_tiles_final': nan,
         'city_tiles_peak': nan,
         'max_cumulative_rewards': nan,
         'mean_cumulative_reward_magnitudes': nan,
         'mean_cumulative_rewards': nan,
         'research_points': nan,
         'separate_cities_final': nan,
         'separate_cities_peak': nan,
         'step': nan,
         'workers_final': nan,
         'workers_peak': nan},
 'Gradient': {'clipped': 1.0, 'norm_before_clip': 17.866039276123047},
 'Intent': {'accuracy': nan,
            'target_build': 0,
            'target_deliver': 0,
            'target_mine': 0,
            'target_return': 0},
 'Loss': {'baseline_loss': 0.03299308568239212,
          'behavior_kl_loss': 0.0,
          'entropy_loss': -0.13073351979255676,
          'intent_aux_loss': 0.0,
          'rule_aux_loss': 0.0,
          'teacher_baseline_loss': 0.0,
          'teacher_kl_loss': 0.0,
          'total_loss': 5.081315517425537,
          'upgo_pg_loss': 5.914572238922119,
          'vtrace_pg_loss': -0.7355167269706726},
 'Misc': {'actor_policy_tta_rot180': 1.0,
          'league_opponents': {'first_place': 1.0, 'selfplay': 0.0},
          'learning_rate': 4.868528e-05,
          'teacher_kl_cost': 0.0,
          'teacher_policy_tta_rot180': 1.0,
          'total_games_played': 64},
 'Normalized_Entropy': {'cart': 0.9689351916313171,
                        'city_tile': 0.0593305267393589,
                        'overall': 0.36434125374095766,
                        'worker': 0.48830756545066833},
 'Teacher_KL_Divergence': {'cart': 0.0,
                           'city_tile': 0.0,
                           'overall': 0.0,
                           'worker': 0.0},
 'Value': {'bias': -2.7939677238464355e-09,
           'explained_variance': 0.9929990768432617,
           'support_outside_fraction': 0.0,
           'target_std': 0.3837597966194153}}[0m
[[36m2026-08-16 10:05:50,113[0m][[34mroot[0m][[32mINFO[0m] - Steps 26624 @ 0.0 SPS / 0.0 BPS. Stats:
{'Actions': {'cart': {'MOVE': nan, 'NO-OP': nan, 'TRANSFER': nan},
             'city_tile': {'BUILD_CART': nan,
                           'BUILD_WORKER': nan,
                           'NO-OP': nan,
                           'RESEARCH': nan},
             'worker': {'BUILD_CITY': nan,
                        'MOVE': nan,
                        'NO-OP': nan,
                        'PILLAGE': nan,
                        'TRANSFER': nan}},
 'Active_Entities': {'cart': 58, 'city_tile': 395, 'worker': 689},
 'Behavior_Policy': {'actor_version_max': 26240,
                     'actor_version_min': 25856,
                     'beta': 0.0,
                     'buffer_lag_max': 704,
                     'ema_kl': None,
                     'forward_kl': 0.009131554514169693,
                     'learner_version': 26560,
                     'log_rho_max': 1.1648750305175781,
                     'log_rho_mean': -0.08781176060438156,
                     'log_rho_p95': 0.560146689414978,
                     'reverse_kl': 0.00942367035895586,
                     'target': None,
                     'vtrace_rho_clipped_fraction': 0.2421875},
 'Entropy': {'cart': 1.4781997203826904,
             'city_tile': 0.06151489168405533,
             'overall': 2.328733004629612,
             'worker': 0.7890183925628662},
 'Env': {'carts_final': nan,
         'carts_peak': nan,
         'city_tiles_final': nan,
         'city_tiles_peak': nan,
         'max_cumulative_rewards': nan,
         'mean_cumulative_reward_magnitudes': nan,
         'mean_cumulative_rewards': nan,
         'research_points': nan,
         'separate_cities_final': nan,
         'separate_cities_peak': nan,
         'step': nan,
         'workers_final': nan,
         'workers_peak': nan},
 'Gradient': {'clipped': 1.0, 'norm_before_clip': 17.866039276123047},
 'Intent': {'accuracy': nan,
            'target_build': 0,
            'target_deliver': 0,
            'target_mine': 0,
            'target_return': 0},
 'Loss': {'baseline_loss': 0.03299308568239212,
          'behavior_kl_loss': 0.0,
          'entropy_loss': -0.13073351979255676,
          'intent_aux_loss': 0.0,
          'rule_aux_loss': 0.0,
          'teacher_baseline_loss': 0.0,
          'teacher_kl_loss': 0.0,
          'total_loss': 5.081315517425537,
          'upgo_pg_loss': 5.914572238922119,
          'vtrace_pg_loss': -0.7355167269706726},
 'Misc': {'actor_policy_tta_rot180': 1.0,
          'league_opponents': {'first_place': 1.0, 'selfplay': 0.0},
          'learning_rate': 4.868528e-05,
          'teacher_kl_cost': 0.0,
          'teacher_policy_tta_rot180': 1.0,
          'total_games_played': 64},
 'Normalized_Entropy': {'cart': 0.9689351916313171,
                        'city_tile': 0.0593305267393589,
                        'overall': 0.36434125374095766,
                        'worker': 0.48830756545066833},
 'Teacher_KL_Divergence': {'cart': 0.0,
                           'city_tile': 0.0,
                           'overall': 0.0,
                           'worker': 0.0},
 'Value': {'bias': -2.7939677238464355e-09,
           'explained_variance': 0.9929990768432617,
           'support_outside_fraction': 0.0,
           'target_std': 0.3837597966194153}}[0m
[[36m2026-08-16 10:05:55,119[0m][[34mroot[0m][[32mINFO[0m] - Steps 27136 @ 102.3 SPS / 1.6 BPS. Stats:
{'Actions': {'cart': {'MOVE': nan, 'NO-OP': nan, 'TRANSFER': nan},
             'city_tile': {'BUILD_CART': nan,
                           'BUILD_WORKER': nan,
                           'NO-OP': nan,
                           'RESEARCH': nan},
             'worker': {'BUILD_CITY': nan,
                        'MOVE': nan,
                        'NO-OP': nan,
                        'PILLAGE': nan,
                        'TRANSFER': nan}},
 'Active_Entities': {'cart': 0, 'city_tile': 223, 'worker': 1108},
 'Behavior_Policy': {'actor_version_max': 26624,
                     'actor_version_min': 26112,
                     'beta': 0.0,
                     'buffer_lag_max': 960,
                     'ema_kl': None,
                     'forward_kl': 0.030749205499887466,
                     'learner_version': 27072,
                     'log_rho_max': 1.47886323928833,
                     'log_rho_mean': -0.334980845451355,
                     'log_rho_p95': 0.5700334310531616,
                     'reverse_kl': 0.03131952881813049,
                     'target': None,
                     'vtrace_rho_clipped_fraction': 0.1953125},
 'Entropy': {'cart': -0.0,
             'city_tile': 0.203031525015831,
             'overall': 0.585273876786232,
             'worker': 0.382242351770401},
 'Env': {'carts_final': nan,
         'carts_peak': nan,
         'city_tiles_final': nan,
         'city_tiles_peak': nan,
         'max_cumulative_rewards': nan,
         'mean_cumulative_reward_magnitudes': nan,
         'mean_cumulative_rewards': nan,
         'research_points': nan,
         'separate_cities_final': nan,
         'separate_cities_peak': nan,
         'step': nan,
         'workers_final': nan,
         'workers_peak': nan},
 'Gradient': {'clipped': 1.0, 'norm_before_clip': 13.359700202941895},
 'Intent': {'accuracy': nan,
            'target_build': 0,
            'target_deliver': 0,
            'target_mine': 0,
            'target_return': 0},
 'Loss': {'baseline_loss': 0.01336207427084446,
          'behavior_kl_loss': 0.0,
          'entropy_loss': -0.09376010298728943,
          'intent_aux_loss': 0.0,
          'rule_aux_loss': 0.0,
          'teacher_baseline_loss': 0.0,
          'teacher_kl_loss': 0.0,
          'total_loss': 2.872917890548706,
          'upgo_pg_loss': 2.8423714637756348,
          'vtrace_pg_loss': 0.11094421148300171},
 'Misc': {'actor_policy_tta_rot180': 1.0,
          'league_opponents': {'first_place': 0.75, 'selfplay': 0.25},
          'learning_rate': 4.8659936e-05,
          'teacher_kl_cost': 0.0,
          'teacher_policy_tta_rot180': 1.0,
          'total_games_played': 64},
 'Normalized_Entropy': {'cart': 0.0,
                        'city_tile': 0.16248907148838043,
                        'overall': 0.22754636770751044,
                        'worker': 0.24064002931118011},
 'Teacher_KL_Divergence': {'cart': 0.0,
                           'city_tile': 0.0,
                           'overall': 0.0,
                           'worker': 0.0},
 'Value': {'bias': -4.9622030928730965e-09,
           'explained_variance': 0.9419533610343933,
           'support_outside_fraction': 0.0,
           'target_std': 0.07302346080541611}}[0m
[[36m2026-08-16 10:06:00,129[0m][[34mroot[0m][[32mINFO[0m] - Steps 27136 @ 0.0 SPS / 0.0 BPS. Stats:
{'Actions': {'cart': {'MOVE': nan, 'NO-OP': nan, 'TRANSFER': nan},
             'city_tile': {'BUILD_CART': nan,
                           'BUILD_WORKER': nan,
                           'NO-OP': nan,
                           'RESEARCH': nan},
             'worker': {'BUILD_CITY': nan,
                        'MOVE': nan,
                        'NO-OP': nan,
                        'PILLAGE': nan,
                        'TRANSFER': nan}},
 'Active_Entities': {'cart': 0, 'city_tile': 223, 'worker': 1108},
 'Behavior_Policy': {'actor_version_max': 26624,
                     'actor_version_min': 26112,
                     'beta': 0.0,
                     'buffer_lag_max': 960,
                     'ema_kl': None,
                     'forward_kl': 0.030749205499887466,
                     'learner_version': 27072,
                     'log_rho_max': 1.47886323928833,
                     'log_rho_mean': -0.334980845451355,
                     'log_rho_p95': 0.5700334310531616,
                     'reverse_kl': 0.03131952881813049,
                     'target': None,
                     'vtrace_rho_clipped_fraction': 0.1953125},
 'Entropy': {'cart': -0.0,
             'city_tile': 0.203031525015831,
             'overall': 0.585273876786232,
             'worker': 0.382242351770401},
 'Env': {'carts_final': nan,
         'carts_peak': nan,
         'city_tiles_final': nan,
         'city_tiles_peak': nan,
         'max_cumulative_rewards': nan,
         'mean_cumulative_reward_magnitudes': nan,
         'mean_cumulative_rewards': nan,
         'research_points': nan,
         'separate_cities_final': nan,
         'separate_cities_peak': nan,
         'step': nan,
         'workers_final': nan,
         'workers_peak': nan},
 'Gradient': {'clipped': 1.0, 'norm_before_clip': 13.359700202941895},
 'Intent': {'accuracy': nan,
            'target_build': 0,
            'target_deliver': 0,
            'target_mine': 0,
            'target_return': 0},
 'Loss': {'baseline_loss': 0.01336207427084446,
          'behavior_kl_loss': 0.0,
          'entropy_loss': -0.09376010298728943,
          'intent_aux_loss': 0.0,
          'rule_aux_loss': 0.0,
          'teacher_baseline_loss': 0.0,
          'teacher_kl_loss': 0.0,
          'total_loss': 2.872917890548706,
          'upgo_pg_loss': 2.8423714637756348,
          'vtrace_pg_loss': 0.11094421148300171},
 'Misc': {'actor_policy_tta_rot180': 1.0,
          'league_opponents': {'first_place': 0.75, 'selfplay': 0.25},
          'learning_rate': 4.8659936e-05,
          'teacher_kl_cost': 0.0,
          'teacher_policy_tta_rot180': 1.0,
          'total_games_played': 64},
 'Normalized_Entropy': {'cart': 0.0,
                        'city_tile': 0.16248907148838043,
                        'overall': 0.22754636770751044,
                        'worker': 0.24064002931118011},
 'Teacher_KL_Divergence': {'cart': 0.0,
                           'city_tile': 0.0,
                           'overall': 0.0,
                           'worker': 0.0},
 'Value': {'bias': -4.9622030928730965e-09,
           'explained_variance': 0.9419533610343933,
           'support_outside_fraction': 0.0,
           'target_std': 0.07302346080541611}}[0m
[[36m2026-08-16 10:06:05,140[0m][[34mroot[0m][[32mINFO[0m] - Steps 27392 @ 51.1 SPS / 0.8 BPS. Stats:
{'Actions': {'cart': {'MOVE': nan, 'NO-OP': nan, 'TRANSFER': nan},
             'city_tile': {'BUILD_CART': nan,
                           'BUILD_WORKER': nan,
                           'NO-OP': nan,
                           'RESEARCH': nan},
             'worker': {'BUILD_CITY': nan,
                        'MOVE': nan,
                        'NO-OP': nan,
                        'PILLAGE': nan,
                        'TRANSFER': nan}},
 'Active_Entities': {'cart': 38, 'city_tile': 753, 'worker': 641},
 'Behavior_Policy': {'actor_version_max': 27136,
                     'actor_version_min': 26624,
                     'beta': 0.0,
                     'buffer_lag_max': 704,
                     'ema_kl': None,
                     'forward_kl': 0.006578400731086731,
                     'learner_version': 27328,
                     'log_rho_max': 1.559000015258789,
                     'log_rho_mean': -0.08988867700099945,
                     'log_rho_p95': 0.520601749420166,
                     'reverse_kl': 0.006831918843090534,
                     'target': None,
                     'vtrace_rho_clipped_fraction': 0.15625},
 'Entropy': {'cart': 1.4488394260406494,
             'city_tile': 0.1117684617638588,
             'overall': 2.317702032625675,
             'worker': 0.757094144821167},
 'Env': {'carts_final': nan,
         'carts_peak': nan,
         'city_tiles_final': nan,
         'city_tiles_peak': nan,
         'max_cumulative_rewards': nan,
         'mean_cumulative_reward_magnitudes': nan,
         'mean_cumulative_rewards': nan,
         'research_points': nan,
         'separate_cities_final': nan,
         'separate_cities_peak': nan,
         'step': nan,
         'workers_final': nan,
         'workers_peak': nan},
 'Gradient': {'clipped': 1.0, 'norm_before_clip': 22.130393981933594},
 'Intent': {'accuracy': nan,
            'target_build': 0,
            'target_deliver': 0,
            'target_mine': 0,
            'target_return': 0},
 'Loss': {'baseline_loss': 0.03524613752961159,
          'behavior_kl_loss': 0.0,
          'entropy_loss': -0.12490297853946686,
          'intent_aux_loss': 0.0,
          'rule_aux_loss': 0.0,
          'teacher_baseline_loss': 0.0,
          'teacher_kl_loss': 0.0,
          'total_loss': 3.114863872528076,
          'upgo_pg_loss': 6.379480361938477,
          'vtrace_pg_loss': -3.174959659576416},
 'Misc': {'actor_policy_tta_rot180': 1.0,
          'league_opponents': {'first_place': 1.0, 'selfplay': 0.0},
          'learning_rate': 4.8647264000000006e-05,
          'teacher_kl_cost': 0.0,
          'teacher_policy_tta_rot180': 1.0,
          'total_games_played': 64},
 'Normalized_Entropy': {'cart': 0.9608191251754761,
                        'city_tile': 0.10173603892326355,
                        'overall': 0.2899544627598211,
                        'worker': 0.4712892770767212},
 'Teacher_KL_Divergence': {'cart': 0.0,
                           'city_tile': 0.0,
                           'overall': 0.0,
                           'worker': 0.0},
 'Value': {'bias': -1.3198587112128735e-08,
           'explained_variance': 0.9930934906005859,
           'support_outside_fraction': 0.0,
           'target_std': 0.39934810996055603}}[0m
[[36m2026-08-16 10:06:10,154[0m][[34mroot[0m][[32mINFO[0m] - Steps 27392 @ 0.0 SPS / 0.0 BPS. Stats:
{'Actions': {'cart': {'MOVE': nan, 'NO-OP': nan, 'TRANSFER': nan},
             'city_tile': {'BUILD_CART': nan,
                           'BUILD_WORKER': nan,
                           'NO-OP': nan,
                           'RESEARCH': nan},
             'worker': {'BUILD_CITY': nan,
                        'MOVE': nan,
                        'NO-OP': nan,
                        'PILLAGE': nan,
                        'TRANSFER': nan}},
 'Active_Entities': {'cart': 38, 'city_tile': 753, 'worker': 641},
 'Behavior_Policy': {'actor_version_max': 27136,
                     'actor_version_min': 26624,
                     'beta': 0.0,
                     'buffer_lag_max': 704,
                     'ema_kl': None,
                     'forward_kl': 0.006578400731086731,
                     'learner_version': 27328,
                     'log_rho_max': 1.559000015258789,
                     'log_rho_mean': -0.08988867700099945,
                     'log_rho_p95': 0.520601749420166,
                     'reverse_kl': 0.006831918843090534,
                     'target': None,
                     'vtrace_rho_clipped_fraction': 0.15625},
 'Entropy': {'cart': 1.4488394260406494,
             'city_tile': 0.1117684617638588,
             'overall': 2.317702032625675,
             'worker': 0.757094144821167},
 'Env': {'carts_final': nan,
         'carts_peak': nan,
         'city_tiles_final': nan,
         'city_tiles_peak': nan,
         'max_cumulative_rewards': nan,
         'mean_cumulative_reward_magnitudes': nan,
         'mean_cumulative_rewards': nan,
         'research_points': nan,
         'separate_cities_final': nan,
         'separate_cities_peak': nan,
         'step': nan,
         'workers_final': nan,
         'workers_peak': nan},
 'Gradient': {'clipped': 1.0, 'norm_before_clip': 22.130393981933594},
 'Intent': {'accuracy': nan,
            'target_build': 0,
            'target_deliver': 0,
            'target_mine': 0,
            'target_return': 0},
 'Loss': {'baseline_loss': 0.03524613752961159,
          'behavior_kl_loss': 0.0,
          'entropy_loss': -0.12490297853946686,
          'intent_aux_loss': 0.0,
          'rule_aux_loss': 0.0,
          'teacher_baseline_loss': 0.0,
          'teacher_kl_loss': 0.0,
          'total_loss': 3.114863872528076,
          'upgo_pg_loss': 6.379480361938477,
          'vtrace_pg_loss': -3.174959659576416},
 'Misc': {'actor_policy_tta_rot180': 1.0,
          'league_opponents': {'first_place': 1.0, 'selfplay': 0.0},
          'learning_rate': 4.8647264000000006e-05,
          'teacher_kl_cost': 0.0,
          'teacher_policy_tta_rot180': 1.0,
          'total_games_played': 64},
 'Normalized_Entropy': {'cart': 0.9608191251754761,
                        'city_tile': 0.10173603892326355,
                        'overall': 0.2899544627598211,
                        'worker': 0.4712892770767212},
 'Teacher_KL_Divergence': {'cart': 0.0,
                           'city_tile': 0.0,
                           'overall': 0.0,
                           'worker': 0.0},
 'Value': {'bias': -1.3198587112128735e-08,
           'explained_variance': 0.9930934906005859,
           'support_outside_fraction': 0.0,
           'target_std': 0.39934810996055603}}[0m
[[36m2026-08-16 10:06:15,159[0m][[34mroot[0m][[32mINFO[0m] - Steps 27776 @ 76.7 SPS / 1.2 BPS. Stats:
{'Actions': {'cart': {'MOVE': nan, 'NO-OP': nan, 'TRANSFER': nan},
             'city_tile': {'BUILD_CART': nan,
                           'BUILD_WORKER': nan,
                           'NO-OP': nan,
                           'RESEARCH': nan},
             'worker': {'BUILD_CITY': nan,
                        'MOVE': nan,
                        'NO-OP': nan,
                        'PILLAGE': nan,
                        'TRANSFER': nan}},
 'Active_Entities': {'cart': 356, 'city_tile': 1625, 'worker': 1250},
 'Behavior_Policy': {'actor_version_max': 27648,
                     'actor_version_min': 27136,
                     'beta': 0.0,
                     'buffer_lag_max': 576,
                     'ema_kl': None,
                     'forward_kl': 0.006240903399884701,
                     'learner_version': 27712,
                     'log_rho_max': 1.4547538757324219,
                     'log_rho_mean': -0.09647128731012344,
                     'log_rho_p95': 0.7879972457885742,
                     'reverse_kl': 0.00616245623677969,
                     'target': None,
                     'vtrace_rho_clipped_fraction': 0.2109375},
 'Entropy': {'cart': 1.5511435270309448,
             'city_tile': 0.4879801273345947,
             'overall': 3.225173830986023,
             'worker': 1.1860501766204834},
 'Env': {'carts_final': nan,
         'carts_peak': nan,
         'city_tiles_final': nan,
         'city_tiles_peak': nan,
         'max_cumulative_rewards': nan,
         'mean_cumulative_reward_magnitudes': nan,
         'mean_cumulative_rewards': nan,
         'research_points': nan,
         'separate_cities_final': nan,
         'separate_cities_peak': nan,
         'step': nan,
         'workers_final': nan,
         'workers_peak': nan},
 'Gradient': {'clipped': 1.0, 'norm_before_clip': 19.17823600769043},
 'Intent': {'accuracy': nan,
            'target_build': 0,
            'target_deliver': 0,
            'target_mine': 0,
            'target_return': 0},
 'Loss': {'baseline_loss': 0.010532490909099579,
          'behavior_kl_loss': 0.0,
          'entropy_loss': -0.565547525882721,
          'intent_aux_loss': 0.0,
          'rule_aux_loss': 0.0,
          'teacher_baseline_loss': 0.0,
          'teacher_kl_loss': 0.0,
          'total_loss': 39.24736785888672,
          'upgo_pg_loss': 22.878337860107422,
          'vtrace_pg_loss': 16.924047470092773},
 'Misc': {'actor_policy_tta_rot180': 1.0,
          'league_opponents': {'first_place': 1.0, 'selfplay': 0.0},
          'learning_rate': 4.8628256e-05,
          'teacher_kl_cost': 0.0,
          'teacher_policy_tta_rot180': 1.0,
          'total_games_played': 64},
 'Normalized_Entropy': {'cart': 0.986417293548584,
                        'city_tile': 0.44522130489349365,
                        'overall': 0.6140371000608104,
                        'worker': 0.7274437546730042},
 'Teacher_KL_Divergence': {'cart': 0.0,
                           'city_tile': 0.0,
                           'overall': 0.0,
                           'worker': 0.0},
 'Value': {'bias': -2.6775524020195007e-09,
           'explained_variance': 0.9979501366615295,
           'support_outside_fraction': 0.0,
           'target_std': 0.4007086157798767}}[0m
[[36m2026-08-16 10:06:20,165[0m][[34mroot[0m][[32mINFO[0m] - Steps 27904 @ 25.6 SPS / 0.4 BPS. Stats:
{'Actions': {'cart': {'MOVE': nan, 'NO-OP': nan, 'TRANSFER': nan},
             'city_tile': {'BUILD_CART': nan,
                           'BUILD_WORKER': nan,
                           'NO-OP': nan,
                           'RESEARCH': nan},
             'worker': {'BUILD_CITY': nan,
                        'MOVE': nan,
                        'NO-OP': nan,
                        'PILLAGE': nan,
                        'TRANSFER': nan}},
 'Active_Entities': {'cart': 43, 'city_tile': 933, 'worker': 736},
 'Behavior_Policy': {'actor_version_max': 27648,
                     'actor_version_min': 27136,
                     'beta': 0.0,
                     'buffer_lag_max': 704,
                     'ema_kl': None,
                     'forward_kl': 0.007020032033324242,
                     'learner_version': 27840,
                     'log_rho_max': 0.7995758056640625,
                     'log_rho_mean': -0.10697173327207565,
                     'log_rho_p95': 0.45773929357528687,
                     'reverse_kl': 0.007502198219299316,
                     'target': None,
                     'vtrace_rho_clipped_fraction': 0.1953125},
 'Entropy': {'cart': 1.4919816255569458,
             'city_tile': 0.01886512152850628,
             'overall': 2.335632873699069,
             'worker': 0.8247861266136169},
 'Env': {'carts_final': nan,
         'carts_peak': nan,
         'city_tiles_final': nan,
         'city_tiles_peak': nan,
         'max_cumulative_rewards': nan,
         'mean_cumulative_reward_magnitudes': nan,
         'mean_cumulative_rewards': nan,
         'research_points': nan,
         'separate_cities_final': nan,
         'separate_cities_peak': nan,
         'step': nan,
         'workers_final': nan,
         'workers_peak': nan},
 'Gradient': {'clipped': 1.0, 'norm_before_clip': 11.7168550491333},
 'Intent': {'accuracy': nan,
            'target_build': 0,
            'target_deliver': 0,
            'target_mine': 0,
            'target_return': 0},
 'Loss': {'baseline_loss': 0.012291482649743557,
          'behavior_kl_loss': 0.0,
          'entropy_loss': -0.13775980472564697,
          'intent_aux_loss': 0.0,
          'rule_aux_loss': 0.0,
          'teacher_baseline_loss': 0.0,
          'teacher_kl_loss': 0.0,
          'total_loss': 5.728327751159668,
          'upgo_pg_loss': 6.682589530944824,
          'vtrace_pg_loss': -0.8287936449050903},
 'Misc': {'actor_policy_tta_rot180': 1.0,
          'league_opponents': {'first_place': 1.0, 'selfplay': 0.0},
          'learning_rate': 4.8621920000000004e-05,
          'teacher_kl_cost': 0.0,
          'teacher_policy_tta_rot180': 1.0,
          'total_games_played': 64},
 'Normalized_Entropy': {'cart': 0.970367968082428,
                        'city_tile': 0.017171774059534073,
                        'overall': 0.25157999121322877,
                        'worker': 0.5067362189292908},
 'Teacher_KL_Divergence': {'cart': 0.0,
                           'city_tile': 0.0,
                           'overall': 0.0,
                           'worker': 0.0},
 'Value': {'bias': 8.905772119760513e-09,
           'explained_variance': 0.9978200197219849,
           'support_outside_fraction': 0.0,
           'target_std': 0.41975724697113037}}[0m
[[36m2026-08-16 10:06:25,171[0m][[34mroot[0m][[32mINFO[0m] - Steps 28160 @ 51.2 SPS / 0.8 BPS. Stats:
{'Actions': {'cart': {'MOVE': nan, 'NO-OP': nan, 'TRANSFER': nan},
             'city_tile': {'BUILD_CART': nan,
                           'BUILD_WORKER': nan,
                           'NO-OP': nan,
                           'RESEARCH': nan},
             'worker': {'BUILD_CITY': nan,
                        'MOVE': nan,
                        'NO-OP': nan,
                        'PILLAGE': nan,
                        'TRANSFER': nan}},
 'Active_Entities': {'cart': 0, 'city_tile': 861, 'worker': 1540},
 'Behavior_Policy': {'actor_version_max': 27904,
                     'actor_version_min': 27392,
                     'beta': 0.0,
                     'buffer_lag_max': 704,
                     'ema_kl': None,
                     'forward_kl': 0.018478339537978172,
                     'learner_version': 28096,
                     'log_rho_max': 2.721658706665039,
                     'log_rho_mean': -0.28697729110717773,
                     'log_rho_p95': 0.8306173086166382,
                     'reverse_kl': 0.019344709813594818,
                     'target': None,
                     'vtrace_rho_clipped_fraction': 0.2265625},
 'Entropy': {'cart': -0.0,
             'city_tile': 0.09738580882549286,
             'overall': 0.6462718099355698,
             'worker': 0.5488860011100769},
 'Env': {'carts_final': nan,
         'carts_peak': nan,
         'city_tiles_final': nan,
         'city_tiles_peak': nan,
         'max_cumulative_rewards': nan,
         'mean_cumulative_reward_magnitudes': nan,
         'mean_cumulative_rewards': nan,
         'research_points': nan,
         'separate_cities_final': nan,
         'separate_cities_peak': nan,
         'step': nan,
         'workers_final': nan,
         'workers_peak': nan},
 'Gradient': {'clipped': 1.0, 'norm_before_clip': 18.713029861450195},
 'Intent': {'accuracy': nan,
            'target_build': 0,
            'target_deliver': 0,
            'target_mine': 0,
            'target_return': 0},
 'Loss': {'baseline_loss': 0.0238166656345129,
          'behavior_kl_loss': 0.0,
          'entropy_loss': -0.18582673370838165,
          'intent_aux_loss': 0.0,
          'rule_aux_loss': 0.0,
          'teacher_baseline_loss': 0.0,
          'teacher_kl_loss': 0.0,
          'total_loss': 3.388315439224243,
          'upgo_pg_loss': 3.9754996299743652,
          'vtrace_pg_loss': -0.42517390847206116},
 'Misc': {'actor_policy_tta_rot180': 1.0,
          'league_opponents': {'first_place': 0.75, 'selfplay': 0.25},
          'learning_rate': 4.8609248e-05,
          'teacher_kl_cost': 0.0,
          'teacher_policy_tta_rot180': 1.0,
          'total_games_played': 64},
 'Normalized_Entropy': {'cart': 0.0,
                        'city_tile': 0.086929552257061,
                        'overall': 0.24948656604606279,
                        'worker': 0.34037071466445923},
 'Teacher_KL_Divergence': {'cart': 0.0,
                           'city_tile': 0.0,
                           'overall': 0.0,
                           'worker': 0.0},
 'Value': {'bias': -5.311449058353901e-10,
           'explained_variance': 0.9124462604522705,
           'support_outside_fraction': 0.0,
           'target_std': 0.07982555776834488}}[0m
[[36m2026-08-16 10:06:30,190[0m][[34mroot[0m][[32mINFO[0m] - Steps 28416 @ 51.1 SPS / 0.8 BPS. Stats:
{'Actions': {'cart': {'MOVE': nan, 'NO-OP': nan, 'TRANSFER': nan},
             'city_tile': {'BUILD_CART': nan,
                           'BUILD_WORKER': nan,
                           'NO-OP': nan,
                           'RESEARCH': nan},
             'worker': {'BUILD_CITY': nan,
                        'MOVE': nan,
                        'NO-OP': nan,
                        'PILLAGE': nan,
                        'TRANSFER': nan}},
 'Active_Entities': {'cart': 39, 'city_tile': 844, 'worker': 684},
 'Behavior_Policy': {'actor_version_max': 28032,
                     'actor_version_min': 27648,
                     'beta': 0.0,
                     'buffer_lag_max': 704,
                     'ema_kl': None,
                     'forward_kl': 0.006103757303208113,
                     'learner_version': 28352,
                     'log_rho_max': 1.3781204223632812,
                     'log_rho_mean': -0.0895276591181755,
                     'log_rho_p95': 0.27309149503707886,
                     'reverse_kl': 0.006354370154440403,
                     'target': None,
                     'vtrace_rho_clipped_fraction': 0.1796875},
 'Entropy': {'cart': 1.5019980669021606,
             'city_tile': 0.1067822054028511,
             'overall': 2.2939596250653267,
             'worker': 0.6851793527603149},
 'Env': {'carts_final': nan,
         'carts_peak': nan,
         'city_tiles_final': nan,
         'city_tiles_peak': nan,
         'max_cumulative_rewards': nan,
         'mean_cumulative_reward_magnitudes': nan,
         'mean_cumulative_rewards': nan,
         'research_points': nan,
         'separate_cities_final': nan,
         'separate_cities_peak': nan,
         'step': nan,
         'workers_final': nan,
         'workers_peak': nan},
 'Gradient': {'clipped': 1.0, 'norm_before_clip': 22.75027847290039},
 'Intent': {'accuracy': nan,
            'target_build': 0,
            'target_deliver': 0,
            'target_mine': 0,
            'target_return': 0},
 'Loss': {'baseline_loss': 0.09882301092147827,
          'behavior_kl_loss': 0.0,
          'entropy_loss': -0.12347294390201569,
          'intent_aux_loss': 0.0,
          'rule_aux_loss': 0.0,
          'teacher_baseline_loss': 0.0,
          'teacher_kl_loss': 0.0,
          'total_loss': 0.9631164073944092,
          'upgo_pg_loss': 6.974266052246094,
          'vtrace_pg_loss': -5.986499786376953},
 'Misc': {'actor_policy_tta_rot180': 1.0,
          'league_opponents': {'first_place': 1.0, 'selfplay': 0.0},
          'learning_rate': 4.8596576e-05,
          'teacher_kl_cost': 0.0,
          'teacher_policy_tta_rot180': 1.0,
          'total_games_played': 64},
 'Normalized_Entropy': {'cart': 0.9674361944198608,
                        'city_tile': 0.09719734638929367,
                        'overall': 0.25909649323489004,
                        'worker': 0.41847899556159973},
 'Teacher_KL_Divergence': {'cart': 0.0,
                           'city_tile': 0.0,
                           'overall': 0.0,
                           'worker': 0.0},
 'Value': {'bias': -2.5029294192790985e-09,
           'explained_variance': 0.9845772981643677,
           'support_outside_fraction': 0.0,
           'target_std': 0.4474804699420929}}[0m
[[36m2026-08-16 10:06:35,203[0m][[34mroot[0m][[32mINFO[0m] - Steps 28544 @ 25.6 SPS / 0.4 BPS. Stats:
{'Actions': {'cart': {'MOVE': nan, 'NO-OP': nan, 'TRANSFER': nan},
             'city_tile': {'BUILD_CART': nan,
                           'BUILD_WORKER': nan,
                           'NO-OP': nan,
                           'RESEARCH': nan},
             'worker': {'BUILD_CITY': nan,
                        'MOVE': nan,
                        'NO-OP': nan,
                        'PILLAGE': nan,
                        'TRANSFER': nan}},
 'Active_Entities': {'cart': 561, 'city_tile': 1515, 'worker': 1346},
 'Behavior_Policy': {'actor_version_max': 28416,
                     'actor_version_min': 28096,
                     'beta': 0.0,
                     'buffer_lag_max': 384,
                     'ema_kl': None,
                     'forward_kl': 0.0056143528781831264,
                     'learner_version': 28480,
                     'log_rho_max': 1.66729736328125,
                     'log_rho_mean': -0.18817448616027832,
                     'log_rho_p95': 0.5138937830924988,
                     'reverse_kl': 0.00551256351172924,
                     'target': None,
                     'vtrace_rho_clipped_fraction': 0.1171875},
 'Entropy': {'cart': 1.5610053539276123,
             'city_tile': 0.560746967792511,
             'overall': 3.3496561646461487,
             'worker': 1.2279038429260254},
 'Env': {'carts_final': nan,
         'carts_peak': nan,
         'city_tiles_final': nan,
         'city_tiles_peak': nan,
         'max_cumulative_rewards': nan,
         'mean_cumulative_reward_magnitudes': nan,
         'mean_cumulative_rewards': nan,
         'research_points': nan,
         'separate_cities_final': nan,
         'separate_cities_peak': nan,
         'step': nan,
         'workers_final': nan,
         'workers_peak': nan},
 'Gradient': {'clipped': 1.0, 'norm_before_clip': 19.95195960998535},
 'Intent': {'accuracy': nan,
            'target_build': 0,
            'target_deliver': 0,
            'target_mine': 0,
            'target_return': 0},
 'Loss': {'baseline_loss': 0.03059019148349762,
          'behavior_kl_loss': 0.0,
          'entropy_loss': -0.6756027936935425,
          'intent_aux_loss': 0.0,
          'rule_aux_loss': 0.0,
          'teacher_baseline_loss': 0.0,
          'teacher_kl_loss': 0.0,
          'total_loss': 16.181184768676758,
          'upgo_pg_loss': 19.934284210205078,
          'vtrace_pg_loss': -3.1080870628356934},
 'Misc': {'actor_policy_tta_rot180': 1.0,
          'league_opponents': {'first_place': 1.0, 'selfplay': 0.0},
          'learning_rate': 4.8590240000000004e-05,
          'teacher_kl_cost': 0.0,
          'teacher_policy_tta_rot180': 1.0,
          'total_games_played': 64},
 'Normalized_Entropy': {'cart': 0.9906437993049622,
                        'city_tile': 0.5108597278594971,
                        'overall': 0.6823983738848788,
                        'worker': 0.7470011711120605},
 'Teacher_KL_Divergence': {'cart': 0.0,
                           'city_tile': 0.0,
                           'overall': 0.0,
                           'worker': 0.0},
 'Value': {'bias': 1.3969838619232178e-09,
           'explained_variance': 0.9939934611320496,
           'support_outside_fraction': 0.0,
           'target_std': 0.39893725514411926}}[0m
[[36m2026-08-16 10:06:40,213[0m][[34mroot[0m][[32mINFO[0m] - Steps 28928 @ 76.7 SPS / 1.2 BPS. Stats:
{'Actions': {'cart': {'MOVE': nan, 'NO-OP': nan, 'TRANSFER': nan},
             'city_tile': {'BUILD_CART': nan,
                           'BUILD_WORKER': nan,
                           'NO-OP': nan,
                           'RESEARCH': nan},
             'worker': {'BUILD_CITY': nan,
                        'MOVE': nan,
                        'NO-OP': nan,
                        'PILLAGE': nan,
                        'TRANSFER': nan}},
 'Active_Entities': {'cart': 16, 'city_tile': 1058, 'worker': 1873},
 'Behavior_Policy': {'actor_version_max': 28544,
                     'actor_version_min': 27904,
                     'beta': 0.0,
                     'buffer_lag_max': 960,
                     'ema_kl': None,
                     'forward_kl': 0.022249335423111916,
                     'learner_version': 28864,
                     'log_rho_max': 1.5575923919677734,
                     'log_rho_mean': -0.3988448977470398,
                     'log_rho_p95': 0.8244180679321289,
                     'reverse_kl': 0.025063687935471535,
                     'target': None,
                     'vtrace_rho_clipped_fraction': 0.1796875},
 'Entropy': {'cart': 1.4860526323318481,
             'city_tile': 0.3216155767440796,
             'overall': 2.4019210934638977,
             'worker': 0.59425288438797},
 'Env': {'carts_final': nan,
         'carts_peak': nan,
         'city_tiles_final': nan,
         'city_tiles_peak': nan,
         'max_cumulative_rewards': nan,
         'mean_cumulative_reward_magnitudes': nan,
         'mean_cumulative_rewards': nan,
         'research_points': nan,
         'separate_cities_final': nan,
         'separate_cities_peak': nan,
         'step': nan,
         'workers_final': nan,
         'workers_peak': nan},
 'Gradient': {'clipped': 1.0, 'norm_before_clip': 18.17013931274414},
 'Intent': {'accuracy': nan,
            'target_build': 0,
            'target_deliver': 0,
            'target_mine': 0,
            'target_return': 0},
 'Loss': {'baseline_loss': 0.040130749344825745,
          'behavior_kl_loss': 0.0,
          'entropy_loss': -0.29541635513305664,
          'intent_aux_loss': 0.0,
          'rule_aux_loss': 0.0,
          'teacher_baseline_loss': 0.0,
          'teacher_kl_loss': 0.0,
          'total_loss': -4.2440185546875,
          'upgo_pg_loss': 2.6657052040100098,
          'vtrace_pg_loss': -6.654438495635986},
 'Misc': {'actor_policy_tta_rot180': 1.0,
          'league_opponents': {'first_place': 0.75, 'selfplay': 0.25},
          'learning_rate': 4.8571232e-05,
          'teacher_kl_cost': 0.0,
          'teacher_policy_tta_rot180': 1.0,
          'total_games_played': 64},
 'Normalized_Entropy': {'cart': 0.9475623369216919,
                        'city_tile': 0.2882143259048462,
                        'overall': 0.3432608286141945,
                        'worker': 0.3691926896572113},
 'Teacher_KL_Divergence': {'cart': 0.0,
                           'city_tile': 0.0,
                           'overall': 0.0,
                           'worker': 0.0},
 'Value': {'bias': 1.4260876923799515e-08,
           'explained_variance': 0.43184512853622437,
           'support_outside_fraction': 0.0,
           'target_std': 0.04582436755299568}}[0m
[[36m2026-08-16 10:06:45,219[0m][[34mroot[0m][[32mINFO[0m] - Steps 28928 @ 0.0 SPS / 0.0 BPS. Stats:
{'Actions': {'cart': {'MOVE': nan, 'NO-OP': nan, 'TRANSFER': nan},
             'city_tile': {'BUILD_CART': nan,
                           'BUILD_WORKER': nan,
                           'NO-OP': nan,
                           'RESEARCH': nan},
             'worker': {'BUILD_CITY': nan,
                        'MOVE': nan,
                        'NO-OP': nan,
                        'PILLAGE': nan,
                        'TRANSFER': nan}},
 'Active_Entities': {'cart': 16, 'city_tile': 1058, 'worker': 1873},
 'Behavior_Policy': {'actor_version_max': 28544,
                     'actor_version_min': 27904,
                     'beta': 0.0,
                     'buffer_lag_max': 960,
                     'ema_kl': None,
                     'forward_kl': 0.022249335423111916,
                     'learner_version': 28864,
                     'log_rho_max': 1.5575923919677734,
                     'log_rho_mean': -0.3988448977470398,
                     'log_rho_p95': 0.8244180679321289,
                     'reverse_kl': 0.025063687935471535,
                     'target': None,
                     'vtrace_rho_clipped_fraction': 0.1796875},
 'Entropy': {'cart': 1.4860526323318481,
             'city_tile': 0.3216155767440796,
             'overall': 2.4019210934638977,
             'worker': 0.59425288438797},
 'Env': {'carts_final': nan,
         'carts_peak': nan,
         'city_tiles_final': nan,
         'city_tiles_peak': nan,
         'max_cumulative_rewards': nan,
         'mean_cumulative_reward_magnitudes': nan,
         'mean_cumulative_rewards': nan,
         'research_points': nan,
         'separate_cities_final': nan,
         'separate_cities_peak': nan,
         'step': nan,
         'workers_final': nan,
         'workers_peak': nan},
 'Gradient': {'clipped': 1.0, 'norm_before_clip': 18.17013931274414},
 'Intent': {'accuracy': nan,
            'target_build': 0,
            'target_deliver': 0,
            'target_mine': 0,
            'target_return': 0},
 'Loss': {'baseline_loss': 0.040130749344825745,
          'behavior_kl_loss': 0.0,
          'entropy_loss': -0.29541635513305664,
          'intent_aux_loss': 0.0,
          'rule_aux_loss': 0.0,
          'teacher_baseline_loss': 0.0,
          'teacher_kl_loss': 0.0,
          'total_loss': -4.2440185546875,
          'upgo_pg_loss': 2.6657052040100098,
          'vtrace_pg_loss': -6.654438495635986},
 'Misc': {'actor_policy_tta_rot180': 1.0,
          'league_opponents': {'first_place': 0.75, 'selfplay': 0.25},
          'learning_rate': 4.8571232e-05,
          'teacher_kl_cost': 0.0,
          'teacher_policy_tta_rot180': 1.0,
          'total_games_played': 64},
 'Normalized_Entropy': {'cart': 0.9475623369216919,
                        'city_tile': 0.2882143259048462,
                        'overall': 0.3432608286141945,
                        'worker': 0.3691926896572113},
 'Teacher_KL_Divergence': {'cart': 0.0,
                           'city_tile': 0.0,
                           'overall': 0.0,
                           'worker': 0.0},
 'Value': {'bias': 1.4260876923799515e-08,
           'explained_variance': 0.43184512853622437,
           'support_outside_fraction': 0.0,
           'target_std': 0.04582436755299568}}[0m
[[36m2026-08-16 10:06:50,229[0m][[34mroot[0m][[32mINFO[0m] - Steps 28928 @ 0.0 SPS / 0.0 BPS. Stats:
{'Actions': {'cart': {'MOVE': nan, 'NO-OP': nan, 'TRANSFER': nan},
             'city_tile': {'BUILD_CART': nan,
                           'BUILD_WORKER': nan,
                           'NO-OP': nan,
                           'RESEARCH': nan},
             'worker': {'BUILD_CITY': nan,
                        'MOVE': nan,
                        'NO-OP': nan,
                        'PILLAGE': nan,
                        'TRANSFER': nan}},
 'Active_Entities': {'cart': 16, 'city_tile': 1058, 'worker': 1873},
 'Behavior_Policy': {'actor_version_max': 28544,
                     'actor_version_min': 27904,
                     'beta': 0.0,
                     'buffer_lag_max': 960,
                     'ema_kl': None,
                     'forward_kl': 0.022249335423111916,
                     'learner_version': 28864,
                     'log_rho_max': 1.5575923919677734,
                     'log_rho_mean': -0.3988448977470398,
                     'log_rho_p95': 0.8244180679321289,
                     'reverse_kl': 0.025063687935471535,
                     'target': None,
                     'vtrace_rho_clipped_fraction': 0.1796875},
 'Entropy': {'cart': 1.4860526323318481,
             'city_tile': 0.3216155767440796,
             'overall': 2.4019210934638977,
             'worker': 0.59425288438797},
 'Env': {'carts_final': nan,
         'carts_peak': nan,
         'city_tiles_final': nan,
         'city_tiles_peak': nan,
         'max_cumulative_rewards': nan,
         'mean_cumulative_reward_magnitudes': nan,
         'mean_cumulative_rewards': nan,
         'research_points': nan,
         'separate_cities_final': nan,
         'separate_cities_peak': nan,
         'step': nan,
         'workers_final': nan,
         'workers_peak': nan},
 'Gradient': {'clipped': 1.0, 'norm_before_clip': 18.17013931274414},
 'Intent': {'accuracy': nan,
            'target_build': 0,
            'target_deliver': 0,
            'target_mine': 0,
            'target_return': 0},
 'Loss': {'baseline_loss': 0.040130749344825745,
          'behavior_kl_loss': 0.0,
          'entropy_loss': -0.29541635513305664,
          'intent_aux_loss': 0.0,
          'rule_aux_loss': 0.0,
          'teacher_baseline_loss': 0.0,
          'teacher_kl_loss': 0.0,
          'total_loss': -4.2440185546875,
          'upgo_pg_loss': 2.6657052040100098,
          'vtrace_pg_loss': -6.654438495635986},
 'Misc': {'actor_policy_tta_rot180': 1.0,
          'league_opponents': {'first_place': 0.75, 'selfplay': 0.25},
          'learning_rate': 4.8571232e-05,
          'teacher_kl_cost': 0.0,
          'teacher_policy_tta_rot180': 1.0,
          'total_games_played': 64},
 'Normalized_Entropy': {'cart': 0.9475623369216919,
                        'city_tile': 0.2882143259048462,
                        'overall': 0.3432608286141945,
                        'worker': 0.3691926896572113},
 'Teacher_KL_Divergence': {'cart': 0.0,
                           'city_tile': 0.0,
                           'overall': 0.0,
                           'worker': 0.0},
 'Value': {'bias': 1.4260876923799515e-08,
           'explained_variance': 0.43184512853622437,
           'support_outside_fraction': 0.0,
           'target_std': 0.04582436755299568}}[0m
[[36m2026-08-16 10:06:55,237[0m][[34mroot[0m][[32mINFO[0m] - Steps 29184 @ 51.1 SPS / 0.8 BPS. Stats:
{'Actions': {'cart': {'MOVE': nan, 'NO-OP': nan, 'TRANSFER': nan},
             'city_tile': {'BUILD_CART': nan,
                           'BUILD_WORKER': nan,
                           'NO-OP': nan,
                           'RESEARCH': nan},
             'worker': {'BUILD_CITY': nan,
                        'MOVE': nan,
                        'NO-OP': nan,
                        'PILLAGE': nan,
                        'TRANSFER': nan}},
 'Active_Entities': {'cart': 78, 'city_tile': 1011, 'worker': 786},
 'Behavior_Policy': {'actor_version_max': 28928,
                     'actor_version_min': 28416,
                     'beta': 0.0,
                     'buffer_lag_max': 704,
                     'ema_kl': None,
                     'forward_kl': 0.004399546887725592,
                     'learner_version': 29120,
                     'log_rho_max': 1.0561161041259766,
                     'log_rho_mean': -0.08419406414031982,
                     'log_rho_p95': 0.4681718051433563,
                     'reverse_kl': 0.004388158675283194,
                     'target': None,
                     'vtrace_rho_clipped_fraction': 0.1875},
 'Entropy': {'cart': 1.509610891342163,
             'city_tile': 0.17278523743152618,
             'overall': 2.6346304565668106,
             'worker': 0.9522343277931213},
 'Env': {'carts_final': nan,
         'carts_peak': nan,
         'city_tiles_final': nan,
         'city_tiles_peak': nan,
         'max_cumulative_rewards': nan,
         'mean_cumulative_reward_magnitudes': nan,
         'mean_cumulative_rewards': nan,
         'research_points': nan,
         'separate_cities_final': nan,
         'separate_cities_peak': nan,
         'step': nan,
         'workers_final': nan,
         'workers_peak': nan},
 'Gradient': {'clipped': 1.0, 'norm_before_clip': 20.326086044311523},
 'Intent': {'accuracy': nan,
            'target_build': 0,
            'target_deliver': 0,
            'target_mine': 0,
            'target_return': 0},
 'Loss': {'baseline_loss': 0.08601360768079758,
          'behavior_kl_loss': 0.0,
          'entropy_loss': -0.20817837119102478,
          'intent_aux_loss': 0.0,
          'rule_aux_loss': 0.0,
          'teacher_baseline_loss': 0.0,
          'teacher_kl_loss': 0.0,
          'total_loss': 14.93930435180664,
          'upgo_pg_loss': 15.916179656982422,
          'vtrace_pg_loss': -0.8547108173370361},
 'Misc': {'actor_policy_tta_rot180': 1.0,
          'league_opponents': {'first_place': 1.0, 'selfplay': 0.0},
          'learning_rate': 4.8558560000000004e-05,
          'teacher_kl_cost': 0.0,
          'teacher_policy_tta_rot180': 1.0,
          'total_games_played': 64},
 'Normalized_Entropy': {'cart': 0.9815345406532288,
                        'city_tile': 0.15727590024471283,
                        'overall': 0.37486127297878263,
                        'worker': 0.594528317451477},
 'Teacher_KL_Divergence': {'cart': 0.0,
                           'city_tile': 0.0,
                           'overall': 0.0,
                           'worker': 0.0},
 'Value': {'bias': -1.2689270079135895e-08,
           'explained_variance': 0.9871392250061035,
           'support_outside_fraction': 0.0,
           'target_std': 0.45716699957847595}}[0m
[[36m2026-08-16 10:07:00,262[0m][[34mroot[0m][[32mINFO[0m] - Steps 29440 @ 51.1 SPS / 0.8 BPS. Stats:
{'Actions': {'cart': {'MOVE': nan, 'NO-OP': nan, 'TRANSFER': nan},
             'city_tile': {'BUILD_CART': nan,
                           'BUILD_WORKER': nan,
                           'NO-OP': nan,
                           'RESEARCH': nan},
             'worker': {'BUILD_CITY': nan,
                        'MOVE': nan,
                        'NO-OP': nan,
                        'PILLAGE': nan,
                        'TRANSFER': nan}},
 'Active_Entities': {'cart': 36, 'city_tile': 1724, 'worker': 1807},
 'Behavior_Policy': {'actor_version_max': 29184,
                     'actor_version_min': 28672,
                     'beta': 0.0,
                     'buffer_lag_max': 704,
                     'ema_kl': None,
                     'forward_kl': 0.015971098095178604,
                     'learner_version': 29376,
                     'log_rho_max': 1.7727460861206055,
                     'log_rho_mean': -0.2732721269130707,
                     'log_rho_p95': 0.8773406147956848,
                     'reverse_kl': 0.01524103619158268,
                     'target': None,
                     'vtrace_rho_clipped_fraction': 0.2421875},
 'Entropy': {'cart': 1.4949109554290771,
             'city_tile': 0.20360486209392548,
             'overall': 2.2507513016462326,
             'worker': 0.55223548412323},
 'Env': {'carts_final': nan,
         'carts_peak': nan,
         'city_tiles_final': nan,
         'city_tiles_peak': nan,
         'max_cumulative_rewards': nan,
         'mean_cumulative_reward_magnitudes': nan,
         'mean_cumulative_rewards': nan,
         'research_points': nan,
         'separate_cities_final': nan,
         'separate_cities_peak': nan,
         'step': nan,
         'workers_final': nan,
         'workers_peak': nan},
 'Gradient': {'clipped': 1.0, 'norm_before_clip': 23.36695671081543},
 'Intent': {'accuracy': nan,
            'target_build': 0,
            'target_deliver': 0,
            'target_mine': 0,
            'target_return': 0},
 'Loss': {'baseline_loss': 0.027165986597537994,
          'behavior_kl_loss': 0.0,
          'entropy_loss': -0.2805441915988922,
          'intent_aux_loss': 0.0,
          'rule_aux_loss': 0.0,
          'teacher_baseline_loss': 0.0,
          'teacher_kl_loss': 0.0,
          'total_loss': -0.9439535140991211,
          'upgo_pg_loss': 3.543276071548462,
          'vtrace_pg_loss': -4.233851432800293},
 'Misc': {'actor_policy_tta_rot180': 1.0,
          'league_opponents': {'first_place': 0.75, 'selfplay': 0.25},
          'learning_rate': 4.8545888e-05,
          'teacher_kl_cost': 0.0,
          'teacher_policy_tta_rot180': 1.0,
          'total_games_played': 64},
 'Normalized_Entropy': {'cart': 0.9634015560150146,
                        'city_tile': 0.18506769835948944,
                        'overall': 0.27323881367324343,
                        'worker': 0.3436102271080017},
 'Teacher_KL_Divergence': {'cart': 0.0,
                           'city_tile': 0.0,
                           'overall': 0.0,
                           'worker': 0.0},
 'Value': {'bias': 5.347828846424818e-09,
           'explained_variance': 0.927363395690918,
           'support_outside_fraction': 0.0,
           'target_std': 0.09439429640769958}}[0m
[[36m2026-08-16 10:07:05,275[0m][[34mroot[0m][[32mINFO[0m] - Steps 29696 @ 51.1 SPS / 0.8 BPS. Stats:
{'Actions': {'cart': {'MOVE': nan, 'NO-OP': nan, 'TRANSFER': nan},
             'city_tile': {'BUILD_CART': nan,
                           'BUILD_WORKER': nan,
                           'NO-OP': nan,
                           'RESEARCH': nan},
             'worker': {'BUILD_CITY': nan,
                        'MOVE': nan,
                        'NO-OP': nan,
                        'PILLAGE': nan,
                        'TRANSFER': nan}},
 'Active_Entities': {'cart': 62, 'city_tile': 617, 'worker': 588},
 'Behavior_Policy': {'actor_version_max': 29440,
                     'actor_version_min': 28928,
                     'beta': 0.0,
                     'buffer_lag_max': 704,
                     'ema_kl': None,
                     'forward_kl': 0.004615686368197203,
                     'learner_version': 29632,
                     'log_rho_max': 1.2073726654052734,
                     'log_rho_mean': -0.062465183436870575,
                     'log_rho_p95': 0.2655683159828186,
                     'reverse_kl': 0.004616010468453169,
                     'target': None,
                     'vtrace_rho_clipped_fraction': 0.21875},
 'Entropy': {'cart': 1.5328035354614258,
             'city_tile': 0.37159934639930725,
             'overall': 2.7845705449581146,
             'worker': 0.8801676630973816},
 'Env': {'carts_final': nan,
         'carts_peak': nan,
         'city_tiles_final': nan,
         'city_tiles_peak': nan,
         'max_cumulative_rewards': nan,
         'mean_cumulative_reward_magnitudes': nan,
         'mean_cumulative_rewards': nan,
         'research_points': nan,
         'separate_cities_final': nan,
         'separate_cities_peak': nan,
         'step': nan,
         'workers_final': nan,
         'workers_peak': nan},
 'Gradient': {'clipped': 1.0, 'norm_before_clip': 23.3778018951416},
 'Intent': {'accuracy': nan,
            'target_build': 0,
            'target_deliver': 0,
            'target_mine': 0,
            'target_return': 0},
 'Loss': {'baseline_loss': 0.062733493745327,
          'behavior_kl_loss': 0.0,
          'entropy_loss': -0.1683698147535324,
          'intent_aux_loss': 0.0,
          'rule_aux_loss': 0.0,
          'teacher_baseline_loss': 0.0,
          'teacher_kl_loss': 0.0,
          'total_loss': -13.517718315124512,
          'upgo_pg_loss': 6.486367225646973,
          'vtrace_pg_loss': -19.898448944091797},
 'Misc': {'actor_policy_tta_rot180': 1.0,
          'league_opponents': {'first_place': 1.0, 'selfplay': 0.0},
          'learning_rate': 4.8533216e-05,
          'teacher_kl_cost': 0.0,
          'teacher_policy_tta_rot180': 1.0,
          'total_games_played': 64},
 'Normalized_Entropy': {'cart': 0.9879307746887207,
                        'city_tile': 0.3382442593574524,
                        'overall': 0.4688376520878702,
                        'worker': 0.5511375665664673},
 'Teacher_KL_Divergence': {'cart': 0.0,
                           'city_tile': 0.0,
                           'overall': 0.0,
                           'worker': 0.0},
 'Value': {'bias': 2.153683453798294e-09,
           'explained_variance': 0.9914382100105286,
           'support_outside_fraction': 0.0,
           'target_std': 0.4785119295120239}}[0m
[[36m2026-08-16 10:07:10,280[0m][[34mroot[0m][[32mINFO[0m] - Steps 29696 @ 0.0 SPS / 0.0 BPS. Stats:
{'Actions': {'cart': {'MOVE': nan, 'NO-OP': nan, 'TRANSFER': nan},
             'city_tile': {'BUILD_CART': nan,
                           'BUILD_WORKER': nan,
                           'NO-OP': nan,
                           'RESEARCH': nan},
             'worker': {'BUILD_CITY': nan,
                        'MOVE': nan,
                        'NO-OP': nan,
                        'PILLAGE': nan,
                        'TRANSFER': nan}},
 'Active_Entities': {'cart': 62, 'city_tile': 617, 'worker': 588},
 'Behavior_Policy': {'actor_version_max': 29440,
                     'actor_version_min': 28928,
                     'beta': 0.0,
                     'buffer_lag_max': 704,
                     'ema_kl': None,
                     'forward_kl': 0.004615686368197203,
                     'learner_version': 29632,
                     'log_rho_max': 1.2073726654052734,
                     'log_rho_mean': -0.062465183436870575,
                     'log_rho_p95': 0.2655683159828186,
                     'reverse_kl': 0.004616010468453169,
                     'target': None,
                     'vtrace_rho_clipped_fraction': 0.21875},
 'Entropy': {'cart': 1.5328035354614258,
             'city_tile': 0.37159934639930725,
             'overall': 2.7845705449581146,
             'worker': 0.8801676630973816},
 'Env': {'carts_final': nan,
         'carts_peak': nan,
         'city_tiles_final': nan,
         'city_tiles_peak': nan,
         'max_cumulative_rewards': nan,
         'mean_cumulative_reward_magnitudes': nan,
         'mean_cumulative_rewards': nan,
         'research_points': nan,
         'separate_cities_final': nan,
         'separate_cities_peak': nan,
         'step': nan,
         'workers_final': nan,
         'workers_peak': nan},
 'Gradient': {'clipped': 1.0, 'norm_before_clip': 23.3778018951416},
 'Intent': {'accuracy': nan,
            'target_build': 0,
            'target_deliver': 0,
            'target_mine': 0,
            'target_return': 0},
 'Loss': {'baseline_loss': 0.062733493745327,
          'behavior_kl_loss': 0.0,
          'entropy_loss': -0.1683698147535324,
          'intent_aux_loss': 0.0,
          'rule_aux_loss': 0.0,
          'teacher_baseline_loss': 0.0,
          'teacher_kl_loss': 0.0,
          'total_loss': -13.517718315124512,
          'upgo_pg_loss': 6.486367225646973,
          'vtrace_pg_loss': -19.898448944091797},
 'Misc': {'actor_policy_tta_rot180': 1.0,
          'league_opponents': {'first_place': 1.0, 'selfplay': 0.0},
          'learning_rate': 4.8533216e-05,
          'teacher_kl_cost': 0.0,
          'teacher_policy_tta_rot180': 1.0,
          'total_games_played': 64},
 'Normalized_Entropy': {'cart': 0.9879307746887207,
                        'city_tile': 0.3382442593574524,
                        'overall': 0.4688376520878702,
                        'worker': 0.5511375665664673},
 'Teacher_KL_Divergence': {'cart': 0.0,
                           'city_tile': 0.0,
                           'overall': 0.0,
                           'worker': 0.0},
 'Value': {'bias': 2.153683453798294e-09,
           'explained_variance': 0.9914382100105286,
           'support_outside_fraction': 0.0,
           'target_std': 0.4785119295120239}}[0m
[[36m2026-08-16 10:07:15,294[0m][[34mroot[0m][[32mINFO[0m] - Steps 29760 @ 12.8 SPS / 0.2 BPS. Stats:
{'Actions': {'cart': {'MOVE': nan, 'NO-OP': nan, 'TRANSFER': nan},
             'city_tile': {'BUILD_CART': nan,
                           'BUILD_WORKER': nan,
                           'NO-OP': nan,
                           'RESEARCH': nan},
             'worker': {'BUILD_CITY': nan,
                        'MOVE': nan,
                        'NO-OP': nan,
                        'PILLAGE': nan,
                        'TRANSFER': nan}},
 'Active_Entities': {'cart': 1149, 'city_tile': 3457, 'worker': 2330},
 'Behavior_Policy': {'actor_version_max': 29696,
                     'actor_version_min': 29440,
                     'beta': 0.0,
                     'buffer_lag_max': 256,
                     'ema_kl': None,
                     'forward_kl': 0.0037866972852498293,
                     'learner_version': 29696,
                     'log_rho_max': 1.3284454345703125,
                     'log_rho_mean': -0.12843391299247742,
                     'log_rho_p95': 0.6626384258270264,
                     'reverse_kl': 0.0037318761460483074,
                     'target': None,
                     'vtrace_rho_clipped_fraction': 0.3515625},
 'Entropy': {'cart': 1.5383657217025757,
             'city_tile': 0.08671098202466965,
             'overall': 2.9699967429041862,
             'worker': 1.344920039176941},
 'Env': {'carts_final': nan,
         'carts_peak': nan,
         'city_tiles_final': nan,
         'city_tiles_peak': nan,
         'max_cumulative_rewards': nan,
         'mean_cumulative_reward_magnitudes': nan,
         'mean_cumulative_rewards': nan,
         'research_points': nan,
         'separate_cities_final': nan,
         'separate_cities_peak': nan,
         'step': nan,
         'workers_final': nan,
         'workers_peak': nan},
 'Gradient': {'clipped': 1.0, 'norm_before_clip': 16.177175521850586},
 'Intent': {'accuracy': nan,
            'target_build': 0,
            'target_deliver': 0,
            'target_mine': 0,
            'target_return': 0},
 'Loss': {'baseline_loss': 0.022251266986131668,
          'behavior_kl_loss': 0.0,
          'entropy_loss': -1.040201187133789,
          'intent_aux_loss': 0.0,
          'rule_aux_loss': 0.0,
          'teacher_baseline_loss': 0.0,
          'teacher_kl_loss': 0.0,
          'total_loss': 29.520605087280273,
          'upgo_pg_loss': 34.993988037109375,
          'vtrace_pg_loss': -4.455432415008545},
 'Misc': {'actor_policy_tta_rot180': 1.0,
          'league_opponents': {'first_place': 0.25, 'selfplay': 0.75},
          'learning_rate': 4.8530048e-05,
          'teacher_kl_cost': 0.0,
          'teacher_policy_tta_rot180': 1.0,
          'total_games_played': 64},
 'Normalized_Entropy': {'cart': 0.9940562844276428,
                        'city_tile': 0.08073709905147552,
                        'overall': 0.48644530600218283,
                        'worker': 0.8380711674690247},
 'Teacher_KL_Divergence': {'cart': 0.0,
                           'city_tile': 0.0,
                           'overall': 0.0,
                           'worker': 0.0},
 'Value': {'bias': -8.294591680169106e-09,
           'explained_variance': 0.9951238036155701,
           'support_outside_fraction': 0.0,
           'target_std': 0.2823452055454254}}[0m
[[36m2026-08-16 10:07:20,312[0m][[34mroot[0m][[32mINFO[0m] - Steps 30208 @ 89.3 SPS / 1.4 BPS. Stats:
{'Actions': {'cart': {'MOVE': nan, 'NO-OP': nan, 'TRANSFER': nan},
             'city_tile': {'BUILD_CART': nan,
                           'BUILD_WORKER': nan,
                           'NO-OP': nan,
                           'RESEARCH': nan},
             'worker': {'BUILD_CITY': nan,
                        'MOVE': nan,
                        'NO-OP': nan,
                        'PILLAGE': nan,
                        'TRANSFER': nan}},
 'Active_Entities': {'cart': 148, 'city_tile': 2352, 'worker': 1951},
 'Behavior_Policy': {'actor_version_max': 29696,
                     'actor_version_min': 29184,
                     'beta': 0.0,
                     'buffer_lag_max': 960,
                     'ema_kl': None,
                     'forward_kl': 0.01137941051274538,
                     'learner_version': 30144,
                     'log_rho_max': 1.219770908355713,
                     'log_rho_mean': -0.4217229187488556,
                     'log_rho_p95': 0.5471923351287842,
                     'reverse_kl': 0.011313593946397305,
                     'target': None,
                     'vtrace_rho_clipped_fraction': 0.203125},
 'Entropy': {'cart': 1.5490524768829346,
             'city_tile': 0.4633958339691162,
             'overall': 2.756659507751465,
             'worker': 0.7442111968994141},
 'Env': {'carts_final': nan,
         'carts_peak': nan,
         'city_tiles_final': nan,
         'city_tiles_peak': nan,
         'max_cumulative_rewards': nan,
         'mean_cumulative_reward_magnitudes': nan,
         'mean_cumulative_rewards': nan,
         'research_points': nan,
         'separate_cities_final': nan,
         'separate_cities_peak': nan,
         'step': nan,
         'workers_final': nan,
         'workers_peak': nan},
 'Gradient': {'clipped': 1.0, 'norm_before_clip': 12.865443229675293},
 'Intent': {'accuracy': nan,
            'target_build': 0,
            'target_deliver': 0,
            'target_mine': 0,
            'target_return': 0},
 'Loss': {'baseline_loss': 0.006371944211423397,
          'behavior_kl_loss': 0.0,
          'entropy_loss': -0.5542245507240295,
          'intent_aux_loss': 0.0,
          'rule_aux_loss': 0.0,
          'teacher_baseline_loss': 0.0,
          'teacher_kl_loss': 0.0,
          'total_loss': 10.377487182617188,
          'upgo_pg_loss': 11.259671211242676,
          'vtrace_pg_loss': -0.3343302011489868},
 'Misc': {'actor_policy_tta_rot180': 1.0,
          'league_opponents': {'first_place': 0.75, 'selfplay': 0.25},
          'learning_rate': 4.850787200000001e-05,
          'teacher_kl_cost': 0.0,
          'teacher_policy_tta_rot180': 1.0,
          'total_games_played': 64},
 'Normalized_Entropy': {'cart': 0.9758344292640686,
                        'city_tile': 0.421304315328598,
                        'overall': 0.45834186774938196,
                        'worker': 0.4637357294559479},
 'Teacher_KL_Divergence': {'cart': 0.0,
                           'city_tile': 0.0,
                           'overall': 0.0,
                           'worker': 0.0},
 'Value': {'bias': 1.4959368854761124e-08,
           'explained_variance': 0.9797099828720093,
           'support_outside_fraction': 0.0,
           'target_std': 0.095351442694664}}[0m
[[36m2026-08-16 10:07:25,321[0m][[34mroot[0m][[32mINFO[0m] - Steps 30464 @ 51.1 SPS / 0.8 BPS. Stats:
{'Actions': {'cart': {'MOVE': 0.8900523560209425,
                      'NO-OP': 0.1099476439790576,
                      'TRANSFER': 0.0},
             'city_tile': {'BUILD_CART': 0.003171247357293869,
                           'BUILD_WORKER': 0.007015183547953104,
                           'NO-OP': 0.9513742071881607,
                           'RESEARCH': 0.03843936190659235},
             'worker': {'BUILD_CITY': 0.016307206733298264,
                        'MOVE': 0.524986849026828,
                        'NO-OP': 0.40031562335612836,
                        'PILLAGE': 0.0026301946344029457,
                        'TRANSFER': 0.05576012624934245}},
 'Active_Entities': {'cart': 137, 'city_tile': 896, 'worker': 658},
 'Behavior_Policy': {'actor_version_max': 30208,
                     'actor_version_min': 29696,
                     'beta': 0.0,
                     'buffer_lag_max': 704,
                     'ema_kl': None,
                     'forward_kl': 0.003152023069560528,
                     'learner_version': 30400,
                     'log_rho_max': 0.8062610626220703,
                     'log_rho_mean': -0.0503547303378582,
                     'log_rho_p95': 0.25091931223869324,
                     'reverse_kl': 0.0034996881149709225,
                     'target': None,
                     'vtrace_rho_clipped_fraction': 0.21875},
 'Entropy': {'cart': 1.551107406616211,
             'city_tile': 0.32130566239356995,
             'overall': 2.8192751109600067,
             'worker': 0.9468620419502258},
 'Env': {'carts_final': 0.0,
         'carts_peak': 2.5,
         'city_tiles_final': 31.5,
         'city_tiles_peak': 38.0,
         'max_cumulative_rewards': 1.0,
         'mean_cumulative_reward_magnitudes': 1.0,
         'mean_cumulative_rewards': 0.0,
         'research_points': 200.0,
         'separate_cities_final': 1.5,
         'separate_cities_peak': 6.5,
         'step': 361.0,
         'workers_final': 6.0,
         'workers_peak': 17.0},
 'Gradient': {'clipped': 1.0, 'norm_before_clip': 21.06441307067871},
 'Intent': {'accuracy': nan,
            'target_build': 0,
            'target_deliver': 0,
            'target_mine': 0,
            'target_return': 0},
 'Loss': {'baseline_loss': 0.14638006687164307,
          'behavior_kl_loss': 0.0,
          'entropy_loss': -0.22468534111976624,
          'intent_aux_loss': 0.0,
          'rule_aux_loss': 0.0,
          'teacher_baseline_loss': 0.0,
          'teacher_kl_loss': 0.0,
          'total_loss': -6.527417182922363,
          'upgo_pg_loss': 14.528980255126953,
          'vtrace_pg_loss': -20.978092193603516},
 'Misc': {'actor_policy_tta_rot180': 1.0,
          'league_opponents': {'first_place': 1.0, 'selfplay': 0.0},
          'learning_rate': 4.84952e-05,
          'teacher_kl_cost': 0.0,
          'teacher_policy_tta_rot180': 1.0,
          'total_games_played': 66},
 'Normalized_Entropy': {'cart': 0.9901270270347595,
                        'city_tile': 0.29249128699302673,
                        'overall': 0.46602298122831237,
                        'worker': 0.5931994915008545},
 'Teacher_KL_Divergence': {'cart': 0.0,
                           'city_tile': 0.0,
                           'overall': 0.0,
                           'worker': 0.0},
 'Value': {'bias': 2.153683453798294e-09,
           'explained_variance': 0.9805635213851929,
           'support_outside_fraction': 0.0,
           'target_std': 0.485129177570343}}[0m
[[36m2026-08-16 10:07:30,328[0m][[34mroot[0m][[32mINFO[0m] - Steps 30464 @ 0.0 SPS / 0.0 BPS. Stats:
{'Actions': {'cart': {'MOVE': 0.8900523560209425,
                      'NO-OP': 0.1099476439790576,
                      'TRANSFER': 0.0},
             'city_tile': {'BUILD_CART': 0.003171247357293869,
                           'BUILD_WORKER': 0.007015183547953104,
                           'NO-OP': 0.9513742071881607,
                           'RESEARCH': 0.03843936190659235},
             'worker': {'BUILD_CITY': 0.016307206733298264,
                        'MOVE': 0.524986849026828,
                        'NO-OP': 0.40031562335612836,
                        'PILLAGE': 0.0026301946344029457,
                        'TRANSFER': 0.05576012624934245}},
 'Active_Entities': {'cart': 137, 'city_tile': 896, 'worker': 658},
 'Behavior_Policy': {'actor_version_max': 30208,
                     'actor_version_min': 29696,
                     'beta': 0.0,
                     'buffer_lag_max': 704,
                     'ema_kl': None,
                     'forward_kl': 0.003152023069560528,
                     'learner_version': 30400,
                     'log_rho_max': 0.8062610626220703,
                     'log_rho_mean': -0.0503547303378582,
                     'log_rho_p95': 0.25091931223869324,
                     'reverse_kl': 0.0034996881149709225,
                     'target': None,
                     'vtrace_rho_clipped_fraction': 0.21875},
 'Entropy': {'cart': 1.551107406616211,
             'city_tile': 0.32130566239356995,
             'overall': 2.8192751109600067,
             'worker': 0.9468620419502258},
 'Env': {'carts_final': 0.0,
         'carts_peak': 2.5,
         'city_tiles_final': 31.5,
         'city_tiles_peak': 38.0,
         'max_cumulative_rewards': 1.0,
         'mean_cumulative_reward_magnitudes': 1.0,
         'mean_cumulative_rewards': 0.0,
         'research_points': 200.0,
         'separate_cities_final': 1.5,
         'separate_cities_peak': 6.5,
         'step': 361.0,
         'workers_final': 6.0,
         'workers_peak': 17.0},
 'Gradient': {'clipped': 1.0, 'norm_before_clip': 21.06441307067871},
 'Intent': {'accuracy': nan,
            'target_build': 0,
            'target_deliver': 0,
            'target_mine': 0,
            'target_return': 0},
 'Loss': {'baseline_loss': 0.14638006687164307,
          'behavior_kl_loss': 0.0,
          'entropy_loss': -0.22468534111976624,
          'intent_aux_loss': 0.0,
          'rule_aux_loss': 0.0,
          'teacher_baseline_loss': 0.0,
          'teacher_kl_loss': 0.0,
          'total_loss': -6.527417182922363,
          'upgo_pg_loss': 14.528980255126953,
          'vtrace_pg_loss': -20.978092193603516},
 'Misc': {'actor_policy_tta_rot180': 1.0,
          'league_opponents': {'first_place': 1.0, 'selfplay': 0.0},
          'learning_rate': 4.84952e-05,
          'teacher_kl_cost': 0.0,
          'teacher_policy_tta_rot180': 1.0,
          'total_games_played': 66},
 'Normalized_Entropy': {'cart': 0.9901270270347595,
                        'city_tile': 0.29249128699302673,
                        'overall': 0.46602298122831237,
                        'worker': 0.5931994915008545},
 'Teacher_KL_Divergence': {'cart': 0.0,
                           'city_tile': 0.0,
                           'overall': 0.0,
                           'worker': 0.0},
 'Value': {'bias': 2.153683453798294e-09,
           'explained_variance': 0.9805635213851929,
           'support_outside_fraction': 0.0,
           'target_std': 0.485129177570343}}[0m
[[36m2026-08-16 10:07:35,340[0m][[34mroot[0m][[32mINFO[0m] - Steps 30720 @ 51.1 SPS / 0.8 BPS. Stats:
{'Actions': {'cart': {'MOVE': nan, 'NO-OP': nan, 'TRANSFER': nan},
             'city_tile': {'BUILD_CART': nan,
                           'BUILD_WORKER': nan,
                           'NO-OP': nan,
                           'RESEARCH': nan},
             'worker': {'BUILD_CITY': nan,
                        'MOVE': nan,
                        'NO-OP': nan,
                        'PILLAGE': nan,
                        'TRANSFER': nan}},
 'Active_Entities': {'cart': 362, 'city_tile': 2457, 'worker': 2374},
 'Behavior_Policy': {'actor_version_max': 30464,
                     'actor_version_min': 29760,
                     'beta': 0.0,
                     'buffer_lag_max': 896,
                     'ema_kl': None,
                     'forward_kl': 0.011499647051095963,
                     'learner_version': 30656,
                     'log_rho_max': 2.842529296875,
                     'log_rho_mean': -0.3089430332183838,
                     'log_rho_p95': 1.0486302375793457,
                     'reverse_kl': 0.01202594954520464,
                     'target': None,
                     'vtrace_rho_clipped_fraction': 0.1328125},
 'Entropy': {'cart': 1.5359770059585571,
             'city_tile': 0.49108603596687317,
             'overall': 2.7093725502490997,
             'worker': 0.6823095083236694},
 'Env': {'carts_final': nan,
         'carts_peak': nan,
         'city_tiles_final': nan,
         'city_tiles_peak': nan,
         'max_cumulative_rewards': nan,
         'mean_cumulative_reward_magnitudes': nan,
         'mean_cumulative_rewards': nan,
         'research_points': nan,
         'separate_cities_final': nan,
         'separate_cities_peak': nan,
         'step': nan,
         'workers_final': nan,
         'workers_peak': nan},
 'Gradient': {'clipped': 1.0, 'norm_before_clip': 15.848067283630371},
 'Intent': {'accuracy': nan,
            'target_build': 0,
            'target_deliver': 0,
            'target_mine': 0,
            'target_return': 0},
 'Loss': {'baseline_loss': 0.008094098418951035,
          'behavior_kl_loss': 0.0,
          'entropy_loss': -0.6764848828315735,
          'intent_aux_loss': 0.0,
          'rule_aux_loss': 0.0,
          'teacher_baseline_loss': 0.0,
          'teacher_kl_loss': 0.0,
          'total_loss': 15.961751937866211,
          'upgo_pg_loss': 13.19533634185791,
          'vtrace_pg_loss': 3.4348068237304688},
 'Misc': {'actor_policy_tta_rot180': 1.0,
          'league_opponents': {'first_place': 0.75, 'selfplay': 0.25},
          'learning_rate': 4.8482528000000005e-05,
          'teacher_kl_cost': 0.0,
          'teacher_policy_tta_rot180': 1.0,
          'total_games_played': 66},
 'Normalized_Entropy': {'cart': 0.9717574119567871,
                        'city_tile': 0.44675278663635254,
                        'overall': 0.472362087912902,
                        'worker': 0.42271631956100464},
 'Teacher_KL_Divergence': {'cart': 0.0,
                           'city_tile': 0.0,
                           'overall': 0.0,
                           'worker': 0.0},
 'Value': {'bias': -3.3760443329811096e-09,
           'explained_variance': 0.9759058356285095,
           'support_outside_fraction': 0.0,
           'target_std': 0.08922866731882095}}[0m
[[36m2026-08-16 10:07:40,355[0m][[34mroot[0m][[32mINFO[0m] - Steps 30976 @ 51.1 SPS / 0.8 BPS. Stats:
{'Actions': {'cart': {'MOVE': nan, 'NO-OP': nan, 'TRANSFER': nan},
             'city_tile': {'BUILD_CART': nan,
                           'BUILD_WORKER': nan,
                           'NO-OP': nan,
                           'RESEARCH': nan},
             'worker': {'BUILD_CITY': nan,
                        'MOVE': nan,
                        'NO-OP': nan,
                        'PILLAGE': nan,
                        'TRANSFER': nan}},
 'Active_Entities': {'cart': 118, 'city_tile': 863, 'worker': 739},
 'Behavior_Policy': {'actor_version_max': 30592,
                     'actor_version_min': 30208,
                     'beta': 0.0,
                     'buffer_lag_max': 704,
                     'ema_kl': None,
                     'forward_kl': 0.014426710084080696,
                     'learner_version': 30912,
                     'log_rho_max': 0.9773674011230469,
                     'log_rho_mean': -0.10984765738248825,
                     'log_rho_p95': 0.29629454016685486,
                     'reverse_kl': 0.013614374212920666,
                     'target': None,
                     'vtrace_rho_clipped_fraction': 0.171875},
 'Entropy': {'cart': 1.560027003288269,
             'city_tile': 0.2450750470161438,
             'overall': 2.970594584941864,
             'worker': 1.1654925346374512},
 'Env': {'carts_final': nan,
         'carts_peak': nan,
         'city_tiles_final': nan,
         'city_tiles_peak': nan,
         'max_cumulative_rewards': nan,
         'mean_cumulative_reward_magnitudes': nan,
         'mean_cumulative_rewards': nan,
         'research_points': nan,
         'separate_cities_final': nan,
         'separate_cities_peak': nan,
         'step': nan,
         'workers_final': nan,
         'workers_peak': nan},
 'Gradient': {'clipped': 1.0, 'norm_before_clip': 16.281314849853516},
 'Intent': {'accuracy': nan,
            'target_build': 0,
            'target_deliver': 0,
            'target_mine': 0,
            'target_return': 0},
 'Loss': {'baseline_loss': 0.04938895255327225,
          'behavior_kl_loss': 0.0,
          'entropy_loss': -0.2513763904571533,
          'intent_aux_loss': 0.0,
          'rule_aux_loss': 0.0,
          'teacher_baseline_loss': 0.0,
          'teacher_kl_loss': 0.0,
          'total_loss': 14.798389434814453,
          'upgo_pg_loss': 13.851690292358398,
          'vtrace_pg_loss': 1.148686170578003},
 'Misc': {'actor_policy_tta_rot180': 1.0,
          'league_opponents': {'first_place': 1.0, 'selfplay': 0.0},
          'learning_rate': 4.8469856e-05,
          'teacher_kl_cost': 0.0,
          'teacher_policy_tta_rot180': 1.0,
          'total_games_played': 66},
 'Normalized_Entropy': {'cart': 0.9945365786552429,
                        'city_tile': 0.22353121638298035,
                        'overall': 0.4944192999843941,
                        'worker': 0.7309045195579529},
 'Teacher_KL_Divergence': {'cart': 0.0,
                           'city_tile': 0.0,
                           'overall': 0.0,
                           'worker': 0.0},
 'Value': {'bias': 1.493026502430439e-08,
           'explained_variance': 0.987146258354187,
           'support_outside_fraction': 0.0,
           'target_std': 0.3465176522731781}}[0m
[[36m2026-08-16 10:07:45,364[0m][[34mroot[0m][[32mINFO[0m] - Steps 30976 @ 0.0 SPS / 0.0 BPS. Stats:
{'Actions': {'cart': {'MOVE': nan, 'NO-OP': nan, 'TRANSFER': nan},
             'city_tile': {'BUILD_CART': nan,
                           'BUILD_WORKER': nan,
                           'NO-OP': nan,
                           'RESEARCH': nan},
             'worker': {'BUILD_CITY': nan,
                        'MOVE': nan,
                        'NO-OP': nan,
                        'PILLAGE': nan,
                        'TRANSFER': nan}},
 'Active_Entities': {'cart': 118, 'city_tile': 863, 'worker': 739},
 'Behavior_Policy': {'actor_version_max': 30592,
                     'actor_version_min': 30208,
                     'beta': 0.0,
                     'buffer_lag_max': 704,
                     'ema_kl': None,
                     'forward_kl': 0.014426710084080696,
                     'learner_version': 30912,
                     'log_rho_max': 0.9773674011230469,
                     'log_rho_mean': -0.10984765738248825,
                     'log_rho_p95': 0.29629454016685486,
                     'reverse_kl': 0.013614374212920666,
                     'target': None,
                     'vtrace_rho_clipped_fraction': 0.171875},
 'Entropy': {'cart': 1.560027003288269,
             'city_tile': 0.2450750470161438,
             'overall': 2.970594584941864,
             'worker': 1.1654925346374512},
 'Env': {'carts_final': nan,
         'carts_peak': nan,
         'city_tiles_final': nan,
         'city_tiles_peak': nan,
         'max_cumulative_rewards': nan,
         'mean_cumulative_reward_magnitudes': nan,
         'mean_cumulative_rewards': nan,
         'research_points': nan,
         'separate_cities_final': nan,
         'separate_cities_peak': nan,
         'step': nan,
         'workers_final': nan,
         'workers_peak': nan},
 'Gradient': {'clipped': 1.0, 'norm_before_clip': 16.281314849853516},
 'Intent': {'accuracy': nan,
            'target_build': 0,
            'target_deliver': 0,
            'target_mine': 0,
            'target_return': 0},
 'Loss': {'baseline_loss': 0.04938895255327225,
          'behavior_kl_loss': 0.0,
          'entropy_loss': -0.2513763904571533,
          'intent_aux_loss': 0.0,
          'rule_aux_loss': 0.0,
          'teacher_baseline_loss': 0.0,
          'teacher_kl_loss': 0.0,
          'total_loss': 14.798389434814453,
          'upgo_pg_loss': 13.851690292358398,
          'vtrace_pg_loss': 1.148686170578003},
 'Misc': {'actor_policy_tta_rot180': 1.0,
          'league_opponents': {'first_place': 1.0, 'selfplay': 0.0},
          'learning_rate': 4.8469856e-05,
          'teacher_kl_cost': 0.0,
          'teacher_policy_tta_rot180': 1.0,
          'total_games_played': 66},
 'Normalized_Entropy': {'cart': 0.9945365786552429,
                        'city_tile': 0.22353121638298035,
                        'overall': 0.4944192999843941,
                        'worker': 0.7309045195579529},
 'Teacher_KL_Divergence': {'cart': 0.0,
                           'city_tile': 0.0,
                           'overall': 0.0,
                           'worker': 0.0},
 'Value': {'bias': 1.493026502430439e-08,
           'explained_variance': 0.987146258354187,
           'support_outside_fraction': 0.0,
           'target_std': 0.3465176522731781}}[0m
[[36m2026-08-16 10:07:50,373[0m][[34mroot[0m][[32mINFO[0m] - Saving checkpoint to 0031040[0m
[[36m2026-08-16 10:07:50,802[0m][[34mroot[0m][[32mINFO[0m] - Verified learner-to-actor model synchronization: max_abs_diff=0[0m
[[36m2026-08-16 10:07:50,856[0m][[34mroot[0m][[32mINFO[0m] - Checkpoint learner delta from run start: max_abs_diff=0.0271809921[0m
[[36m2026-08-16 10:07:51,088[0m][[34mroot[0m][[32mINFO[0m] - Steps 31104 @ 22.4 SPS / 0.3 BPS. Stats:
{'Actions': {'cart': {'MOVE': nan, 'NO-OP': nan, 'TRANSFER': nan},
             'city_tile': {'BUILD_CART': nan,
                           'BUILD_WORKER': nan,
                           'NO-OP': nan,
                           'RESEARCH': nan},
             'worker': {'BUILD_CITY': nan,
                        'MOVE': nan,
                        'NO-OP': nan,
                        'PILLAGE': nan,
                        'TRANSFER': nan}},
 'Active_Entities': {'cart': 90, 'city_tile': 700, 'worker': 658},
 'Behavior_Policy': {'actor_version_max': 30976,
                     'actor_version_min': 30464,
                     'beta': 0.0,
                     'buffer_lag_max': 576,
                     'ema_kl': None,
                     'forward_kl': 0.016762474551796913,
                     'learner_version': 31040,
                     'log_rho_max': 2.492121696472168,
                     'log_rho_mean': -0.0988459587097168,
                     'log_rho_p95': 0.6596591472625732,
                     'reverse_kl': 0.019494494423270226,
                     'target': None,
                     'vtrace_rho_clipped_fraction': 0.28125},
 'Entropy': {'cart': 1.5026357173919678,
             'city_tile': 0.20397265255451202,
             'overall': 2.679955556988716,
             'worker': 0.9733471870422363},
 'Env': {'carts_final': nan,
         'carts_peak': nan,
         'city_tiles_final': nan,
         'city_tiles_peak': nan,
         'max_cumulative_rewards': nan,
         'mean_cumulative_reward_magnitudes': nan,
         'mean_cumulative_rewards': nan,
         'research_points': nan,
         'separate_cities_final': nan,
         'separate_cities_peak': nan,
         'step': nan,
         'workers_final': nan,
         'workers_peak': nan},
 'Gradient': {'clipped': 1.0, 'norm_before_clip': 39.69416809082031},
 'Intent': {'accuracy': nan,
            'target_build': 0,
            'target_deliver': 0,
            'target_mine': 0,
            'target_return': 0},
 'Loss': {'baseline_loss': 0.06908585876226425,
          'behavior_kl_loss': 0.0,
          'entropy_loss': -0.18369610607624054,
          'intent_aux_loss': 0.0,
          'rule_aux_loss': 0.0,
          'teacher_baseline_loss': 0.0,
          'teacher_kl_loss': 0.0,
          'total_loss': 17.581836700439453,
          'upgo_pg_loss': 13.88571548461914,
          'vtrace_pg_loss': 3.8107314109802246},
 'Misc': {'actor_policy_tta_rot180': 1.0,
          'league_opponents': {'first_place': 0.75, 'selfplay': 0.25},
          'learning_rate': 4.846352e-05,
          'teacher_kl_cost': 0.0,
          'teacher_policy_tta_rot180': 1.0,
          'total_games_played': 66},
 'Normalized_Entropy': {'cart': 0.9844381809234619,
                        'city_tile': 0.1908561736345291,
                        'overall': 0.4338084977552377,
                        'worker': 0.6169543266296387},
 'Teacher_KL_Divergence': {'cart': 0.0,
                           'city_tile': 0.0,
                           'overall': 0.0,
                           'worker': 0.0},
 'Value': {'bias': -7.799826562404633e-09,
           'explained_variance': 0.9892235994338989,
           'support_outside_fraction': 0.0,
           'target_std': 0.4313966929912567}}[0m
[[36m2026-08-16 10:07:56,094[0m][[34mroot[0m][[32mINFO[0m] - Steps 31488 @ 76.7 SPS / 1.2 BPS. Stats:
{'Actions': {'cart': {'MOVE': nan, 'NO-OP': nan, 'TRANSFER': nan},
             'city_tile': {'BUILD_CART': nan,
                           'BUILD_WORKER': nan,
                           'NO-OP': nan,
                           'RESEARCH': nan},
             'worker': {'BUILD_CITY': nan,
                        'MOVE': nan,
                        'NO-OP': nan,
                        'PILLAGE': nan,
                        'TRANSFER': nan}},
 'Active_Entities': {'cart': 217, 'city_tile': 1210, 'worker': 900},
 'Behavior_Policy': {'actor_version_max': 30976,
                     'actor_version_min': 30720,
                     'beta': 0.0,
                     'buffer_lag_max': 704,
                     'ema_kl': None,
                     'forward_kl': 0.01456935703754425,
                     'learner_version': 31424,
                     'log_rho_max': 0.9054355621337891,
                     'log_rho_mean': -0.1281234323978424,
                     'log_rho_p95': 0.4721342921257019,
                     'reverse_kl': 0.010322963818907738,
                     'target': None,
                     'vtrace_rho_clipped_fraction': 0.1953125},
 'Entropy': {'cart': 1.563468098640442,
             'city_tile': 0.1950673609972,
             'overall': 2.8683114796876907,
             'worker': 1.1097760200500488},
 'Env': {'carts_final': nan,
         'carts_peak': nan,
         'city_tiles_final': nan,
         'city_tiles_peak': nan,
         'max_cumulative_rewards': nan,
         'mean_cumulative_reward_magnitudes': nan,
         'mean_cumulative_rewards': nan,
         'research_points': nan,
         'separate_cities_final': nan,
         'separate_cities_peak': nan,
         'step': nan,
         'workers_final': nan,
         'workers_peak': nan},
 'Gradient': {'clipped': 1.0, 'norm_before_clip': 21.694183349609375},
 'Intent': {'accuracy': nan,
            'target_build': 0,
            'target_deliver': 0,
            'target_mine': 0,
            'target_return': 0},
 'Loss': {'baseline_loss': 0.08179337531328201,
          'behavior_kl_loss': 0.0,
          'entropy_loss': -0.3148204982280731,
          'intent_aux_loss': 0.0,
          'rule_aux_loss': 0.0,
          'teacher_baseline_loss': 0.0,
          'teacher_kl_loss': 0.0,
          'total_loss': 65.58690643310547,
          'upgo_pg_loss': 48.20751190185547,
          'vtrace_pg_loss': 17.612422943115234},
 'Misc': {'actor_policy_tta_rot180': 1.0,
          'league_opponents': {'first_place': 1.0, 'selfplay': 0.0},
          'learning_rate': 4.8444512000000006e-05,
          'teacher_kl_cost': 0.0,
          'teacher_policy_tta_rot180': 1.0,
          'total_games_played': 66},
 'Normalized_Entropy': {'cart': 0.9967451691627502,
                        'city_tile': 0.17740383744239807,
                        'overall': 0.4533204332051689,
                        'worker': 0.6932492256164551},
 'Teacher_KL_Divergence': {'cart': 0.0,
                           'city_tile': 0.0,
                           'overall': 0.0,
                           'worker': 0.0},
 'Value': {'bias': 1.57597241923213e-08,
           'explained_variance': 0.9724068641662598,
           'support_outside_fraction': 0.0,
           'target_std': 0.30435726046562195}}[0m
[[36m2026-08-16 10:08:01,101[0m][[34mroot[0m][[32mINFO[0m] - Steps 31488 @ 0.0 SPS / 0.0 BPS. Stats:
{'Actions': {'cart': {'MOVE': nan, 'NO-OP': nan, 'TRANSFER': nan},
             'city_tile': {'BUILD_CART': nan,
                           'BUILD_WORKER': nan,
                           'NO-OP': nan,
                           'RESEARCH': nan},
             'worker': {'BUILD_CITY': nan,
                        'MOVE': nan,
                        'NO-OP': nan,
                        'PILLAGE': nan,
                        'TRANSFER': nan}},
 'Active_Entities': {'cart': 217, 'city_tile': 1210, 'worker': 900},
 'Behavior_Policy': {'actor_version_max': 30976,
                     'actor_version_min': 30720,
                     'beta': 0.0,
                     'buffer_lag_max': 704,
                     'ema_kl': None,
                     'forward_kl': 0.01456935703754425,
                     'learner_version': 31424,
                     'log_rho_max': 0.9054355621337891,
                     'log_rho_mean': -0.1281234323978424,
                     'log_rho_p95': 0.4721342921257019,
                     'reverse_kl': 0.010322963818907738,
                     'target': None,
                     'vtrace_rho_clipped_fraction': 0.1953125},
 'Entropy': {'cart': 1.563468098640442,
             'city_tile': 0.1950673609972,
             'overall': 2.8683114796876907,
             'worker': 1.1097760200500488},
 'Env': {'carts_final': nan,
         'carts_peak': nan,
         'city_tiles_final': nan,
         'city_tiles_peak': nan,
         'max_cumulative_rewards': nan,
         'mean_cumulative_reward_magnitudes': nan,
         'mean_cumulative_rewards': nan,
         'research_points': nan,
         'separate_cities_final': nan,
         'separate_cities_peak': nan,
         'step': nan,
         'workers_final': nan,
         'workers_peak': nan},
 'Gradient': {'clipped': 1.0, 'norm_before_clip': 21.694183349609375},
 'Intent': {'accuracy': nan,
            'target_build': 0,
            'target_deliver': 0,
            'target_mine': 0,
            'target_return': 0},
 'Loss': {'baseline_loss': 0.08179337531328201,
          'behavior_kl_loss': 0.0,
          'entropy_loss': -0.3148204982280731,
          'intent_aux_loss': 0.0,
          'rule_aux_loss': 0.0,
          'teacher_baseline_loss': 0.0,
          'teacher_kl_loss': 0.0,
          'total_loss': 65.58690643310547,
          'upgo_pg_loss': 48.20751190185547,
          'vtrace_pg_loss': 17.612422943115234},
 'Misc': {'actor_policy_tta_rot180': 1.0,
          'league_opponents': {'first_place': 1.0, 'selfplay': 0.0},
          'learning_rate': 4.8444512000000006e-05,
          'teacher_kl_cost': 0.0,
          'teacher_policy_tta_rot180': 1.0,
          'total_games_played': 66},
 'Normalized_Entropy': {'cart': 0.9967451691627502,
                        'city_tile': 0.17740383744239807,
                        'overall': 0.4533204332051689,
                        'worker': 0.6932492256164551},
 'Teacher_KL_Divergence': {'cart': 0.0,
                           'city_tile': 0.0,
                           'overall': 0.0,
                           'worker': 0.0},
 'Value': {'bias': 1.57597241923213e-08,
           'explained_variance': 0.9724068641662598,
           'support_outside_fraction': 0.0,
           'target_std': 0.30435726046562195}}[0m
[[36m2026-08-16 10:08:06,116[0m][[34mroot[0m][[32mINFO[0m] - Steps 31744 @ 51.1 SPS / 0.8 BPS. Stats:
{'Actions': {'cart': {'MOVE': 0.8401486988847584,
                      'NO-OP': 0.15985130111524162,
                      'TRANSFER': 0.0},
             'city_tile': {'BUILD_CART': 0.0084813282274024,
                           'BUILD_WORKER': 0.026215014521061966,
                           'NO-OP': 0.9337685368423758,
                           'RESEARCH': 0.03153512040915984},
             'worker': {'BUILD_CITY': 0.01749367367147101,
                        'MOVE': 0.5176862141049621,
                        'NO-OP': 0.4375893937726923,
                        'PILLAGE': 0.001320277258224227,
                        'TRANSFER': 0.025910441192650457}},
 'Active_Entities': {'cart': 93, 'city_tile': 482, 'worker': 676},
 'Behavior_Policy': {'actor_version_max': 31488,
                     'actor_version_min': 30976,
                     'beta': 0.0,
                     'buffer_lag_max': 704,
                     'ema_kl': None,
                     'forward_kl': 0.006048229988664389,
                     'learner_version': 31680,
                     'log_rho_max': 2.5042152404785156,
                     'log_rho_mean': -0.05063692480325699,
                     'log_rho_p95': 0.2870606780052185,
                     'reverse_kl': 0.005559814162552357,
                     'target': None,
                     'vtrace_rho_clipped_fraction': 0.25},
 'Entropy': {'cart': 1.5632091760635376,
             'city_tile': 0.5929598808288574,
             'overall': 2.8194117546081543,
             'worker': 0.6632426977157593},
 'Env': {'carts_final': 1.0,
         'carts_peak': 3.3333334922790527,
         'city_tiles_final': 28.0,
         'city_tiles_peak': 56.5,
         'max_cumulative_rewards': 1.0,
         'mean_cumulative_reward_magnitudes': 1.0,
         'mean_cumulative_rewards': 0.0,
         'research_points': 204.5,
         'separate_cities_final': 2.5,
         'separate_cities_peak': 10.0,
         'step': 361.0,
         'workers_final': 19.666667938232422,
         'workers_peak': 35.16666793823242},
 'Gradient': {'clipped': 1.0, 'norm_before_clip': 359.4496765136719},
 'Intent': {'accuracy': nan,
            'target_build': 0,
            'target_deliver': 0,
            'target_mine': 0,
            'target_return': 0},
 'Loss': {'baseline_loss': 7.6947174072265625,
          'behavior_kl_loss': 0.0,
          'entropy_loss': -0.1759074330329895,
          'intent_aux_loss': 0.0,
          'rule_aux_loss': 0.0,
          'teacher_baseline_loss': 0.0,
          'teacher_kl_loss': 0.0,
          'total_loss': 630.6630859375,
          'upgo_pg_loss': 348.63275146484375,
          'vtrace_pg_loss': 274.5115051269531},
 'Misc': {'actor_policy_tta_rot180': 1.0,
          'league_opponents': {'first_place': 0.921875, 'selfplay': 0.078125},
          'learning_rate': 4.843184e-05,
          'teacher_kl_cost': 0.0,
          'teacher_policy_tta_rot180': 1.0,
          'total_games_played': 80},
 'Normalized_Entropy': {'cart': 0.9935307502746582,
                        'city_tile': 0.5411859154701233,
                        'overall': 0.5074015251642985,
                        'worker': 0.4164339303970337},
 'Teacher_KL_Divergence': {'cart': 0.0,
                           'city_tile': 0.0,
                           'overall': 0.0,
                           'worker': 0.0},
 'Value': {'bias': 8.003553375601768e-09,
           'explained_variance': 0.056247830390930176,
           'support_outside_fraction': 0.0,
           'target_std': 0.506762683391571}}[0m
[[36m2026-08-16 10:08:11,123[0m][[34mroot[0m][[32mINFO[0m] - Steps 31744 @ 0.0 SPS / 0.0 BPS. Stats:
{'Actions': {'cart': {'MOVE': 0.8401486988847584,
                      'NO-OP': 0.15985130111524162,
                      'TRANSFER': 0.0},
             'city_tile': {'BUILD_CART': 0.0084813282274024,
                           'BUILD_WORKER': 0.026215014521061966,
                           'NO-OP': 0.9337685368423758,
                           'RESEARCH': 0.03153512040915984},
             'worker': {'BUILD_CITY': 0.01749367367147101,
                        'MOVE': 0.5176862141049621,
                        'NO-OP': 0.4375893937726923,
                        'PILLAGE': 0.001320277258224227,
                        'TRANSFER': 0.025910441192650457}},
 'Active_Entities': {'cart': 93, 'city_tile': 482, 'worker': 676},
 'Behavior_Policy': {'actor_version_max': 31488,
                     'actor_version_min': 30976,
                     'beta': 0.0,
                     'buffer_lag_max': 704,
                     'ema_kl': None,
                     'forward_kl': 0.006048229988664389,
                     'learner_version': 31680,
                     'log_rho_max': 2.5042152404785156,
                     'log_rho_mean': -0.05063692480325699,
                     'log_rho_p95': 0.2870606780052185,
                     'reverse_kl': 0.005559814162552357,
                     'target': None,
                     'vtrace_rho_clipped_fraction': 0.25},
 'Entropy': {'cart': 1.5632091760635376,
             'city_tile': 0.5929598808288574,
             'overall': 2.8194117546081543,
             'worker': 0.6632426977157593},
 'Env': {'carts_final': 1.0,
         'carts_peak': 3.3333334922790527,
         'city_tiles_final': 28.0,
         'city_tiles_peak': 56.5,
         'max_cumulative_rewards': 1.0,
         'mean_cumulative_reward_magnitudes': 1.0,
         'mean_cumulative_rewards': 0.0,
         'research_points': 204.5,
         'separate_cities_final': 2.5,
         'separate_cities_peak': 10.0,
         'step': 361.0,
         'workers_final': 19.666667938232422,
         'workers_peak': 35.16666793823242},
 'Gradient': {'clipped': 1.0, 'norm_before_clip': 359.4496765136719},
 'Intent': {'accuracy': nan,
            'target_build': 0,
            'target_deliver': 0,
            'target_mine': 0,
            'target_return': 0},
 'Loss': {'baseline_loss': 7.6947174072265625,
          'behavior_kl_loss': 0.0,
          'entropy_loss': -0.1759074330329895,
          'intent_aux_loss': 0.0,
          'rule_aux_loss': 0.0,
          'teacher_baseline_loss': 0.0,
          'teacher_kl_loss': 0.0,
          'total_loss': 630.6630859375,
          'upgo_pg_loss': 348.63275146484375,
          'vtrace_pg_loss': 274.5115051269531},
 'Misc': {'actor_policy_tta_rot180': 1.0,
          'league_opponents': {'first_place': 0.921875, 'selfplay': 0.078125},
          'learning_rate': 4.843184e-05,
          'teacher_kl_cost': 0.0,
          'teacher_policy_tta_rot180': 1.0,
          'total_games_played': 80},
 'Normalized_Entropy': {'cart': 0.9935307502746582,
                        'city_tile': 0.5411859154701233,
                        'overall': 0.5074015251642985,
                        'worker': 0.4164339303970337},
 'Teacher_KL_Divergence': {'cart': 0.0,
                           'city_tile': 0.0,
                           'overall': 0.0,
                           'worker': 0.0},
 'Value': {'bias': 8.003553375601768e-09,
           'explained_variance': 0.056247830390930176,
           'support_outside_fraction': 0.0,
           'target_std': 0.506762683391571}}[0m
[[36m2026-08-16 10:08:16,132[0m][[34mroot[0m][[32mINFO[0m] - Steps 32000 @ 51.2 SPS / 0.8 BPS. Stats:
{'Actions': {'cart': {'MOVE': nan, 'NO-OP': nan, 'TRANSFER': nan},
             'city_tile': {'BUILD_CART': nan,
                           'BUILD_WORKER': nan,
                           'NO-OP': nan,
                           'RESEARCH': nan},
             'worker': {'BUILD_CITY': nan,
                        'MOVE': nan,
                        'NO-OP': nan,
                        'PILLAGE': nan,
                        'TRANSFER': nan}},
 'Active_Entities': {'cart': 624, 'city_tile': 4169, 'worker': 2979},
 'Behavior_Policy': {'actor_version_max': 31744,
                     'actor_version_min': 30976,
                     'beta': 0.0,
                     'buffer_lag_max': 960,
                     'ema_kl': None,
                     'forward_kl': 0.0068741957657039165,
                     'learner_version': 31936,
                     'log_rho_max': 2.5235748291015625,
                     'log_rho_mean': -0.29631978273391724,
                     'log_rho_p95': 0.7515084147453308,
                     'reverse_kl': 0.00686601409688592,
                     'target': None,
                     'vtrace_rho_clipped_fraction': 0.2265625},
 'Entropy': {'cart': 1.5184155702590942,
             'city_tile': 0.5460332632064819,
             'overall': 3.1252750158309937,
             'worker': 1.0608261823654175},
 'Env': {'carts_final': nan,
         'carts_peak': nan,
         'city_tiles_final': nan,
         'city_tiles_peak': nan,
         'max_cumulative_rewards': nan,
         'mean_cumulative_reward_magnitudes': nan,
         'mean_cumulative_rewards': nan,
         'research_points': nan,
         'separate_cities_final': nan,
         'separate_cities_peak': nan,
         'step': nan,
         'workers_final': nan,
         'workers_peak': nan},
 'Gradient': {'clipped': 1.0, 'norm_before_clip': 21.069177627563477},
 'Intent': {'accuracy': nan,
            'target_build': 0,
            'target_deliver': 0,
            'target_mine': 0,
            'target_return': 0},
 'Loss': {'baseline_loss': 0.01012879703193903,
          'behavior_kl_loss': 0.0,
          'entropy_loss': -1.2768210172653198,
          'intent_aux_loss': 0.0,
          'rule_aux_loss': 0.0,
          'teacher_baseline_loss': 0.0,
          'teacher_kl_loss': 0.0,
          'total_loss': 44.415069580078125,
          'upgo_pg_loss': 36.84605407714844,
          'vtrace_pg_loss': 8.83570671081543},
 'Misc': {'actor_policy_tta_rot180': 1.0,
          'league_opponents': {'first_place': 0.75, 'selfplay': 0.25},
          'learning_rate': 4.8419168000000005e-05,
          'teacher_kl_cost': 0.0,
          'teacher_policy_tta_rot180': 1.0,
          'total_games_played': 80},
 'Normalized_Entropy': {'cart': 0.9823302030563354,
                        'city_tile': 0.4970209002494812,
                        'overall': 0.5983198921412337,
                        'worker': 0.6596468687057495},
 'Teacher_KL_Divergence': {'cart': 0.0,
                           'city_tile': 0.0,
                           'overall': 0.0,
                           'worker': 0.0},
 'Value': {'bias': 2.7066562324762344e-09,
           'explained_variance': 0.9162722229957581,
           'support_outside_fraction': 0.0,
           'target_std': 0.05646965652704239}}[0m
[[36m2026-08-16 10:08:21,147[0m][[34mroot[0m][[32mINFO[0m] - Steps 32256 @ 51.1 SPS / 0.8 BPS. Stats:
{'Actions': {'cart': {'MOVE': nan, 'NO-OP': nan, 'TRANSFER': nan},
             'city_tile': {'BUILD_CART': nan,
                           'BUILD_WORKER': nan,
                           'NO-OP': nan,
                           'RESEARCH': nan},
             'worker': {'BUILD_CITY': nan,
                        'MOVE': nan,
                        'NO-OP': nan,
                        'PILLAGE': nan,
                        'TRANSFER': nan}},
 'Active_Entities': {'cart': 0, 'city_tile': 97, 'worker': 317},
 'Behavior_Policy': {'actor_version_max': 32000,
                     'actor_version_min': 31488,
                     'beta': 0.0,
                     'buffer_lag_max': 704,
                     'ema_kl': None,
                     'forward_kl': 0.025465596467256546,
                     'learner_version': 32192,
                     'log_rho_max': 2.478398323059082,
                     'log_rho_mean': -0.018377920612692833,
                     'log_rho_p95': 0.5612248182296753,
                     'reverse_kl': 0.02802320197224617,
                     'target': None,
                     'vtrace_rho_clipped_fraction': 0.359375},
 'Entropy': {'cart': -0.0,
             'city_tile': 0.1246519684791565,
             'overall': 0.3773922622203827,
             'worker': 0.2527402937412262},
 'Env': {'carts_final': nan,
         'carts_peak': nan,
         'city_tiles_final': nan,
         'city_tiles_peak': nan,
         'max_cumulative_rewards': nan,
         'mean_cumulative_reward_magnitudes': nan,
         'mean_cumulative_rewards': nan,
         'research_points': nan,
         'separate_cities_final': nan,
         'separate_cities_peak': nan,
         'step': nan,
         'workers_final': nan,
         'workers_peak': nan},
 'Gradient': {'clipped': 1.0, 'norm_before_clip': 12.957754135131836},
 'Intent': {'accuracy': nan,
            'target_build': 0,
            'target_deliver': 0,
            'target_mine': 0,
            'target_return': 0},
 'Loss': {'baseline_loss': 0.020073138177394867,
          'behavior_kl_loss': 0.0,
          'entropy_loss': -0.018441982567310333,
          'intent_aux_loss': 0.0,
          'rule_aux_loss': 0.0,
          'teacher_baseline_loss': 0.0,
          'teacher_kl_loss': 0.0,
          'total_loss': 0.645777702331543,
          'upgo_pg_loss': 0.7269107699394226,
          'vtrace_pg_loss': -0.08276420086622238},
 'Misc': {'actor_policy_tta_rot180': 1.0,
          'league_opponents': {'first_place': 0.75, 'selfplay': 0.25},
          'learning_rate': 4.8406496e-05,
          'teacher_kl_cost': 0.0,
          'teacher_policy_tta_rot180': 1.0,
          'total_games_played': 80},
 'Normalized_Entropy': {'cart': 0.0,
                        'city_tile': 0.12946657836437225,
                        'overall': 0.1553323123478083,
                        'worker': 0.16324706375598907},
 'Teacher_KL_Divergence': {'cart': 0.0,
                           'city_tile': 0.0,
                           'overall': 0.0,
                           'worker': 0.0},
 'Value': {'bias': -2.5756889954209328e-09,
           'explained_variance': 0.7388075590133667,
           'support_outside_fraction': 0.0,
           'target_std': 0.038752928376197815}}[0m
[[36m2026-08-16 10:08:26,154[0m][[34mroot[0m][[32mINFO[0m] - Steps 32256 @ 0.0 SPS / 0.0 BPS. Stats:
{'Actions': {'cart': {'MOVE': nan, 'NO-OP': nan, 'TRANSFER': nan},
             'city_tile': {'BUILD_CART': nan,
                           'BUILD_WORKER': nan,
                           'NO-OP': nan,
                           'RESEARCH': nan},
             'worker': {'BUILD_CITY': nan,
                        'MOVE': nan,
                        'NO-OP': nan,
                        'PILLAGE': nan,
                        'TRANSFER': nan}},
 'Active_Entities': {'cart': 0, 'city_tile': 97, 'worker': 317},
 'Behavior_Policy': {'actor_version_max': 32000,
                     'actor_version_min': 31488,
                     'beta': 0.0,
                     'buffer_lag_max': 704,
                     'ema_kl': None,
                     'forward_kl': 0.025465596467256546,
                     'learner_version': 32192,
                     'log_rho_max': 2.478398323059082,
                     'log_rho_mean': -0.018377920612692833,
                     'log_rho_p95': 0.5612248182296753,
                     'reverse_kl': 0.02802320197224617,
                     'target': None,
                     'vtrace_rho_clipped_fraction': 0.359375},
 'Entropy': {'cart': -0.0,
             'city_tile': 0.1246519684791565,
             'overall': 0.3773922622203827,
             'worker': 0.2527402937412262},
 'Env': {'carts_final': nan,
         'carts_peak': nan,
         'city_tiles_final': nan,
         'city_tiles_peak': nan,
         'max_cumulative_rewards': nan,
         'mean_cumulative_reward_magnitudes': nan,
         'mean_cumulative_rewards': nan,
         'research_points': nan,
         'separate_cities_final': nan,
         'separate_cities_peak': nan,
         'step': nan,
         'workers_final': nan,
         'workers_peak': nan},
 'Gradient': {'clipped': 1.0, 'norm_before_clip': 12.957754135131836},
 'Intent': {'accuracy': nan,
            'target_build': 0,
            'target_deliver': 0,
            'target_mine': 0,
            'target_return': 0},
 'Loss': {'baseline_loss': 0.020073138177394867,
          'behavior_kl_loss': 0.0,
          'entropy_loss': -0.018441982567310333,
          'intent_aux_loss': 0.0,
          'rule_aux_loss': 0.0,
          'teacher_baseline_loss': 0.0,
          'teacher_kl_loss': 0.0,
          'total_loss': 0.645777702331543,
          'upgo_pg_loss': 0.7269107699394226,
          'vtrace_pg_loss': -0.08276420086622238},
 'Misc': {'actor_policy_tta_rot180': 1.0,
          'league_opponents': {'first_place': 0.75, 'selfplay': 0.25},
          'learning_rate': 4.8406496e-05,
          'teacher_kl_cost': 0.0,
          'teacher_policy_tta_rot180': 1.0,
          'total_games_played': 80},
 'Normalized_Entropy': {'cart': 0.0,
                        'city_tile': 0.12946657836437225,
                        'overall': 0.1553323123478083,
                        'worker': 0.16324706375598907},
 'Teacher_KL_Divergence': {'cart': 0.0,
                           'city_tile': 0.0,
                           'overall': 0.0,
                           'worker': 0.0},
 'Value': {'bias': -2.5756889954209328e-09,
           'explained_variance': 0.7388075590133667,
           'support_outside_fraction': 0.0,
           'target_std': 0.038752928376197815}}[0m
[[36m2026-08-16 10:08:31,161[0m][[34mroot[0m][[32mINFO[0m] - Steps 32768 @ 102.3 SPS / 1.6 BPS. Stats:
{'Actions': {'cart': {'MOVE': nan, 'NO-OP': nan, 'TRANSFER': nan},
             'city_tile': {'BUILD_CART': nan,
                           'BUILD_WORKER': nan,
                           'NO-OP': nan,
                           'RESEARCH': nan},
             'worker': {'BUILD_CITY': nan,
                        'MOVE': nan,
                        'NO-OP': nan,
                        'PILLAGE': nan,
                        'TRANSFER': nan}},
 'Active_Entities': {'cart': 0, 'city_tile': 104, 'worker': 689},
 'Behavior_Policy': {'actor_version_max': 32256,
                     'actor_version_min': 32000,
                     'beta': 0.0,
                     'buffer_lag_max': 704,
                     'ema_kl': None,
                     'forward_kl': 0.03497090935707092,
                     'learner_version': 32704,
                     'log_rho_max': 1.2982549667358398,
                     'log_rho_mean': -0.2791617512702942,
                     'log_rho_p95': 0.3609868586063385,
                     'reverse_kl': 0.03481879457831383,
                     'target': None,
                     'vtrace_rho_clipped_fraction': 0.1796875},
 'Entropy': {'cart': -0.0,
             'city_tile': 0.15188206732273102,
             'overall': 0.46961815655231476,
             'worker': 0.31773608922958374},
 'Env': {'carts_final': nan,
         'carts_peak': nan,
         'city_tiles_final': nan,
         'city_tiles_peak': nan,
         'max_cumulative_rewards': nan,
         'mean_cumulative_reward_magnitudes': nan,
         'mean_cumulative_rewards': nan,
         'research_points': nan,
         'separate_cities_final': nan,
         'separate_cities_peak': nan,
         'step': nan,
         'workers_final': nan,
         'workers_peak': nan},
 'Gradient': {'clipped': 1.0, 'norm_before_clip': 19.783815383911133},
 'Intent': {'accuracy': nan,
            'target_build': 0,
            'target_deliver': 0,
            'target_mine': 0,
            'target_return': 0},
 'Loss': {'baseline_loss': 0.01626059040427208,
          'behavior_kl_loss': 0.0,
          'entropy_loss': -0.04694317653775215,
          'intent_aux_loss': 0.0,
          'rule_aux_loss': 0.0,
          'teacher_baseline_loss': 0.0,
          'teacher_kl_loss': 0.0,
          'total_loss': 3.4290857315063477,
          'upgo_pg_loss': 2.5234954357147217,
          'vtrace_pg_loss': 0.9362729787826538},
 'Misc': {'actor_policy_tta_rot180': 1.0,
          'league_opponents': {'first_place': 0.75, 'selfplay': 0.25},
          'learning_rate': 4.8381152e-05,
          'teacher_kl_cost': 0.0,
          'teacher_policy_tta_rot180': 1.0,
          'total_games_played': 80},
 'Normalized_Entropy': {'cart': 0.0,
                        'city_tile': 0.1550063192844391,
                        'overall': 0.19252684150562913,
                        'worker': 0.19819031655788422},
 'Teacher_KL_Divergence': {'cart': 0.0,
                           'city_tile': 0.0,
                           'overall': 0.0,
                           'worker': 0.0},
 'Value': {'bias': -5.966285243630409e-09,
           'explained_variance': 0.3567555546760559,
           'support_outside_fraction': 0.0,
           'target_std': 0.02672503888607025}}[0m
[[36m2026-08-16 10:08:36,174[0m][[34mroot[0m][[32mINFO[0m] - Steps 32768 @ 0.0 SPS / 0.0 BPS. Stats:
{'Actions': {'cart': {'MOVE': nan, 'NO-OP': nan, 'TRANSFER': nan},
             'city_tile': {'BUILD_CART': nan,
                           'BUILD_WORKER': nan,
                           'NO-OP': nan,
                           'RESEARCH': nan},
             'worker': {'BUILD_CITY': nan,
                        'MOVE': nan,
                        'NO-OP': nan,
                        'PILLAGE': nan,
                        'TRANSFER': nan}},
 'Active_Entities': {'cart': 0, 'city_tile': 104, 'worker': 689},
 'Behavior_Policy': {'actor_version_max': 32256,
                     'actor_version_min': 32000,
                     'beta': 0.0,
                     'buffer_lag_max': 704,
                     'ema_kl': None,
                     'forward_kl': 0.03497090935707092,
                     'learner_version': 32704,
                     'log_rho_max': 1.2982549667358398,
                     'log_rho_mean': -0.2791617512702942,
                     'log_rho_p95': 0.3609868586063385,
                     'reverse_kl': 0.03481879457831383,
                     'target': None,
                     'vtrace_rho_clipped_fraction': 0.1796875},
 'Entropy': {'cart': -0.0,
             'city_tile': 0.15188206732273102,
             'overall': 0.46961815655231476,
             'worker': 0.31773608922958374},
 'Env': {'carts_final': nan,
         'carts_peak': nan,
         'city_tiles_final': nan,
         'city_tiles_peak': nan,
         'max_cumulative_rewards': nan,
         'mean_cumulative_reward_magnitudes': nan,
         'mean_cumulative_rewards': nan,
         'research_points': nan,
         'separate_cities_final': nan,
         'separate_cities_peak': nan,
         'step': nan,
         'workers_final': nan,
         'workers_peak': nan},
 'Gradient': {'clipped': 1.0, 'norm_before_clip': 19.783815383911133},
 'Intent': {'accuracy': nan,
            'target_build': 0,
            'target_deliver': 0,
            'target_mine': 0,
            'target_return': 0},
 'Loss': {'baseline_loss': 0.01626059040427208,
          'behavior_kl_loss': 0.0,
          'entropy_loss': -0.04694317653775215,
          'intent_aux_loss': 0.0,
          'rule_aux_loss': 0.0,
          'teacher_baseline_loss': 0.0,
          'teacher_kl_loss': 0.0,
          'total_loss': 3.4290857315063477,
          'upgo_pg_loss': 2.5234954357147217,
          'vtrace_pg_loss': 0.9362729787826538},
 'Misc': {'actor_policy_tta_rot180': 1.0,
          'league_opponents': {'first_place': 0.75, 'selfplay': 0.25},
          'learning_rate': 4.8381152e-05,
          'teacher_kl_cost': 0.0,
          'teacher_policy_tta_rot180': 1.0,
          'total_games_played': 80},
 'Normalized_Entropy': {'cart': 0.0,
                        'city_tile': 0.1550063192844391,
                        'overall': 0.19252684150562913,
                        'worker': 0.19819031655788422},
 'Teacher_KL_Divergence': {'cart': 0.0,
                           'city_tile': 0.0,
                           'overall': 0.0,
                           'worker': 0.0},
 'Value': {'bias': -5.966285243630409e-09,
           'explained_variance': 0.3567555546760559,
           'support_outside_fraction': 0.0,
           'target_std': 0.02672503888607025}}[0m
[[36m2026-08-16 10:08:41,184[0m][[34mroot[0m][[32mINFO[0m] - Steps 32768 @ 0.0 SPS / 0.0 BPS. Stats:
{'Actions': {'cart': {'MOVE': nan, 'NO-OP': nan, 'TRANSFER': nan},
             'city_tile': {'BUILD_CART': nan,
                           'BUILD_WORKER': nan,
                           'NO-OP': nan,
                           'RESEARCH': nan},
             'worker': {'BUILD_CITY': nan,
                        'MOVE': nan,
                        'NO-OP': nan,
                        'PILLAGE': nan,
                        'TRANSFER': nan}},
 'Active_Entities': {'cart': 0, 'city_tile': 104, 'worker': 689},
 'Behavior_Policy': {'actor_version_max': 32256,
                     'actor_version_min': 32000,
                     'beta': 0.0,
                     'buffer_lag_max': 704,
                     'ema_kl': None,
                     'forward_kl': 0.03497090935707092,
                     'learner_version': 32704,
                     'log_rho_max': 1.2982549667358398,
                     'log_rho_mean': -0.2791617512702942,
                     'log_rho_p95': 0.3609868586063385,
                     'reverse_kl': 0.03481879457831383,
                     'target': None,
                     'vtrace_rho_clipped_fraction': 0.1796875},
 'Entropy': {'cart': -0.0,
             'city_tile': 0.15188206732273102,
             'overall': 0.46961815655231476,
             'worker': 0.31773608922958374},
 'Env': {'carts_final': nan,
         'carts_peak': nan,
         'city_tiles_final': nan,
         'city_tiles_peak': nan,
         'max_cumulative_rewards': nan,
         'mean_cumulative_reward_magnitudes': nan,
         'mean_cumulative_rewards': nan,
         'research_points': nan,
         'separate_cities_final': nan,
         'separate_cities_peak': nan,
         'step': nan,
         'workers_final': nan,
         'workers_peak': nan},
 'Gradient': {'clipped': 1.0, 'norm_before_clip': 19.783815383911133},
 'Intent': {'accuracy': nan,
            'target_build': 0,
            'target_deliver': 0,
            'target_mine': 0,
            'target_return': 0},
 'Loss': {'baseline_loss': 0.01626059040427208,
          'behavior_kl_loss': 0.0,
          'entropy_loss': -0.04694317653775215,
          'intent_aux_loss': 0.0,
          'rule_aux_loss': 0.0,
          'teacher_baseline_loss': 0.0,
          'teacher_kl_loss': 0.0,
          'total_loss': 3.4290857315063477,
          'upgo_pg_loss': 2.5234954357147217,
          'vtrace_pg_loss': 0.9362729787826538},
 'Misc': {'actor_policy_tta_rot180': 1.0,
          'league_opponents': {'first_place': 0.75, 'selfplay': 0.25},
          'learning_rate': 4.8381152e-05,
          'teacher_kl_cost': 0.0,
          'teacher_policy_tta_rot180': 1.0,
          'total_games_played': 80},
 'Normalized_Entropy': {'cart': 0.0,
                        'city_tile': 0.1550063192844391,
                        'overall': 0.19252684150562913,
                        'worker': 0.19819031655788422},
 'Teacher_KL_Divergence': {'cart': 0.0,
                           'city_tile': 0.0,
                           'overall': 0.0,
                           'worker': 0.0},
 'Value': {'bias': -5.966285243630409e-09,
           'explained_variance': 0.3567555546760559,
           'support_outside_fraction': 0.0,
           'target_std': 0.02672503888607025}}[0m
[[36m2026-08-16 10:08:46,194[0m][[34mroot[0m][[32mINFO[0m] - Steps 33024 @ 51.1 SPS / 0.8 BPS. Stats:
{'Actions': {'cart': {'MOVE': nan, 'NO-OP': nan, 'TRANSFER': nan},
             'city_tile': {'BUILD_CART': nan,
                           'BUILD_WORKER': nan,
                           'NO-OP': nan,
                           'RESEARCH': nan},
             'worker': {'BUILD_CITY': nan,
                        'MOVE': nan,
                        'NO-OP': nan,
                        'PILLAGE': nan,
                        'TRANSFER': nan}},
 'Active_Entities': {'cart': 0, 'city_tile': 136, 'worker': 688},
 'Behavior_Policy': {'actor_version_max': 32768,
                     'actor_version_min': 32320,
                     'beta': 0.0,
                     'buffer_lag_max': 640,
                     'ema_kl': None,
                     'forward_kl': 0.028607547283172607,
                     'learner_version': 32960,
                     'log_rho_max': 1.6564607620239258,
                     'log_rho_mean': -0.15823660790920258,
                     'log_rho_p95': 0.5223355293273926,
                     'reverse_kl': 0.029825830832123756,
                     'target': None,
                     'vtrace_rho_clipped_fraction': 0.2265625},
 'Entropy': {'cart': -0.0,
             'city_tile': 0.14426344633102417,
             'overall': 0.46652868390083313,
             'worker': 0.32226523756980896},
 'Env': {'carts_final': nan,
         'carts_peak': nan,
         'city_tiles_final': nan,
         'city_tiles_peak': nan,
         'max_cumulative_rewards': nan,
         'mean_cumulative_reward_magnitudes': nan,
         'mean_cumulative_rewards': nan,
         'research_points': nan,
         'separate_cities_final': nan,
         'separate_cities_peak': nan,
         'step': nan,
         'workers_final': nan,
         'workers_peak': nan},
 'Gradient': {'clipped': 1.0, 'norm_before_clip': 21.952796936035156},
 'Intent': {'accuracy': nan,
            'target_build': 0,
            'target_deliver': 0,
            'target_mine': 0,
            'target_return': 0},
 'Loss': {'baseline_loss': 0.027850380167365074,
          'behavior_kl_loss': 0.0,
          'entropy_loss': -0.048267655074596405,
          'intent_aux_loss': 0.0,
          'rule_aux_loss': 0.0,
          'teacher_baseline_loss': 0.0,
          'teacher_kl_loss': 0.0,
          'total_loss': 1.7780921459197998,
          'upgo_pg_loss': 2.1968042850494385,
          'vtrace_pg_loss': -0.39829495549201965},
 'Misc': {'actor_policy_tta_rot180': 1.0,
          'league_opponents': {'first_place': 0.75, 'selfplay': 0.25},
          'learning_rate': 4.836848000000001e-05,
          'teacher_kl_cost': 0.0,
          'teacher_policy_tta_rot180': 1.0,
          'total_games_played': 80},
 'Normalized_Entropy': {'cart': 0.0,
                        'city_tile': 0.14272227883338928,
                        'overall': 0.19301202864322847,
                        'worker': 0.2029530256986618},
 'Teacher_KL_Divergence': {'cart': 0.0,
                           'city_tile': 0.0,
                           'overall': 0.0,
                           'worker': 0.0},
 'Value': {'bias': -8.381903171539307e-09,
           'explained_variance': 0.6882317662239075,
           'support_outside_fraction': 0.0,
           'target_std': 0.04851056635379791}}[0m
[[36m2026-08-16 10:08:51,200[0m][[34mroot[0m][[32mINFO[0m] - Steps 33280 @ 51.2 SPS / 0.8 BPS. Stats:
{'Actions': {'cart': {'MOVE': nan, 'NO-OP': nan, 'TRANSFER': nan},
             'city_tile': {'BUILD_CART': nan,
                           'BUILD_WORKER': nan,
                           'NO-OP': nan,
                           'RESEARCH': nan},
             'worker': {'BUILD_CITY': nan,
                        'MOVE': nan,
                        'NO-OP': nan,
                        'PILLAGE': nan,
                        'TRANSFER': nan}},
 'Active_Entities': {'cart': 1171, 'city_tile': 4923, 'worker': 3351},
 'Behavior_Policy': {'actor_version_max': 33024,
                     'actor_version_min': 32256,
                     'beta': 0.0,
                     'buffer_lag_max': 960,
                     'ema_kl': None,
                     'forward_kl': 0.00458140391856432,
                     'learner_version': 33216,
                     'log_rho_max': 2.2442245483398438,
                     'log_rho_mean': -0.31927216053009033,
                     'log_rho_p95': 0.7752176523208618,
                     'reverse_kl': 0.004550820216536522,
                     'target': None,
                     'vtrace_rho_clipped_fraction': 0.1640625},
 'Entropy': {'cart': 1.546783685684204,
             'city_tile': 0.5121028423309326,
             'overall': 3.3195672035217285,
             'worker': 1.2606806755065918},
 'Env': {'carts_final': nan,
         'carts_peak': nan,
         'city_tiles_final': nan,
         'city_tiles_peak': nan,
         'max_cumulative_rewards': nan,
         'mean_cumulative_reward_magnitudes': nan,
         'mean_cumulative_rewards': nan,
         'research_points': nan,
         'separate_cities_final': nan,
         'separate_cities_peak': nan,
         'step': nan,
         'workers_final': nan,
         'workers_peak': nan},
 'Gradient': {'clipped': 0.0, 'norm_before_clip': 7.252840042114258},
 'Intent': {'accuracy': nan,
            'target_build': 0,
            'target_deliver': 0,
            'target_mine': 0,
            'target_return': 0},
 'Loss': {'baseline_loss': 0.0034335660748183727,
          'behavior_kl_loss': 0.0,
          'entropy_loss': -1.711381435394287,
          'intent_aux_loss': 0.0,
          'rule_aux_loss': 0.0,
          'teacher_baseline_loss': 0.0,
          'teacher_kl_loss': 0.0,
          'total_loss': 24.112754821777344,
          'upgo_pg_loss': 23.633424758911133,
          'vtrace_pg_loss': 2.1872780323028564},
 'Misc': {'actor_policy_tta_rot180': 1.0,
          'league_opponents': {'first_place': 0.75, 'selfplay': 0.25},
          'learning_rate': 4.8355808000000004e-05,
          'teacher_kl_cost': 0.0,
          'teacher_policy_tta_rot180': 1.0,
          'total_games_played': 80},
 'Normalized_Entropy': {'cart': 0.9879159927368164,
                        'city_tile': 0.46613606810569763,
                        'overall': 0.6428272234661482,
                        'worker': 0.7818160653114319},
 'Teacher_KL_Divergence': {'cart': 0.0,
                           'city_tile': 0.0,
                           'overall': 0.0,
                           'worker': 0.0},
 'Value': {'bias': 7.8580342233181e-10,
           'explained_variance': 0.9736010432243347,
           'support_outside_fraction': 0.0,
           'target_std': 0.05453113839030266}}[0m
[[36m2026-08-16 10:08:56,211[0m][[34mroot[0m][[32mINFO[0m] - Steps 33280 @ 0.0 SPS / 0.0 BPS. Stats:
{'Actions': {'cart': {'MOVE': nan, 'NO-OP': nan, 'TRANSFER': nan},
             'city_tile': {'BUILD_CART': nan,
                           'BUILD_WORKER': nan,
                           'NO-OP': nan,
                           'RESEARCH': nan},
             'worker': {'BUILD_CITY': nan,
                        'MOVE': nan,
                        'NO-OP': nan,
                        'PILLAGE': nan,
                        'TRANSFER': nan}},
 'Active_Entities': {'cart': 1171, 'city_tile': 4923, 'worker': 3351},
 'Behavior_Policy': {'actor_version_max': 33024,
                     'actor_version_min': 32256,
                     'beta': 0.0,
                     'buffer_lag_max': 960,
                     'ema_kl': None,
                     'forward_kl': 0.00458140391856432,
                     'learner_version': 33216,
                     'log_rho_max': 2.2442245483398438,
                     'log_rho_mean': -0.31927216053009033,
                     'log_rho_p95': 0.7752176523208618,
                     'reverse_kl': 0.004550820216536522,
                     'target': None,
                     'vtrace_rho_clipped_fraction': 0.1640625},
 'Entropy': {'cart': 1.546783685684204,
             'city_tile': 0.5121028423309326,
             'overall': 3.3195672035217285,
             'worker': 1.2606806755065918},
 'Env': {'carts_final': nan,
         'carts_peak': nan,
         'city_tiles_final': nan,
         'city_tiles_peak': nan,
         'max_cumulative_rewards': nan,
         'mean_cumulative_reward_magnitudes': nan,
         'mean_cumulative_rewards': nan,
         'research_points': nan,
         'separate_cities_final': nan,
         'separate_cities_peak': nan,
         'step': nan,
         'workers_final': nan,
         'workers_peak': nan},
 'Gradient': {'clipped': 0.0, 'norm_before_clip': 7.252840042114258},
 'Intent': {'accuracy': nan,
            'target_build': 0,
            'target_deliver': 0,
            'target_mine': 0,
            'target_return': 0},
 'Loss': {'baseline_loss': 0.0034335660748183727,
          'behavior_kl_loss': 0.0,
          'entropy_loss': -1.711381435394287,
          'intent_aux_loss': 0.0,
          'rule_aux_loss': 0.0,
          'teacher_baseline_loss': 0.0,
          'teacher_kl_loss': 0.0,
          'total_loss': 24.112754821777344,
          'upgo_pg_loss': 23.633424758911133,
          'vtrace_pg_loss': 2.1872780323028564},
 'Misc': {'actor_policy_tta_rot180': 1.0,
          'league_opponents': {'first_place': 0.75, 'selfplay': 0.25},
          'learning_rate': 4.8355808000000004e-05,
          'teacher_kl_cost': 0.0,
          'teacher_policy_tta_rot180': 1.0,
          'total_games_played': 80},
 'Normalized_Entropy': {'cart': 0.9879159927368164,
                        'city_tile': 0.46613606810569763,
                        'overall': 0.6428272234661482,
                        'worker': 0.7818160653114319},
 'Teacher_KL_Divergence': {'cart': 0.0,
                           'city_tile': 0.0,
                           'overall': 0.0,
                           'worker': 0.0},
 'Value': {'bias': 7.8580342233181e-10,
           'explained_variance': 0.9736010432243347,
           'support_outside_fraction': 0.0,
           'target_std': 0.05453113839030266}}[0m
[[36m2026-08-16 10:09:01,225[0m][[34mroot[0m][[32mINFO[0m] - Steps 33536 @ 51.1 SPS / 0.8 BPS. Stats:
{'Actions': {'cart': {'MOVE': nan, 'NO-OP': nan, 'TRANSFER': nan},
             'city_tile': {'BUILD_CART': nan,
                           'BUILD_WORKER': nan,
                           'NO-OP': nan,
                           'RESEARCH': nan},
             'worker': {'BUILD_CITY': nan,
                        'MOVE': nan,
                        'NO-OP': nan,
                        'PILLAGE': nan,
                        'TRANSFER': nan}},
 'Active_Entities': {'cart': 0, 'city_tile': 171, 'worker': 1002},
 'Behavior_Policy': {'actor_version_max': 33280,
                     'actor_version_min': 32768,
                     'beta': 0.0,
                     'buffer_lag_max': 704,
                     'ema_kl': None,
                     'forward_kl': 0.02160489931702614,
                     'learner_version': 33472,
                     'log_rho_max': 1.5825872421264648,
                     'log_rho_mean': -0.14341747760772705,
                     'log_rho_p95': 0.7594633102416992,
                     'reverse_kl': 0.02076241374015808,
                     'target': None,
                     'vtrace_rho_clipped_fraction': 0.2578125},
 'Entropy': {'cart': -0.0,
             'city_tile': 0.24417056143283844,
             'overall': 0.6315540224313736,
             'worker': 0.38738346099853516},
 'Env': {'carts_final': nan,
         'carts_peak': nan,
         'city_tiles_final': nan,
         'city_tiles_peak': nan,
         'max_cumulative_rewards': nan,
         'mean_cumulative_reward_magnitudes': nan,
         'mean_cumulative_rewards': nan,
         'research_points': nan,
         'separate_cities_final': nan,
         'separate_cities_peak': nan,
         'step': nan,
         'workers_final': nan,
         'workers_peak': nan},
 'Gradient': {'clipped': 1.0, 'norm_before_clip': 24.0258731842041},
 'Intent': {'accuracy': nan,
            'target_build': 0,
            'target_deliver': 0,
            'target_mine': 0,
            'target_return': 0},
 'Loss': {'baseline_loss': 0.018633823841810226,
          'behavior_kl_loss': 0.0,
          'entropy_loss': -0.08598227798938751,
          'intent_aux_loss': 0.0,
          'rule_aux_loss': 0.0,
          'teacher_baseline_loss': 0.0,
          'teacher_kl_loss': 0.0,
          'total_loss': 2.7882189750671387,
          'upgo_pg_loss': 3.162896156311035,
          'vtrace_pg_loss': -0.30732861161231995},
 'Misc': {'actor_policy_tta_rot180': 1.0,
          'league_opponents': {'first_place': 0.75, 'selfplay': 0.25},
          'learning_rate': 4.8343136e-05,
          'teacher_kl_cost': 0.0,
          'teacher_policy_tta_rot180': 1.0,
          'total_games_played': 80},
 'Normalized_Entropy': {'cart': 0.0,
                        'city_tile': 0.17722749710083008,
                        'overall': 0.23681814355008743,
                        'worker': 0.24698780477046967},
 'Teacher_KL_Divergence': {'cart': 0.0,
                           'city_tile': 0.0,
                           'overall': 0.0,
                           'worker': 0.0},
 'Value': {'bias': -5.908077582716942e-09,
           'explained_variance': 0.7451785206794739,
           'support_outside_fraction': 0.0,
           'target_std': 0.044098325073719025}}[0m
[[36m2026-08-16 10:09:06,234[0m][[34mroot[0m][[32mINFO[0m] - Steps 33536 @ 0.0 SPS / 0.0 BPS. Stats:
{'Actions': {'cart': {'MOVE': nan, 'NO-OP': nan, 'TRANSFER': nan},
             'city_tile': {'BUILD_CART': nan,
                           'BUILD_WORKER': nan,
                           'NO-OP': nan,
                           'RESEARCH': nan},
             'worker': {'BUILD_CITY': nan,
                        'MOVE': nan,
                        'NO-OP': nan,
                        'PILLAGE': nan,
                        'TRANSFER': nan}},
 'Active_Entities': {'cart': 0, 'city_tile': 171, 'worker': 1002},
 'Behavior_Policy': {'actor_version_max': 33280,
                     'actor_version_min': 32768,
                     'beta': 0.0,
                     'buffer_lag_max': 704,
                     'ema_kl': None,
                     'forward_kl': 0.02160489931702614,
                     'learner_version': 33472,
                     'log_rho_max': 1.5825872421264648,
                     'log_rho_mean': -0.14341747760772705,
                     'log_rho_p95': 0.7594633102416992,
                     'reverse_kl': 0.02076241374015808,
                     'target': None,
                     'vtrace_rho_clipped_fraction': 0.2578125},
 'Entropy': {'cart': -0.0,
             'city_tile': 0.24417056143283844,
             'overall': 0.6315540224313736,
             'worker': 0.38738346099853516},
 'Env': {'carts_final': nan,
         'carts_peak': nan,
         'city_tiles_final': nan,
         'city_tiles_peak': nan,
         'max_cumulative_rewards': nan,
         'mean_cumulative_reward_magnitudes': nan,
         'mean_cumulative_rewards': nan,
         'research_points': nan,
         'separate_cities_final': nan,
         'separate_cities_peak': nan,
         'step': nan,
         'workers_final': nan,
         'workers_peak': nan},
 'Gradient': {'clipped': 1.0, 'norm_before_clip': 24.0258731842041},
 'Intent': {'accuracy': nan,
            'target_build': 0,
            'target_deliver': 0,
            'target_mine': 0,
            'target_return': 0},
 'Loss': {'baseline_loss': 0.018633823841810226,
          'behavior_kl_loss': 0.0,
          'entropy_loss': -0.08598227798938751,
          'intent_aux_loss': 0.0,
          'rule_aux_loss': 0.0,
          'teacher_baseline_loss': 0.0,
          'teacher_kl_loss': 0.0,
          'total_loss': 2.7882189750671387,
          'upgo_pg_loss': 3.162896156311035,
          'vtrace_pg_loss': -0.30732861161231995},
 'Misc': {'actor_policy_tta_rot180': 1.0,
          'league_opponents': {'first_place': 0.75, 'selfplay': 0.25},
          'learning_rate': 4.8343136e-05,
          'teacher_kl_cost': 0.0,
          'teacher_policy_tta_rot180': 1.0,
          'total_games_played': 80},
 'Normalized_Entropy': {'cart': 0.0,
                        'city_tile': 0.17722749710083008,
                        'overall': 0.23681814355008743,
                        'worker': 0.24698780477046967},
 'Teacher_KL_Divergence': {'cart': 0.0,
                           'city_tile': 0.0,
                           'overall': 0.0,
                           'worker': 0.0},
 'Value': {'bias': -5.908077582716942e-09,
           'explained_variance': 0.7451785206794739,
           'support_outside_fraction': 0.0,
           'target_std': 0.044098325073719025}}[0m
[[36m2026-08-16 10:09:11,243[0m][[34mroot[0m][[32mINFO[0m] - Steps 33792 @ 51.1 SPS / 0.8 BPS. Stats:
{'Actions': {'cart': {'MOVE': nan, 'NO-OP': nan, 'TRANSFER': nan},
             'city_tile': {'BUILD_CART': nan,
                           'BUILD_WORKER': nan,
                           'NO-OP': nan,
                           'RESEARCH': nan},
             'worker': {'BUILD_CITY': nan,
                        'MOVE': nan,
                        'NO-OP': nan,
                        'PILLAGE': nan,
                        'TRANSFER': nan}},
 'Active_Entities': {'cart': 0, 'city_tile': 162, 'worker': 1075},
 'Behavior_Policy': {'actor_version_max': 33536,
                     'actor_version_min': 33280,
                     'beta': 0.0,
                     'buffer_lag_max': 448,
                     'ema_kl': None,
                     'forward_kl': 0.01993527077138424,
                     'learner_version': 33728,
                     'log_rho_max': 1.51381254196167,
                     'log_rho_mean': -0.13690617680549622,
                     'log_rho_p95': 0.8355779051780701,
                     'reverse_kl': 0.01909714937210083,
                     'target': None,
                     'vtrace_rho_clipped_fraction': 0.28125},
 'Entropy': {'cart': -0.0,
             'city_tile': 0.14927126467227936,
             'overall': 0.5487219244241714,
             'worker': 0.3994506597518921},
 'Env': {'carts_final': nan,
         'carts_peak': nan,
         'city_tiles_final': nan,
         'city_tiles_peak': nan,
         'max_cumulative_rewards': nan,
         'mean_cumulative_reward_magnitudes': nan,
         'mean_cumulative_rewards': nan,
         'research_points': nan,
         'separate_cities_final': nan,
         'separate_cities_peak': nan,
         'step': nan,
         'workers_final': nan,
         'workers_peak': nan},
 'Gradient': {'clipped': 1.0, 'norm_before_clip': 15.429271697998047},
 'Intent': {'accuracy': nan,
            'target_build': 0,
            'target_deliver': 0,
            'target_mine': 0,
            'target_return': 0},
 'Loss': {'baseline_loss': 0.01566404104232788,
          'behavior_kl_loss': 0.0,
          'entropy_loss': -0.09071827679872513,
          'intent_aux_loss': 0.0,
          'rule_aux_loss': 0.0,
          'teacher_baseline_loss': 0.0,
          'teacher_kl_loss': 0.0,
          'total_loss': 3.356224775314331,
          'upgo_pg_loss': 3.5840001106262207,
          'vtrace_pg_loss': -0.15272119641304016},
 'Misc': {'actor_policy_tta_rot180': 1.0,
          'league_opponents': {'first_place': 0.75, 'selfplay': 0.25},
          'learning_rate': 4.8330464e-05,
          'teacher_kl_cost': 0.0,
          'teacher_policy_tta_rot180': 1.0,
          'total_games_played': 80},
 'Normalized_Entropy': {'cart': 0.0,
                        'city_tile': 0.13410724699497223,
                        'overall': 0.23679018177230607,
                        'worker': 0.25226426124572754},
 'Teacher_KL_Divergence': {'cart': 0.0,
                           'city_tile': 0.0,
                           'overall': 0.0,
                           'worker': 0.0},
 'Value': {'bias': -1.3998942449688911e-08,
           'explained_variance': 0.8806403279304504,
           'support_outside_fraction': 0.0,
           'target_std': 0.061413973569869995}}[0m
[[36m2026-08-16 10:09:16,250[0m][[34mroot[0m][[32mINFO[0m] - Steps 34048 @ 51.2 SPS / 0.8 BPS. Stats:
{'Actions': {'cart': {'MOVE': nan, 'NO-OP': nan, 'TRANSFER': nan},
             'city_tile': {'BUILD_CART': nan,
                           'BUILD_WORKER': nan,
                           'NO-OP': nan,
                           'RESEARCH': nan},
             'worker': {'BUILD_CITY': nan,
                        'MOVE': nan,
                        'NO-OP': nan,
                        'PILLAGE': nan,
                        'TRANSFER': nan}},
 'Active_Entities': {'cart': 1335, 'city_tile': 4389, 'worker': 3443},
 'Behavior_Policy': {'actor_version_max': 33792,
                     'actor_version_min': 33024,
                     'beta': 0.0,
                     'buffer_lag_max': 960,
                     'ema_kl': None,
                     'forward_kl': 0.0036916180979460478,
                     'learner_version': 33984,
                     'log_rho_max': 1.15032958984375,
                     'log_rho_mean': -0.27283889055252075,
                     'log_rho_p95': 0.514653205871582,
                     'reverse_kl': 0.0037418478168547153,
                     'target': None,
                     'vtrace_rho_clipped_fraction': 0.1953125},
 'Entropy': {'cart': 1.5598047971725464,
             'city_tile': 0.5903604626655579,
             'overall': 3.1506096720695496,
             'worker': 1.0004444122314453},
 'Env': {'carts_final': nan,
         'carts_peak': nan,
         'city_tiles_final': nan,
         'city_tiles_peak': nan,
         'max_cumulative_rewards': nan,
         'mean_cumulative_reward_magnitudes': nan,
         'mean_cumulative_rewards': nan,
         'research_points': nan,
         'separate_cities_final': nan,
         'separate_cities_peak': nan,
         'step': nan,
         'workers_final': nan,
         'workers_peak': nan},
 'Gradient': {'clipped': 1.0, 'norm_before_clip': 11.157880783081055},
 'Intent': {'accuracy': nan,
            'target_build': 0,
            'target_deliver': 0,
            'target_mine': 0,
            'target_return': 0},
 'Loss': {'baseline_loss': 0.006052523385733366,
          'behavior_kl_loss': 0.0,
          'entropy_loss': -1.6235923767089844,
          'intent_aux_loss': 0.0,
          'rule_aux_loss': 0.0,
          'teacher_baseline_loss': 0.0,
          'teacher_kl_loss': 0.0,
          'total_loss': 14.99854850769043,
          'upgo_pg_loss': 19.61017608642578,
          'vtrace_pg_loss': -2.994086265563965},
 'Misc': {'actor_policy_tta_rot180': 1.0,
          'league_opponents': {'first_place': 0.75, 'selfplay': 0.25},
          'learning_rate': 4.8317792e-05,
          'teacher_kl_cost': 0.0,
          'teacher_policy_tta_rot180': 1.0,
          'total_games_played': 81},
 'Normalized_Entropy': {'cart': 0.9864397644996643,
                        'city_tile': 0.5373692512512207,
                        'overall': 0.6350940716972759,
                        'worker': 0.6234378814697266},
 'Teacher_KL_Divergence': {'cart': 0.0,
                           'city_tile': 0.0,
                           'overall': 0.0,
                           'worker': 0.0},
 'Value': {'bias': 2.051820047199726e-09,
           'explained_variance': 0.9742978811264038,
           'support_outside_fraction': 0.0,
           'target_std': 0.06812416762113571}}[0m
[[36m2026-08-16 10:09:21,255[0m][[34mroot[0m][[32mINFO[0m] - Steps 34304 @ 51.2 SPS / 0.8 BPS. Stats:
{'Actions': {'cart': {'MOVE': nan, 'NO-OP': nan, 'TRANSFER': nan},
             'city_tile': {'BUILD_CART': nan,
                           'BUILD_WORKER': nan,
                           'NO-OP': nan,
                           'RESEARCH': nan},
             'worker': {'BUILD_CITY': nan,
                        'MOVE': nan,
                        'NO-OP': nan,
                        'PILLAGE': nan,
                        'TRANSFER': nan}},
 'Active_Entities': {'cart': 4, 'city_tile': 344, 'worker': 1204},
 'Behavior_Policy': {'actor_version_max': 34048,
                     'actor_version_min': 33536,
                     'beta': 0.0,
                     'buffer_lag_max': 704,
                     'ema_kl': None,
                     'forward_kl': 0.01986355148255825,
                     'learner_version': 34240,
                     'log_rho_max': 1.5240373611450195,
                     'log_rho_mean': -0.254111111164093,
                     'log_rho_p95': 0.7368901968002319,
                     'reverse_kl': 0.018445637077093124,
                     'target': None,
                     'vtrace_rho_clipped_fraction': 0.234375},
 'Entropy': {'cart': 1.36020827293396,
             'city_tile': 0.18532592058181763,
             'overall': 2.094692647457123,
             'worker': 0.5491584539413452},
 'Env': {'carts_final': nan,
         'carts_peak': nan,
         'city_tiles_final': nan,
         'city_tiles_peak': nan,
         'max_cumulative_rewards': nan,
         'mean_cumulative_reward_magnitudes': nan,
         'mean_cumulative_rewards': nan,
         'research_points': nan,
         'separate_cities_final': nan,
         'separate_cities_peak': nan,
         'step': nan,
         'workers_final': nan,
         'workers_peak': nan},
 'Gradient': {'clipped': 1.0, 'norm_before_clip': 22.119335174560547},
 'Intent': {'accuracy': nan,
            'target_build': 0,
            'target_deliver': 0,
            'target_mine': 0,
            'target_return': 0},
 'Loss': {'baseline_loss': 0.03584298864006996,
          'behavior_kl_loss': 0.0,
          'entropy_loss': -0.14607594907283783,
          'intent_aux_loss': 0.0,
          'rule_aux_loss': 0.0,
          'teacher_baseline_loss': 0.0,
          'teacher_kl_loss': 0.0,
          'total_loss': 4.17643404006958,
          'upgo_pg_loss': 5.9828290939331055,
          'vtrace_pg_loss': -1.696162462234497},
 'Misc': {'actor_policy_tta_rot180': 1.0,
          'league_opponents': {'first_place': 0.75, 'selfplay': 0.25},
          'learning_rate': 4.830512e-05,
          'teacher_kl_cost': 0.0,
          'teacher_policy_tta_rot180': 1.0,
          'total_games_played': 81},
 'Normalized_Entropy': {'cart': 0.9557470083236694,
                        'city_tile': 0.17522887885570526,
                        'overall': 0.31353069104484677,
                        'worker': 0.3509118854999542},
 'Teacher_KL_Divergence': {'cart': 0.0,
                           'city_tile': 0.0,
                           'overall': 0.0,
                           'worker': 0.0},
 'Value': {'bias': 1.8699211068451405e-09,
           'explained_variance': 0.7927680611610413,
           'support_outside_fraction': 0.0,
           'target_std': 0.07139454036951065}}[0m
[[36m2026-08-16 10:09:26,262[0m][[34mroot[0m][[32mINFO[0m] - Steps 34304 @ 0.0 SPS / 0.0 BPS. Stats:
{'Actions': {'cart': {'MOVE': nan, 'NO-OP': nan, 'TRANSFER': nan},
             'city_tile': {'BUILD_CART': nan,
                           'BUILD_WORKER': nan,
                           'NO-OP': nan,
                           'RESEARCH': nan},
             'worker': {'BUILD_CITY': nan,
                        'MOVE': nan,
                        'NO-OP': nan,
                        'PILLAGE': nan,
                        'TRANSFER': nan}},
 'Active_Entities': {'cart': 4, 'city_tile': 344, 'worker': 1204},
 'Behavior_Policy': {'actor_version_max': 34048,
                     'actor_version_min': 33536,
                     'beta': 0.0,
                     'buffer_lag_max': 704,
                     'ema_kl': None,
                     'forward_kl': 0.01986355148255825,
                     'learner_version': 34240,
                     'log_rho_max': 1.5240373611450195,
                     'log_rho_mean': -0.254111111164093,
                     'log_rho_p95': 0.7368901968002319,
                     'reverse_kl': 0.018445637077093124,
                     'target': None,
                     'vtrace_rho_clipped_fraction': 0.234375},
 'Entropy': {'cart': 1.36020827293396,
             'city_tile': 0.18532592058181763,
             'overall': 2.094692647457123,
             'worker': 0.5491584539413452},
 'Env': {'carts_final': nan,
         'carts_peak': nan,
         'city_tiles_final': nan,
         'city_tiles_peak': nan,
         'max_cumulative_rewards': nan,
         'mean_cumulative_reward_magnitudes': nan,
         'mean_cumulative_rewards': nan,
         'research_points': nan,
         'separate_cities_final': nan,
         'separate_cities_peak': nan,
         'step': nan,
         'workers_final': nan,
         'workers_peak': nan},
 'Gradient': {'clipped': 1.0, 'norm_before_clip': 22.119335174560547},
 'Intent': {'accuracy': nan,
            'target_build': 0,
            'target_deliver': 0,
            'target_mine': 0,
            'target_return': 0},
 'Loss': {'baseline_loss': 0.03584298864006996,
          'behavior_kl_loss': 0.0,
          'entropy_loss': -0.14607594907283783,
          'intent_aux_loss': 0.0,
          'rule_aux_loss': 0.0,
          'teacher_baseline_loss': 0.0,
          'teacher_kl_loss': 0.0,
          'total_loss': 4.17643404006958,
          'upgo_pg_loss': 5.9828290939331055,
          'vtrace_pg_loss': -1.696162462234497},
 'Misc': {'actor_policy_tta_rot180': 1.0,
          'league_opponents': {'first_place': 0.75, 'selfplay': 0.25},
          'learning_rate': 4.830512e-05,
          'teacher_kl_cost': 0.0,
          'teacher_policy_tta_rot180': 1.0,
          'total_games_played': 81},
 'Normalized_Entropy': {'cart': 0.9557470083236694,
                        'city_tile': 0.17522887885570526,
                        'overall': 0.31353069104484677,
                        'worker': 0.3509118854999542},
 'Teacher_KL_Divergence': {'cart': 0.0,
                           'city_tile': 0.0,
                           'overall': 0.0,
                           'worker': 0.0},
 'Value': {'bias': 1.8699211068451405e-09,
           'explained_variance': 0.7927680611610413,
           'support_outside_fraction': 0.0,
           'target_std': 0.07139454036951065}}[0m
[[36m2026-08-16 10:09:31,270[0m][[34mroot[0m][[32mINFO[0m] - Steps 34560 @ 51.1 SPS / 0.8 BPS. Stats:
{'Actions': {'cart': {'MOVE': nan, 'NO-OP': nan, 'TRANSFER': nan},
             'city_tile': {'BUILD_CART': nan,
                           'BUILD_WORKER': nan,
                           'NO-OP': nan,
                           'RESEARCH': nan},
             'worker': {'BUILD_CITY': nan,
                        'MOVE': nan,
                        'NO-OP': nan,
                        'PILLAGE': nan,
                        'TRANSFER': nan}},
 'Active_Entities': {'cart': 1481, 'city_tile': 3922, 'worker': 3567},
 'Behavior_Policy': {'actor_version_max': 34304,
                     'actor_version_min': 33792,
                     'beta': 0.0,
                     'buffer_lag_max': 704,
                     'ema_kl': None,
                     'forward_kl': 0.0030462152790278196,
                     'learner_version': 34496,
                     'log_rho_max': 1.842681884765625,
                     'log_rho_mean': -0.1447247564792633,
                     'log_rho_p95': 0.9613751769065857,
                     'reverse_kl': 0.0030626431107521057,
                     'target': None,
                     'vtrace_rho_clipped_fraction': 0.203125},
 'Entropy': {'cart': 1.5641900300979614,
             'city_tile': 0.38093358278274536,
             'overall': 3.2659319043159485,
             'worker': 1.3208082914352417},
 'Env': {'carts_final': nan,
         'carts_peak': nan,
         'city_tiles_final': nan,
         'city_tiles_peak': nan,
         'max_cumulative_rewards': nan,
         'mean_cumulative_reward_magnitudes': nan,
         'mean_cumulative_rewards': nan,
         'research_points': nan,
         'separate_cities_final': nan,
         'separate_cities_peak': nan,
         'step': nan,
         'workers_final': nan,
         'workers_peak': nan},
 'Gradient': {'clipped': 1.0, 'norm_before_clip': 10.767814636230469},
 'Intent': {'accuracy': nan,
            'target_build': 0,
            'target_deliver': 0,
            'target_mine': 0,
            'target_return': 0},
 'Loss': {'baseline_loss': 0.004829279147088528,
          'behavior_kl_loss': 0.0,
          'entropy_loss': -1.7043819427490234,
          'intent_aux_loss': 0.0,
          'rule_aux_loss': 0.0,
          'teacher_baseline_loss': 0.0,
          'teacher_kl_loss': 0.0,
          'total_loss': 12.634557723999023,
          'upgo_pg_loss': 18.890193939208984,
          'vtrace_pg_loss': -4.556083679199219},
 'Misc': {'actor_policy_tta_rot180': 1.0,
          'league_opponents': {'first_place': 0.75, 'selfplay': 0.25},
          'learning_rate': 4.8292448e-05,
          'teacher_kl_cost': 0.0,
          'teacher_policy_tta_rot180': 1.0,
          'total_games_played': 81},
 'Normalized_Entropy': {'cart': 0.9915851354598999,
                        'city_tile': 0.34674063324928284,
                        'overall': 0.6385158275415002,
                        'worker': 0.8127369284629822},
 'Teacher_KL_Divergence': {'cart': 0.0,
                           'city_tile': 0.0,
                           'overall': 0.0,
                           'worker': 0.0},
 'Value': {'bias': -6.741174729540944e-09,
           'explained_variance': 0.9815030097961426,
           'support_outside_fraction': 0.0,
           'target_std': 0.0777212381362915}}[0m
[[36m2026-08-16 10:09:36,287[0m][[34mroot[0m][[32mINFO[0m] - Steps 34816 @ 51.1 SPS / 0.8 BPS. Stats:
{'Actions': {'cart': {'MOVE': nan, 'NO-OP': nan, 'TRANSFER': nan},
             'city_tile': {'BUILD_CART': nan,
                           'BUILD_WORKER': nan,
                           'NO-OP': nan,
                           'RESEARCH': nan},
             'worker': {'BUILD_CITY': nan,
                        'MOVE': nan,
                        'NO-OP': nan,
                        'PILLAGE': nan,
                        'TRANSFER': nan}},
 'Active_Entities': {'cart': 15, 'city_tile': 571, 'worker': 1275},
 'Behavior_Policy': {'actor_version_max': 34560,
                     'actor_version_min': 34048,
                     'beta': 0.0,
                     'buffer_lag_max': 704,
                     'ema_kl': None,
                     'forward_kl': 0.016147097572684288,
                     'learner_version': 34752,
                     'log_rho_max': 1.3828511238098145,
                     'log_rho_mean': -0.25184738636016846,
                     'log_rho_p95': 0.7579077482223511,
                     'reverse_kl': 0.016790611669421196,
                     'target': None,
                     'vtrace_rho_clipped_fraction': 0.2109375},
 'Entropy': {'cart': 1.5166971683502197,
             'city_tile': 0.19794057309627533,
             'overall': 2.3227630108594894,
             'worker': 0.6081252694129944},
 'Env': {'carts_final': nan,
         'carts_peak': nan,
         'city_tiles_final': nan,
         'city_tiles_peak': nan,
         'max_cumulative_rewards': nan,
         'mean_cumulative_reward_magnitudes': nan,
         'mean_cumulative_rewards': nan,
         'research_points': nan,
         'separate_cities_final': nan,
         'separate_cities_peak': nan,
         'step': nan,
         'workers_final': nan,
         'workers_peak': nan},
 'Gradient': {'clipped': 1.0, 'norm_before_clip': 12.396958351135254},
 'Intent': {'accuracy': nan,
            'target_build': 0,
            'target_deliver': 0,
            'target_mine': 0,
            'target_return': 0},
 'Loss': {'baseline_loss': 0.018274737522006035,
          'behavior_kl_loss': 0.0,
          'entropy_loss': -0.18222683668136597,
          'intent_aux_loss': 0.0,
          'rule_aux_loss': 0.0,
          'teacher_baseline_loss': 0.0,
          'teacher_kl_loss': 0.0,
          'total_loss': 1.332531213760376,
          'upgo_pg_loss': 4.80979585647583,
          'vtrace_pg_loss': -3.313312530517578},
 'Misc': {'actor_policy_tta_rot180': 1.0,
          'league_opponents': {'first_place': 0.75, 'selfplay': 0.25},
          'learning_rate': 4.8279776000000006e-05,
          'teacher_kl_cost': 0.0,
          'teacher_policy_tta_rot180': 1.0,
          'total_games_played': 81},
 'Normalized_Entropy': {'cart': 0.9515930414199829,
                        'city_tile': 0.18442371487617493,
                        'overall': 0.3294081152894688,
                        'worker': 0.3870185613632202},
 'Teacher_KL_Divergence': {'cart': 0.0,
                           'city_tile': 0.0,
                           'overall': 0.0,
                           'worker': 0.0},
 'Value': {'bias': 2.1827872842550278e-09,
           'explained_variance': 0.9631550312042236,
           'support_outside_fraction': 0.0,
           'target_std': 0.12024243175983429}}[0m
[[36m2026-08-16 10:09:41,296[0m][[34mroot[0m][[32mINFO[0m] - Steps 34816 @ 0.0 SPS / 0.0 BPS. Stats:
{'Actions': {'cart': {'MOVE': nan, 'NO-OP': nan, 'TRANSFER': nan},
             'city_tile': {'BUILD_CART': nan,
                           'BUILD_WORKER': nan,
                           'NO-OP': nan,
                           'RESEARCH': nan},
             'worker': {'BUILD_CITY': nan,
                        'MOVE': nan,
                        'NO-OP': nan,
                        'PILLAGE': nan,
                        'TRANSFER': nan}},
 'Active_Entities': {'cart': 15, 'city_tile': 571, 'worker': 1275},
 'Behavior_Policy': {'actor_version_max': 34560,
                     'actor_version_min': 34048,
                     'beta': 0.0,
                     'buffer_lag_max': 704,
                     'ema_kl': None,
                     'forward_kl': 0.016147097572684288,
                     'learner_version': 34752,
                     'log_rho_max': 1.3828511238098145,
                     'log_rho_mean': -0.25184738636016846,
                     'log_rho_p95': 0.7579077482223511,
                     'reverse_kl': 0.016790611669421196,
                     'target': None,
                     'vtrace_rho_clipped_fraction': 0.2109375},
 'Entropy': {'cart': 1.5166971683502197,
             'city_tile': 0.19794057309627533,
             'overall': 2.3227630108594894,
             'worker': 0.6081252694129944},
 'Env': {'carts_final': nan,
         'carts_peak': nan,
         'city_tiles_final': nan,
         'city_tiles_peak': nan,
         'max_cumulative_rewards': nan,
         'mean_cumulative_reward_magnitudes': nan,
         'mean_cumulative_rewards': nan,
         'research_points': nan,
         'separate_cities_final': nan,
         'separate_cities_peak': nan,
         'step': nan,
         'workers_final': nan,
         'workers_peak': nan},
 'Gradient': {'clipped': 1.0, 'norm_before_clip': 12.396958351135254},
 'Intent': {'accuracy': nan,
            'target_build': 0,
            'target_deliver': 0,
            'target_mine': 0,
            'target_return': 0},
 'Loss': {'baseline_loss': 0.018274737522006035,
          'behavior_kl_loss': 0.0,
          'entropy_loss': -0.18222683668136597,
          'intent_aux_loss': 0.0,
          'rule_aux_loss': 0.0,
          'teacher_baseline_loss': 0.0,
          'teacher_kl_loss': 0.0,
          'total_loss': 1.332531213760376,
          'upgo_pg_loss': 4.80979585647583,
          'vtrace_pg_loss': -3.313312530517578},
 'Misc': {'actor_policy_tta_rot180': 1.0,
          'league_opponents': {'first_place': 0.75, 'selfplay': 0.25},
          'learning_rate': 4.8279776000000006e-05,
          'teacher_kl_cost': 0.0,
          'teacher_policy_tta_rot180': 1.0,
          'total_games_played': 81},
 'Normalized_Entropy': {'cart': 0.9515930414199829,
                        'city_tile': 0.18442371487617493,
                        'overall': 0.3294081152894688,
                        'worker': 0.3870185613632202},
 'Teacher_KL_Divergence': {'cart': 0.0,
                           'city_tile': 0.0,
                           'overall': 0.0,
                           'worker': 0.0},
 'Value': {'bias': 2.1827872842550278e-09,
           'explained_variance': 0.9631550312042236,
           'support_outside_fraction': 0.0,
           'target_std': 0.12024243175983429}}[0m
[[36m2026-08-16 10:09:46,306[0m][[34mroot[0m][[32mINFO[0m] - Steps 34816 @ 0.0 SPS / 0.0 BPS. Stats:
{'Actions': {'cart': {'MOVE': nan, 'NO-OP': nan, 'TRANSFER': nan},
             'city_tile': {'BUILD_CART': nan,
                           'BUILD_WORKER': nan,
                           'NO-OP': nan,
                           'RESEARCH': nan},
             'worker': {'BUILD_CITY': nan,
                        'MOVE': nan,
                        'NO-OP': nan,
                        'PILLAGE': nan,
                        'TRANSFER': nan}},
 'Active_Entities': {'cart': 15, 'city_tile': 571, 'worker': 1275},
 'Behavior_Policy': {'actor_version_max': 34560,
                     'actor_version_min': 34048,
                     'beta': 0.0,
                     'buffer_lag_max': 704,
                     'ema_kl': None,
                     'forward_kl': 0.016147097572684288,
                     'learner_version': 34752,
                     'log_rho_max': 1.3828511238098145,
                     'log_rho_mean': -0.25184738636016846,
                     'log_rho_p95': 0.7579077482223511,
                     'reverse_kl': 0.016790611669421196,
                     'target': None,
                     'vtrace_rho_clipped_fraction': 0.2109375},
 'Entropy': {'cart': 1.5166971683502197,
             'city_tile': 0.19794057309627533,
             'overall': 2.3227630108594894,
             'worker': 0.6081252694129944},
 'Env': {'carts_final': nan,
         'carts_peak': nan,
         'city_tiles_final': nan,
         'city_tiles_peak': nan,
         'max_cumulative_rewards': nan,
         'mean_cumulative_reward_magnitudes': nan,
         'mean_cumulative_rewards': nan,
         'research_points': nan,
         'separate_cities_final': nan,
         'separate_cities_peak': nan,
         'step': nan,
         'workers_final': nan,
         'workers_peak': nan},
 'Gradient': {'clipped': 1.0, 'norm_before_clip': 12.396958351135254},
 'Intent': {'accuracy': nan,
            'target_build': 0,
            'target_deliver': 0,
            'target_mine': 0,
            'target_return': 0},
 'Loss': {'baseline_loss': 0.018274737522006035,
          'behavior_kl_loss': 0.0,
          'entropy_loss': -0.18222683668136597,
          'intent_aux_loss': 0.0,
          'rule_aux_loss': 0.0,
          'teacher_baseline_loss': 0.0,
          'teacher_kl_loss': 0.0,
          'total_loss': 1.332531213760376,
          'upgo_pg_loss': 4.80979585647583,
          'vtrace_pg_loss': -3.313312530517578},
 'Misc': {'actor_policy_tta_rot180': 1.0,
          'league_opponents': {'first_place': 0.75, 'selfplay': 0.25},
          'learning_rate': 4.8279776000000006e-05,
          'teacher_kl_cost': 0.0,
          'teacher_policy_tta_rot180': 1.0,
          'total_games_played': 81},
 'Normalized_Entropy': {'cart': 0.9515930414199829,
                        'city_tile': 0.18442371487617493,
                        'overall': 0.3294081152894688,
                        'worker': 0.3870185613632202},
 'Teacher_KL_Divergence': {'cart': 0.0,
                           'city_tile': 0.0,
                           'overall': 0.0,
                           'worker': 0.0},
 'Value': {'bias': 2.1827872842550278e-09,
           'explained_variance': 0.9631550312042236,
           'support_outside_fraction': 0.0,
           'target_std': 0.12024243175983429}}[0m
[[36m2026-08-16 10:09:51,314[0m][[34mroot[0m][[32mINFO[0m] - Steps 35328 @ 102.3 SPS / 1.6 BPS. Stats:
{'Actions': {'cart': {'MOVE': nan, 'NO-OP': nan, 'TRANSFER': nan},
             'city_tile': {'BUILD_CART': nan,
                           'BUILD_WORKER': nan,
                           'NO-OP': nan,
                           'RESEARCH': nan},
             'worker': {'BUILD_CITY': nan,
                        'MOVE': nan,
                        'NO-OP': nan,
                        'PILLAGE': nan,
                        'TRANSFER': nan}},
 'Active_Entities': {'cart': 60, 'city_tile': 738, 'worker': 1120},
 'Behavior_Policy': {'actor_version_max': 34816,
                     'actor_version_min': 34560,
                     'beta': 0.0,
                     'buffer_lag_max': 704,
                     'ema_kl': None,
                     'forward_kl': 0.01300527062267065,
                     'learner_version': 35264,
                     'log_rho_max': 1.6169776916503906,
                     'log_rho_mean': -0.07184720784425735,
                     'log_rho_p95': 0.6666300892829895,
                     'reverse_kl': 0.012709751725196838,
                     'target': None,
                     'vtrace_rho_clipped_fraction': 0.265625},
 'Entropy': {'cart': 1.526225209236145,
             'city_tile': 0.415395051240921,
             'overall': 2.636709541082382,
             'worker': 0.6950892806053162},
 'Env': {'carts_final': nan,
         'carts_peak': nan,
         'city_tiles_final': nan,
         'city_tiles_peak': nan,
         'max_cumulative_rewards': nan,
         'mean_cumulative_reward_magnitudes': nan,
         'mean_cumulative_rewards': nan,
         'research_points': nan,
         'separate_cities_final': nan,
         'separate_cities_peak': nan,
         'step': nan,
         'workers_final': nan,
         'workers_peak': nan},
 'Gradient': {'clipped': 1.0, 'norm_before_clip': 29.108598709106445},
 'Intent': {'accuracy': nan,
            'target_build': 0,
            'target_deliver': 0,
            'target_mine': 0,
            'target_return': 0},
 'Loss': {'baseline_loss': 0.030313728377223015,
          'behavior_kl_loss': 0.0,
          'entropy_loss': -0.23532702028751373,
          'intent_aux_loss': 0.0,
          'rule_aux_loss': 0.0,
          'teacher_baseline_loss': 0.0,
          'teacher_kl_loss': 0.0,
          'total_loss': 12.913503646850586,
          'upgo_pg_loss': 11.549236297607422,
          'vtrace_pg_loss': 1.5692803859710693},
 'Misc': {'actor_policy_tta_rot180': 1.0,
          'league_opponents': {'first_place': 0.75, 'selfplay': 0.25},
          'learning_rate': 4.8254432000000004e-05,
          'teacher_kl_cost': 0.0,
          'teacher_policy_tta_rot180': 1.0,
          'total_games_played': 81},
 'Normalized_Entropy': {'cart': 0.9643501043319702,
                        'city_tile': 0.38962358236312866,
                        'overall': 0.4329306422358882,
                        'worker': 0.43299800157546997},
 'Teacher_KL_Divergence': {'cart': 0.0,
                           'city_tile': 0.0,
                           'overall': 0.0,
                           'worker': 0.0},
 'Value': {'bias': 9.371433407068253e-09,
           'explained_variance': 0.9706792831420898,
           'support_outside_fraction': 0.0,
           'target_std': 0.1741592288017273}}[0m
[[36m2026-08-16 10:09:56,322[0m][[34mroot[0m][[32mINFO[0m] - Steps 35328 @ 0.0 SPS / 0.0 BPS. Stats:
{'Actions': {'cart': {'MOVE': nan, 'NO-OP': nan, 'TRANSFER': nan},
             'city_tile': {'BUILD_CART': nan,
                           'BUILD_WORKER': nan,
                           'NO-OP': nan,
                           'RESEARCH': nan},
             'worker': {'BUILD_CITY': nan,
                        'MOVE': nan,
                        'NO-OP': nan,
                        'PILLAGE': nan,
                        'TRANSFER': nan}},
 'Active_Entities': {'cart': 60, 'city_tile': 738, 'worker': 1120},
 'Behavior_Policy': {'actor_version_max': 34816,
                     'actor_version_min': 34560,
                     'beta': 0.0,
                     'buffer_lag_max': 704,
                     'ema_kl': None,
                     'forward_kl': 0.01300527062267065,
                     'learner_version': 35264,
                     'log_rho_max': 1.6169776916503906,
                     'log_rho_mean': -0.07184720784425735,
                     'log_rho_p95': 0.6666300892829895,
                     'reverse_kl': 0.012709751725196838,
                     'target': None,
                     'vtrace_rho_clipped_fraction': 0.265625},
 'Entropy': {'cart': 1.526225209236145,
             'city_tile': 0.415395051240921,
             'overall': 2.636709541082382,
             'worker': 0.6950892806053162},
 'Env': {'carts_final': nan,
         'carts_peak': nan,
         'city_tiles_final': nan,
         'city_tiles_peak': nan,
         'max_cumulative_rewards': nan,
         'mean_cumulative_reward_magnitudes': nan,
         'mean_cumulative_rewards': nan,
         'research_points': nan,
         'separate_cities_final': nan,
         'separate_cities_peak': nan,
         'step': nan,
         'workers_final': nan,
         'workers_peak': nan},
 'Gradient': {'clipped': 1.0, 'norm_before_clip': 29.108598709106445},
 'Intent': {'accuracy': nan,
            'target_build': 0,
            'target_deliver': 0,
            'target_mine': 0,
            'target_return': 0},
 'Loss': {'baseline_loss': 0.030313728377223015,
          'behavior_kl_loss': 0.0,
          'entropy_loss': -0.23532702028751373,
          'intent_aux_loss': 0.0,
          'rule_aux_loss': 0.0,
          'teacher_baseline_loss': 0.0,
          'teacher_kl_loss': 0.0,
          'total_loss': 12.913503646850586,
          'upgo_pg_loss': 11.549236297607422,
          'vtrace_pg_loss': 1.5692803859710693},
 'Misc': {'actor_policy_tta_rot180': 1.0,
          'league_opponents': {'first_place': 0.75, 'selfplay': 0.25},
          'learning_rate': 4.8254432000000004e-05,
          'teacher_kl_cost': 0.0,
          'teacher_policy_tta_rot180': 1.0,
          'total_games_played': 81},
 'Normalized_Entropy': {'cart': 0.9643501043319702,
                        'city_tile': 0.38962358236312866,
                        'overall': 0.4329306422358882,
                        'worker': 0.43299800157546997},
 'Teacher_KL_Divergence': {'cart': 0.0,
                           'city_tile': 0.0,
                           'overall': 0.0,
                           'worker': 0.0},
 'Value': {'bias': 9.371433407068253e-09,
           'explained_variance': 0.9706792831420898,
           'support_outside_fraction': 0.0,
           'target_std': 0.1741592288017273}}[0m
[[36m2026-08-16 10:10:01,333[0m][[34mroot[0m][[32mINFO[0m] - Steps 35392 @ 12.8 SPS / 0.2 BPS. Stats:
{'Actions': {'cart': {'MOVE': nan, 'NO-OP': nan, 'TRANSFER': nan},
             'city_tile': {'BUILD_CART': nan,
                           'BUILD_WORKER': nan,
                           'NO-OP': nan,
                           'RESEARCH': nan},
             'worker': {'BUILD_CITY': nan,
                        'MOVE': nan,
                        'NO-OP': nan,
                        'PILLAGE': nan,
                        'TRANSFER': nan}},
 'Active_Entities': {'cart': 1, 'city_tile': 333, 'worker': 718},
 'Behavior_Policy': {'actor_version_max': 35328,
                     'actor_version_min': 34880,
                     'beta': 0.0,
                     'buffer_lag_max': 448,
                     'ema_kl': None,
                     'forward_kl': 0.015161938965320587,
                     'learner_version': 35328,
                     'log_rho_max': 1.2819128036499023,
                     'log_rho_mean': -0.12040644139051437,
                     'log_rho_p95': 0.41072002053260803,
                     'reverse_kl': 0.016286132857203484,
                     'target': None,
                     'vtrace_rho_clipped_fraction': 0.25},
 'Entropy': {'cart': 1.336850881576538,
             'city_tile': 0.1665748506784439,
             'overall': 2.0833954960107803,
             'worker': 0.5799697637557983},
 'Env': {'carts_final': nan,
         'carts_peak': nan,
         'city_tiles_final': nan,
         'city_tiles_peak': nan,
         'max_cumulative_rewards': nan,
         'mean_cumulative_reward_magnitudes': nan,
         'mean_cumulative_rewards': nan,
         'research_points': nan,
         'separate_cities_final': nan,
         'separate_cities_peak': nan,
         'step': nan,
         'workers_final': nan,
         'workers_peak': nan},
 'Gradient': {'clipped': 1.0, 'norm_before_clip': 26.33608055114746},
 'Intent': {'accuracy': nan,
            'target_build': 0,
            'target_deliver': 0,
            'target_mine': 0,
            'target_return': 0},
 'Loss': {'baseline_loss': 0.044951893389225006,
          'behavior_kl_loss': 0.0,
          'entropy_loss': -0.09464491903781891,
          'intent_aux_loss': 0.0,
          'rule_aux_loss': 0.0,
          'teacher_baseline_loss': 0.0,
          'teacher_kl_loss': 0.0,
          'total_loss': 9.655037879943848,
          'upgo_pg_loss': 7.3715996742248535,
          'vtrace_pg_loss': 2.3331313133239746},
 'Misc': {'actor_policy_tta_rot180': 1.0,
          'league_opponents': {'first_place': 0.75, 'selfplay': 0.25},
          'learning_rate': 4.8251264000000005e-05,
          'teacher_kl_cost': 0.0,
          'teacher_policy_tta_rot180': 1.0,
          'total_games_played': 81},
 'Normalized_Entropy': {'cart': 0.9643340706825256,
                        'city_tile': 0.1787036508321762,
                        'overall': 0.3122666965844287,
                        'worker': 0.37330350279808044},
 'Teacher_KL_Divergence': {'cart': 0.0,
                           'city_tile': 0.0,
                           'overall': 0.0,
                           'worker': 0.0},
 'Value': {'bias': 4.48198989033699e-09,
           'explained_variance': 0.9898268580436707,
           'support_outside_fraction': 0.0,
           'target_std': 0.30076780915260315}}[0m
[[36m2026-08-16 10:10:06,341[0m][[34mroot[0m][[32mINFO[0m] - Steps 35840 @ 89.5 SPS / 1.4 BPS. Stats:
{'Actions': {'cart': {'MOVE': nan, 'NO-OP': nan, 'TRANSFER': nan},
             'city_tile': {'BUILD_CART': nan,
                           'BUILD_WORKER': nan,
                           'NO-OP': nan,
                           'RESEARCH': nan},
             'worker': {'BUILD_CITY': nan,
                        'MOVE': nan,
                        'NO-OP': nan,
                        'PILLAGE': nan,
                        'TRANSFER': nan}},
 'Active_Entities': {'cart': 1277, 'city_tile': 3666, 'worker': 3690},
 'Behavior_Policy': {'actor_version_max': 35328,
                     'actor_version_min': 34816,
                     'beta': 0.0,
                     'buffer_lag_max': 960,
                     'ema_kl': None,
                     'forward_kl': 0.003105309559032321,
                     'learner_version': 35776,
                     'log_rho_max': 1.757904052734375,
                     'log_rho_mean': -0.20043541491031647,
                     'log_rho_p95': 0.6384083032608032,
                     'reverse_kl': 0.0032117092050611973,
                     'target': None,
                     'vtrace_rho_clipped_fraction': 0.2421875},
 'Entropy': {'cart': 1.5869442224502563,
             'city_tile': 0.5546362400054932,
             'overall': 3.158474326133728,
             'worker': 1.0168938636779785},
 'Env': {'carts_final': nan,
         'carts_peak': nan,
         'city_tiles_final': nan,
         'city_tiles_peak': nan,
         'max_cumulative_rewards': nan,
         'mean_cumulative_reward_magnitudes': nan,
         'mean_cumulative_rewards': nan,
         'research_points': nan,
         'separate_cities_final': nan,
         'separate_cities_peak': nan,
         'step': nan,
         'workers_final': nan,
         'workers_peak': nan},
 'Gradient': {'clipped': 1.0, 'norm_before_clip': 38.09297180175781},
 'Intent': {'accuracy': nan,
            'target_build': 0,
            'target_deliver': 0,
            'target_mine': 0,
            'target_return': 0},
 'Loss': {'baseline_loss': 0.09374512732028961,
          'behavior_kl_loss': 0.0,
          'entropy_loss': -1.5624324083328247,
          'intent_aux_loss': 0.0,
          'rule_aux_loss': 0.0,
          'teacher_baseline_loss': 0.0,
          'teacher_kl_loss': 0.0,
          'total_loss': 45.91495132446289,
          'upgo_pg_loss': 57.133689880371094,
          'vtrace_pg_loss': -9.750051498413086},
 'Misc': {'actor_policy_tta_rot180': 1.0,
          'league_opponents': {'first_place': 0.75, 'selfplay': 0.25},
          'learning_rate': 4.8229088e-05,
          'teacher_kl_cost': 0.0,
          'teacher_policy_tta_rot180': 1.0,
          'total_games_played': 81},
 'Normalized_Entropy': {'cart': 0.9916502833366394,
                        'city_tile': 0.5048516988754272,
                        'overall': 0.6295116439791387,
                        'worker': 0.628035306930542},
 'Teacher_KL_Divergence': {'cart': 0.0,
                           'city_tile': 0.0,
                           'overall': 0.0,
                           'worker': 0.0},
 'Value': {'bias': 9.211362339556217e-09,
           'explained_variance': 0.9475409388542175,
           'support_outside_fraction': 0.0,
           'target_std': 0.18135781586170197}}[0m
[[36m2026-08-16 10:10:11,350[0m][[34mroot[0m][[32mINFO[0m] - Steps 35840 @ 0.0 SPS / 0.0 BPS. Stats:
{'Actions': {'cart': {'MOVE': nan, 'NO-OP': nan, 'TRANSFER': nan},
             'city_tile': {'BUILD_CART': nan,
                           'BUILD_WORKER': nan,
                           'NO-OP': nan,
                           'RESEARCH': nan},
             'worker': {'BUILD_CITY': nan,
                        'MOVE': nan,
                        'NO-OP': nan,
                        'PILLAGE': nan,
                        'TRANSFER': nan}},
 'Active_Entities': {'cart': 1277, 'city_tile': 3666, 'worker': 3690},
 'Behavior_Policy': {'actor_version_max': 35328,
                     'actor_version_min': 34816,
                     'beta': 0.0,
                     'buffer_lag_max': 960,
                     'ema_kl': None,
                     'forward_kl': 0.003105309559032321,
                     'learner_version': 35776,
                     'log_rho_max': 1.757904052734375,
                     'log_rho_mean': -0.20043541491031647,
                     'log_rho_p95': 0.6384083032608032,
                     'reverse_kl': 0.0032117092050611973,
                     'target': None,
                     'vtrace_rho_clipped_fraction': 0.2421875},
 'Entropy': {'cart': 1.5869442224502563,
             'city_tile': 0.5546362400054932,
             'overall': 3.158474326133728,
             'worker': 1.0168938636779785},
 'Env': {'carts_final': nan,
         'carts_peak': nan,
         'city_tiles_final': nan,
         'city_tiles_peak': nan,
         'max_cumulative_rewards': nan,
         'mean_cumulative_reward_magnitudes': nan,
         'mean_cumulative_rewards': nan,
         'research_points': nan,
         'separate_cities_final': nan,
         'separate_cities_peak': nan,
         'step': nan,
         'workers_final': nan,
         'workers_peak': nan},
 'Gradient': {'clipped': 1.0, 'norm_before_clip': 38.09297180175781},
 'Intent': {'accuracy': nan,
            'target_build': 0,
            'target_deliver': 0,
            'target_mine': 0,
            'target_return': 0},
 'Loss': {'baseline_loss': 0.09374512732028961,
          'behavior_kl_loss': 0.0,
          'entropy_loss': -1.5624324083328247,
          'intent_aux_loss': 0.0,
          'rule_aux_loss': 0.0,
          'teacher_baseline_loss': 0.0,
          'teacher_kl_loss': 0.0,
          'total_loss': 45.91495132446289,
          'upgo_pg_loss': 57.133689880371094,
          'vtrace_pg_loss': -9.750051498413086},
 'Misc': {'actor_policy_tta_rot180': 1.0,
          'league_opponents': {'first_place': 0.75, 'selfplay': 0.25},
          'learning_rate': 4.8229088e-05,
          'teacher_kl_cost': 0.0,
          'teacher_policy_tta_rot180': 1.0,
          'total_games_played': 81},
 'Normalized_Entropy': {'cart': 0.9916502833366394,
                        'city_tile': 0.5048516988754272,
                        'overall': 0.6295116439791387,
                        'worker': 0.628035306930542},
 'Teacher_KL_Divergence': {'cart': 0.0,
                           'city_tile': 0.0,
                           'overall': 0.0,
                           'worker': 0.0},
 'Value': {'bias': 9.211362339556217e-09,
           'explained_variance': 0.9475409388542175,
           'support_outside_fraction': 0.0,
           'target_std': 0.18135781586170197}}[0m
[[36m2026-08-16 10:10:16,359[0m][[34mroot[0m][[32mINFO[0m] - Steps 36160 @ 63.9 SPS / 1.0 BPS. Stats:
{'Actions': {'cart': {'MOVE': nan, 'NO-OP': nan, 'TRANSFER': nan},
             'city_tile': {'BUILD_CART': nan,
                           'BUILD_WORKER': nan,
                           'NO-OP': nan,
                           'RESEARCH': nan},
             'worker': {'BUILD_CITY': nan,
                        'MOVE': nan,
                        'NO-OP': nan,
                        'PILLAGE': nan,
                        'TRANSFER': nan}},
 'Active_Entities': {'cart': 948, 'city_tile': 3925, 'worker': 2841},
 'Behavior_Policy': {'actor_version_max': 36096,
                     'actor_version_min': 35392,
                     'beta': 0.0,
                     'buffer_lag_max': 704,
                     'ema_kl': None,
                     'forward_kl': 0.00338059663772583,
                     'learner_version': 36096,
                     'log_rho_max': 2.713531494140625,
                     'log_rho_mean': -0.08652429282665253,
                     'log_rho_p95': 0.7349976897239685,
                     'reverse_kl': 0.0033461344428360462,
                     'target': None,
                     'vtrace_rho_clipped_fraction': 0.234375},
 'Entropy': {'cart': 1.550215244293213,
             'city_tile': 0.519838273525238,
             'overall': 3.3565948605537415,
             'worker': 1.2865413427352905},
 'Env': {'carts_final': nan,
         'carts_peak': nan,
         'city_tiles_final': nan,
         'city_tiles_peak': nan,
         'max_cumulative_rewards': nan,
         'mean_cumulative_reward_magnitudes': nan,
         'mean_cumulative_rewards': nan,
         'research_points': nan,
         'separate_cities_final': nan,
         'separate_cities_peak': nan,
         'step': nan,
         'workers_final': nan,
         'workers_peak': nan},
 'Gradient': {'clipped': 1.0, 'norm_before_clip': 16.670957565307617},
 'Intent': {'accuracy': nan,
            'target_build': 0,
            'target_deliver': 0,
            'target_mine': 0,
            'target_return': 0},
 'Loss': {'baseline_loss': 0.007246484514325857,
          'behavior_kl_loss': 0.0,
          'entropy_loss': -1.4330066442489624,
          'intent_aux_loss': 0.0,
          'rule_aux_loss': 0.0,
          'teacher_baseline_loss': 0.0,
          'teacher_kl_loss': 0.0,
          'total_loss': 13.09111213684082,
          'upgo_pg_loss': 25.54769515991211,
          'vtrace_pg_loss': -11.03082275390625},
 'Misc': {'actor_policy_tta_rot180': 1.0,
          'league_opponents': {'first_place': 1.0, 'selfplay': 0.0},
          'learning_rate': 4.8213248e-05,
          'teacher_kl_cost': 0.0,
          'teacher_policy_tta_rot180': 1.0,
          'total_games_played': 81},
 'Normalized_Entropy': {'cart': 0.9922749400138855,
                        'city_tile': 0.47317713499069214,
                        'overall': 0.6550139631976543,
                        'worker': 0.7936926484107971},
 'Teacher_KL_Divergence': {'cart': 0.0,
                           'city_tile': 0.0,
                           'overall': 0.0,
                           'worker': 0.0},
 'Value': {'bias': -9.546056389808655e-09,
           'explained_variance': 0.9957404732704163,
           'support_outside_fraction': 0.0,
           'target_std': 0.23057270050048828}}[0m
[[36m2026-08-16 10:10:21,365[0m][[34mroot[0m][[32mINFO[0m] - Steps 36352 @ 38.4 SPS / 0.6 BPS. Stats:
{'Actions': {'cart': {'MOVE': nan, 'NO-OP': nan, 'TRANSFER': nan},
             'city_tile': {'BUILD_CART': nan,
                           'BUILD_WORKER': nan,
                           'NO-OP': nan,
                           'RESEARCH': nan},
             'worker': {'BUILD_CITY': nan,
                        'MOVE': nan,
                        'NO-OP': nan,
                        'PILLAGE': nan,
                        'TRANSFER': nan}},
 'Active_Entities': {'cart': 1427, 'city_tile': 6239, 'worker': 4172},
 'Behavior_Policy': {'actor_version_max': 36096,
                     'actor_version_min': 35392,
                     'beta': 0.0,
                     'buffer_lag_max': 896,
                     'ema_kl': None,
                     'forward_kl': 0.0015414655208587646,
                     'learner_version': 36288,
                     'log_rho_max': 1.345428466796875,
                     'log_rho_mean': -0.0503779798746109,
                     'log_rho_p95': 0.6071274280548096,
                     'reverse_kl': 0.0015556133585050702,
                     'target': None,
                     'vtrace_rho_clipped_fraction': 0.2734375},
 'Entropy': {'cart': 1.5683306455612183,
             'city_tile': -0.0,
             'overall': 2.9647895097732544,
             'worker': 1.3964588642120361},
 'Env': {'carts_final': nan,
         'carts_peak': nan,
         'city_tiles_final': nan,
         'city_tiles_peak': nan,
         'max_cumulative_rewards': nan,
         'mean_cumulative_reward_magnitudes': nan,
         'mean_cumulative_rewards': nan,
         'research_points': nan,
         'separate_cities_final': nan,
         'separate_cities_peak': nan,
         'step': nan,
         'workers_final': nan,
         'workers_peak': nan},
 'Gradient': {'clipped': 1.0, 'norm_before_clip': 12.259239196777344},
 'Intent': {'accuracy': nan,
            'target_build': 0,
            'target_deliver': 0,
            'target_mine': 0,
            'target_return': 0},
 'Loss': {'baseline_loss': 0.007662544026970863,
          'behavior_kl_loss': 0.0,
          'entropy_loss': -1.612806797027588,
          'intent_aux_loss': 0.0,
          'rule_aux_loss': 0.0,
          'teacher_baseline_loss': 0.0,
          'teacher_kl_loss': 0.0,
          'total_loss': 6.160990238189697,
          'upgo_pg_loss': 23.61986541748047,
          'vtrace_pg_loss': -15.853731155395508},
 'Misc': {'actor_policy_tta_rot180': 1.0,
          'league_opponents': {'first_place': 0.75, 'selfplay': 0.25},
          'learning_rate': 4.8203744e-05,
          'teacher_kl_cost': 0.0,
          'teacher_policy_tta_rot180': 1.0,
          'total_games_played': 81},
 'Normalized_Entropy': {'cart': 0.9954718351364136,
                        'city_tile': 0.0,
                        'overall': 0.42109380965298104,
                        'worker': 0.8543552756309509},
 'Teacher_KL_Divergence': {'cart': 0.0,
                           'city_tile': 0.0,
                           'overall': 0.0,
                           'worker': 0.0},
 'Value': {'bias': 8.192728273570538e-09,
           'explained_variance': 0.9961767196655273,
           'support_outside_fraction': 0.0,
           'target_std': 0.19641336798667908}}[0m
[[36m2026-08-16 10:10:26,374[0m][[34mroot[0m][[32mINFO[0m] - Steps 36608 @ 51.1 SPS / 0.8 BPS. Stats:
{'Actions': {'cart': {'MOVE': nan, 'NO-OP': nan, 'TRANSFER': nan},
             'city_tile': {'BUILD_CART': nan,
                           'BUILD_WORKER': nan,
                           'NO-OP': nan,
                           'RESEARCH': nan},
             'worker': {'BUILD_CITY': nan,
                        'MOVE': nan,
                        'NO-OP': nan,
                        'PILLAGE': nan,
                        'TRANSFER': nan}},
 'Active_Entities': {'cart': 465, 'city_tile': 2237, 'worker': 1553},
 'Behavior_Policy': {'actor_version_max': 36352,
                     'actor_version_min': 35840,
                     'beta': 0.0,
                     'buffer_lag_max': 704,
                     'ema_kl': None,
                     'forward_kl': 0.006968111731112003,
                     'learner_version': 36544,
                     'log_rho_max': 2.237213134765625,
                     'log_rho_mean': -0.11828559637069702,
                     'log_rho_p95': 0.7443780899047852,
                     'reverse_kl': 0.007162738591432571,
                     'target': None,
                     'vtrace_rho_clipped_fraction': 0.234375},
 'Entropy': {'cart': 1.5482590198516846,
             'city_tile': 0.18497857451438904,
             'overall': 2.7214638888835907,
             'worker': 0.9882262945175171},
 'Env': {'carts_final': nan,
         'carts_peak': nan,
         'city_tiles_final': nan,
         'city_tiles_peak': nan,
         'max_cumulative_rewards': nan,
         'mean_cumulative_reward_magnitudes': nan,
         'mean_cumulative_rewards': nan,
         'research_points': nan,
         'separate_cities_final': nan,
         'separate_cities_peak': nan,
         'step': nan,
         'workers_final': nan,
         'workers_peak': nan},
 'Gradient': {'clipped': 1.0, 'norm_before_clip': 15.811108589172363},
 'Intent': {'accuracy': nan,
            'target_build': 0,
            'target_deliver': 0,
            'target_mine': 0,
            'target_return': 0},
 'Loss': {'baseline_loss': 0.01550198718905449,
          'behavior_kl_loss': 0.0,
          'entropy_loss': -0.5336905121803284,
          'intent_aux_loss': 0.0,
          'rule_aux_loss': 0.0,
          'teacher_baseline_loss': 0.0,
          'teacher_kl_loss': 0.0,
          'total_loss': 4.6331329345703125,
          'upgo_pg_loss': 10.040355682373047,
          'vtrace_pg_loss': -4.889034271240234},
 'Misc': {'actor_policy_tta_rot180': 1.0,
          'league_opponents': {'first_place': 0.75, 'selfplay': 0.25},
          'learning_rate': 4.8191072000000004e-05,
          'teacher_kl_cost': 0.0,
          'teacher_policy_tta_rot180': 1.0,
          'total_games_played': 81},
 'Normalized_Entropy': {'cart': 0.9855079054832458,
                        'city_tile': 0.16837476193904877,
                        'overall': 0.42181737835833105,
                        'worker': 0.6181052327156067},
 'Teacher_KL_Divergence': {'cart': 0.0,
                           'city_tile': 0.0,
                           'overall': 0.0,
                           'worker': 0.0},
 'Value': {'bias': 1.0302755981683731e-08,
           'explained_variance': 0.9944257736206055,
           'support_outside_fraction': 0.0,
           'target_std': 0.2595992982387543}}[0m
[[36m2026-08-16 10:10:31,386[0m][[34mroot[0m][[32mINFO[0m] - Steps 36608 @ 0.0 SPS / 0.0 BPS. Stats:
{'Actions': {'cart': {'MOVE': nan, 'NO-OP': nan, 'TRANSFER': nan},
             'city_tile': {'BUILD_CART': nan,
                           'BUILD_WORKER': nan,
                           'NO-OP': nan,
                           'RESEARCH': nan},
             'worker': {'BUILD_CITY': nan,
                        'MOVE': nan,
                        'NO-OP': nan,
                        'PILLAGE': nan,
                        'TRANSFER': nan}},
 'Active_Entities': {'cart': 465, 'city_tile': 2237, 'worker': 1553},
 'Behavior_Policy': {'actor_version_max': 36352,
                     'actor_version_min': 35840,
                     'beta': 0.0,
                     'buffer_lag_max': 704,
                     'ema_kl': None,
                     'forward_kl': 0.006968111731112003,
                     'learner_version': 36544,
                     'log_rho_max': 2.237213134765625,
                     'log_rho_mean': -0.11828559637069702,
                     'log_rho_p95': 0.7443780899047852,
                     'reverse_kl': 0.007162738591432571,
                     'target': None,
                     'vtrace_rho_clipped_fraction': 0.234375},
 'Entropy': {'cart': 1.5482590198516846,
             'city_tile': 0.18497857451438904,
             'overall': 2.7214638888835907,
             'worker': 0.9882262945175171},
 'Env': {'carts_final': nan,
         'carts_peak': nan,
         'city_tiles_final': nan,
         'city_tiles_peak': nan,
         'max_cumulative_rewards': nan,
         'mean_cumulative_reward_magnitudes': nan,
         'mean_cumulative_rewards': nan,
         'research_points': nan,
         'separate_cities_final': nan,
         'separate_cities_peak': nan,
         'step': nan,
         'workers_final': nan,
         'workers_peak': nan},
 'Gradient': {'clipped': 1.0, 'norm_before_clip': 15.811108589172363},
 'Intent': {'accuracy': nan,
            'target_build': 0,
            'target_deliver': 0,
            'target_mine': 0,
            'target_return': 0},
 'Loss': {'baseline_loss': 0.01550198718905449,
          'behavior_kl_loss': 0.0,
          'entropy_loss': -0.5336905121803284,
          'intent_aux_loss': 0.0,
          'rule_aux_loss': 0.0,
          'teacher_baseline_loss': 0.0,
          'teacher_kl_loss': 0.0,
          'total_loss': 4.6331329345703125,
          'upgo_pg_loss': 10.040355682373047,
          'vtrace_pg_loss': -4.889034271240234},
 'Misc': {'actor_policy_tta_rot180': 1.0,
          'league_opponents': {'first_place': 0.75, 'selfplay': 0.25},
          'learning_rate': 4.8191072000000004e-05,
          'teacher_kl_cost': 0.0,
          'teacher_policy_tta_rot180': 1.0,
          'total_games_played': 81},
 'Normalized_Entropy': {'cart': 0.9855079054832458,
                        'city_tile': 0.16837476193904877,
                        'overall': 0.42181737835833105,
                        'worker': 0.6181052327156067},
 'Teacher_KL_Divergence': {'cart': 0.0,
                           'city_tile': 0.0,
                           'overall': 0.0,
                           'worker': 0.0},
 'Value': {'bias': 1.0302755981683731e-08,
           'explained_variance': 0.9944257736206055,
           'support_outside_fraction': 0.0,
           'target_std': 0.2595992982387543}}[0m
[[36m2026-08-16 10:10:36,394[0m][[34mroot[0m][[32mINFO[0m] - Steps 36992 @ 76.7 SPS / 1.2 BPS. Stats:
{'Actions': {'cart': {'MOVE': nan, 'NO-OP': nan, 'TRANSFER': nan},
             'city_tile': {'BUILD_CART': nan,
                           'BUILD_WORKER': nan,
                           'NO-OP': nan,
                           'RESEARCH': nan},
             'worker': {'BUILD_CITY': nan,
                        'MOVE': nan,
                        'NO-OP': nan,
                        'PILLAGE': nan,
                        'TRANSFER': nan}},
 'Active_Entities': {'cart': 242, 'city_tile': 1638, 'worker': 1507},
 'Behavior_Policy': {'actor_version_max': 36864,
                     'actor_version_min': 36352,
                     'beta': 0.0,
                     'buffer_lag_max': 576,
                     'ema_kl': None,
                     'forward_kl': 0.007926324382424355,
                     'learner_version': 36928,
                     'log_rho_max': 1.6942138671875,
                     'log_rho_mean': -0.16948646306991577,
                     'log_rho_p95': 0.5930278301239014,
                     'reverse_kl': 0.008193941786885262,
                     'target': None,
                     'vtrace_rho_clipped_fraction': 0.125},
 'Entropy': {'cart': 1.549535870552063,
             'city_tile': 0.37917110323905945,
             'overall': 2.8326843678951263,
             'worker': 0.9039773941040039},
 'Env': {'carts_final': nan,
         'carts_peak': nan,
         'city_tiles_final': nan,
         'city_tiles_peak': nan,
         'max_cumulative_rewards': nan,
         'mean_cumulative_reward_magnitudes': nan,
         'mean_cumulative_rewards': nan,
         'research_points': nan,
         'separate_cities_final': nan,
         'separate_cities_peak': nan,
         'step': nan,
         'workers_final': nan,
         'workers_peak': nan},
 'Gradient': {'clipped': 1.0, 'norm_before_clip': 29.988941192626953},
 'Intent': {'accuracy': nan,
            'target_build': 0,
            'target_deliver': 0,
            'target_mine': 0,
            'target_return': 0},
 'Loss': {'baseline_loss': 0.06692653149366379,
          'behavior_kl_loss': 0.0,
          'entropy_loss': -0.47167280316352844,
          'intent_aux_loss': 0.0,
          'rule_aux_loss': 0.0,
          'teacher_baseline_loss': 0.0,
          'teacher_kl_loss': 0.0,
          'total_loss': 53.793460845947266,
          'upgo_pg_loss': 46.08971405029297,
          'vtrace_pg_loss': 8.108494758605957},
 'Misc': {'actor_policy_tta_rot180': 1.0,
          'league_opponents': {'first_place': 1.0, 'selfplay': 0.0},
          'learning_rate': 4.8172064e-05,
          'teacher_kl_cost': 0.0,
          'teacher_policy_tta_rot180': 1.0,
          'total_games_played': 81},
 'Normalized_Entropy': {'cart': 0.977572500705719,
                        'city_tile': 0.34466230869293213,
                        'overall': 0.4897350193055499,
                        'worker': 0.5690796971321106},
 'Teacher_KL_Divergence': {'cart': 0.0,
                           'city_tile': 0.0,
                           'overall': 0.0,
                           'worker': 0.0},
 'Value': {'bias': -7.275957614183426e-09,
           'explained_variance': 0.8767179846763611,
           'support_outside_fraction': 0.0,
           'target_std': 0.13024894893169403}}[0m
[[36m2026-08-16 10:10:41,404[0m][[34mroot[0m][[32mINFO[0m] - Steps 37120 @ 25.6 SPS / 0.4 BPS. Stats:
{'Actions': {'cart': {'MOVE': nan, 'NO-OP': nan, 'TRANSFER': nan},
             'city_tile': {'BUILD_CART': nan,
                           'BUILD_WORKER': nan,
                           'NO-OP': nan,
                           'RESEARCH': nan},
             'worker': {'BUILD_CITY': nan,
                        'MOVE': nan,
                        'NO-OP': nan,
                        'PILLAGE': nan,
                        'TRANSFER': nan}},
 'Active_Entities': {'cart': 382, 'city_tile': 1806, 'worker': 1601},
 'Behavior_Policy': {'actor_version_max': 36864,
                     'actor_version_min': 36352,
                     'beta': 0.0,
                     'buffer_lag_max': 704,
                     'ema_kl': None,
                     'forward_kl': 0.005259259138256311,
                     'learner_version': 37056,
                     'log_rho_max': 1.547170639038086,
                     'log_rho_mean': -0.15792706608772278,
                     'log_rho_p95': 0.7939285039901733,
                     'reverse_kl': 0.0053872461430728436,
                     'target': None,
                     'vtrace_rho_clipped_fraction': 0.2109375},
 'Entropy': {'cart': 1.5495779514312744,
             'city_tile': 0.39122408628463745,
             'overall': 2.8909733295440674,
             'worker': 0.9501712918281555},
 'Env': {'carts_final': nan,
         'carts_peak': nan,
         'city_tiles_final': nan,
         'city_tiles_peak': nan,
         'max_cumulative_rewards': nan,
         'mean_cumulative_reward_magnitudes': nan,
         'mean_cumulative_rewards': nan,
         'research_points': nan,
         'separate_cities_final': nan,
         'separate_cities_peak': nan,
         'step': nan,
         'workers_final': nan,
         'workers_peak': nan},
 'Gradient': {'clipped': 1.0, 'norm_before_clip': 27.06551742553711},
 'Intent': {'accuracy': nan,
            'target_build': 0,
            'target_deliver': 0,
            'target_mine': 0,
            'target_return': 0},
 'Loss': {'baseline_loss': 0.05374974012374878,
          'behavior_kl_loss': 0.0,
          'entropy_loss': -0.5639427304267883,
          'intent_aux_loss': 0.0,
          'rule_aux_loss': 0.0,
          'teacher_baseline_loss': 0.0,
          'teacher_kl_loss': 0.0,
          'total_loss': 27.767250061035156,
          'upgo_pg_loss': 30.876333236694336,
          'vtrace_pg_loss': -2.5988895893096924},
 'Misc': {'actor_policy_tta_rot180': 1.0,
          'league_opponents': {'first_place': 0.75, 'selfplay': 0.25},
          'learning_rate': 4.8165728e-05,
          'teacher_kl_cost': 0.0,
          'teacher_policy_tta_rot180': 1.0,
          'total_games_played': 81},
 'Normalized_Entropy': {'cart': 0.9830549955368042,
                        'city_tile': 0.3561075031757355,
                        'overall': 0.5217477563472687,
                        'worker': 0.5985291004180908},
 'Teacher_KL_Divergence': {'cart': 0.0,
                           'city_tile': 0.0,
                           'overall': 0.0,
                           'worker': 0.0},
 'Value': {'bias': -2.0139850676059723e-08,
           'explained_variance': 0.9889474511146545,
           'support_outside_fraction': 0.0,
           'target_std': 0.33349233865737915}}[0m
[[36m2026-08-16 10:10:46,416[0m][[34mroot[0m][[32mINFO[0m] - Steps 37248 @ 25.5 SPS / 0.4 BPS. Stats:
{'Actions': {'cart': {'MOVE': nan, 'NO-OP': nan, 'TRANSFER': nan},
             'city_tile': {'BUILD_CART': nan,
                           'BUILD_WORKER': nan,
                           'NO-OP': nan,
                           'RESEARCH': nan},
             'worker': {'BUILD_CITY': nan,
                        'MOVE': nan,
                        'NO-OP': nan,
                        'PILLAGE': nan,
                        'TRANSFER': nan}},
 'Active_Entities': {'cart': 356, 'city_tile': 735, 'worker': 677},
 'Behavior_Policy': {'actor_version_max': 37120,
                     'actor_version_min': 36608,
                     'beta': 0.0,
                     'buffer_lag_max': 576,
                     'ema_kl': None,
                     'forward_kl': 0.0027184151113033295,
                     'learner_version': 37184,
                     'log_rho_max': 0.7076530456542969,
                     'log_rho_mean': -0.022206636145710945,
                     'log_rho_p95': 0.2994465231895447,
                     'reverse_kl': 0.0028039615135639906,
                     'target': None,
                     'vtrace_rho_clipped_fraction': 0.2578125},
 'Entropy': {'cart': 1.5615711212158203,
             'city_tile': 0.27322325110435486,
             'overall': 3.2136792838573456,
             'worker': 1.3788849115371704},
 'Env': {'carts_final': nan,
         'carts_peak': nan,
         'city_tiles_final': nan,
         'city_tiles_peak': nan,
         'max_cumulative_rewards': nan,
         'mean_cumulative_reward_magnitudes': nan,
         'mean_cumulative_rewards': nan,
         'research_points': nan,
         'separate_cities_final': nan,
         'separate_cities_peak': nan,
         'step': nan,
         'workers_final': nan,
         'workers_peak': nan},
 'Gradient': {'clipped': 1.0, 'norm_before_clip': 37.56488800048828},
 'Intent': {'accuracy': nan,
            'target_build': 0,
            'target_deliver': 0,
            'target_mine': 0,
            'target_return': 0},
 'Loss': {'baseline_loss': 0.1369602084159851,
          'behavior_kl_loss': 0.0,
          'entropy_loss': -0.33804866671562195,
          'intent_aux_loss': 0.0,
          'rule_aux_loss': 0.0,
          'teacher_baseline_loss': 0.0,
          'teacher_kl_loss': 0.0,
          'total_loss': 46.450626373291016,
          'upgo_pg_loss': 42.907691955566406,
          'vtrace_pg_loss': 3.744021415710449},
 'Misc': {'actor_policy_tta_rot180': 1.0,
          'league_opponents': {'first_place': 0.75, 'selfplay': 0.25},
          'learning_rate': 4.8159392e-05,
          'teacher_kl_cost': 0.0,
          'teacher_policy_tta_rot180': 1.0,
          'total_games_played': 81},
 'Normalized_Entropy': {'cart': 0.9970155358314514,
                        'city_tile': 0.24704432487487793,
                        'overall': 0.6296836497826813,
                        'worker': 0.8519432544708252},
 'Teacher_KL_Divergence': {'cart': 0.0,
                           'city_tile': 0.0,
                           'overall': 0.0,
                           'worker': 0.0},
 'Value': {'bias': -1.0710209608078003e-08,
           'explained_variance': 0.9827902913093567,
           'support_outside_fraction': 0.0,
           'target_std': 0.4951360523700714}}[0m
[[36m2026-08-16 10:10:51,425[0m][[34mroot[0m][[32mINFO[0m] - Steps 37632 @ 76.7 SPS / 1.2 BPS. Stats:
{'Actions': {'cart': {'MOVE': nan, 'NO-OP': nan, 'TRANSFER': nan},
             'city_tile': {'BUILD_CART': nan,
                           'BUILD_WORKER': nan,
                           'NO-OP': nan,
                           'RESEARCH': nan},
             'worker': {'BUILD_CITY': nan,
                        'MOVE': nan,
                        'NO-OP': nan,
                        'PILLAGE': nan,
                        'TRANSFER': nan}},
 'Active_Entities': {'cart': 556, 'city_tile': 2081, 'worker': 1685},
 'Behavior_Policy': {'actor_version_max': 37120,
                     'actor_version_min': 36864,
                     'beta': 0.0,
                     'buffer_lag_max': 704,
                     'ema_kl': None,
                     'forward_kl': 0.005575695540755987,
                     'learner_version': 37568,
                     'log_rho_max': 1.764068603515625,
                     'log_rho_mean': -0.09002628922462463,
                     'log_rho_p95': 0.9820034503936768,
                     'reverse_kl': 0.005516956094652414,
                     'target': None,
                     'vtrace_rho_clipped_fraction': 0.2890625},
 'Entropy': {'cart': 1.5400266647338867,
             'city_tile': 0.2891944348812103,
             'overall': 2.9872024953365326,
             'worker': 1.1579813957214355},
 'Env': {'carts_final': nan,
         'carts_peak': nan,
         'city_tiles_final': nan,
         'city_tiles_peak': nan,
         'max_cumulative_rewards': nan,
         'mean_cumulative_reward_magnitudes': nan,
         'mean_cumulative_rewards': nan,
         'research_points': nan,
         'separate_cities_final': nan,
         'separate_cities_peak': nan,
         'step': nan,
         'workers_final': nan,
         'workers_peak': nan},
 'Gradient': {'clipped': 1.0, 'norm_before_clip': 15.47983455657959},
 'Intent': {'accuracy': nan,
            'target_build': 0,
            'target_deliver': 0,
            'target_mine': 0,
            'target_return': 0},
 'Loss': {'baseline_loss': 0.02184739150106907,
          'behavior_kl_loss': 0.0,
          'entropy_loss': -0.6818534135818481,
          'intent_aux_loss': 0.0,
          'rule_aux_loss': 0.0,
          'teacher_baseline_loss': 0.0,
          'teacher_kl_loss': 0.0,
          'total_loss': -3.362204074859619,
          'upgo_pg_loss': 9.00932502746582,
          'vtrace_pg_loss': -11.711523056030273},
 'Misc': {'actor_policy_tta_rot180': 1.0,
          'league_opponents': {'first_place': 0.75, 'selfplay': 0.25},
          'learning_rate': 4.814038400000001e-05,
          'teacher_kl_cost': 0.0,
          'teacher_policy_tta_rot180': 1.0,
          'total_games_played': 82},
 'Normalized_Entropy': {'cart': 0.9867240786552429,
                        'city_tile': 0.2632361054420471,
                        'overall': 0.5339590269677454,
                        'worker': 0.718906819820404},
 'Teacher_KL_Divergence': {'cart': 0.0,
                           'city_tile': 0.0,
                           'overall': 0.0,
                           'worker': 0.0},
 'Value': {'bias': 7.566995918750763e-09,
           'explained_variance': 0.996383011341095,
           'support_outside_fraction': 0.0,
           'target_std': 0.37586429715156555}}[0m
[[36m2026-08-16 10:10:56,431[0m][[34mroot[0m][[32mINFO[0m] - Steps 37632 @ 0.0 SPS / 0.0 BPS. Stats:
{'Actions': {'cart': {'MOVE': nan, 'NO-OP': nan, 'TRANSFER': nan},
             'city_tile': {'BUILD_CART': nan,
                           'BUILD_WORKER': nan,
                           'NO-OP': nan,
                           'RESEARCH': nan},
             'worker': {'BUILD_CITY': nan,
                        'MOVE': nan,
                        'NO-OP': nan,
                        'PILLAGE': nan,
                        'TRANSFER': nan}},
 'Active_Entities': {'cart': 556, 'city_tile': 2081, 'worker': 1685},
 'Behavior_Policy': {'actor_version_max': 37120,
                     'actor_version_min': 36864,
                     'beta': 0.0,
                     'buffer_lag_max': 704,
                     'ema_kl': None,
                     'forward_kl': 0.005575695540755987,
                     'learner_version': 37568,
                     'log_rho_max': 1.764068603515625,
                     'log_rho_mean': -0.09002628922462463,
                     'log_rho_p95': 0.9820034503936768,
                     'reverse_kl': 0.005516956094652414,
                     'target': None,
                     'vtrace_rho_clipped_fraction': 0.2890625},
 'Entropy': {'cart': 1.5400266647338867,
             'city_tile': 0.2891944348812103,
             'overall': 2.9872024953365326,
             'worker': 1.1579813957214355},
 'Env': {'carts_final': nan,
         'carts_peak': nan,
         'city_tiles_final': nan,
         'city_tiles_peak': nan,
         'max_cumulative_rewards': nan,
         'mean_cumulative_reward_magnitudes': nan,
         'mean_cumulative_rewards': nan,
         'research_points': nan,
         'separate_cities_final': nan,
         'separate_cities_peak': nan,
         'step': nan,
         'workers_final': nan,
         'workers_peak': nan},
 'Gradient': {'clipped': 1.0, 'norm_before_clip': 15.47983455657959},
 'Intent': {'accuracy': nan,
            'target_build': 0,
            'target_deliver': 0,
            'target_mine': 0,
            'target_return': 0},
 'Loss': {'baseline_loss': 0.02184739150106907,
          'behavior_kl_loss': 0.0,
          'entropy_loss': -0.6818534135818481,
          'intent_aux_loss': 0.0,
          'rule_aux_loss': 0.0,
          'teacher_baseline_loss': 0.0,
          'teacher_kl_loss': 0.0,
          'total_loss': -3.362204074859619,
          'upgo_pg_loss': 9.00932502746582,
          'vtrace_pg_loss': -11.711523056030273},
 'Misc': {'actor_policy_tta_rot180': 1.0,
          'league_opponents': {'first_place': 0.75, 'selfplay': 0.25},
          'learning_rate': 4.814038400000001e-05,
          'teacher_kl_cost': 0.0,
          'teacher_policy_tta_rot180': 1.0,
          'total_games_played': 82},
 'Normalized_Entropy': {'cart': 0.9867240786552429,
                        'city_tile': 0.2632361054420471,
                        'overall': 0.5339590269677454,
                        'worker': 0.718906819820404},
 'Teacher_KL_Divergence': {'cart': 0.0,
                           'city_tile': 0.0,
                           'overall': 0.0,
                           'worker': 0.0},
 'Value': {'bias': 7.566995918750763e-09,
           'explained_variance': 0.996383011341095,
           'support_outside_fraction': 0.0,
           'target_std': 0.37586429715156555}}[0m
[[36m2026-08-16 10:11:01,438[0m][[34mroot[0m][[32mINFO[0m] - Steps 38016 @ 76.7 SPS / 1.2 BPS. Stats:
{'Actions': {'cart': {'MOVE': nan, 'NO-OP': nan, 'TRANSFER': nan},
             'city_tile': {'BUILD_CART': nan,
                           'BUILD_WORKER': nan,
                           'NO-OP': nan,
                           'RESEARCH': nan},
             'worker': {'BUILD_CITY': nan,
                        'MOVE': nan,
                        'NO-OP': nan,
                        'PILLAGE': nan,
                        'TRANSFER': nan}},
 'Active_Entities': {'cart': 421, 'city_tile': 1352, 'worker': 789},
 'Behavior_Policy': {'actor_version_max': 37760,
                     'actor_version_min': 37120,
                     'beta': 0.0,
                     'buffer_lag_max': 832,
                     'ema_kl': None,
                     'forward_kl': 0.001589980791322887,
                     'learner_version': 37952,
                     'log_rho_max': 0.7510261535644531,
                     'log_rho_mean': -0.011026378720998764,
                     'log_rho_p95': 0.26627621054649353,
                     'reverse_kl': 0.0016144773690029979,
                     'target': None,
                     'vtrace_rho_clipped_fraction': 0.2734375},
 'Entropy': {'cart': 1.543591856956482,
             'city_tile': 0.0032901414670050144,
             'overall': 2.921734655741602,
             'worker': 1.3748526573181152},
 'Env': {'carts_final': nan,
         'carts_peak': nan,
         'city_tiles_final': nan,
         'city_tiles_peak': nan,
         'max_cumulative_rewards': nan,
         'mean_cumulative_reward_magnitudes': nan,
         'mean_cumulative_rewards': nan,
         'research_points': nan,
         'separate_cities_final': nan,
         'separate_cities_peak': nan,
         'step': nan,
         'workers_final': nan,
         'workers_peak': nan},
 'Gradient': {'clipped': 1.0, 'norm_before_clip': 15.516606330871582},
 'Intent': {'accuracy': nan,
            'target_build': 0,
            'target_deliver': 0,
            'target_mine': 0,
            'target_return': 0},
 'Loss': {'baseline_loss': 0.043410588055849075,
          'behavior_kl_loss': 0.0,
          'entropy_loss': -0.34781184792518616,
          'intent_aux_loss': 0.0,
          'rule_aux_loss': 0.0,
          'teacher_baseline_loss': 0.0,
          'teacher_kl_loss': 0.0,
          'total_loss': 39.007625579833984,
          'upgo_pg_loss': 24.10204315185547,
          'vtrace_pg_loss': 15.209981918334961},
 'Misc': {'actor_policy_tta_rot180': 1.0,
          'league_opponents': {'first_place': 0.75, 'selfplay': 0.25},
          'learning_rate': 4.8121376000000004e-05,
          'teacher_kl_cost': 0.0,
          'teacher_policy_tta_rot180': 1.0,
          'total_games_played': 82},
 'Normalized_Entropy': {'cart': 0.9974117279052734,
                        'city_tile': 0.0033666600938886404,
                        'overall': 0.4255426996303933,
                        'worker': 0.8438255190849304},
 'Teacher_KL_Divergence': {'cart': 0.0,
                           'city_tile': 0.0,
                           'overall': 0.0,
                           'worker': 0.0},
 'Value': {'bias': 1.6589183360338211e-09,
           'explained_variance': 0.99397873878479,
           'support_outside_fraction': 0.0,
           'target_std': 0.47313159704208374}}[0m
[[36m2026-08-16 10:11:06,450[0m][[34mroot[0m][[32mINFO[0m] - Steps 38144 @ 25.5 SPS / 0.4 BPS. Stats:
{'Actions': {'cart': {'MOVE': nan, 'NO-OP': nan, 'TRANSFER': nan},
             'city_tile': {'BUILD_CART': nan,
                           'BUILD_WORKER': nan,
                           'NO-OP': nan,
                           'RESEARCH': nan},
             'worker': {'BUILD_CITY': nan,
                        'MOVE': nan,
                        'NO-OP': nan,
                        'PILLAGE': nan,
                        'TRANSFER': nan}},
 'Active_Entities': {'cart': 418, 'city_tile': 2919, 'worker': 2055},
 'Behavior_Policy': {'actor_version_max': 37760,
                     'actor_version_min': 37120,
                     'beta': 0.0,
                     'buffer_lag_max': 960,
                     'ema_kl': None,
                     'forward_kl': 0.0030971942469477654,
                     'learner_version': 38080,
                     'log_rho_max': 1.1594672203063965,
                     'log_rho_mean': -0.08038558065891266,
                     'log_rho_p95': 0.4988652765750885,
                     'reverse_kl': 0.0030718131456524134,
                     'target': None,
                     'vtrace_rho_clipped_fraction': 0.25},
 'Entropy': {'cart': 1.537574291229248,
             'city_tile': 0.0034494332503527403,
             'overall': 2.8499038151931018,
             'worker': 1.308880090713501},
 'Env': {'carts_final': nan,
         'carts_peak': nan,
         'city_tiles_final': nan,
         'city_tiles_peak': nan,
         'max_cumulative_rewards': nan,
         'mean_cumulative_reward_magnitudes': nan,
         'mean_cumulative_rewards': nan,
         'research_points': nan,
         'separate_cities_final': nan,
         'separate_cities_peak': nan,
         'step': nan,
         'workers_final': nan,
         'workers_peak': nan},
 'Gradient': {'clipped': 1.0, 'norm_before_clip': 12.040660858154297},
 'Intent': {'accuracy': nan,
            'target_build': 0,
            'target_deliver': 0,
            'target_mine': 0,
            'target_return': 0},
 'Loss': {'baseline_loss': 0.037947677075862885,
          'behavior_kl_loss': 0.0,
          'entropy_loss': -0.6685046553611755,
          'intent_aux_loss': 0.0,
          'rule_aux_loss': 0.0,
          'teacher_baseline_loss': 0.0,
          'teacher_kl_loss': 0.0,
          'total_loss': 47.30424499511719,
          'upgo_pg_loss': 38.5520133972168,
          'vtrace_pg_loss': 9.382787704467773},
 'Misc': {'actor_policy_tta_rot180': 1.0,
          'league_opponents': {'first_place': 0.75, 'selfplay': 0.25},
          'learning_rate': 4.811504e-05,
          'teacher_kl_cost': 0.0,
          'teacher_policy_tta_rot180': 1.0,
          'total_games_played': 82},
 'Normalized_Entropy': {'cart': 0.9964376091957092,
                        'city_tile': 0.004932538606226444,
                        'overall': 0.38522919405991685,
                        'worker': 0.801093339920044},
 'Teacher_KL_Divergence': {'cart': 0.0,
                           'city_tile': 0.0,
                           'overall': 0.0,
                           'worker': 0.0},
 'Value': {'bias': 9.487848728895187e-09,
           'explained_variance': 0.990259051322937,
           'support_outside_fraction': 0.0,
           'target_std': 0.3472398519515991}}[0m
[[36m2026-08-16 10:11:11,455[0m][[34mroot[0m][[32mINFO[0m] - Steps 38144 @ 0.0 SPS / 0.0 BPS. Stats:
{'Actions': {'cart': {'MOVE': nan, 'NO-OP': nan, 'TRANSFER': nan},
             'city_tile': {'BUILD_CART': nan,
                           'BUILD_WORKER': nan,
                           'NO-OP': nan,
                           'RESEARCH': nan},
             'worker': {'BUILD_CITY': nan,
                        'MOVE': nan,
                        'NO-OP': nan,
                        'PILLAGE': nan,
                        'TRANSFER': nan}},
 'Active_Entities': {'cart': 418, 'city_tile': 2919, 'worker': 2055},
 'Behavior_Policy': {'actor_version_max': 37760,
                     'actor_version_min': 37120,
                     'beta': 0.0,
                     'buffer_lag_max': 960,
                     'ema_kl': None,
                     'forward_kl': 0.0030971942469477654,
                     'learner_version': 38080,
                     'log_rho_max': 1.1594672203063965,
                     'log_rho_mean': -0.08038558065891266,
                     'log_rho_p95': 0.4988652765750885,
                     'reverse_kl': 0.0030718131456524134,
                     'target': None,
                     'vtrace_rho_clipped_fraction': 0.25},
 'Entropy': {'cart': 1.537574291229248,
             'city_tile': 0.0034494332503527403,
             'overall': 2.8499038151931018,
             'worker': 1.308880090713501},
 'Env': {'carts_final': nan,
         'carts_peak': nan,
         'city_tiles_final': nan,
         'city_tiles_peak': nan,
         'max_cumulative_rewards': nan,
         'mean_cumulative_reward_magnitudes': nan,
         'mean_cumulative_rewards': nan,
         'research_points': nan,
         'separate_cities_final': nan,
         'separate_cities_peak': nan,
         'step': nan,
         'workers_final': nan,
         'workers_peak': nan},
 'Gradient': {'clipped': 1.0, 'norm_before_clip': 12.040660858154297},
 'Intent': {'accuracy': nan,
            'target_build': 0,
            'target_deliver': 0,
            'target_mine': 0,
            'target_return': 0},
 'Loss': {'baseline_loss': 0.037947677075862885,
          'behavior_kl_loss': 0.0,
          'entropy_loss': -0.6685046553611755,
          'intent_aux_loss': 0.0,
          'rule_aux_loss': 0.0,
          'teacher_baseline_loss': 0.0,
          'teacher_kl_loss': 0.0,
          'total_loss': 47.30424499511719,
          'upgo_pg_loss': 38.5520133972168,
          'vtrace_pg_loss': 9.382787704467773},
 'Misc': {'actor_policy_tta_rot180': 1.0,
          'league_opponents': {'first_place': 0.75, 'selfplay': 0.25},
          'learning_rate': 4.811504e-05,
          'teacher_kl_cost': 0.0,
          'teacher_policy_tta_rot180': 1.0,
          'total_games_played': 82},
 'Normalized_Entropy': {'cart': 0.9964376091957092,
                        'city_tile': 0.004932538606226444,
                        'overall': 0.38522919405991685,
                        'worker': 0.801093339920044},
 'Teacher_KL_Divergence': {'cart': 0.0,
                           'city_tile': 0.0,
                           'overall': 0.0,
                           'worker': 0.0},
 'Value': {'bias': 9.487848728895187e-09,
           'explained_variance': 0.990259051322937,
           'support_outside_fraction': 0.0,
           'target_std': 0.3472398519515991}}[0m
[[36m2026-08-16 10:11:16,461[0m][[34mroot[0m][[32mINFO[0m] - Steps 38656 @ 102.3 SPS / 1.6 BPS. Stats:
{'Actions': {'cart': {'MOVE': 0.8342715015054326,
                      'NO-OP': 0.16455033381332634,
                      'TRANSFER': 0.0011781646812410002},
             'city_tile': {'BUILD_CART': 0.017706456134328787,
                           'BUILD_WORKER': 0.029391572985497296,
                           'NO-OP': 0.9356531937412398,
                           'RESEARCH': 0.01724877713893418},
             'worker': {'BUILD_CITY': 0.011912640635340834,
                        'MOVE': 0.4381204500330907,
                        'NO-OP': 0.5027701616715515,
                        'PILLAGE': 0.018398411647915287,
                        'TRANSFER': 0.02879833601210173}},
 'Active_Entities': {'cart': 129, 'city_tile': 827, 'worker': 862},
 'Behavior_Policy': {'actor_version_max': 38144,
                     'actor_version_min': 37888,
                     'beta': 0.0,
                     'buffer_lag_max': 704,
                     'ema_kl': None,
                     'forward_kl': 0.005839203484356403,
                     'learner_version': 38592,
                     'log_rho_max': 1.6253151893615723,
                     'log_rho_mean': -0.03295353055000305,
                     'log_rho_p95': 0.28244373202323914,
                     'reverse_kl': 0.006001593545079231,
                     'target': None,
                     'vtrace_rho_clipped_fraction': 0.2890625},
 'Entropy': {'cart': 1.5804880857467651,
             'city_tile': 0.5598440766334534,
             'overall': 2.824520528316498,
             'worker': 0.6841883659362793},
 'Env': {'carts_final': 0.3333333432674408,
         'carts_peak': 11.833333969116211,
         'city_tiles_final': 60.333335876464844,
         'city_tiles_peak': 84.16667175292969,
         'max_cumulative_rewards': 1.0,
         'mean_cumulative_reward_magnitudes': 1.0,
         'mean_cumulative_rewards': 0.0,
         'research_points': 201.0,
         'separate_cities_final': 1.6666667461395264,
         'separate_cities_peak': 11.166666984558105,
         'step': 361.0,
         'workers_final': 24.83333396911621,
         'workers_peak': 47.333335876464844},
 'Gradient': {'clipped': 1.0, 'norm_before_clip': 127.79399108886719},
 'Intent': {'accuracy': nan,
            'target_build': 0,
            'target_deliver': 0,
            'target_mine': 0,
            'target_return': 0},
 'Loss': {'baseline_loss': 2.719392776489258,
          'behavior_kl_loss': 0.0,
          'entropy_loss': -0.25132888555526733,
          'intent_aux_loss': 0.0,
          'rule_aux_loss': 0.0,
          'teacher_baseline_loss': 0.0,
          'teacher_kl_loss': 0.0,
          'total_loss': -379.83251953125,
          'upgo_pg_loss': -10.821868896484375,
          'vtrace_pg_loss': -371.47869873046875},
 'Misc': {'actor_policy_tta_rot180': 1.0,
          'league_opponents': {'first_place': 0.828125, 'selfplay': 0.171875},
          'learning_rate': 4.8089696000000004e-05,
          'teacher_kl_cost': 0.0,
          'teacher_policy_tta_rot180': 1.0,
          'total_games_played': 96},
 'Normalized_Entropy': {'cart': 0.9951188564300537,
                        'city_tile': 0.5156124830245972,
                        'overall': 0.5079939190638472,
                        'worker': 0.4277854859828949},
 'Teacher_KL_Divergence': {'cart': 0.0,
                           'city_tile': 0.0,
                           'overall': 0.0,
                           'worker': 0.0},
 'Value': {'bias': -1.280568540096283e-09,
           'explained_variance': 0.7826408743858337,
           'support_outside_fraction': 0.0,
           'target_std': 0.5970942378044128}}[0m
[[36m2026-08-16 10:11:21,466[0m][[34mroot[0m][[32mINFO[0m] - Steps 38656 @ 0.0 SPS / 0.0 BPS. Stats:
{'Actions': {'cart': {'MOVE': 0.8342715015054326,
                      'NO-OP': 0.16455033381332634,
                      'TRANSFER': 0.0011781646812410002},
             'city_tile': {'BUILD_CART': 0.017706456134328787,
                           'BUILD_WORKER': 0.029391572985497296,
                           'NO-OP': 0.9356531937412398,
                           'RESEARCH': 0.01724877713893418},
             'worker': {'BUILD_CITY': 0.011912640635340834,
                        'MOVE': 0.4381204500330907,
                        'NO-OP': 0.5027701616715515,
                        'PILLAGE': 0.018398411647915287,
                        'TRANSFER': 0.02879833601210173}},
 'Active_Entities': {'cart': 129, 'city_tile': 827, 'worker': 862},
 'Behavior_Policy': {'actor_version_max': 38144,
                     'actor_version_min': 37888,
                     'beta': 0.0,
                     'buffer_lag_max': 704,
                     'ema_kl': None,
                     'forward_kl': 0.005839203484356403,
                     'learner_version': 38592,
                     'log_rho_max': 1.6253151893615723,
                     'log_rho_mean': -0.03295353055000305,
                     'log_rho_p95': 0.28244373202323914,
                     'reverse_kl': 0.006001593545079231,
                     'target': None,
                     'vtrace_rho_clipped_fraction': 0.2890625},
 'Entropy': {'cart': 1.5804880857467651,
             'city_tile': 0.5598440766334534,
             'overall': 2.824520528316498,
             'worker': 0.6841883659362793},
 'Env': {'carts_final': 0.3333333432674408,
         'carts_peak': 11.833333969116211,
         'city_tiles_final': 60.333335876464844,
         'city_tiles_peak': 84.16667175292969,
         'max_cumulative_rewards': 1.0,
         'mean_cumulative_reward_magnitudes': 1.0,
         'mean_cumulative_rewards': 0.0,
         'research_points': 201.0,
         'separate_cities_final': 1.6666667461395264,
         'separate_cities_peak': 11.166666984558105,
         'step': 361.0,
         'workers_final': 24.83333396911621,
         'workers_peak': 47.333335876464844},
 'Gradient': {'clipped': 1.0, 'norm_before_clip': 127.79399108886719},
 'Intent': {'accuracy': nan,
            'target_build': 0,
            'target_deliver': 0,
            'target_mine': 0,
            'target_return': 0},
 'Loss': {'baseline_loss': 2.719392776489258,
          'behavior_kl_loss': 0.0,
          'entropy_loss': -0.25132888555526733,
          'intent_aux_loss': 0.0,
          'rule_aux_loss': 0.0,
          'teacher_baseline_loss': 0.0,
          'teacher_kl_loss': 0.0,
          'total_loss': -379.83251953125,
          'upgo_pg_loss': -10.821868896484375,
          'vtrace_pg_loss': -371.47869873046875},
 'Misc': {'actor_policy_tta_rot180': 1.0,
          'league_opponents': {'first_place': 0.828125, 'selfplay': 0.171875},
          'learning_rate': 4.8089696000000004e-05,
          'teacher_kl_cost': 0.0,
          'teacher_policy_tta_rot180': 1.0,
          'total_games_played': 96},
 'Normalized_Entropy': {'cart': 0.9951188564300537,
                        'city_tile': 0.5156124830245972,
                        'overall': 0.5079939190638472,
                        'worker': 0.4277854859828949},
 'Teacher_KL_Divergence': {'cart': 0.0,
                           'city_tile': 0.0,
                           'overall': 0.0,
                           'worker': 0.0},
 'Value': {'bias': -1.280568540096283e-09,
           'explained_variance': 0.7826408743858337,
           'support_outside_fraction': 0.0,
           'target_std': 0.5970942378044128}}[0m
[[36m2026-08-16 10:11:26,471[0m][[34mroot[0m][[32mINFO[0m] - Steps 39168 @ 102.3 SPS / 1.6 BPS. Stats:
{'Actions': {'cart': {'MOVE': nan, 'NO-OP': nan, 'TRANSFER': nan},
             'city_tile': {'BUILD_CART': nan,
                           'BUILD_WORKER': nan,
                           'NO-OP': nan,
                           'RESEARCH': nan},
             'worker': {'BUILD_CITY': nan,
                        'MOVE': nan,
                        'NO-OP': nan,
                        'PILLAGE': nan,
                        'TRANSFER': nan}},
 'Active_Entities': {'cart': 719, 'city_tile': 2700, 'worker': 1817},
 'Behavior_Policy': {'actor_version_max': 38784,
                     'actor_version_min': 38144,
                     'beta': 0.0,
                     'buffer_lag_max': 960,
                     'ema_kl': None,
                     'forward_kl': 0.0036516443360596895,
                     'learner_version': 39104,
                     'log_rho_max': 1.1728591918945312,
                     'log_rho_mean': -0.09997159242630005,
                     'log_rho_p95': 0.5944825410842896,
                     'reverse_kl': 0.0036195267457515,
                     'target': None,
                     'vtrace_rho_clipped_fraction': 0.2265625},
 'Entropy': {'cart': 1.5477832555770874,
             'city_tile': 0.04274981841444969,
             'overall': 2.82455175742507,
             'worker': 1.2340186834335327},
 'Env': {'carts_final': nan,
         'carts_peak': nan,
         'city_tiles_final': nan,
         'city_tiles_peak': nan,
         'max_cumulative_rewards': nan,
         'mean_cumulative_reward_magnitudes': nan,
         'mean_cumulative_rewards': nan,
         'research_points': nan,
         'separate_cities_final': nan,
         'separate_cities_peak': nan,
         'step': nan,
         'workers_final': nan,
         'workers_peak': nan},
 'Gradient': {'clipped': 1.0, 'norm_before_clip': 15.726749420166016},
 'Intent': {'accuracy': nan,
            'target_build': 0,
            'target_deliver': 0,
            'target_mine': 0,
            'target_return': 0},
 'Loss': {'baseline_loss': 0.022321855649352074,
          'behavior_kl_loss': 0.0,
          'entropy_loss': -0.6940984725952148,
          'intent_aux_loss': 0.0,
          'rule_aux_loss': 0.0,
          'teacher_baseline_loss': 0.0,
          'teacher_kl_loss': 0.0,
          'total_loss': 67.06095123291016,
          'upgo_pg_loss': 53.70869445800781,
          'vtrace_pg_loss': 14.024036407470703},
 'Misc': {'actor_policy_tta_rot180': 1.0,
          'league_opponents': {'first_place': 0.75, 'selfplay': 0.25},
          'learning_rate': 4.8064352e-05,
          'teacher_kl_cost': 0.0,
          'teacher_policy_tta_rot180': 1.0,
          'total_games_played': 96},
 'Normalized_Entropy': {'cart': 0.99312824010849,
                        'city_tile': 0.038912560790777206,
                        'overall': 0.4212871974603059,
                        'worker': 0.7632012367248535},
 'Teacher_KL_Divergence': {'cart': 0.0,
                           'city_tile': 0.0,
                           'overall': 0.0,
                           'worker': 0.0},
 'Value': {'bias': -1.0797521099448204e-08,
           'explained_variance': 0.9968078136444092,
           'support_outside_fraction': 0.0,
           'target_std': 0.3953908383846283}}[0m
[[36m2026-08-16 10:11:31,476[0m][[34mroot[0m][[32mINFO[0m] - Steps 39232 @ 12.8 SPS / 0.2 BPS. Stats:
{'Actions': {'cart': {'MOVE': nan, 'NO-OP': nan, 'TRANSFER': nan},
             'city_tile': {'BUILD_CART': nan,
                           'BUILD_WORKER': nan,
                           'NO-OP': nan,
                           'RESEARCH': nan},
             'worker': {'BUILD_CITY': nan,
                        'MOVE': nan,
                        'NO-OP': nan,
                        'PILLAGE': nan,
                        'TRANSFER': nan}},
 'Active_Entities': {'cart': 0, 'city_tile': 95, 'worker': 351},
 'Behavior_Policy': {'actor_version_max': 39168,
                     'actor_version_min': 38656,
                     'beta': 0.0,
                     'buffer_lag_max': 512,
                     'ema_kl': None,
                     'forward_kl': 0.029518483206629753,
                     'learner_version': 39168,
                     'log_rho_max': 1.5850378274917603,
                     'log_rho_mean': -0.11308401823043823,
                     'log_rho_p95': 0.41317102313041687,
                     'reverse_kl': 0.030385486781597137,
                     'target': None,
                     'vtrace_rho_clipped_fraction': 0.21875},
 'Entropy': {'cart': -0.0,
             'city_tile': 0.2042197734117508,
             'overall': 0.4987480491399765,
             'worker': 0.2945282757282257},
 'Env': {'carts_final': nan,
         'carts_peak': nan,
         'city_tiles_final': nan,
         'city_tiles_peak': nan,
         'max_cumulative_rewards': nan,
         'mean_cumulative_reward_magnitudes': nan,
         'mean_cumulative_rewards': nan,
         'research_points': nan,
         'separate_cities_final': nan,
         'separate_cities_peak': nan,
         'step': nan,
         'workers_final': nan,
         'workers_peak': nan},
 'Gradient': {'clipped': 1.0, 'norm_before_clip': 11.407093048095703},
 'Intent': {'accuracy': nan,
            'target_build': 0,
            'target_deliver': 0,
            'target_mine': 0,
            'target_return': 0},
 'Loss': {'baseline_loss': 0.04221724718809128,
          'behavior_kl_loss': 0.0,
          'entropy_loss': -0.024556059390306473,
          'intent_aux_loss': 0.0,
          'rule_aux_loss': 0.0,
          'teacher_baseline_loss': 0.0,
          'teacher_kl_loss': 0.0,
          'total_loss': -0.5308017730712891,
          'upgo_pg_loss': 0.22537600994110107,
          'vtrace_pg_loss': -0.773838996887207},
 'Misc': {'actor_policy_tta_rot180': 1.0,
          'league_opponents': {'first_place': 1.0, 'selfplay': 0.0},
          'learning_rate': 4.8061184e-05,
          'teacher_kl_cost': 0.0,
          'teacher_policy_tta_rot180': 1.0,
          'total_games_played': 96},
 'Normalized_Entropy': {'cart': 0.0,
                        'city_tile': 0.233293354511261,
                        'overall': 0.19861578199628221,
                        'worker': 0.18923011422157288},
 'Teacher_KL_Divergence': {'cart': 0.0,
                           'city_tile': 0.0,
                           'overall': 0.0,
                           'worker': 0.0},
 'Value': {'bias': 6.766640581190586e-09,
           'explained_variance': 0.9135729670524597,
           'support_outside_fraction': 0.0,
           'target_std': 0.1235506683588028}}[0m
[[36m2026-08-16 10:11:36,481[0m][[34mroot[0m][[32mINFO[0m] - Steps 39680 @ 89.5 SPS / 1.4 BPS. Stats:
{'Actions': {'cart': {'MOVE': nan, 'NO-OP': nan, 'TRANSFER': nan},
             'city_tile': {'BUILD_CART': nan,
                           'BUILD_WORKER': nan,
                           'NO-OP': nan,
                           'RESEARCH': nan},
             'worker': {'BUILD_CITY': nan,
                        'MOVE': nan,
                        'NO-OP': nan,
                        'PILLAGE': nan,
                        'TRANSFER': nan}},
 'Active_Entities': {'cart': 596, 'city_tile': 2338, 'worker': 1791},
 'Behavior_Policy': {'actor_version_max': 39424,
                     'actor_version_min': 38848,
                     'beta': 0.0,
                     'buffer_lag_max': 768,
                     'ema_kl': None,
                     'forward_kl': 0.002769156126305461,
                     'learner_version': 39616,
                     'log_rho_max': 0.86614990234375,
                     'log_rho_mean': -0.08394983410835266,
                     'log_rho_p95': 0.4667166769504547,
                     'reverse_kl': 0.002728621708229184,
                     'target': None,
                     'vtrace_rho_clipped_fraction': 0.25},
 'Entropy': {'cart': 1.5571702718734741,
             'city_tile': 0.3491274118423462,
             'overall': 2.8059399127960205,
             'worker': 0.8996422290802002},
 'Env': {'carts_final': nan,
         'carts_peak': nan,
         'city_tiles_final': nan,
         'city_tiles_peak': nan,
         'max_cumulative_rewards': nan,
         'mean_cumulative_reward_magnitudes': nan,
         'mean_cumulative_rewards': nan,
         'research_points': nan,
         'separate_cities_final': nan,
         'separate_cities_peak': nan,
         'step': nan,
         'workers_final': nan,
         'workers_peak': nan},
 'Gradient': {'clipped': 1.0, 'norm_before_clip': 20.511566162109375},
 'Intent': {'accuracy': nan,
            'target_build': 0,
            'target_deliver': 0,
            'target_mine': 0,
            'target_return': 0},
 'Loss': {'baseline_loss': 0.02296191267669201,
          'behavior_kl_loss': 0.0,
          'entropy_loss': -0.6711184978485107,
          'intent_aux_loss': 0.0,
          'rule_aux_loss': 0.0,
          'teacher_baseline_loss': 0.0,
          'teacher_kl_loss': 0.0,
          'total_loss': 73.46812438964844,
          'upgo_pg_loss': 46.89045715332031,
          'vtrace_pg_loss': 27.22582244873047},
 'Misc': {'actor_policy_tta_rot180': 1.0,
          'league_opponents': {'first_place': 0.75, 'selfplay': 0.25},
          'learning_rate': 4.8039008e-05,
          'teacher_kl_cost': 0.0,
          'teacher_policy_tta_rot180': 1.0,
          'total_games_played': 97},
 'Normalized_Entropy': {'cart': 0.9909824728965759,
                        'city_tile': 0.3177894651889801,
                        'overall': 0.49433369914059916,
                        'worker': 0.5595250725746155},
 'Teacher_KL_Divergence': {'cart': 0.0,
                           'city_tile': 0.0,
                           'overall': 0.0,
                           'worker': 0.0},
 'Value': {'bias': 6.402842700481415e-10,
           'explained_variance': 0.9972781538963318,
           'support_outside_fraction': 0.0,
           'target_std': 0.4217572808265686}}[0m
[[36m2026-08-16 10:11:41,488[0m][[34mroot[0m][[32mINFO[0m] - Steps 39936 @ 51.1 SPS / 0.8 BPS. Stats:
{'Actions': {'cart': {'MOVE': nan, 'NO-OP': nan, 'TRANSFER': nan},
             'city_tile': {'BUILD_CART': nan,
                           'BUILD_WORKER': nan,
                           'NO-OP': nan,
                           'RESEARCH': nan},
             'worker': {'BUILD_CITY': nan,
                        'MOVE': nan,
                        'NO-OP': nan,
                        'PILLAGE': nan,
                        'TRANSFER': nan}},
 'Active_Entities': {'cart': 0, 'city_tile': 97, 'worker': 558},
 'Behavior_Policy': {'actor_version_max': 39680,
                     'actor_version_min': 39168,
                     'beta': 0.0,
                     'buffer_lag_max': 704,
                     'ema_kl': None,
                     'forward_kl': 0.022277452051639557,
                     'learner_version': 39872,
                     'log_rho_max': 1.2303547859191895,
                     'log_rho_mean': -0.07929825782775879,
                     'log_rho_p95': 0.5069511532783508,
                     'reverse_kl': 0.023207470774650574,
                     'target': None,
                     'vtrace_rho_clipped_fraction': 0.1640625},
 'Entropy': {'cart': -0.0,
             'city_tile': 0.2233259528875351,
             'overall': 0.6108899563550949,
             'worker': 0.3875640034675598},
 'Env': {'carts_final': nan,
         'carts_peak': nan,
         'city_tiles_final': nan,
         'city_tiles_peak': nan,
         'max_cumulative_rewards': nan,
         'mean_cumulative_reward_magnitudes': nan,
         'mean_cumulative_rewards': nan,
         'research_points': nan,
         'separate_cities_final': nan,
         'separate_cities_peak': nan,
         'step': nan,
         'workers_final': nan,
         'workers_peak': nan},
 'Gradient': {'clipped': 1.0, 'norm_before_clip': 23.911121368408203},
 'Intent': {'accuracy': nan,
            'target_build': 0,
            'target_deliver': 0,
            'target_mine': 0,
            'target_return': 0},
 'Loss': {'baseline_loss': 0.022519689053297043,
          'behavior_kl_loss': 0.0,
          'entropy_loss': -0.047584664076566696,
          'intent_aux_loss': 0.0,
          'rule_aux_loss': 0.0,
          'teacher_baseline_loss': 0.0,
          'teacher_kl_loss': 0.0,
          'total_loss': 2.7976715564727783,
          'upgo_pg_loss': 2.232666254043579,
          'vtrace_pg_loss': 0.5900704264640808},
 'Misc': {'actor_policy_tta_rot180': 1.0,
          'league_opponents': {'first_place': 1.0, 'selfplay': 0.0},
          'learning_rate': 4.8026336e-05,
          'teacher_kl_cost': 0.0,
          'teacher_policy_tta_rot180': 1.0,
          'total_games_played': 97},
 'Normalized_Entropy': {'cart': 0.0,
                        'city_tile': 0.1875898689031601,
                        'overall': 0.23767684996128083,
                        'worker': 0.24638372659683228},
 'Teacher_KL_Divergence': {'cart': 0.0,
                           'city_tile': 0.0,
                           'overall': 0.0,
                           'worker': 0.0},
 'Value': {'bias': -1.5614205040037632e-08,
           'explained_variance': 0.9559410810470581,
           'support_outside_fraction': 0.0,
           'target_std': 0.12638315558433533}}[0m
[[36m2026-08-16 10:11:46,493[0m][[34mroot[0m][[32mINFO[0m] - Steps 40192 @ 51.2 SPS / 0.8 BPS. Stats:
{'Actions': {'cart': {'MOVE': nan, 'NO-OP': nan, 'TRANSFER': nan},
             'city_tile': {'BUILD_CART': nan,
                           'BUILD_WORKER': nan,
                           'NO-OP': nan,
                           'RESEARCH': nan},
             'worker': {'BUILD_CITY': nan,
                        'MOVE': nan,
                        'NO-OP': nan,
                        'PILLAGE': nan,
                        'TRANSFER': nan}},
 'Active_Entities': {'cart': 513, 'city_tile': 2422, 'worker': 1921},
 'Behavior_Policy': {'actor_version_max': 39872,
                     'actor_version_min': 39424,
                     'beta': 0.0,
                     'buffer_lag_max': 704,
                     'ema_kl': None,
                     'forward_kl': 0.0035743487533181906,
                     'learner_version': 40128,
                     'log_rho_max': 1.0708580017089844,
                     'log_rho_mean': -0.17199698090553284,
                     'log_rho_p95': 0.46582967042922974,
                     'reverse_kl': 0.003587267594411969,
                     'target': None,
                     'vtrace_rho_clipped_fraction': 0.1953125},
 'Entropy': {'cart': 1.5616809129714966,
             'city_tile': 0.09682603925466537,
             'overall': 2.8792378529906273,
             'worker': 1.2207309007644653},
 'Env': {'carts_final': nan,
         'carts_peak': nan,
         'city_tiles_final': nan,
         'city_tiles_peak': nan,
         'max_cumulative_rewards': nan,
         'mean_cumulative_reward_magnitudes': nan,
         'mean_cumulative_rewards': nan,
         'research_points': nan,
         'separate_cities_final': nan,
         'separate_cities_peak': nan,
         'step': nan,
         'workers_final': nan,
         'workers_peak': nan},
 'Gradient': {'clipped': 1.0, 'norm_before_clip': 19.517093658447266},
 'Intent': {'accuracy': nan,
            'target_build': 0,
            'target_deliver': 0,
            'target_mine': 0,
            'target_return': 0},
 'Loss': {'baseline_loss': 0.023587048053741455,
          'behavior_kl_loss': 0.0,
          'entropy_loss': -0.6761358380317688,
          'intent_aux_loss': 0.0,
          'rule_aux_loss': 0.0,
          'teacher_baseline_loss': 0.0,
          'teacher_kl_loss': 0.0,
          'total_loss': 44.731292724609375,
          'upgo_pg_loss': 34.37922286987305,
          'vtrace_pg_loss': 11.004617691040039},
 'Misc': {'actor_policy_tta_rot180': 1.0,
          'league_opponents': {'first_place': 0.75, 'selfplay': 0.25},
          'learning_rate': 4.8013664000000006e-05,
          'teacher_kl_cost': 0.0,
          'teacher_policy_tta_rot180': 1.0,
          'total_games_played': 97},
 'Normalized_Entropy': {'cart': 0.9937133193016052,
                        'city_tile': 0.08813485503196716,
                        'overall': 0.445682492960226,
                        'worker': 0.7501283884048462},
 'Teacher_KL_Divergence': {'cart': 0.0,
                           'city_tile': 0.0,
                           'overall': 0.0,
                           'worker': 0.0},
 'Value': {'bias': 2.444721758365631e-09,
           'explained_variance': 0.9972687363624573,
           'support_outside_fraction': 0.0,
           'target_std': 0.4208698272705078}}[0m
[[36m2026-08-16 10:11:51,499[0m][[34mroot[0m][[32mINFO[0m] - Steps 40704 @ 102.3 SPS / 1.6 BPS. Stats:
{'Actions': {'cart': {'MOVE': nan, 'NO-OP': nan, 'TRANSFER': nan},
             'city_tile': {'BUILD_CART': nan,
                           'BUILD_WORKER': nan,
                           'NO-OP': nan,
                           'RESEARCH': nan},
             'worker': {'BUILD_CITY': nan,
                        'MOVE': nan,
                        'NO-OP': nan,
                        'PILLAGE': nan,
                        'TRANSFER': nan}},
 'Active_Entities': {'cart': 537, 'city_tile': 2923, 'worker': 1989},
 'Behavior_Policy': {'actor_version_max': 40448,
                     'actor_version_min': 39936,
                     'beta': 0.0,
                     'buffer_lag_max': 704,
                     'ema_kl': None,
                     'forward_kl': 0.002220693975687027,
                     'learner_version': 40640,
                     'log_rho_max': 1.4270858764648438,
                     'log_rho_mean': -0.03710906580090523,
                     'log_rho_p95': 0.6439315676689148,
                     'reverse_kl': 0.0022436368744820356,
                     'target': None,
                     'vtrace_rho_clipped_fraction': 0.2578125},
 'Entropy': {'cart': 1.544677495956421,
             'city_tile': 0.2295970469713211,
             'overall': 2.7894535809755325,
             'worker': 1.0151790380477905},
 'Env': {'carts_final': nan,
         'carts_peak': nan,
         'city_tiles_final': nan,
         'city_tiles_peak': nan,
         'max_cumulative_rewards': nan,
         'mean_cumulative_reward_magnitudes': nan,
         'mean_cumulative_rewards': nan,
         'research_points': nan,
         'separate_cities_final': nan,
         'separate_cities_peak': nan,
         'step': nan,
         'workers_final': nan,
         'workers_peak': nan},
 'Gradient': {'clipped': 1.0, 'norm_before_clip': 95.90300750732422},
 'Intent': {'accuracy': nan,
            'target_build': 0,
            'target_deliver': 0,
            'target_mine': 0,
            'target_return': 0},
 'Loss': {'baseline_loss': 1.0808677673339844,
          'behavior_kl_loss': 0.0,
          'entropy_loss': -0.7039589881896973,
          'intent_aux_loss': 0.0,
          'rule_aux_loss': 0.0,
          'teacher_baseline_loss': 0.0,
          'teacher_kl_loss': 0.0,
          'total_loss': -218.10739135742188,
          'upgo_pg_loss': -28.273006439208984,
          'vtrace_pg_loss': -190.21128845214844},
 'Misc': {'actor_policy_tta_rot180': 1.0,
          'league_opponents': {'first_place': 0.75, 'selfplay': 0.25},
          'learning_rate': 4.7988320000000004e-05,
          'teacher_kl_cost': 0.0,
          'teacher_policy_tta_rot180': 1.0,
          'total_games_played': 97},
 'Normalized_Entropy': {'cart': 0.9946884512901306,
                        'city_tile': 0.208988219499588,
                        'overall': 0.44063381696211174,
                        'worker': 0.6314697861671448},
 'Teacher_KL_Divergence': {'cart': 0.0,
                           'city_tile': 0.0,
                           'overall': 0.0,
                           'worker': 0.0},
 'Value': {'bias': 1.0186340659856796e-08,
           'explained_variance': 0.8709921836853027,
           'support_outside_fraction': 0.0,
           'target_std': 0.5078469514846802}}[0m
[[36m2026-08-16 10:11:56,504[0m][[34mroot[0m][[32mINFO[0m] - Steps 40960 @ 51.2 SPS / 0.8 BPS. Stats:
{'Actions': {'cart': {'MOVE': nan, 'NO-OP': nan, 'TRANSFER': nan},
             'city_tile': {'BUILD_CART': nan,
                           'BUILD_WORKER': nan,
                           'NO-OP': nan,
                           'RESEARCH': nan},
             'worker': {'BUILD_CITY': nan,
                        'MOVE': nan,
                        'NO-OP': nan,
                        'PILLAGE': nan,
                        'TRANSFER': nan}},
 'Active_Entities': {'cart': 0, 'city_tile': 150, 'worker': 832},
 'Behavior_Policy': {'actor_version_max': 40704,
                     'actor_version_min': 40192,
                     'beta': 0.0,
                     'buffer_lag_max': 704,
                     'ema_kl': None,
                     'forward_kl': 0.01400853879749775,
                     'learner_version': 40896,
                     'log_rho_max': 1.912466049194336,
                     'log_rho_mean': -0.1562213897705078,
                     'log_rho_p95': 0.3253238797187805,
                     'reverse_kl': 0.014713707379996777,
                     'target': None,
                     'vtrace_rho_clipped_fraction': 0.125},
 'Entropy': {'cart': -0.0,
             'city_tile': 0.3663884699344635,
             'overall': 0.9107870161533356,
             'worker': 0.5443985462188721},
 'Env': {'carts_final': nan,
         'carts_peak': nan,
         'city_tiles_final': nan,
         'city_tiles_peak': nan,
         'max_cumulative_rewards': nan,
         'mean_cumulative_reward_magnitudes': nan,
         'mean_cumulative_rewards': nan,
         'research_points': nan,
         'separate_cities_final': nan,
         'separate_cities_peak': nan,
         'step': nan,
         'workers_final': nan,
         'workers_peak': nan},
 'Gradient': {'clipped': 1.0, 'norm_before_clip': 42.032352447509766},
 'Intent': {'accuracy': nan,
            'target_build': 0,
            'target_deliver': 0,
            'target_mine': 0,
            'target_return': 0},
 'Loss': {'baseline_loss': 0.13829158246517181,
          'behavior_kl_loss': 0.0,
          'entropy_loss': -0.10157956928014755,
          'intent_aux_loss': 0.0,
          'rule_aux_loss': 0.0,
          'teacher_baseline_loss': 0.0,
          'teacher_kl_loss': 0.0,
          'total_loss': 7.411471366882324,
          'upgo_pg_loss': 6.612014293670654,
          'vtrace_pg_loss': 0.762745201587677},
 'Misc': {'actor_policy_tta_rot180': 1.0,
          'league_opponents': {'first_place': 1.0, 'selfplay': 0.0},
          'learning_rate': 4.7975648e-05,
          'teacher_kl_cost': 0.0,
          'teacher_policy_tta_rot180': 1.0,
          'total_games_played': 97},
 'Normalized_Entropy': {'cart': 0.0,
                        'city_tile': 0.4385845959186554,
                        'overall': 0.3557937783160666,
                        'worker': 0.3408675491809845},
 'Teacher_KL_Divergence': {'cart': 0.0,
                           'city_tile': 0.0,
                           'overall': 0.0,
                           'worker': 0.0},
 'Value': {'bias': -4.598405212163925e-09,
           'explained_variance': 0.951818585395813,
           'support_outside_fraction': 0.0,
           'target_std': 0.2994906008243561}}[0m
[[36m2026-08-16 10:12:01,510[0m][[34mroot[0m][[32mINFO[0m] - Steps 41216 @ 51.1 SPS / 0.8 BPS. Stats:
{'Actions': {'cart': {'MOVE': 0.8378076062639821,
                      'NO-OP': 0.16023489932885907,
                      'TRANSFER': 0.0019574944071588368},
             'city_tile': {'BUILD_CART': 0.015415582502822918,
                           'BUILD_WORKER': 0.02889194363984486,
                           'NO-OP': 0.9431979969561589,
                           'RESEARCH': 0.012494476901173352},
             'worker': {'BUILD_CITY': 0.016266582438408086,
                        'MOVE': 0.32438408085912823,
                        'NO-OP': 0.6180906506632975,
                        'PILLAGE': 0.015003158559696778,
                        'TRANSFER': 0.02625552747946936}},
 'Active_Entities': {'cart': 271, 'city_tile': 1133, 'worker': 1000},
 'Behavior_Policy': {'actor_version_max': 40896,
                     'actor_version_min': 40448,
                     'beta': 0.0,
                     'buffer_lag_max': 704,
                     'ema_kl': None,
                     'forward_kl': 0.004835562314838171,
                     'learner_version': 41152,
                     'log_rho_max': 0.8978652954101562,
                     'log_rho_mean': -0.13797958195209503,
                     'log_rho_p95': 0.4625125825405121,
                     'reverse_kl': 0.004565342795103788,
                     'target': None,
                     'vtrace_rho_clipped_fraction': 0.1953125},
 'Entropy': {'cart': 1.5502992868423462,
             'city_tile': 0.4481559991836548,
             'overall': 2.8841453790664673,
             'worker': 0.8856900930404663},
 'Env': {'carts_final': 0.5,
         'carts_peak': 17.0,
         'city_tiles_final': 47.0,
         'city_tiles_peak': 136.5,
         'max_cumulative_rewards': 1.0,
         'mean_cumulative_reward_magnitudes': 1.0,
         'mean_cumulative_rewards': 0.0,
         'research_points': 254.5,
         'separate_cities_final': 4.0,
         'separate_cities_peak': 20.0,
         'step': 361.0,
         'workers_final': 24.5,
         'workers_peak': 84.0},
 'Gradient': {'clipped': 1.0, 'norm_before_clip': 40.436058044433594},
 'Intent': {'accuracy': nan,
            'target_build': 0,
            'target_deliver': 0,
            'target_mine': 0,
            'target_return': 0},
 'Loss': {'baseline_loss': 0.272150456905365,
          'behavior_kl_loss': 0.0,
          'entropy_loss': -0.36271634697914124,
          'intent_aux_loss': 0.0,
          'rule_aux_loss': 0.0,
          'teacher_baseline_loss': 0.0,
          'teacher_kl_loss': 0.0,
          'total_loss': 79.98745727539062,
          'upgo_pg_loss': 61.90327835083008,
          'vtrace_pg_loss': 18.17474937438965},
 'Misc': {'actor_policy_tta_rot180': 1.0,
          'league_opponents': {'first_place': 0.75, 'selfplay': 0.25},
          'learning_rate': 4.7962976e-05,
          'teacher_kl_cost': 0.0,
          'teacher_policy_tta_rot180': 1.0,
          'total_games_played': 99},
 'Normalized_Entropy': {'cart': 0.9921857118606567,
                        'city_tile': 0.4082109332084656,
                        'overall': 0.5398746093428274,
                        'worker': 0.5664732456207275},
 'Teacher_KL_Divergence': {'cart': 0.0,
                           'city_tile': 0.0,
                           'overall': 0.0,
                           'worker': 0.0},
 'Value': {'bias': -1.1641532182693481e-09,
           'explained_variance': 0.9749161601066589,
           'support_outside_fraction': 0.0,
           'target_std': 0.5227174162864685}}[0m
[[36m2026-08-16 10:12:06,516[0m][[34mroot[0m][[32mINFO[0m] - Steps 41728 @ 102.3 SPS / 1.6 BPS. Stats:
{'Actions': {'cart': {'MOVE': nan, 'NO-OP': nan, 'TRANSFER': nan},
             'city_tile': {'BUILD_CART': nan,
                           'BUILD_WORKER': nan,
                           'NO-OP': nan,
                           'RESEARCH': nan},
             'worker': {'BUILD_CITY': nan,
                        'MOVE': nan,
                        'NO-OP': nan,
                        'PILLAGE': nan,
                        'TRANSFER': nan}},
 'Active_Entities': {'cart': 283, 'city_tile': 1634, 'worker': 1117},
 'Behavior_Policy': {'actor_version_max': 41472,
                     'actor_version_min': 40960,
                     'beta': 0.0,
                     'buffer_lag_max': 704,
                     'ema_kl': None,
                     'forward_kl': 0.011354673653841019,
                     'learner_version': 41664,
                     'log_rho_max': 2.8897666931152344,
                     'log_rho_mean': -0.08639858663082123,
                     'log_rho_p95': 0.5745591521263123,
                     'reverse_kl': 0.011000747792422771,
                     'target': None,
                     'vtrace_rho_clipped_fraction': 0.3046875},
 'Entropy': {'cart': 1.5530223846435547,
             'city_tile': 0.046403076499700546,
             'overall': 2.824287798255682,
             'worker': 1.2248623371124268},
 'Env': {'carts_final': nan,
         'carts_peak': nan,
         'city_tiles_final': nan,
         'city_tiles_peak': nan,
         'max_cumulative_rewards': nan,
         'mean_cumulative_reward_magnitudes': nan,
         'mean_cumulative_rewards': nan,
         'research_points': nan,
         'separate_cities_final': nan,
         'separate_cities_peak': nan,
         'step': nan,
         'workers_final': nan,
         'workers_peak': nan},
 'Gradient': {'clipped': 1.0, 'norm_before_clip': 15.461947441101074},
 'Intent': {'accuracy': nan,
            'target_build': 0,
            'target_deliver': 0,
            'target_mine': 0,
            'target_return': 0},
 'Loss': {'baseline_loss': 0.07630418241024017,
          'behavior_kl_loss': 0.0,
          'entropy_loss': -0.376699835062027,
          'intent_aux_loss': 0.0,
          'rule_aux_loss': 0.0,
          'teacher_baseline_loss': 0.0,
          'teacher_kl_loss': 0.0,
          'total_loss': 19.24169921875,
          'upgo_pg_loss': 27.54387092590332,
          'vtrace_pg_loss': -8.001775741577148},
 'Misc': {'actor_policy_tta_rot180': 1.0,
          'league_opponents': {'first_place': 0.75, 'selfplay': 0.25},
          'learning_rate': 4.793763200000001e-05,
          'teacher_kl_cost': 0.0,
          'teacher_policy_tta_rot180': 1.0,
          'total_games_played': 99},
 'Normalized_Entropy': {'cart': 0.9958176612854004,
                        'city_tile': 0.043326228857040405,
                        'overall': 0.3997757236621218,
                        'worker': 0.7701952457427979},
 'Teacher_KL_Divergence': {'cart': 0.0,
                           'city_tile': 0.0,
                           'overall': 0.0,
                           'worker': 0.0},
 'Value': {'bias': 9.42964106798172e-09,
           'explained_variance': 0.994322657585144,
           'support_outside_fraction': 0.0,
           'target_std': 0.4867720305919647}}[0m
[[36m2026-08-16 10:12:11,521[0m][[34mroot[0m][[32mINFO[0m] - Steps 41920 @ 38.4 SPS / 0.6 BPS. Stats:
{'Actions': {'cart': {'MOVE': nan, 'NO-OP': nan, 'TRANSFER': nan},
             'city_tile': {'BUILD_CART': nan,
                           'BUILD_WORKER': nan,
                           'NO-OP': nan,
                           'RESEARCH': nan},
             'worker': {'BUILD_CITY': nan,
                        'MOVE': nan,
                        'NO-OP': nan,
                        'PILLAGE': nan,
                        'TRANSFER': nan}},
 'Active_Entities': {'cart': 144, 'city_tile': 591, 'worker': 1623},
 'Behavior_Policy': {'actor_version_max': 41728,
                     'actor_version_min': 41216,
                     'beta': 0.0,
                     'buffer_lag_max': 640,
                     'ema_kl': None,
                     'forward_kl': 0.014399903826415539,
                     'learner_version': 41856,
                     'log_rho_max': 1.656097412109375,
                     'log_rho_mean': -0.0850224643945694,
                     'log_rho_p95': 0.8863372802734375,
                     'reverse_kl': 0.013416871428489685,
                     'target': None,
                     'vtrace_rho_clipped_fraction': 0.265625},
 'Entropy': {'cart': 1.5697356462478638,
             'city_tile': 0.5341396331787109,
             'overall': 2.7737061977386475,
             'worker': 0.6698309183120728},
 'Env': {'carts_final': nan,
         'carts_peak': nan,
         'city_tiles_final': nan,
         'city_tiles_peak': nan,
         'max_cumulative_rewards': nan,
         'mean_cumulative_reward_magnitudes': nan,
         'mean_cumulative_rewards': nan,
         'research_points': nan,
         'separate_cities_final': nan,
         'separate_cities_peak': nan,
         'step': nan,
         'workers_final': nan,
         'workers_peak': nan},
 'Gradient': {'clipped': 1.0, 'norm_before_clip': 29.90976333618164},
 'Intent': {'accuracy': nan,
            'target_build': 0,
            'target_deliver': 0,
            'target_mine': 0,
            'target_return': 0},
 'Loss': {'baseline_loss': 0.04149835929274559,
          'behavior_kl_loss': 0.0,
          'entropy_loss': -0.3257707953453064,
          'intent_aux_loss': 0.0,
          'rule_aux_loss': 0.0,
          'teacher_baseline_loss': 0.0,
          'teacher_kl_loss': 0.0,
          'total_loss': 53.58798599243164,
          'upgo_pg_loss': 36.81373596191406,
          'vtrace_pg_loss': 17.058521270751953},
 'Misc': {'actor_policy_tta_rot180': 1.0,
          'league_opponents': {'first_place': 0.75, 'selfplay': 0.25},
          'learning_rate': 4.7928128e-05,
          'teacher_kl_cost': 0.0,
          'teacher_policy_tta_rot180': 1.0,
          'total_games_played': 99},
 'Normalized_Entropy': {'cart': 0.9868850708007812,
                        'city_tile': 0.47360989451408386,
                        'overall': 0.47015566464143854,
                        'worker': 0.42305123805999756},
 'Teacher_KL_Divergence': {'cart': 0.0,
                           'city_tile': 0.0,
                           'overall': 0.0,
                           'worker': 0.0},
 'Value': {'bias': 2.5902409106492996e-09,
           'explained_variance': 0.9501630067825317,
           'support_outside_fraction': 0.0,
           'target_std': 0.1556948572397232}}[0m
[[36m2026-08-16 10:12:16,526[0m][[34mroot[0m][[32mINFO[0m] - Steps 42240 @ 63.9 SPS / 1.0 BPS. Stats:
{'Actions': {'cart': {'MOVE': nan, 'NO-OP': nan, 'TRANSFER': nan},
             'city_tile': {'BUILD_CART': nan,
                           'BUILD_WORKER': nan,
                           'NO-OP': nan,
                           'RESEARCH': nan},
             'worker': {'BUILD_CITY': nan,
                        'MOVE': nan,
                        'NO-OP': nan,
                        'PILLAGE': nan,
                        'TRANSFER': nan}},
 'Active_Entities': {'cart': 252, 'city_tile': 1536, 'worker': 1119},
 'Behavior_Policy': {'actor_version_max': 41856,
                     'actor_version_min': 41472,
                     'beta': 0.0,
                     'buffer_lag_max': 704,
                     'ema_kl': None,
                     'forward_kl': 0.007648126687854528,
                     'learner_version': 42176,
                     'log_rho_max': 1.5168495178222656,
                     'log_rho_mean': -0.15656322240829468,
                     'log_rho_p95': 0.4119381010532379,
                     'reverse_kl': 0.00793458241969347,
                     'target': None,
                     'vtrace_rho_clipped_fraction': 0.2421875},
 'Entropy': {'cart': 1.566799283027649,
             'city_tile': 0.23868952691555023,
             'overall': 2.731564149260521,
             'worker': 0.9260753393173218},
 'Env': {'carts_final': nan,
         'carts_peak': nan,
         'city_tiles_final': nan,
         'city_tiles_peak': nan,
         'max_cumulative_rewards': nan,
         'mean_cumulative_reward_magnitudes': nan,
         'mean_cumulative_rewards': nan,
         'research_points': nan,
         'separate_cities_final': nan,
         'separate_cities_peak': nan,
         'step': nan,
         'workers_final': nan,
         'workers_peak': nan},
 'Gradient': {'clipped': 1.0, 'norm_before_clip': 19.38347816467285},
 'Intent': {'accuracy': nan,
            'target_build': 0,
            'target_deliver': 0,
            'target_mine': 0,
            'target_return': 0},
 'Loss': {'baseline_loss': 0.16189834475517273,
          'behavior_kl_loss': 0.0,
          'entropy_loss': -0.35954776406288147,
          'intent_aux_loss': 0.0,
          'rule_aux_loss': 0.0,
          'teacher_baseline_loss': 0.0,
          'teacher_kl_loss': 0.0,
          'total_loss': -17.132781982421875,
          'upgo_pg_loss': 11.58411979675293,
          'vtrace_pg_loss': -28.519250869750977},
 'Misc': {'actor_policy_tta_rot180': 1.0,
          'league_opponents': {'first_place': 0.75, 'selfplay': 0.25},
          'learning_rate': 4.7912288000000006e-05,
          'teacher_kl_cost': 0.0,
          'teacher_policy_tta_rot180': 1.0,
          'total_games_played': 100},
 'Normalized_Entropy': {'cart': 0.9955904483795166,
                        'city_tile': 0.2178788185119629,
                        'overall': 0.4271663041060677,
                        'worker': 0.5864359140396118},
 'Teacher_KL_Divergence': {'cart': 0.0,
                           'city_tile': 0.0,
                           'overall': 0.0,
                           'worker': 0.0},
 'Value': {'bias': -1.2631062418222427e-08,
           'explained_variance': 0.9831439852714539,
           'support_outside_fraction': 0.0,
           'target_std': 0.5386849045753479}}[0m
[[36m2026-08-16 10:12:21,532[0m][[34mroot[0m][[32mINFO[0m] - Steps 42752 @ 102.3 SPS / 1.6 BPS. Stats:
{'Actions': {'cart': {'MOVE': 0.8201074928865002,
                      'NO-OP': 0.17831172937085046,
                      'TRANSFER': 0.0015807777426493834},
             'city_tile': {'BUILD_CART': 0.01323852617970265,
                           'BUILD_WORKER': 0.02854557207498384,
                           'NO-OP': 0.9266968325791856,
                           'RESEARCH': 0.03151906916612799},
             'worker': {'BUILD_CITY': 0.013554576803578135,
                        'MOVE': 0.4750588958311994,
                        'NO-OP': 0.4587387756495613,
                        'PILLAGE': 0.010481750827955888,
                        'TRANSFER': 0.04216600088770528}},
 'Active_Entities': {'cart': 34, 'city_tile': 252, 'worker': 348},
 'Behavior_Policy': {'actor_version_max': 42304,
                     'actor_version_min': 41920,
                     'beta': 0.0,
                     'buffer_lag_max': 768,
                     'ema_kl': None,
                     'forward_kl': 0.012840714305639267,
                     'learner_version': 42688,
                     'log_rho_max': 0.44906866550445557,
                     'log_rho_mean': -0.08329550921916962,
                     'log_rho_p95': 0.13706186413764954,
                     'reverse_kl': 0.014077785424888134,
                     'target': None,
                     'vtrace_rho_clipped_fraction': 0.1875},
 'Entropy': {'cart': 1.5283422470092773,
             'city_tile': 0.29680562019348145,
             'overall': 2.3720115423202515,
             'worker': 0.5468636751174927},
 'Env': {'carts_final': 1.3333333730697632,
         'carts_peak': 5.0,
         'city_tiles_final': 39.5,
         'city_tiles_peak': 48.833335876464844,
         'max_cumulative_rewards': 1.0,
         'mean_cumulative_reward_magnitudes': 1.0,
         'mean_cumulative_rewards': 0.0,
         'research_points': 203.1666717529297,
         'separate_cities_final': 1.3333333730697632,
         'separate_cities_peak': 7.833333492279053,
         'step': 361.0,
         'workers_final': 17.166667938232422,
         'workers_peak': 29.0},
 'Gradient': {'clipped': 1.0, 'norm_before_clip': 64.96084594726562},
 'Intent': {'accuracy': nan,
            'target_build': 0,
            'target_deliver': 0,
            'target_mine': 0,
            'target_return': 0},
 'Loss': {'baseline_loss': 0.6482110023498535,
          'behavior_kl_loss': 0.0,
          'entropy_loss': -0.06341344118118286,
          'intent_aux_loss': 0.0,
          'rule_aux_loss': 0.0,
          'teacher_baseline_loss': 0.0,
          'teacher_kl_loss': 0.0,
          'total_loss': 31.875221252441406,
          'upgo_pg_loss': 25.188922882080078,
          'vtrace_pg_loss': 6.101502418518066},
 'Misc': {'actor_policy_tta_rot180': 1.0,
          'league_opponents': {'first_place': 0.9375, 'selfplay': 0.0625},
          'learning_rate': 4.7886944e-05,
          'teacher_kl_cost': 0.0,
          'teacher_policy_tta_rot180': 1.0,
          'total_games_played': 112},
 'Normalized_Entropy': {'cart': 0.9943807125091553,
                        'city_tile': 0.2866438627243042,
                        'overall': 0.3591604197062905,
                        'worker': 0.34961065649986267},
 'Teacher_KL_Divergence': {'cart': 0.0,
                           'city_tile': 0.0,
                           'overall': 0.0,
                           'worker': 0.0},
 'Value': {'bias': -8.731149137020111e-10,
           'explained_variance': 0.9137306213378906,
           'support_outside_fraction': 0.0,
           'target_std': 0.41892412304878235}}[0m
[[36m2026-08-16 10:12:26,538[0m][[34mroot[0m][[32mINFO[0m] - Steps 42816 @ 12.8 SPS / 0.2 BPS. Stats:
{'Actions': {'cart': {'MOVE': nan, 'NO-OP': nan, 'TRANSFER': nan},
             'city_tile': {'BUILD_CART': nan,
                           'BUILD_WORKER': nan,
                           'NO-OP': nan,
                           'RESEARCH': nan},
             'worker': {'BUILD_CITY': nan,
                        'MOVE': nan,
                        'NO-OP': nan,
                        'PILLAGE': nan,
                        'TRANSFER': nan}},
 'Active_Entities': {'cart': 0, 'city_tile': 82, 'worker': 365},
 'Behavior_Policy': {'actor_version_max': 42752,
                     'actor_version_min': 42368,
                     'beta': 0.0,
                     'buffer_lag_max': 384,
                     'ema_kl': None,
                     'forward_kl': 0.03732987120747566,
                     'learner_version': 42752,
                     'log_rho_max': 1.3917100429534912,
                     'log_rho_mean': -0.1412927508354187,
                     'log_rho_p95': 0.4360660910606384,
                     'reverse_kl': 0.037080928683280945,
                     'target': None,
                     'vtrace_rho_clipped_fraction': 0.1953125},
 'Entropy': {'cart': -0.0,
             'city_tile': 0.181965634226799,
             'overall': 0.6370007544755936,
             'worker': 0.45503512024879456},
 'Env': {'carts_final': nan,
         'carts_peak': nan,
         'city_tiles_final': nan,
         'city_tiles_peak': nan,
         'max_cumulative_rewards': nan,
         'mean_cumulative_reward_magnitudes': nan,
         'mean_cumulative_rewards': nan,
         'research_points': nan,
         'separate_cities_final': nan,
         'separate_cities_peak': nan,
         'step': nan,
         'workers_final': nan,
         'workers_peak': nan},
 'Gradient': {'clipped': 1.0, 'norm_before_clip': 18.169445037841797},
 'Intent': {'accuracy': nan,
            'target_build': 0,
            'target_deliver': 0,
            'target_mine': 0,
            'target_return': 0},
 'Loss': {'baseline_loss': 0.06342475116252899,
          'behavior_kl_loss': 0.0,
          'entropy_loss': -0.036201801151037216,
          'intent_aux_loss': 0.0,
          'rule_aux_loss': 0.0,
          'teacher_baseline_loss': 0.0,
          'teacher_kl_loss': 0.0,
          'total_loss': 2.3196640014648438,
          'upgo_pg_loss': 2.828545570373535,
          'vtrace_pg_loss': -0.5361046195030212},
 'Misc': {'actor_policy_tta_rot180': 1.0,
          'league_opponents': {'first_place': 1.0, 'selfplay': 0.0},
          'learning_rate': 4.7883776000000005e-05,
          'teacher_kl_cost': 0.0,
          'teacher_policy_tta_rot180': 1.0,
          'total_games_played': 112},
 'Normalized_Entropy': {'cart': 0.0,
                        'city_tile': 0.1630488634109497,
                        'overall': 0.2654313117065686,
                        'worker': 0.2884323000907898},
 'Teacher_KL_Divergence': {'cart': 0.0,
                           'city_tile': 0.0,
                           'overall': 0.0,
                           'worker': 0.0},
 'Value': {'bias': 4.409230314195156e-09,
           'explained_variance': 0.9641062617301941,
           'support_outside_fraction': 0.0,
           'target_std': 0.23498764634132385}}[0m
[[36m2026-08-16 10:12:31,544[0m][[34mroot[0m][[32mINFO[0m] - Steps 43264 @ 89.5 SPS / 1.4 BPS. Stats:
{'Actions': {'cart': {'MOVE': nan, 'NO-OP': nan, 'TRANSFER': nan},
             'city_tile': {'BUILD_CART': nan,
                           'BUILD_WORKER': nan,
                           'NO-OP': nan,
                           'RESEARCH': nan},
             'worker': {'BUILD_CITY': nan,
                        'MOVE': nan,
                        'NO-OP': nan,
                        'PILLAGE': nan,
                        'TRANSFER': nan}},
 'Active_Entities': {'cart': 85, 'city_tile': 1068, 'worker': 1225},
 'Behavior_Policy': {'actor_version_max': 42752,
                     'actor_version_min': 42240,
                     'beta': 0.0,
                     'buffer_lag_max': 960,
                     'ema_kl': None,
                     'forward_kl': 0.01429562084376812,
                     'learner_version': 43200,
                     'log_rho_max': 1.6284751892089844,
                     'log_rho_mean': -0.2269621193408966,
                     'log_rho_p95': 0.6113106608390808,
                     'reverse_kl': 0.014013992622494698,
                     'target': None,
                     'vtrace_rho_clipped_fraction': 0.1171875},
 'Entropy': {'cart': 1.4634253978729248,
             'city_tile': 0.3323911130428314,
             'overall': 2.7220158874988556,
             'worker': 0.9261993765830994},
 'Env': {'carts_final': nan,
         'carts_peak': nan,
         'city_tiles_final': nan,
         'city_tiles_peak': nan,
         'max_cumulative_rewards': nan,
         'mean_cumulative_reward_magnitudes': nan,
         'mean_cumulative_rewards': nan,
         'research_points': nan,
         'separate_cities_final': nan,
         'separate_cities_peak': nan,
         'step': nan,
         'workers_final': nan,
         'workers_peak': nan},
 'Gradient': {'clipped': 1.0, 'norm_before_clip': 23.399850845336914},
 'Intent': {'accuracy': nan,
            'target_build': 0,
            'target_deliver': 0,
            'target_mine': 0,
            'target_return': 0},
 'Loss': {'baseline_loss': 0.06864691525697708,
          'behavior_kl_loss': 0.0,
          'entropy_loss': -0.3227958381175995,
          'intent_aux_loss': 0.0,
          'rule_aux_loss': 0.0,
          'teacher_baseline_loss': 0.0,
          'teacher_kl_loss': 0.0,
          'total_loss': 2.5456409454345703,
          'upgo_pg_loss': 8.714845657348633,
          'vtrace_pg_loss': -5.915055751800537},
 'Misc': {'actor_policy_tta_rot180': 1.0,
          'league_opponents': {'first_place': 1.0, 'selfplay': 0.0},
          'learning_rate': 4.78616e-05,
          'teacher_kl_cost': 0.0,
          'teacher_policy_tta_rot180': 1.0,
          'total_games_played': 112},
 'Normalized_Entropy': {'cart': 0.9783144593238831,
                        'city_tile': 0.30222854018211365,
                        'overall': 0.4740281844961232,
                        'worker': 0.5888181328773499},
 'Teacher_KL_Divergence': {'cart': 0.0,
                           'city_tile': 0.0,
                           'overall': 0.0,
                           'worker': 0.0},
 'Value': {'bias': 6.344635039567947e-09,
           'explained_variance': 0.9759507775306702,
           'support_outside_fraction': 0.0,
           'target_std': 0.2986655831336975}}[0m
[[36m2026-08-16 10:12:36,549[0m][[34mroot[0m][[32mINFO[0m] - Steps 43712 @ 89.5 SPS / 1.4 BPS. Stats:
{'Actions': {'cart': {'MOVE': nan, 'NO-OP': nan, 'TRANSFER': nan},
             'city_tile': {'BUILD_CART': nan,
                           'BUILD_WORKER': nan,
                           'NO-OP': nan,
                           'RESEARCH': nan},
             'worker': {'BUILD_CITY': nan,
                        'MOVE': nan,
                        'NO-OP': nan,
                        'PILLAGE': nan,
                        'TRANSFER': nan}},
 'Active_Entities': {'cart': 388, 'city_tile': 1640, 'worker': 1755},
 'Behavior_Policy': {'actor_version_max': 43456,
                     'actor_version_min': 42816,
                     'beta': 0.0,
                     'buffer_lag_max': 832,
                     'ema_kl': None,
                     'forward_kl': 0.005762932356446981,
                     'learner_version': 43648,
                     'log_rho_max': 1.369746208190918,
                     'log_rho_mean': -0.1632896363735199,
                     'log_rho_p95': 0.66591876745224,
                     'reverse_kl': 0.005718111526221037,
                     'target': None,
                     'vtrace_rho_clipped_fraction': 0.234375},
 'Entropy': {'cart': 1.4964309930801392,
             'city_tile': 0.23573878407478333,
             'overall': 2.620382696390152,
             'worker': 0.8882129192352295},
 'Env': {'carts_final': nan,
         'carts_peak': nan,
         'city_tiles_final': nan,
         'city_tiles_peak': nan,
         'max_cumulative_rewards': nan,
         'mean_cumulative_reward_magnitudes': nan,
         'mean_cumulative_rewards': nan,
         'research_points': nan,
         'separate_cities_final': nan,
         'separate_cities_peak': nan,
         'step': nan,
         'workers_final': nan,
         'workers_peak': nan},
 'Gradient': {'clipped': 1.0, 'norm_before_clip': 27.052112579345703},
 'Intent': {'accuracy': nan,
            'target_build': 0,
            'target_deliver': 0,
            'target_mine': 0,
            'target_return': 0},
 'Loss': {'baseline_loss': 0.14425425231456757,
          'behavior_kl_loss': 0.0,
          'entropy_loss': -0.5052080750465393,
          'intent_aux_loss': 0.0,
          'rule_aux_loss': 0.0,
          'teacher_baseline_loss': 0.0,
          'teacher_kl_loss': 0.0,
          'total_loss': -3.4985575675964355,
          'upgo_pg_loss': 22.6655216217041,
          'vtrace_pg_loss': -25.803125381469727},
 'Misc': {'actor_policy_tta_rot180': 1.0,
          'league_opponents': {'first_place': 0.75, 'selfplay': 0.25},
          'learning_rate': 4.783942400000001e-05,
          'teacher_kl_cost': 0.0,
          'teacher_policy_tta_rot180': 1.0,
          'total_games_played': 112},
 'Normalized_Entropy': {'cart': 0.9789721369743347,
                        'city_tile': 0.21457868814468384,
                        'overall': 0.4502417376171871,
                        'worker': 0.5535693764686584},
 'Teacher_KL_Divergence': {'cart': 0.0,
                           'city_tile': 0.0,
                           'overall': 0.0,
                           'worker': 0.0},
 'Value': {'bias': 1.8277205526828766e-08,
           'explained_variance': 0.9841996431350708,
           'support_outside_fraction': 0.0,
           'target_std': 0.48104533553123474}}[0m
[[36m2026-08-16 10:12:41,555[0m][[34mroot[0m][[32mINFO[0m] - Steps 43840 @ 25.6 SPS / 0.4 BPS. Stats:
{'Actions': {'cart': {'MOVE': nan, 'NO-OP': nan, 'TRANSFER': nan},
             'city_tile': {'BUILD_CART': nan,
                           'BUILD_WORKER': nan,
                           'NO-OP': nan,
                           'RESEARCH': nan},
             'worker': {'BUILD_CITY': nan,
                        'MOVE': nan,
                        'NO-OP': nan,
                        'PILLAGE': nan,
                        'TRANSFER': nan}},
 'Active_Entities': {'cart': 0, 'city_tile': 100, 'worker': 514},
 'Behavior_Policy': {'actor_version_max': 43776,
                     'actor_version_min': 43264,
                     'beta': 0.0,
                     'buffer_lag_max': 512,
                     'ema_kl': None,
                     'forward_kl': 0.016301319003105164,
                     'learner_version': 43776,
                     'log_rho_max': 1.2675180435180664,
                     'log_rho_mean': 0.017830880358815193,
                     'log_rho_p95': 0.8743402361869812,
                     'reverse_kl': 0.016188131645321846,
                     'target': None,
                     'vtrace_rho_clipped_fraction': 0.2421875},
 'Entropy': {'cart': -0.0,
             'city_tile': 0.25552451610565186,
             'overall': 0.8086341023445129,
             'worker': 0.5531095862388611},
 'Env': {'carts_final': nan,
         'carts_peak': nan,
         'city_tiles_final': nan,
         'city_tiles_peak': nan,
         'max_cumulative_rewards': nan,
         'mean_cumulative_reward_magnitudes': nan,
         'mean_cumulative_rewards': nan,
         'research_points': nan,
         'separate_cities_final': nan,
         'separate_cities_peak': nan,
         'step': nan,
         'workers_final': nan,
         'workers_peak': nan},
 'Gradient': {'clipped': 1.0, 'norm_before_clip': 30.258241653442383},
 'Intent': {'accuracy': nan,
            'target_build': 0,
            'target_deliver': 0,
            'target_mine': 0,
            'target_return': 0},
 'Loss': {'baseline_loss': 0.05219873785972595,
          'behavior_kl_loss': 0.0,
          'entropy_loss': -0.06197015941143036,
          'intent_aux_loss': 0.0,
          'rule_aux_loss': 0.0,
          'teacher_baseline_loss': 0.0,
          'teacher_kl_loss': 0.0,
          'total_loss': -6.1412177085876465,
          'upgo_pg_loss': 1.8518972396850586,
          'vtrace_pg_loss': -7.983343601226807},
 'Misc': {'actor_policy_tta_rot180': 1.0,
          'league_opponents': {'first_place': 1.0, 'selfplay': 0.0},
          'learning_rate': 4.7833088e-05,
          'teacher_kl_cost': 0.0,
          'teacher_policy_tta_rot180': 1.0,
          'total_games_played': 112},
 'Normalized_Entropy': {'cart': 0.0,
                        'city_tile': 0.22693389654159546,
                        'overall': 0.3383968910293393,
                        'worker': 0.3600822985172272},
 'Teacher_KL_Divergence': {'cart': 0.0,
                           'city_tile': 0.0,
                           'overall': 0.0,
                           'worker': 0.0},
 'Value': {'bias': -3.958120942115784e-09,
           'explained_variance': 0.991432785987854,
           'support_outside_fraction': 0.0,
           'target_std': 0.4363504946231842}}[0m
[[36m2026-08-16 10:12:46,560[0m][[34mroot[0m][[32mINFO[0m] - Steps 44288 @ 89.5 SPS / 1.4 BPS. Stats:
{'Actions': {'cart': {'MOVE': nan, 'NO-OP': nan, 'TRANSFER': nan},
             'city_tile': {'BUILD_CART': nan,
                           'BUILD_WORKER': nan,
                           'NO-OP': nan,
                           'RESEARCH': nan},
             'worker': {'BUILD_CITY': nan,
                        'MOVE': nan,
                        'NO-OP': nan,
                        'PILLAGE': nan,
                        'TRANSFER': nan}},
 'Active_Entities': {'cart': 187, 'city_tile': 1534, 'worker': 1252},
 'Behavior_Policy': {'actor_version_max': 43968,
                     'actor_version_min': 43456,
                     'beta': 0.0,
                     'buffer_lag_max': 768,
                     'ema_kl': None,
                     'forward_kl': 0.009402099996805191,
                     'learner_version': 44224,
                     'log_rho_max': 1.3525152206420898,
                     'log_rho_mean': -0.2890995740890503,
                     'log_rho_p95': 0.29887285828590393,
                     'reverse_kl': 0.009648425504565239,
                     'target': None,
                     'vtrace_rho_clipped_fraction': 0.09375},
 'Entropy': {'cart': 1.5236386060714722,
             'city_tile': 0.13569514453411102,
             'overall': 2.7613283842802048,
             'worker': 1.1019946336746216},
 'Env': {'carts_final': nan,
         'carts_peak': nan,
         'city_tiles_final': nan,
         'city_tiles_peak': nan,
         'max_cumulative_rewards': nan,
         'mean_cumulative_reward_magnitudes': nan,
         'mean_cumulative_rewards': nan,
         'research_points': nan,
         'separate_cities_final': nan,
         'separate_cities_peak': nan,
         'step': nan,
         'workers_final': nan,
         'workers_peak': nan},
 'Gradient': {'clipped': 1.0, 'norm_before_clip': 17.779096603393555},
 'Intent': {'accuracy': nan,
            'target_build': 0,
            'target_deliver': 0,
            'target_mine': 0,
            'target_return': 0},
 'Loss': {'baseline_loss': 0.08000697195529938,
          'behavior_kl_loss': 0.0,
          'entropy_loss': -0.3745547831058502,
          'intent_aux_loss': 0.0,
          'rule_aux_loss': 0.0,
          'teacher_baseline_loss': 0.0,
          'teacher_kl_loss': 0.0,
          'total_loss': -7.184971332550049,
          'upgo_pg_loss': 2.363523483276367,
          'vtrace_pg_loss': -9.253947257995605},
 'Misc': {'actor_policy_tta_rot180': 1.0,
          'league_opponents': {'first_place': 1.0, 'selfplay': 0.0},
          'learning_rate': 4.7810912e-05,
          'teacher_kl_cost': 0.0,
          'teacher_policy_tta_rot180': 1.0,
          'total_games_played': 112},
 'Normalized_Entropy': {'cart': 0.9769424200057983,
                        'city_tile': 0.12072621285915375,
                        'overall': 0.41509792723921946,
                        'worker': 0.6918561458587646},
 'Teacher_KL_Divergence': {'cart': 0.0,
                           'city_tile': 0.0,
                           'overall': 0.0,
                           'worker': 0.0},
 'Value': {'bias': -1.1525116860866547e-08,
           'explained_variance': 0.9919553995132446,
           'support_outside_fraction': 0.0,
           'target_std': 0.557490348815918}}[0m
[[36m2026-08-16 10:12:51,565[0m][[34mroot[0m][[32mINFO[0m] - Saving checkpoint to 0044608[0m
[[36m2026-08-16 10:12:51,921[0m][[34mroot[0m][[32mINFO[0m] - Verified learner-to-actor model synchronization: max_abs_diff=0[0m
[[36m2026-08-16 10:12:51,934[0m][[34mroot[0m][[32mINFO[0m] - Checkpoint learner delta from run start: max_abs_diff=0.047140561[0m
[[36m2026-08-16 10:12:52,018[0m][[34mroot[0m][[32mINFO[0m] - Steps 44672 @ 70.4 SPS / 1.1 BPS. Stats:
{'Actions': {'cart': {'MOVE': nan, 'NO-OP': nan, 'TRANSFER': nan},
             'city_tile': {'BUILD_CART': nan,
                           'BUILD_WORKER': nan,
                           'NO-OP': nan,
                           'RESEARCH': nan},
             'worker': {'BUILD_CITY': nan,
                        'MOVE': nan,
                        'NO-OP': nan,
                        'PILLAGE': nan,
                        'TRANSFER': nan}},
 'Active_Entities': {'cart': 133, 'city_tile': 1256, 'worker': 1127},
 'Behavior_Policy': {'actor_version_max': 44544,
                     'actor_version_min': 44032,
                     'beta': 0.0,
                     'buffer_lag_max': 576,
                     'ema_kl': None,
                     'forward_kl': 0.007020378950983286,
                     'learner_version': 44608,
                     'log_rho_max': 1.2482719421386719,
                     'log_rho_mean': -0.19219690561294556,
                     'log_rho_p95': 0.39708566665649414,
                     'reverse_kl': 0.006793842185288668,
                     'target': None,
                     'vtrace_rho_clipped_fraction': 0.1875},
 'Entropy': {'cart': 1.5475029945373535,
             'city_tile': 0.428155779838562,
             'overall': 2.7532653212547302,
             'worker': 0.7776065468788147},
 'Env': {'carts_final': nan,
         'carts_peak': nan,
         'city_tiles_final': nan,
         'city_tiles_peak': nan,
         'max_cumulative_rewards': nan,
         'mean_cumulative_reward_magnitudes': nan,
         'mean_cumulative_rewards': nan,
         'research_points': nan,
         'separate_cities_final': nan,
         'separate_cities_peak': nan,
         'step': nan,
         'workers_final': nan,
         'workers_peak': nan},
 'Gradient': {'clipped': 1.0, 'norm_before_clip': 39.02444839477539},
 'Intent': {'accuracy': nan,
            'target_build': 0,
            'target_deliver': 0,
            'target_mine': 0,
            'target_return': 0},
 'Loss': {'baseline_loss': 0.05900295823812485,
          'behavior_kl_loss': 0.0,
          'entropy_loss': -0.32398879528045654,
          'intent_aux_loss': 0.0,
          'rule_aux_loss': 0.0,
          'teacher_baseline_loss': 0.0,
          'teacher_kl_loss': 0.0,
          'total_loss': 2.7507200241088867,
          'upgo_pg_loss': 16.175067901611328,
          'vtrace_pg_loss': -13.159361839294434},
 'Misc': {'actor_policy_tta_rot180': 1.0,
          'league_opponents': {'first_place': 1.0, 'selfplay': 0.0},
          'learning_rate': 4.7791904e-05,
          'teacher_kl_cost': 0.0,
          'teacher_policy_tta_rot180': 1.0,
          'total_games_played': 112},
 'Normalized_Entropy': {'cart': 0.9818349480628967,
                        'city_tile': 0.39255082607269287,
                        'overall': 0.46583267063234113,
                        'worker': 0.4866079092025757},
 'Teacher_KL_Divergence': {'cart': 0.0,
                           'city_tile': 0.0,
                           'overall': 0.0,
                           'worker': 0.0},
 'Value': {'bias': 8.847564458847046e-09,
           'explained_variance': 0.9920240044593811,
           'support_outside_fraction': 0.0,
           'target_std': 0.48080572485923767}}[0m
[[36m2026-08-16 10:12:57,023[0m][[34mroot[0m][[32mINFO[0m] - Steps 44928 @ 51.2 SPS / 0.8 BPS. Stats:
{'Actions': {'cart': {'MOVE': nan, 'NO-OP': nan, 'TRANSFER': nan},
             'city_tile': {'BUILD_CART': nan,
                           'BUILD_WORKER': nan,
                           'NO-OP': nan,
                           'RESEARCH': nan},
             'worker': {'BUILD_CITY': nan,
                        'MOVE': nan,
                        'NO-OP': nan,
                        'PILLAGE': nan,
                        'TRANSFER': nan}},
 'Active_Entities': {'cart': 0, 'city_tile': 140, 'worker': 686},
 'Behavior_Policy': {'actor_version_max': 44800,
                     'actor_version_min': 44288,
                     'beta': 0.0,
                     'buffer_lag_max': 576,
                     'ema_kl': None,
                     'forward_kl': 0.02333211340010166,
                     'learner_version': 44864,
                     'log_rho_max': 0.9978599548339844,
                     'log_rho_mean': -0.12636429071426392,
                     'log_rho_p95': 0.7149558067321777,
                     'reverse_kl': 0.021251799538731575,
                     'target': None,
                     'vtrace_rho_clipped_fraction': 0.2265625},
 'Entropy': {'cart': -0.0,
             'city_tile': 0.47309863567352295,
             'overall': 0.9996785521507263,
             'worker': 0.5265799164772034},
 'Env': {'carts_final': nan,
         'carts_peak': nan,
         'city_tiles_final': nan,
         'city_tiles_peak': nan,
         'max_cumulative_rewards': nan,
         'mean_cumulative_reward_magnitudes': nan,
         'mean_cumulative_rewards': nan,
         'research_points': nan,
         'separate_cities_final': nan,
         'separate_cities_peak': nan,
         'step': nan,
         'workers_final': nan,
         'workers_peak': nan},
 'Gradient': {'clipped': 1.0, 'norm_before_clip': 82.50421142578125},
 'Intent': {'accuracy': nan,
            'target_build': 0,
            'target_deliver': 0,
            'target_mine': 0,
            'target_return': 0},
 'Loss': {'baseline_loss': 0.18730279803276062,
          'behavior_kl_loss': 0.0,
          'entropy_loss': -0.08549351990222931,
          'intent_aux_loss': 0.0,
          'rule_aux_loss': 0.0,
          'teacher_baseline_loss': 0.0,
          'teacher_kl_loss': 0.0,
          'total_loss': 10.021183013916016,
          'upgo_pg_loss': 10.943422317504883,
          'vtrace_pg_loss': -1.0240486860275269},
 'Misc': {'actor_policy_tta_rot180': 1.0,
          'league_opponents': {'first_place': 1.0, 'selfplay': 0.0},
          'learning_rate': 4.7779232e-05,
          'teacher_kl_cost': 0.0,
          'teacher_policy_tta_rot180': 1.0,
          'total_games_played': 112},
 'Normalized_Entropy': {'cart': 0.0,
                        'city_tile': 0.4805908203125,
                        'overall': 0.354977548122406,
                        'worker': 0.32934218645095825},
 'Teacher_KL_Divergence': {'cart': 0.0,
                           'city_tile': 0.0,
                           'overall': 0.0,
                           'worker': 0.0},
 'Value': {'bias': 4.190951585769653e-09,
           'explained_variance': 0.9613211154937744,
           'support_outside_fraction': 0.0,
           'target_std': 0.38900938630104065}}[0m
[[36m2026-08-16 10:13:02,030[0m][[34mroot[0m][[32mINFO[0m] - Steps 45312 @ 76.7 SPS / 1.2 BPS. Stats:
{'Actions': {'cart': {'MOVE': nan, 'NO-OP': nan, 'TRANSFER': nan},
             'city_tile': {'BUILD_CART': nan,
                           'BUILD_WORKER': nan,
                           'NO-OP': nan,
                           'RESEARCH': nan},
             'worker': {'BUILD_CITY': nan,
                        'MOVE': nan,
                        'NO-OP': nan,
                        'PILLAGE': nan,
                        'TRANSFER': nan}},
 'Active_Entities': {'cart': 306, 'city_tile': 1478, 'worker': 1392},
 'Behavior_Policy': {'actor_version_max': 45056,
                     'actor_version_min': 44544,
                     'beta': 0.0,
                     'buffer_lag_max': 704,
                     'ema_kl': None,
                     'forward_kl': 0.004959009122103453,
                     'learner_version': 45248,
                     'log_rho_max': 1.523712158203125,
                     'log_rho_mean': -0.024474412202835083,
                     'log_rho_p95': 0.7322823405265808,
                     'reverse_kl': 0.00493991281837225,
                     'target': None,
                     'vtrace_rho_clipped_fraction': 0.2109375},
 'Entropy': {'cart': 1.5290229320526123,
             'city_tile': 0.09243576228618622,
             'overall': 2.7287927120923996,
             'worker': 1.107334017753601},
 'Env': {'carts_final': nan,
         'carts_peak': nan,
         'city_tiles_final': nan,
         'city_tiles_peak': nan,
         'max_cumulative_rewards': nan,
         'mean_cumulative_reward_magnitudes': nan,
         'mean_cumulative_rewards': nan,
         'research_points': nan,
         'separate_cities_final': nan,
         'separate_cities_peak': nan,
         'step': nan,
         'workers_final': nan,
         'workers_peak': nan},
 'Gradient': {'clipped': 1.0, 'norm_before_clip': 18.80099105834961},
 'Intent': {'accuracy': nan,
            'target_build': 0,
            'target_deliver': 0,
            'target_mine': 0,
            'target_return': 0},
 'Loss': {'baseline_loss': 0.033912293612957,
          'behavior_kl_loss': 0.0,
          'entropy_loss': -0.4291820228099823,
          'intent_aux_loss': 0.0,
          'rule_aux_loss': 0.0,
          'teacher_baseline_loss': 0.0,
          'teacher_kl_loss': 0.0,
          'total_loss': -10.70219898223877,
          'upgo_pg_loss': 7.765015602111816,
          'vtrace_pg_loss': -18.071945190429688},
 'Misc': {'actor_policy_tta_rot180': 1.0,
          'league_opponents': {'first_place': 1.0, 'selfplay': 0.0},
          'learning_rate': 4.7760224e-05,
          'teacher_kl_cost': 0.0,
          'teacher_policy_tta_rot180': 1.0,
          'total_games_played': 112},
 'Normalized_Entropy': {'cart': 0.9822768568992615,
                        'city_tile': 0.0841386541724205,
                        'overall': 0.433192338695942,
                        'worker': 0.6831071972846985},
 'Teacher_KL_Divergence': {'cart': 0.0,
                           'city_tile': 0.0,
                           'overall': 0.0,
                           'worker': 0.0},
 'Value': {'bias': -3.725290298461914e-09,
           'explained_variance': 0.9976021647453308,
           'support_outside_fraction': 0.0,
           'target_std': 0.6648032665252686}}[0m
[[36m2026-08-16 10:13:07,035[0m][[34mroot[0m][[32mINFO[0m] - Steps 45568 @ 51.2 SPS / 0.8 BPS. Stats:
{'Actions': {'cart': {'MOVE': nan, 'NO-OP': nan, 'TRANSFER': nan},
             'city_tile': {'BUILD_CART': nan,
                           'BUILD_WORKER': nan,
                           'NO-OP': nan,
                           'RESEARCH': nan},
             'worker': {'BUILD_CITY': nan,
                        'MOVE': nan,
                        'NO-OP': nan,
                        'PILLAGE': nan,
                        'TRANSFER': nan}},
 'Active_Entities': {'cart': 46, 'city_tile': 299, 'worker': 890},
 'Behavior_Policy': {'actor_version_max': 45312,
                     'actor_version_min': 44800,
                     'beta': 0.0,
                     'buffer_lag_max': 704,
                     'ema_kl': None,
                     'forward_kl': 0.01639293134212494,
                     'learner_version': 45504,
                     'log_rho_max': 1.3418045043945312,
                     'log_rho_mean': -0.16005128622055054,
                     'log_rho_p95': 0.562785804271698,
                     'reverse_kl': 0.016072411090135574,
                     'target': None,
                     'vtrace_rho_clipped_fraction': 0.171875},
 'Entropy': {'cart': 1.4661632776260376,
             'city_tile': 0.5186150074005127,
             'overall': 2.6681044697761536,
             'worker': 0.6833261847496033},
 'Env': {'carts_final': nan,
         'carts_peak': nan,
         'city_tiles_final': nan,
         'city_tiles_peak': nan,
         'max_cumulative_rewards': nan,
         'mean_cumulative_reward_magnitudes': nan,
         'mean_cumulative_rewards': nan,
         'research_points': nan,
         'separate_cities_final': nan,
         'separate_cities_peak': nan,
         'step': nan,
         'workers_final': nan,
         'workers_peak': nan},
 'Gradient': {'clipped': 1.0, 'norm_before_clip': 41.64707565307617},
 'Intent': {'accuracy': nan,
            'target_build': 0,
            'target_deliver': 0,
            'target_mine': 0,
            'target_return': 0},
 'Loss': {'baseline_loss': 0.15157875418663025,
          'behavior_kl_loss': 0.0,
          'entropy_loss': -0.16613392531871796,
          'intent_aux_loss': 0.0,
          'rule_aux_loss': 0.0,
          'teacher_baseline_loss': 0.0,
          'teacher_kl_loss': 0.0,
          'total_loss': 1.3593190908432007,
          'upgo_pg_loss': 7.728435039520264,
          'vtrace_pg_loss': -6.354560852050781},
 'Misc': {'actor_policy_tta_rot180': 1.0,
          'league_opponents': {'first_place': 1.0, 'selfplay': 0.0},
          'learning_rate': 4.7747552e-05,
          'teacher_kl_cost': 0.0,
          'teacher_policy_tta_rot180': 1.0,
          'total_games_played': 112},
 'Normalized_Entropy': {'cart': 0.9710065722465515,
                        'city_tile': 0.47092247009277344,
                        'overall': 0.4591816909400075,
                        'worker': 0.42878344655036926},
 'Teacher_KL_Divergence': {'cart': 0.0,
                           'city_tile': 0.0,
                           'overall': 0.0,
                           'worker': 0.0},
 'Value': {'bias': 4.6566128730773926e-09,
           'explained_variance': 0.9469009041786194,
           'support_outside_fraction': 0.0,
           'target_std': 0.2986762523651123}}[0m
[[36m2026-08-16 10:13:12,041[0m][[34mroot[0m][[32mINFO[0m] - Steps 45824 @ 51.2 SPS / 0.8 BPS. Stats:
{'Actions': {'cart': {'MOVE': nan, 'NO-OP': nan, 'TRANSFER': nan},
             'city_tile': {'BUILD_CART': nan,
                           'BUILD_WORKER': nan,
                           'NO-OP': nan,
                           'RESEARCH': nan},
             'worker': {'BUILD_CITY': nan,
                        'MOVE': nan,
                        'NO-OP': nan,
                        'PILLAGE': nan,
                        'TRANSFER': nan}},
 'Active_Entities': {'cart': 350, 'city_tile': 2181, 'worker': 1472},
 'Behavior_Policy': {'actor_version_max': 45568,
                     'actor_version_min': 45056,
                     'beta': 0.0,
                     'buffer_lag_max': 704,
                     'ema_kl': None,
                     'forward_kl': 0.004217136651277542,
                     'learner_version': 45760,
                     'log_rho_max': 1.927642822265625,
                     'log_rho_mean': -0.1510545313358307,
                     'log_rho_p95': 0.656487226486206,
                     'reverse_kl': 0.004296485334634781,
                     'target': None,
                     'vtrace_rho_clipped_fraction': 0.1796875},
 'Entropy': {'cart': 1.5538021326065063,
             'city_tile': 0.13974548876285553,
             'overall': 2.914564862847328,
             'worker': 1.2210172414779663},
 'Env': {'carts_final': nan,
         'carts_peak': nan,
         'city_tiles_final': nan,
         'city_tiles_peak': nan,
         'max_cumulative_rewards': nan,
         'mean_cumulative_reward_magnitudes': nan,
         'mean_cumulative_rewards': nan,
         'research_points': nan,
         'separate_cities_final': nan,
         'separate_cities_peak': nan,
         'step': nan,
         'workers_final': nan,
         'workers_peak': nan},
 'Gradient': {'clipped': 1.0, 'norm_before_clip': 18.231098175048828},
 'Intent': {'accuracy': nan,
            'target_build': 0,
            'target_deliver': 0,
            'target_mine': 0,
            'target_return': 0},
 'Loss': {'baseline_loss': 0.023640543222427368,
          'behavior_kl_loss': 0.0,
          'entropy_loss': -0.5291905403137207,
          'intent_aux_loss': 0.0,
          'rule_aux_loss': 0.0,
          'teacher_baseline_loss': 0.0,
          'teacher_kl_loss': 0.0,
          'total_loss': 32.30927276611328,
          'upgo_pg_loss': 29.691646575927734,
          'vtrace_pg_loss': 3.1231770515441895},
 'Misc': {'actor_policy_tta_rot180': 1.0,
          'league_opponents': {'first_place': 1.0, 'selfplay': 0.0},
          'learning_rate': 4.773488e-05,
          'teacher_kl_cost': 0.0,
          'teacher_policy_tta_rot180': 1.0,
          'total_games_played': 112},
 'Normalized_Entropy': {'cart': 0.9880303144454956,
                        'city_tile': 0.12720182538032532,
                        'overall': 0.4340742918258603,
                        'worker': 0.7570391297340393},
 'Teacher_KL_Divergence': {'cart': 0.0,
                           'city_tile': 0.0,
                           'overall': 0.0,
                           'worker': 0.0},
 'Value': {'bias': 2.491287887096405e-08,
           'explained_variance': 0.9983510375022888,
           'support_outside_fraction': 0.0,
           'target_std': 0.6693432331085205}}[0m
[[36m2026-08-16 10:13:17,047[0m][[34mroot[0m][[32mINFO[0m] - Steps 46272 @ 89.5 SPS / 1.4 BPS. Stats:
{'Actions': {'cart': {'MOVE': 0.8243418213206732,
                      'NO-OP': 0.17393180837289599,
                      'TRANSFER': 0.0017263703064307294},
             'city_tile': {'BUILD_CART': 0.012891566265060241,
                           'BUILD_WORKER': 0.02713855421686747,
                           'NO-OP': 0.9477710843373494,
                           'RESEARCH': 0.012198795180722892},
             'worker': {'BUILD_CITY': 0.01442836924044661,
                        'MOVE': 0.4026183362163862,
                        'NO-OP': 0.5277166221103947,
                        'PILLAGE': 0.014271111810033025,
                        'TRANSFER': 0.04096556062273943}},
 'Active_Entities': {'cart': 343, 'city_tile': 1263, 'worker': 1317},
 'Behavior_Policy': {'actor_version_max': 46080,
                     'actor_version_min': 45568,
                     'beta': 0.0,
                     'buffer_lag_max': 640,
                     'ema_kl': None,
                     'forward_kl': 0.013600378297269344,
                     'learner_version': 46208,
                     'log_rho_max': 1.212188720703125,
                     'log_rho_mean': -0.15257787704467773,
                     'log_rho_p95': 0.4083453118801117,
                     'reverse_kl': 0.01088930293917656,
                     'target': None,
                     'vtrace_rho_clipped_fraction': 0.28125},
 'Entropy': {'cart': 1.5441893339157104,
             'city_tile': 0.5069121718406677,
             'overall': 2.9548659920692444,
             'worker': 0.9037644863128662},
 'Env': {'carts_final': 0.5,
         'carts_peak': 11.0,
         'city_tiles_final': 116.5,
         'city_tiles_peak': 121.5,
         'max_cumulative_rewards': 1.0,
         'mean_cumulative_reward_magnitudes': 1.0,
         'mean_cumulative_rewards': 0.0,
         'research_points': 202.5,
         'separate_cities_final': 3.5,
         'separate_cities_peak': 17.0,
         'step': 361.0,
         'workers_final': 63.5,
         'workers_peak': 71.0},
 'Gradient': {'clipped': 1.0, 'norm_before_clip': 34.31854248046875},
 'Intent': {'accuracy': nan,
            'target_build': 0,
            'target_deliver': 0,
            'target_mine': 0,
            'target_return': 0},
 'Loss': {'baseline_loss': 0.0926571637392044,
          'behavior_kl_loss': 0.0,
          'entropy_loss': -0.4720289409160614,
          'intent_aux_loss': 0.0,
          'rule_aux_loss': 0.0,
          'teacher_baseline_loss': 0.0,
          'teacher_kl_loss': 0.0,
          'total_loss': -1.410396695137024,
          'upgo_pg_loss': 21.272727966308594,
          'vtrace_pg_loss': -22.303752899169922},
 'Misc': {'actor_policy_tta_rot180': 1.0,
          'league_opponents': {'first_place': 0.53125, 'selfplay': 0.46875},
          'learning_rate': 4.7712704000000006e-05,
          'teacher_kl_cost': 0.0,
          'teacher_policy_tta_rot180': 1.0,
          'total_games_played': 113},
 'Normalized_Entropy': {'cart': 0.9875708818435669,
                        'city_tile': 0.46199747920036316,
                        'overall': 0.5675412468762582,
                        'worker': 0.5593647956848145},
 'Teacher_KL_Divergence': {'cart': 0.0,
                           'city_tile': 0.0,
                           'overall': 0.0,
                           'worker': 0.0},
 'Value': {'bias': -1.5366822481155396e-08,
           'explained_variance': 0.9894319772720337,
           'support_outside_fraction': 0.0,
           'target_std': 0.4870671331882477}}[0m
[[36m2026-08-16 10:13:22,053[0m][[34mroot[0m][[32mINFO[0m] - Steps 46592 @ 63.9 SPS / 1.0 BPS. Stats:
{'Actions': {'cart': {'MOVE': nan, 'NO-OP': nan, 'TRANSFER': nan},
             'city_tile': {'BUILD_CART': nan,
                           'BUILD_WORKER': nan,
                           'NO-OP': nan,
                           'RESEARCH': nan},
             'worker': {'BUILD_CITY': nan,
                        'MOVE': nan,
                        'NO-OP': nan,
                        'PILLAGE': nan,
                        'TRANSFER': nan}},
 'Active_Entities': {'cart': 123, 'city_tile': 822, 'worker': 987},
 'Behavior_Policy': {'actor_version_max': 46336,
                     'actor_version_min': 45824,
                     'beta': 0.0,
                     'buffer_lag_max': 704,
                     'ema_kl': None,
                     'forward_kl': 0.013582151383161545,
                     'learner_version': 46528,
                     'log_rho_max': 1.2921295166015625,
                     'log_rho_mean': -0.15175031125545502,
                     'log_rho_p95': 0.5527611374855042,
                     'reverse_kl': 0.013076229020953178,
                     'target': None,
                     'vtrace_rho_clipped_fraction': 0.1875},
 'Entropy': {'cart': 1.5650120973587036,
             'city_tile': 0.4329402446746826,
             'overall': 2.894098222255707,
             'worker': 0.8961458802223206},
 'Env': {'carts_final': nan,
         'carts_peak': nan,
         'city_tiles_final': nan,
         'city_tiles_peak': nan,
         'max_cumulative_rewards': nan,
         'mean_cumulative_reward_magnitudes': nan,
         'mean_cumulative_rewards': nan,
         'research_points': nan,
         'separate_cities_final': nan,
         'separate_cities_peak': nan,
         'step': nan,
         'workers_final': nan,
         'workers_peak': nan},
 'Gradient': {'clipped': 1.0, 'norm_before_clip': 32.945106506347656},
 'Intent': {'accuracy': nan,
            'target_build': 0,
            'target_deliver': 0,
            'target_mine': 0,
            'target_return': 0},
 'Loss': {'baseline_loss': 0.05314620956778526,
          'behavior_kl_loss': 0.0,
          'entropy_loss': -0.2865738570690155,
          'intent_aux_loss': 0.0,
          'rule_aux_loss': 0.0,
          'teacher_baseline_loss': 0.0,
          'teacher_kl_loss': 0.0,
          'total_loss': 48.69091796875,
          'upgo_pg_loss': 36.72134017944336,
          'vtrace_pg_loss': 12.203006744384766},
 'Misc': {'actor_policy_tta_rot180': 1.0,
          'league_opponents': {'first_place': 1.0, 'selfplay': 0.0},
          'learning_rate': 4.7696864e-05,
          'teacher_kl_cost': 0.0,
          'teacher_policy_tta_rot180': 1.0,
          'total_games_played': 113},
 'Normalized_Entropy': {'cart': 0.986890971660614,
                        'city_tile': 0.3873181939125061,
                        'overall': 0.5150366929932411,
                        'worker': 0.5626015663146973},
 'Teacher_KL_Divergence': {'cart': 0.0,
                           'city_tile': 0.0,
                           'overall': 0.0,
                           'worker': 0.0},
 'Value': {'bias': 9.89530235528946e-09,
           'explained_variance': 0.9765164256095886,
           'support_outside_fraction': 0.0,
           'target_std': 0.2659371495246887}}[0m
[[36m2026-08-16 10:13:27,058[0m][[34mroot[0m][[32mINFO[0m] - Steps 46848 @ 51.2 SPS / 0.8 BPS. Stats:
{'Actions': {'cart': {'MOVE': nan, 'NO-OP': nan, 'TRANSFER': nan},
             'city_tile': {'BUILD_CART': nan,
                           'BUILD_WORKER': nan,
                           'NO-OP': nan,
                           'RESEARCH': nan},
             'worker': {'BUILD_CITY': nan,
                        'MOVE': nan,
                        'NO-OP': nan,
                        'PILLAGE': nan,
                        'TRANSFER': nan}},
 'Active_Entities': {'cart': 399, 'city_tile': 2182, 'worker': 1539},
 'Behavior_Policy': {'actor_version_max': 46592,
                     'actor_version_min': 46080,
                     'beta': 0.0,
                     'buffer_lag_max': 704,
                     'ema_kl': None,
                     'forward_kl': 0.0038739212322980165,
                     'learner_version': 46784,
                     'log_rho_max': 1.2094497680664062,
                     'log_rho_mean': -0.0998954325914383,
                     'log_rho_p95': 0.6002357602119446,
                     'reverse_kl': 0.0038719724398106337,
                     'target': None,
                     'vtrace_rho_clipped_fraction': 0.21875},
 'Entropy': {'cart': 1.5550202131271362,
             'city_tile': 0.154287651181221,
             'overall': 3.044501379132271,
             'worker': 1.3351935148239136},
 'Env': {'carts_final': nan,
         'carts_peak': nan,
         'city_tiles_final': nan,
         'city_tiles_peak': nan,
         'max_cumulative_rewards': nan,
         'mean_cumulative_reward_magnitudes': nan,
         'mean_cumulative_rewards': nan,
         'research_points': nan,
         'separate_cities_final': nan,
         'separate_cities_peak': nan,
         'step': nan,
         'workers_final': nan,
         'workers_peak': nan},
 'Gradient': {'clipped': 0.0, 'norm_before_clip': 9.333114624023438},
 'Intent': {'accuracy': nan,
            'target_build': 0,
            'target_deliver': 0,
            'target_mine': 0,
            'target_return': 0},
 'Loss': {'baseline_loss': 0.008797182701528072,
          'behavior_kl_loss': 0.0,
          'entropy_loss': -0.6023943424224854,
          'intent_aux_loss': 0.0,
          'rule_aux_loss': 0.0,
          'teacher_baseline_loss': 0.0,
          'teacher_kl_loss': 0.0,
          'total_loss': -0.41328930854797363,
          'upgo_pg_loss': 7.7909836769104,
          'vtrace_pg_loss': -7.610675811767578},
 'Misc': {'actor_policy_tta_rot180': 1.0,
          'league_opponents': {'first_place': 1.0, 'selfplay': 0.0},
          'learning_rate': 4.7684192e-05,
          'teacher_kl_cost': 0.0,
          'teacher_policy_tta_rot180': 1.0,
          'total_games_played': 113},
 'Normalized_Entropy': {'cart': 0.9903495907783508,
                        'city_tile': 0.14043866097927094,
                        'overall': 0.4790555661670791,
                        'worker': 0.8265901803970337},
 'Teacher_KL_Divergence': {'cart': 0.0,
                           'city_tile': 0.0,
                           'overall': 0.0,
                           'worker': 0.0},
 'Value': {'bias': -1.862645149230957e-09,
           'explained_variance': 0.9995139837265015,
           'support_outside_fraction': 0.0,
           'target_std': 0.7521049976348877}}[0m
[[36m2026-08-16 10:13:32,063[0m][[34mroot[0m][[32mINFO[0m] - Steps 47104 @ 51.2 SPS / 0.8 BPS. Stats:
{'Actions': {'cart': {'MOVE': nan, 'NO-OP': nan, 'TRANSFER': nan},
             'city_tile': {'BUILD_CART': nan,
                           'BUILD_WORKER': nan,
                           'NO-OP': nan,
                           'RESEARCH': nan},
             'worker': {'BUILD_CITY': nan,
                        'MOVE': nan,
                        'NO-OP': nan,
                        'PILLAGE': nan,
                        'TRANSFER': nan}},
 'Active_Entities': {'cart': 236, 'city_tile': 991, 'worker': 1240},
 'Behavior_Policy': {'actor_version_max': 46848,
                     'actor_version_min': 46336,
                     'beta': 0.0,
                     'buffer_lag_max': 704,
                     'ema_kl': None,
                     'forward_kl': 0.013578211888670921,
                     'learner_version': 47040,
                     'log_rho_max': 1.353048324584961,
                     'log_rho_mean': -0.20727506279945374,
                     'log_rho_p95': 0.5820825099945068,
                     'reverse_kl': 0.013202855363488197,
                     'target': None,
                     'vtrace_rho_clipped_fraction': 0.1875},
 'Entropy': {'cart': 1.5460742712020874,
             'city_tile': 0.4875986576080322,
             'overall': 2.8438800573349,
             'worker': 0.8102071285247803},
 'Env': {'carts_final': nan,
         'carts_peak': nan,
         'city_tiles_final': nan,
         'city_tiles_peak': nan,
         'max_cumulative_rewards': nan,
         'mean_cumulative_reward_magnitudes': nan,
         'mean_cumulative_rewards': nan,
         'research_points': nan,
         'separate_cities_final': nan,
         'separate_cities_peak': nan,
         'step': nan,
         'workers_final': nan,
         'workers_peak': nan},
 'Gradient': {'clipped': 1.0, 'norm_before_clip': 37.73238754272461},
 'Intent': {'accuracy': nan,
            'target_build': 0,
            'target_deliver': 0,
            'target_mine': 0,
            'target_return': 0},
 'Loss': {'baseline_loss': 0.1115061566233635,
          'behavior_kl_loss': 0.0,
          'entropy_loss': -0.3705481290817261,
          'intent_aux_loss': 0.0,
          'rule_aux_loss': 0.0,
          'teacher_baseline_loss': 0.0,
          'teacher_kl_loss': 0.0,
          'total_loss': -2.7803096771240234,
          'upgo_pg_loss': 12.18535041809082,
          'vtrace_pg_loss': -14.706618309020996},
 'Misc': {'actor_policy_tta_rot180': 1.0,
          'league_opponents': {'first_place': 1.0, 'selfplay': 0.0},
          'learning_rate': 4.767152e-05,
          'teacher_kl_cost': 0.0,
          'teacher_policy_tta_rot180': 1.0,
          'total_games_played': 113},
 'Normalized_Entropy': {'cart': 0.9778656363487244,
                        'city_tile': 0.4438727796077728,
                        'overall': 0.5282565148605428,
                        'worker': 0.510124683380127},
 'Teacher_KL_Divergence': {'cart': 0.0,
                           'city_tile': 0.0,
                           'overall': 0.0,
                           'worker': 0.0},
 'Value': {'bias': 4.540197551250458e-09,
           'explained_variance': 0.9481279850006104,
           'support_outside_fraction': 0.0,
           'target_std': 0.25918373465538025}}[0m
[[36m2026-08-16 10:13:37,068[0m][[34mroot[0m][[32mINFO[0m] - Steps 47488 @ 76.7 SPS / 1.2 BPS. Stats:
{'Actions': {'cart': {'MOVE': nan, 'NO-OP': nan, 'TRANSFER': nan},
             'city_tile': {'BUILD_CART': nan,
                           'BUILD_WORKER': nan,
                           'NO-OP': nan,
                           'RESEARCH': nan},
             'worker': {'BUILD_CITY': nan,
                        'MOVE': nan,
                        'NO-OP': nan,
                        'PILLAGE': nan,
                        'TRANSFER': nan}},
 'Active_Entities': {'cart': 201, 'city_tile': 1314, 'worker': 1319},
 'Behavior_Policy': {'actor_version_max': 47360,
                     'actor_version_min': 46848,
                     'beta': 0.0,
                     'buffer_lag_max': 576,
                     'ema_kl': None,
                     'forward_kl': 0.008490994572639465,
                     'learner_version': 47424,
                     'log_rho_max': 1.2204704284667969,
                     'log_rho_mean': -0.22224834561347961,
                     'log_rho_p95': 0.47387492656707764,
                     'reverse_kl': 0.008481558412313461,
                     'target': None,
                     'vtrace_rho_clipped_fraction': 0.15625},
 'Entropy': {'cart': 1.5408786535263062,
             'city_tile': 0.3534848690032959,
             'overall': 2.8474510312080383,
             'worker': 0.9530875086784363},
 'Env': {'carts_final': nan,
         'carts_peak': nan,
         'city_tiles_final': nan,
         'city_tiles_peak': nan,
         'max_cumulative_rewards': nan,
         'mean_cumulative_reward_magnitudes': nan,
         'mean_cumulative_rewards': nan,
         'research_points': nan,
         'separate_cities_final': nan,
         'separate_cities_peak': nan,
         'step': nan,
         'workers_final': nan,
         'workers_peak': nan},
 'Gradient': {'clipped': 1.0, 'norm_before_clip': 25.14860725402832},
 'Intent': {'accuracy': nan,
            'target_build': 0,
            'target_deliver': 0,
            'target_mine': 0,
            'target_return': 0},
 'Loss': {'baseline_loss': 0.0484175980091095,
          'behavior_kl_loss': 0.0,
          'entropy_loss': -0.40626364946365356,
          'intent_aux_loss': 0.0,
          'rule_aux_loss': 0.0,
          'teacher_baseline_loss': 0.0,
          'teacher_kl_loss': 0.0,
          'total_loss': -6.314472198486328,
          'upgo_pg_loss': 12.2177152633667,
          'vtrace_pg_loss': -18.174341201782227},
 'Misc': {'actor_policy_tta_rot180': 1.0,
          'league_opponents': {'first_place': 1.0, 'selfplay': 0.0},
          'learning_rate': 4.7652512000000004e-05,
          'teacher_kl_cost': 0.0,
          'teacher_policy_tta_rot180': 1.0,
          'total_games_played': 114},
 'Normalized_Entropy': {'cart': 0.9772870540618896,
                        'city_tile': 0.32818803191185,
                        'overall': 0.4983591100617707,
                        'worker': 0.5949021577835083},
 'Teacher_KL_Divergence': {'cart': 0.0,
                           'city_tile': 0.0,
                           'overall': 0.0,
                           'worker': 0.0},
 'Value': {'bias': 7.741618901491165e-09,
           'explained_variance': 0.9911230206489563,
           'support_outside_fraction': 0.0,
           'target_std': 0.4128516614437103}}[0m
[[36m2026-08-16 10:13:42,073[0m][[34mroot[0m][[32mINFO[0m] - Steps 47872 @ 76.7 SPS / 1.2 BPS. Stats:
{'Actions': {'cart': {'MOVE': nan, 'NO-OP': nan, 'TRANSFER': nan},
             'city_tile': {'BUILD_CART': nan,
                           'BUILD_WORKER': nan,
                           'NO-OP': nan,
                           'RESEARCH': nan},
             'worker': {'BUILD_CITY': nan,
                        'MOVE': nan,
                        'NO-OP': nan,
                        'PILLAGE': nan,
                        'TRANSFER': nan}},
 'Active_Entities': {'cart': 157, 'city_tile': 701, 'worker': 843},
 'Behavior_Policy': {'actor_version_max': 47616,
                     'actor_version_min': 47104,
                     'beta': 0.0,
                     'buffer_lag_max': 704,
                     'ema_kl': None,
                     'forward_kl': 0.006799096241593361,
                     'learner_version': 47808,
                     'log_rho_max': 0.3898048400878906,
                     'log_rho_mean': -0.1161322295665741,
                     'log_rho_p95': 0.135015070438385,
                     'reverse_kl': 0.007947230711579323,
                     'target': None,
                     'vtrace_rho_clipped_fraction': 0.1171875},
 'Entropy': {'cart': 1.5286892652511597,
             'city_tile': 0.15606848895549774,
             'overall': 2.920332595705986,
             'worker': 1.2355748414993286},
 'Env': {'carts_final': nan,
         'carts_peak': nan,
         'city_tiles_final': nan,
         'city_tiles_peak': nan,
         'max_cumulative_rewards': nan,
         'mean_cumulative_reward_magnitudes': nan,
         'mean_cumulative_rewards': nan,
         'research_points': nan,
         'separate_cities_final': nan,
         'separate_cities_peak': nan,
         'step': nan,
         'workers_final': nan,
         'workers_peak': nan},
 'Gradient': {'clipped': 0.0, 'norm_before_clip': 8.244490623474121},
 'Intent': {'accuracy': nan,
            'target_build': 0,
            'target_deliver': 0,
            'target_mine': 0,
            'target_return': 0},
 'Loss': {'baseline_loss': 0.020870480686426163,
          'behavior_kl_loss': 0.0,
          'entropy_loss': -0.27819955348968506,
          'intent_aux_loss': 0.0,
          'rule_aux_loss': 0.0,
          'teacher_baseline_loss': 0.0,
          'teacher_kl_loss': 0.0,
          'total_loss': 1.4062756299972534,
          'upgo_pg_loss': 4.979558944702148,
          'vtrace_pg_loss': -3.3159542083740234},
 'Misc': {'actor_policy_tta_rot180': 1.0,
          'league_opponents': {'first_place': 1.0, 'selfplay': 0.0},
          'learning_rate': 4.7633504e-05,
          'teacher_kl_cost': 0.0,
          'teacher_policy_tta_rot180': 1.0,
          'total_games_played': 114},
 'Normalized_Entropy': {'cart': 0.9916390776634216,
                        'city_tile': 0.1426025629043579,
                        'overall': 0.5230782108051787,
                        'worker': 0.752199649810791},
 'Teacher_KL_Divergence': {'cart': 0.0,
                           'city_tile': 0.0,
                           'overall': 0.0,
                           'worker': 0.0},
 'Value': {'bias': -1.0244548320770264e-08,
           'explained_variance': 0.9984886646270752,
           'support_outside_fraction': 0.0,
           'target_std': 0.656917154788971}}[0m
[[36m2026-08-16 10:13:47,078[0m][[34mroot[0m][[32mINFO[0m] - Steps 48128 @ 51.2 SPS / 0.8 BPS. Stats:
{'Actions': {'cart': {'MOVE': nan, 'NO-OP': nan, 'TRANSFER': nan},
             'city_tile': {'BUILD_CART': nan,
                           'BUILD_WORKER': nan,
                           'NO-OP': nan,
                           'RESEARCH': nan},
             'worker': {'BUILD_CITY': nan,
                        'MOVE': nan,
                        'NO-OP': nan,
                        'PILLAGE': nan,
                        'TRANSFER': nan}},
 'Active_Entities': {'cart': 289, 'city_tile': 1820, 'worker': 1467},
 'Behavior_Policy': {'actor_version_max': 47872,
                     'actor_version_min': 47360,
                     'beta': 0.0,
                     'buffer_lag_max': 704,
                     'ema_kl': None,
                     'forward_kl': 0.010710874572396278,
                     'learner_version': 48064,
                     'log_rho_max': 1.6007194519042969,
                     'log_rho_mean': -0.22547763586044312,
                     'log_rho_p95': 0.5485548377037048,
                     'reverse_kl': 0.010949261486530304,
                     'target': None,
                     'vtrace_rho_clipped_fraction': 0.125},
 'Entropy': {'cart': 1.5617352724075317,
             'city_tile': 0.328716903924942,
             'overall': 2.8801436722278595,
             'worker': 0.9896914958953857},
 'Env': {'carts_final': nan,
         'carts_peak': nan,
         'city_tiles_final': nan,
         'city_tiles_peak': nan,
         'max_cumulative_rewards': nan,
         'mean_cumulative_reward_magnitudes': nan,
         'mean_cumulative_rewards': nan,
         'research_points': nan,
         'separate_cities_final': nan,
         'separate_cities_peak': nan,
         'step': nan,
         'workers_final': nan,
         'workers_peak': nan},
 'Gradient': {'clipped': 1.0, 'norm_before_clip': 18.73814582824707},
 'Intent': {'accuracy': nan,
            'target_build': 0,
            'target_deliver': 0,
            'target_mine': 0,
            'target_return': 0},
 'Loss': {'baseline_loss': 0.03376229852437973,
          'behavior_kl_loss': 0.0,
          'entropy_loss': -0.5002967715263367,
          'intent_aux_loss': 0.0,
          'rule_aux_loss': 0.0,
          'teacher_baseline_loss': 0.0,
          'teacher_kl_loss': 0.0,
          'total_loss': 42.384483337402344,
          'upgo_pg_loss': 34.09996795654297,
          'vtrace_pg_loss': 8.751049995422363},
 'Misc': {'actor_policy_tta_rot180': 1.0,
          'league_opponents': {'first_place': 1.0, 'selfplay': 0.0},
          'learning_rate': 4.7620832000000004e-05,
          'teacher_kl_cost': 0.0,
          'teacher_policy_tta_rot180': 1.0,
          'total_games_played': 114},
 'Normalized_Entropy': {'cart': 0.985809862613678,
                        'city_tile': 0.2967627942562103,
                        'overall': 0.48574215273729104,
                        'worker': 0.6216813921928406},
 'Teacher_KL_Divergence': {'cart': 0.0,
                           'city_tile': 0.0,
                           'overall': 0.0,
                           'worker': 0.0},
 'Value': {'bias': 6.51925802230835e-09,
           'explained_variance': 0.9826928973197937,
           'support_outside_fraction': 0.0,
           'target_std': 0.24690455198287964}}[0m
[[36m2026-08-16 10:13:52,083[0m][[34mroot[0m][[32mINFO[0m] - Steps 48448 @ 63.9 SPS / 1.0 BPS. Stats:
{'Actions': {'cart': {'MOVE': 1.0, 'NO-OP': 0.0, 'TRANSFER': 0.0},
             'city_tile': {'BUILD_CART': 0.0001921598770176787,
                           'BUILD_WORKER': 0.015372790161414296,
                           'NO-OP': 0.9561875480399693,
                           'RESEARCH': 0.02824750192159877},
             'worker': {'BUILD_CITY': 0.024519940915805023,
                        'MOVE': 0.6,
                        'NO-OP': 0.3432791728212703,
                        'PILLAGE': 0.0,
                        'TRANSFER': 0.032200886262924666}},
 'Active_Entities': {'cart': 179, 'city_tile': 819, 'worker': 854},
 'Behavior_Policy': {'actor_version_max': 48384,
                     'actor_version_min': 47872,
                     'beta': 0.0,
                     'buffer_lag_max': 512,
                     'ema_kl': None,
                     'forward_kl': 0.004974796902388334,
                     'learner_version': 48384,
                     'log_rho_max': 1.3875923156738281,
                     'log_rho_mean': -0.08041658252477646,
                     'log_rho_p95': 0.3191922605037689,
                     'reverse_kl': 0.004949812777340412,
                     'target': None,
                     'vtrace_rho_clipped_fraction': 0.1796875},
 'Entropy': {'cart': 1.5548310279846191,
             'city_tile': 0.3005595803260803,
             'overall': 2.716504395008087,
             'worker': 0.8611137866973877},
 'Env': {'carts_final': 0.0,
         'carts_peak': 0.5,
         'city_tiles_final': 24.5,
         'city_tiles_peak': 30.5,
         'max_cumulative_rewards': 1.0,
         'mean_cumulative_reward_magnitudes': 1.0,
         'mean_cumulative_rewards': 0.0,
         'research_points': 73.5,
         'separate_cities_final': 1.0,
         'separate_cities_peak': 8.0,
         'step': 200.0,
         'workers_final': 10.0,
         'workers_peak': 23.0},
 'Gradient': {'clipped': 1.0, 'norm_before_clip': 39.79741287231445},
 'Intent': {'accuracy': nan,
            'target_build': 0,
            'target_deliver': 0,
            'target_mine': 0,
            'target_return': 0},
 'Loss': {'baseline_loss': 0.05190715938806534,
          'behavior_kl_loss': 0.0,
          'entropy_loss': -0.25197285413742065,
          'intent_aux_loss': 0.0,
          'rule_aux_loss': 0.0,
          'teacher_baseline_loss': 0.0,
          'teacher_kl_loss': 0.0,
          'total_loss': 5.56710147857666,
          'upgo_pg_loss': 11.310932159423828,
          'vtrace_pg_loss': -5.543765068054199},
 'Misc': {'actor_policy_tta_rot180': 1.0,
          'league_opponents': {'first_place': 1.0, 'selfplay': 0.0},
          'learning_rate': 4.7604992e-05,
          'teacher_kl_cost': 0.0,
          'teacher_policy_tta_rot180': 1.0,
          'total_games_played': 115},
 'Normalized_Entropy': {'cart': 0.9816626906394958,
                        'city_tile': 0.2744854688644409,
                        'overall': 0.46533114204010234,
                        'worker': 0.5401312112808228},
 'Teacher_KL_Divergence': {'cart': 0.0,
                           'city_tile': 0.0,
                           'overall': 0.0,
                           'worker': 0.0},
 'Value': {'bias': 4.773028194904327e-09,
           'explained_variance': 0.9956567883491516,
           'support_outside_fraction': 0.0,
           'target_std': 0.6111290454864502}}[0m
[[36m2026-08-16 10:13:57,089[0m][[34mroot[0m][[32mINFO[0m] - Steps 48832 @ 76.7 SPS / 1.2 BPS. Stats:
{'Actions': {'cart': {'MOVE': nan, 'NO-OP': nan, 'TRANSFER': nan},
             'city_tile': {'BUILD_CART': nan,
                           'BUILD_WORKER': nan,
                           'NO-OP': nan,
                           'RESEARCH': nan},
             'worker': {'BUILD_CITY': nan,
                        'MOVE': nan,
                        'NO-OP': nan,
                        'PILLAGE': nan,
                        'TRANSFER': nan}},
 'Active_Entities': {'cart': 563, 'city_tile': 1746, 'worker': 2191},
 'Behavior_Policy': {'actor_version_max': 48640,
                     'actor_version_min': 48128,
                     'beta': 0.0,
                     'buffer_lag_max': 640,
                     'ema_kl': None,
                     'forward_kl': 0.008609541691839695,
                     'learner_version': 48768,
                     'log_rho_max': 1.3744049072265625,
                     'log_rho_mean': -0.1174749881029129,
                     'log_rho_p95': 0.6841046810150146,
                     'reverse_kl': 0.00913808774203062,
                     'target': None,
                     'vtrace_rho_clipped_fraction': 0.25},
 'Entropy': {'cart': 1.577985405921936,
             'city_tile': 0.5922419428825378,
             'overall': 3.0429080724716187,
             'worker': 0.8726807236671448},
 'Env': {'carts_final': nan,
         'carts_peak': nan,
         'city_tiles_final': nan,
         'city_tiles_peak': nan,
         'max_cumulative_rewards': nan,
         'mean_cumulative_reward_magnitudes': nan,
         'mean_cumulative_rewards': nan,
         'research_points': nan,
         'separate_cities_final': nan,
         'separate_cities_peak': nan,
         'step': nan,
         'workers_final': nan,
         'workers_peak': nan},
 'Gradient': {'clipped': 1.0, 'norm_before_clip': 55.764923095703125},
 'Intent': {'accuracy': nan,
            'target_build': 0,
            'target_deliver': 0,
            'target_mine': 0,
            'target_return': 0},
 'Loss': {'baseline_loss': 0.35591834783554077,
          'behavior_kl_loss': 0.0,
          'entropy_loss': -0.7669007182121277,
          'intent_aux_loss': 0.0,
          'rule_aux_loss': 0.0,
          'teacher_baseline_loss': 0.0,
          'teacher_kl_loss': 0.0,
          'total_loss': 201.6507110595703,
          'upgo_pg_loss': 196.89414978027344,
          'vtrace_pg_loss': 5.167556285858154},
 'Misc': {'actor_policy_tta_rot180': 1.0,
          'league_opponents': {'first_place': 0.5, 'selfplay': 0.5},
          'learning_rate': 4.7585984e-05,
          'teacher_kl_cost': 0.0,
          'teacher_policy_tta_rot180': 1.0,
          'total_games_played': 115},
 'Normalized_Entropy': {'cart': 0.994377613067627,
                        'city_tile': 0.5376152992248535,
                        'overall': 0.5960537538793352,
                        'worker': 0.5402697324752808},
 'Teacher_KL_Divergence': {'cart': 0.0,
                           'city_tile': 0.0,
                           'overall': 0.0,
                           'worker': 0.0},
 'Value': {'bias': -7.566995918750763e-09,
           'explained_variance': 0.873737633228302,
           'support_outside_fraction': 0.0,
           'target_std': 0.2584289312362671}}[0m
[[36m2026-08-16 10:14:02,093[0m][[34mroot[0m][[32mINFO[0m] - Steps 49152 @ 64.0 SPS / 1.0 BPS. Stats:
{'Actions': {'cart': {'MOVE': nan, 'NO-OP': nan, 'TRANSFER': nan},
             'city_tile': {'BUILD_CART': nan,
                           'BUILD_WORKER': nan,
                           'NO-OP': nan,
                           'RESEARCH': nan},
             'worker': {'BUILD_CITY': nan,
                        'MOVE': nan,
                        'NO-OP': nan,
                        'PILLAGE': nan,
                        'TRANSFER': nan}},
 'Active_Entities': {'cart': 484, 'city_tile': 2380, 'worker': 1666},
 'Behavior_Policy': {'actor_version_max': 48896,
                     'actor_version_min': 48384,
                     'beta': 0.0,
                     'buffer_lag_max': 704,
                     'ema_kl': None,
                     'forward_kl': 0.005894158035516739,
                     'learner_version': 49088,
                     'log_rho_max': 1.2625999450683594,
                     'log_rho_mean': -0.12418325245380402,
                     'log_rho_p95': 0.7364999651908875,
                     'reverse_kl': 0.006150973029434681,
                     'target': None,
                     'vtrace_rho_clipped_fraction': 0.171875},
 'Entropy': {'cart': 1.5618937015533447,
             'city_tile': 0.39437276124954224,
             'overall': 3.148647129535675,
             'worker': 1.192380666732788},
 'Env': {'carts_final': nan,
         'carts_peak': nan,
         'city_tiles_final': nan,
         'city_tiles_peak': nan,
         'max_cumulative_rewards': nan,
         'mean_cumulative_reward_magnitudes': nan,
         'mean_cumulative_rewards': nan,
         'research_points': nan,
         'separate_cities_final': nan,
         'separate_cities_peak': nan,
         'step': nan,
         'workers_final': nan,
         'workers_peak': nan},
 'Gradient': {'clipped': 1.0, 'norm_before_clip': 30.90381622314453},
 'Intent': {'accuracy': nan,
            'target_build': 0,
            'target_deliver': 0,
            'target_mine': 0,
            'target_return': 0},
 'Loss': {'baseline_loss': 0.07904136180877686,
          'behavior_kl_loss': 0.0,
          'entropy_loss': -0.7362139225006104,
          'intent_aux_loss': 0.0,
          'rule_aux_loss': 0.0,
          'teacher_baseline_loss': 0.0,
          'teacher_kl_loss': 0.0,
          'total_loss': 33.23904037475586,
          'upgo_pg_loss': 38.0725212097168,
          'vtrace_pg_loss': -4.17630672454834},
 'Misc': {'actor_policy_tta_rot180': 1.0,
          'league_opponents': {'first_place': 1.0, 'selfplay': 0.0},
          'learning_rate': 4.7570144e-05,
          'teacher_kl_cost': 0.0,
          'teacher_policy_tta_rot180': 1.0,
          'total_games_played': 115},
 'Normalized_Entropy': {'cart': 0.992192268371582,
                        'city_tile': 0.35897356271743774,
                        'overall': 0.5659526604690299,
                        'worker': 0.73780757188797},
 'Teacher_KL_Divergence': {'cart': 0.0,
                           'city_tile': 0.0,
                           'overall': 0.0,
                           'worker': 0.0},
 'Value': {'bias': 1.885928213596344e-08,
           'explained_variance': 0.984651505947113,
           'support_outside_fraction': 0.0,
           'target_std': 0.4011613428592682}}[0m
[[36m2026-08-16 10:14:07,099[0m][[34mroot[0m][[32mINFO[0m] - Steps 49408 @ 51.2 SPS / 0.8 BPS. Stats:
{'Actions': {'cart': {'MOVE': nan, 'NO-OP': nan, 'TRANSFER': nan},
             'city_tile': {'BUILD_CART': nan,
                           'BUILD_WORKER': nan,
                           'NO-OP': nan,
                           'RESEARCH': nan},
             'worker': {'BUILD_CITY': nan,
                        'MOVE': nan,
                        'NO-OP': nan,
                        'PILLAGE': nan,
                        'TRANSFER': nan}},
 'Active_Entities': {'cart': 110, 'city_tile': 1225, 'worker': 1088},
 'Behavior_Policy': {'actor_version_max': 49152,
                     'actor_version_min': 48640,
                     'beta': 0.0,
                     'buffer_lag_max': 704,
                     'ema_kl': None,
                     'forward_kl': 0.005890233442187309,
                     'learner_version': 49344,
                     'log_rho_max': 0.608126163482666,
                     'log_rho_mean': -0.07759891450405121,
                     'log_rho_p95': 0.4222766160964966,
                     'reverse_kl': 0.005909857805818319,
                     'target': None,
                     'vtrace_rho_clipped_fraction': 0.1796875},
 'Entropy': {'cart': 1.5857871770858765,
             'city_tile': 0.05025522783398628,
             'overall': 2.8620113618671894,
             'worker': 1.2259689569473267},
 'Env': {'carts_final': nan,
         'carts_peak': nan,
         'city_tiles_final': nan,
         'city_tiles_peak': nan,
         'max_cumulative_rewards': nan,
         'mean_cumulative_reward_magnitudes': nan,
         'mean_cumulative_rewards': nan,
         'research_points': nan,
         'separate_cities_final': nan,
         'separate_cities_peak': nan,
         'step': nan,
         'workers_final': nan,
         'workers_peak': nan},
 'Gradient': {'clipped': 1.0, 'norm_before_clip': 32.252071380615234},
 'Intent': {'accuracy': nan,
            'target_build': 0,
            'target_deliver': 0,
            'target_mine': 0,
            'target_return': 0},
 'Loss': {'baseline_loss': 0.0972459614276886,
          'behavior_kl_loss': 0.0,
          'entropy_loss': -0.313970685005188,
          'intent_aux_loss': 0.0,
          'rule_aux_loss': 0.0,
          'teacher_baseline_loss': 0.0,
          'teacher_kl_loss': 0.0,
          'total_loss': 60.426910400390625,
          'upgo_pg_loss': 43.860572814941406,
          'vtrace_pg_loss': 16.783065795898438},
 'Misc': {'actor_policy_tta_rot180': 1.0,
          'league_opponents': {'first_place': 1.0, 'selfplay': 0.0},
          'learning_rate': 4.7557472000000003e-05,
          'teacher_kl_cost': 0.0,
          'teacher_policy_tta_rot180': 1.0,
          'total_games_played': 115},
 'Normalized_Entropy': {'cart': 0.9954695701599121,
                        'city_tile': 0.04449033737182617,
                        'overall': 0.4083385524600191,
                        'worker': 0.7586415410041809},
 'Teacher_KL_Divergence': {'cart': 0.0,
                           'city_tile': 0.0,
                           'overall': 0.0,
                           'worker': 0.0},
 'Value': {'bias': -3.4924596548080444e-09,
           'explained_variance': 0.9922895431518555,
           'support_outside_fraction': 0.0,
           'target_std': 0.6277993321418762}}[0m
[[36m2026-08-16 10:14:12,105[0m][[34mroot[0m][[32mINFO[0m] - Steps 49728 @ 63.9 SPS / 1.0 BPS. Stats:
{'Actions': {'cart': {'MOVE': nan, 'NO-OP': nan, 'TRANSFER': nan},
             'city_tile': {'BUILD_CART': nan,
                           'BUILD_WORKER': nan,
                           'NO-OP': nan,
                           'RESEARCH': nan},
             'worker': {'BUILD_CITY': nan,
                        'MOVE': nan,
                        'NO-OP': nan,
                        'PILLAGE': nan,
                        'TRANSFER': nan}},
 'Active_Entities': {'cart': 502, 'city_tile': 2475, 'worker': 1619},
 'Behavior_Policy': {'actor_version_max': 49664,
                     'actor_version_min': 49152,
                     'beta': 0.0,
                     'buffer_lag_max': 512,
                     'ema_kl': None,
                     'forward_kl': 0.0023807822726666927,
                     'learner_version': 49664,
                     'log_rho_max': 0.8838272094726562,
                     'log_rho_mean': -0.08282436430454254,
                     'log_rho_p95': 0.4297700822353363,
                     'reverse_kl': 0.002359246602281928,
                     'target': None,
                     'vtrace_rho_clipped_fraction': 0.2109375},
 'Entropy': {'cart': 1.5775398015975952,
             'city_tile': 0.322818398475647,
             'overall': 2.700179934501648,
             'worker': 0.7998217344284058},
 'Env': {'carts_final': nan,
         'carts_peak': nan,
         'city_tiles_final': nan,
         'city_tiles_peak': nan,
         'max_cumulative_rewards': nan,
         'mean_cumulative_reward_magnitudes': nan,
         'mean_cumulative_rewards': nan,
         'research_points': nan,
         'separate_cities_final': nan,
         'separate_cities_peak': nan,
         'step': nan,
         'workers_final': nan,
         'workers_peak': nan},
 'Gradient': {'clipped': 1.0, 'norm_before_clip': 43.191368103027344},
 'Intent': {'accuracy': nan,
            'target_build': 0,
            'target_deliver': 0,
            'target_mine': 0,
            'target_return': 0},
 'Loss': {'baseline_loss': 0.20634981989860535,
          'behavior_kl_loss': 0.0,
          'entropy_loss': -0.5771623253822327,
          'intent_aux_loss': 0.0,
          'rule_aux_loss': 0.0,
          'teacher_baseline_loss': 0.0,
          'teacher_kl_loss': 0.0,
          'total_loss': 64.22607421875,
          'upgo_pg_loss': 70.62489318847656,
          'vtrace_pg_loss': -6.028005599975586},
 'Misc': {'actor_policy_tta_rot180': 1.0,
          'league_opponents': {'first_place': 1.0, 'selfplay': 0.0},
          'learning_rate': 4.7541632e-05,
          'teacher_kl_cost': 0.0,
          'teacher_policy_tta_rot180': 1.0,
          'total_games_played': 115},
 'Normalized_Entropy': {'cart': 0.9953203201293945,
                        'city_tile': 0.29550090432167053,
                        'overall': 0.4419328954955928,
                        'worker': 0.49419891834259033},
 'Teacher_KL_Divergence': {'cart': 0.0,
                           'city_tile': 0.0,
                           'overall': 0.0,
                           'worker': 0.0},
 'Value': {'bias': -6.984919309616089e-09,
           'explained_variance': 0.9640532732009888,
           'support_outside_fraction': 0.0,
           'target_std': 0.42354273796081543}}[0m
[[36m2026-08-16 10:14:17,113[0m][[34mroot[0m][[32mINFO[0m] - Steps 50176 @ 89.5 SPS / 1.4 BPS. Stats:
{'Actions': {'cart': {'MOVE': nan, 'NO-OP': nan, 'TRANSFER': nan},
             'city_tile': {'BUILD_CART': nan,
                           'BUILD_WORKER': nan,
                           'NO-OP': nan,
                           'RESEARCH': nan},
             'worker': {'BUILD_CITY': nan,
                        'MOVE': nan,
                        'NO-OP': nan,
                        'PILLAGE': nan,
                        'TRANSFER': nan}},
 'Active_Entities': {'cart': 586, 'city_tile': 2145, 'worker': 1755},
 'Behavior_Policy': {'actor_version_max': 49920,
                     'actor_version_min': 49408,
                     'beta': 0.0,
                     'buffer_lag_max': 704,
                     'ema_kl': None,
                     'forward_kl': 0.004590453580021858,
                     'learner_version': 50112,
                     'log_rho_max': 1.2865371704101562,
                     'log_rho_mean': -0.17655298113822937,
                     'log_rho_p95': 0.5857210159301758,
                     'reverse_kl': 0.00473428750410676,
                     'target': None,
                     'vtrace_rho_clipped_fraction': 0.1640625},
 'Entropy': {'cart': 1.530252456665039,
             'city_tile': 0.3003658354282379,
             'overall': 3.0752733051776886,
             'worker': 1.2446550130844116},
 'Env': {'carts_final': nan,
         'carts_peak': nan,
         'city_tiles_final': nan,
         'city_tiles_peak': nan,
         'max_cumulative_rewards': nan,
         'mean_cumulative_reward_magnitudes': nan,
         'mean_cumulative_rewards': nan,
         'research_points': nan,
         'separate_cities_final': nan,
         'separate_cities_peak': nan,
         'step': nan,
         'workers_final': nan,
         'workers_peak': nan},
 'Gradient': {'clipped': 1.0, 'norm_before_clip': 21.281280517578125},
 'Intent': {'accuracy': nan,
            'target_build': 0,
            'target_deliver': 0,
            'target_mine': 0,
            'target_return': 0},
 'Loss': {'baseline_loss': 0.026402749121189117,
          'behavior_kl_loss': 0.0,
          'entropy_loss': -0.7450764179229736,
          'intent_aux_loss': 0.0,
          'rule_aux_loss': 0.0,
          'teacher_baseline_loss': 0.0,
          'teacher_kl_loss': 0.0,
          'total_loss': 44.195648193359375,
          'upgo_pg_loss': 35.09759521484375,
          'vtrace_pg_loss': 9.816726684570312},
 'Misc': {'actor_policy_tta_rot180': 1.0,
          'league_opponents': {'first_place': 1.0, 'selfplay': 0.0},
          'learning_rate': 4.7519456000000004e-05,
          'teacher_kl_cost': 0.0,
          'teacher_policy_tta_rot180': 1.0,
          'total_games_played': 115},
 'Normalized_Entropy': {'cart': 0.9905353784561157,
                        'city_tile': 0.2734047472476959,
                        'overall': 0.5605798845266159,
                        'worker': 0.7680082321166992},
 'Teacher_KL_Divergence': {'cart': 0.0,
                           'city_tile': 0.0,
                           'overall': 0.0,
                           'worker': 0.0},
 'Value': {'bias': -8.381903171539307e-09,
           'explained_variance': 0.9963744878768921,
           'support_outside_fraction': 0.0,
           'target_std': 0.4770506024360657}}[0m
[[36m2026-08-16 10:14:22,119[0m][[34mroot[0m][[32mINFO[0m] - Steps 50432 @ 51.1 SPS / 0.8 BPS. Stats:
{'Actions': {'cart': {'MOVE': 0.8394062078272605,
                      'NO-OP': 0.1572199730094467,
                      'TRANSFER': 0.0033738191632928477},
             'city_tile': {'BUILD_CART': 0.011746958949834707,
                           'BUILD_WORKER': 0.022595243444490806,
                           'NO-OP': 0.9467214430144109,
                           'RESEARCH': 0.0189363545912636},
             'worker': {'BUILD_CITY': 0.016983174703414677,
                        'MOVE': 0.4365329965266814,
                        'NO-OP': 0.5012404709278723,
                        'PILLAGE': 0.01181830484009202,
                        'TRANSFER': 0.033425053001939646}},
 'Active_Entities': {'cart': 15, 'city_tile': 195, 'worker': 370},
 'Behavior_Policy': {'actor_version_max': 50176,
                     'actor_version_min': 49664,
                     'beta': 0.0,
                     'buffer_lag_max': 704,
                     'ema_kl': None,
                     'forward_kl': 0.007345013320446014,
                     'learner_version': 50368,
                     'log_rho_max': 0.3591794967651367,
                     'log_rho_mean': -0.03484285622835159,
                     'log_rho_p95': 0.1723472625017166,
                     'reverse_kl': 0.007113768719136715,
                     'target': None,
                     'vtrace_rho_clipped_fraction': 0.28125},
 'Entropy': {'cart': 1.5974242687225342,
             'city_tile': 0.4931415319442749,
             'overall': 2.7398131489753723,
             'worker': 0.6492473483085632},
 'Env': {'carts_final': 0.6666666865348816,
         'carts_peak': 6.5,
         'city_tiles_final': 58.5,
         'city_tiles_peak': 77.16667175292969,
         'max_cumulative_rewards': 1.0,
         'mean_cumulative_reward_magnitudes': 1.0,
         'mean_cumulative_rewards': 0.0,
         'research_points': 196.6666717529297,
         'separate_cities_final': 2.3333334922790527,
         'separate_cities_peak': 12.333333969116211,
         'step': 361.0,
         'workers_final': 28.83333396911621,
         'workers_peak': 42.0},
 'Gradient': {'clipped': 1.0, 'norm_before_clip': 74.82986450195312},
 'Intent': {'accuracy': nan,
            'target_build': 0,
            'target_deliver': 0,
            'target_mine': 0,
            'target_return': 0},
 'Loss': {'baseline_loss': 0.5481116771697998,
          'behavior_kl_loss': 0.0,
          'entropy_loss': -0.07206910103559494,
          'intent_aux_loss': 0.0,
          'rule_aux_loss': 0.0,
          'teacher_baseline_loss': 0.0,
          'teacher_kl_loss': 0.0,
          'total_loss': -91.07264709472656,
          'upgo_pg_loss': -30.95281982421875,
          'vtrace_pg_loss': -60.59587097167969},
 'Misc': {'actor_policy_tta_rot180': 1.0,
          'league_opponents': {'first_place': 1.0, 'selfplay': 0.0},
          'learning_rate': 4.750678400000001e-05,
          'teacher_kl_cost': 0.0,
          'teacher_policy_tta_rot180': 1.0,
          'total_games_played': 129},
 'Normalized_Entropy': {'cart': 0.9925354719161987,
                        'city_tile': 0.4519886076450348,
                        'overall': 0.4446307438714751,
                        'worker': 0.4185405969619751},
 'Teacher_KL_Divergence': {'cart': 0.0,
                           'city_tile': 0.0,
                           'overall': 0.0,
                           'worker': 0.0},
 'Value': {'bias': 3.4924596548080444e-10,
           'explained_variance': 0.9445421695709229,
           'support_outside_fraction': 0.0,
           'target_std': 0.5557482838630676}}[0m
[[36m2026-08-16 10:14:27,124[0m][[34mroot[0m][[32mINFO[0m] - Steps 50560 @ 25.6 SPS / 0.4 BPS. Stats:
{'Actions': {'cart': {'MOVE': nan, 'NO-OP': nan, 'TRANSFER': nan},
             'city_tile': {'BUILD_CART': nan,
                           'BUILD_WORKER': nan,
                           'NO-OP': nan,
                           'RESEARCH': nan},
             'worker': {'BUILD_CITY': nan,
                        'MOVE': nan,
                        'NO-OP': nan,
                        'PILLAGE': nan,
                        'TRANSFER': nan}},
 'Active_Entities': {'cart': 678, 'city_tile': 2588, 'worker': 1631},
 'Behavior_Policy': {'actor_version_max': 50432,
                     'actor_version_min': 49920,
                     'beta': 0.0,
                     'buffer_lag_max': 576,
                     'ema_kl': None,
                     'forward_kl': 0.0031782416626811028,
                     'learner_version': 50496,
                     'log_rho_max': 1.9442901611328125,
                     'log_rho_mean': -0.052123211324214935,
                     'log_rho_p95': 0.7577054500579834,
                     'reverse_kl': 0.003329533152282238,
                     'target': None,
                     'vtrace_rho_clipped_fraction': 0.203125},
 'Entropy': {'cart': 1.5672465562820435,
             'city_tile': 0.12291921675205231,
             'overall': 2.9910742193460464,
             'worker': 1.3009084463119507},
 'Env': {'carts_final': nan,
         'carts_peak': nan,
         'city_tiles_final': nan,
         'city_tiles_peak': nan,
         'max_cumulative_rewards': nan,
         'mean_cumulative_reward_magnitudes': nan,
         'mean_cumulative_rewards': nan,
         'research_points': nan,
         'separate_cities_final': nan,
         'separate_cities_peak': nan,
         'step': nan,
         'workers_final': nan,
         'workers_peak': nan},
 'Gradient': {'clipped': 1.0, 'norm_before_clip': 36.36796188354492},
 'Intent': {'accuracy': nan,
            'target_build': 0,
            'target_deliver': 0,
            'target_mine': 0,
            'target_return': 0},
 'Loss': {'baseline_loss': 0.06316491216421127,
          'behavior_kl_loss': 0.0,
          'entropy_loss': -0.7004979252815247,
          'intent_aux_loss': 0.0,
          'rule_aux_loss': 0.0,
          'teacher_baseline_loss': 0.0,
          'teacher_kl_loss': 0.0,
          'total_loss': 119.66447448730469,
          'upgo_pg_loss': 65.06078338623047,
          'vtrace_pg_loss': 55.24102783203125},
 'Misc': {'actor_policy_tta_rot180': 1.0,
          'league_opponents': {'first_place': 1.0, 'selfplay': 0.0},
          'learning_rate': 4.7500448e-05,
          'teacher_kl_cost': 0.0,
          'teacher_policy_tta_rot180': 1.0,
          'total_games_played': 129},
 'Normalized_Entropy': {'cart': 0.9961720705032349,
                        'city_tile': 0.11188589781522751,
                        'overall': 0.4635360622091977,
                        'worker': 0.8001046776771545},
 'Teacher_KL_Divergence': {'cart': 0.0,
                           'city_tile': 0.0,
                           'overall': 0.0,
                           'worker': 0.0},
 'Value': {'bias': -1.280568540096283e-09,
           'explained_variance': 0.9816218614578247,
           'support_outside_fraction': 0.0,
           'target_std': 0.32772696018218994}}[0m
[[36m2026-08-16 10:14:32,135[0m][[34mroot[0m][[32mINFO[0m] - Steps 50944 @ 76.7 SPS / 1.2 BPS. Stats:
{'Actions': {'cart': {'MOVE': nan, 'NO-OP': nan, 'TRANSFER': nan},
             'city_tile': {'BUILD_CART': nan,
                           'BUILD_WORKER': nan,
                           'NO-OP': nan,
                           'RESEARCH': nan},
             'worker': {'BUILD_CITY': nan,
                        'MOVE': nan,
                        'NO-OP': nan,
                        'PILLAGE': nan,
                        'TRANSFER': nan}},
 'Active_Entities': {'cart': 0, 'city_tile': 91, 'worker': 354},
 'Behavior_Policy': {'actor_version_max': 50560,
                     'actor_version_min': 50176,
                     'beta': 0.0,
                     'buffer_lag_max': 704,
                     'ema_kl': None,
                     'forward_kl': 0.024061106145381927,
                     'learner_version': 50880,
                     'log_rho_max': 1.1612987518310547,
                     'log_rho_mean': -0.037758950144052505,
                     'log_rho_p95': 0.3924826383590698,
                     'reverse_kl': 0.022221332415938377,
                     'target': None,
                     'vtrace_rho_clipped_fraction': 0.234375},
 'Entropy': {'cart': -0.0,
             'city_tile': 0.3467267155647278,
             'overall': 0.9073855876922607,
             'worker': 0.560658872127533},
 'Env': {'carts_final': nan,
         'carts_peak': nan,
         'city_tiles_final': nan,
         'city_tiles_peak': nan,
         'max_cumulative_rewards': nan,
         'mean_cumulative_reward_magnitudes': nan,
         'mean_cumulative_rewards': nan,
         'research_points': nan,
         'separate_cities_final': nan,
         'separate_cities_peak': nan,
         'step': nan,
         'workers_final': nan,
         'workers_peak': nan},
 'Gradient': {'clipped': 1.0, 'norm_before_clip': 34.91612243652344},
 'Intent': {'accuracy': nan,
            'target_build': 0,
            'target_deliver': 0,
            'target_mine': 0,
            'target_return': 0},
 'Loss': {'baseline_loss': 0.1348266899585724,
          'behavior_kl_loss': 0.0,
          'entropy_loss': -0.04600507766008377,
          'intent_aux_loss': 0.0,
          'rule_aux_loss': 0.0,
          'teacher_baseline_loss': 0.0,
          'teacher_kl_loss': 0.0,
          'total_loss': 21.74871826171875,
          'upgo_pg_loss': 13.228815078735352,
          'vtrace_pg_loss': 8.431082725524902},
 'Misc': {'actor_policy_tta_rot180': 1.0,
          'league_opponents': {'first_place': 1.0, 'selfplay': 0.0},
          'learning_rate': 4.7481440000000005e-05,
          'teacher_kl_cost': 0.0,
          'teacher_policy_tta_rot180': 1.0,
          'total_games_played': 129},
 'Normalized_Entropy': {'cart': 0.0,
                        'city_tile': 0.314218670129776,
                        'overall': 0.36066434832101457,
                        'worker': 0.37260377407073975},
 'Teacher_KL_Divergence': {'cart': 0.0,
                           'city_tile': 0.0,
                           'overall': 0.0,
                           'worker': 0.0},
 'Value': {'bias': -1.0826624929904938e-08,
           'explained_variance': 0.9659246206283569,
           'support_outside_fraction': 0.0,
           'target_std': 0.3516353666782379}}[0m
[[36m2026-08-16 10:14:37,141[0m][[34mroot[0m][[32mINFO[0m] - Steps 50944 @ 0.0 SPS / 0.0 BPS. Stats:
{'Actions': {'cart': {'MOVE': nan, 'NO-OP': nan, 'TRANSFER': nan},
             'city_tile': {'BUILD_CART': nan,
                           'BUILD_WORKER': nan,
                           'NO-OP': nan,
                           'RESEARCH': nan},
             'worker': {'BUILD_CITY': nan,
                        'MOVE': nan,
                        'NO-OP': nan,
                        'PILLAGE': nan,
                        'TRANSFER': nan}},
 'Active_Entities': {'cart': 0, 'city_tile': 91, 'worker': 354},
 'Behavior_Policy': {'actor_version_max': 50560,
                     'actor_version_min': 50176,
                     'beta': 0.0,
                     'buffer_lag_max': 704,
                     'ema_kl': None,
                     'forward_kl': 0.024061106145381927,
                     'learner_version': 50880,
                     'log_rho_max': 1.1612987518310547,
                     'log_rho_mean': -0.037758950144052505,
                     'log_rho_p95': 0.3924826383590698,
                     'reverse_kl': 0.022221332415938377,
                     'target': None,
                     'vtrace_rho_clipped_fraction': 0.234375},
 'Entropy': {'cart': -0.0,
             'city_tile': 0.3467267155647278,
             'overall': 0.9073855876922607,
             'worker': 0.560658872127533},
 'Env': {'carts_final': nan,
         'carts_peak': nan,
         'city_tiles_final': nan,
         'city_tiles_peak': nan,
         'max_cumulative_rewards': nan,
         'mean_cumulative_reward_magnitudes': nan,
         'mean_cumulative_rewards': nan,
         'research_points': nan,
         'separate_cities_final': nan,
         'separate_cities_peak': nan,
         'step': nan,
         'workers_final': nan,
         'workers_peak': nan},
 'Gradient': {'clipped': 1.0, 'norm_before_clip': 34.91612243652344},
 'Intent': {'accuracy': nan,
            'target_build': 0,
            'target_deliver': 0,
            'target_mine': 0,
            'target_return': 0},
 'Loss': {'baseline_loss': 0.1348266899585724,
          'behavior_kl_loss': 0.0,
          'entropy_loss': -0.04600507766008377,
          'intent_aux_loss': 0.0,
          'rule_aux_loss': 0.0,
          'teacher_baseline_loss': 0.0,
          'teacher_kl_loss': 0.0,
          'total_loss': 21.74871826171875,
          'upgo_pg_loss': 13.228815078735352,
          'vtrace_pg_loss': 8.431082725524902},
 'Misc': {'actor_policy_tta_rot180': 1.0,
          'league_opponents': {'first_place': 1.0, 'selfplay': 0.0},
          'learning_rate': 4.7481440000000005e-05,
          'teacher_kl_cost': 0.0,
          'teacher_policy_tta_rot180': 1.0,
          'total_games_played': 129},
 'Normalized_Entropy': {'cart': 0.0,
                        'city_tile': 0.314218670129776,
                        'overall': 0.36066434832101457,
                        'worker': 0.37260377407073975},
 'Teacher_KL_Divergence': {'cart': 0.0,
                           'city_tile': 0.0,
                           'overall': 0.0,
                           'worker': 0.0},
 'Value': {'bias': -1.0826624929904938e-08,
           'explained_variance': 0.9659246206283569,
           'support_outside_fraction': 0.0,
           'target_std': 0.3516353666782379}}[0m
[[36m2026-08-16 10:14:42,147[0m][[34mroot[0m][[32mINFO[0m] - Steps 51456 @ 102.3 SPS / 1.6 BPS. Stats:
{'Actions': {'cart': {'MOVE': nan, 'NO-OP': nan, 'TRANSFER': nan},
             'city_tile': {'BUILD_CART': nan,
                           'BUILD_WORKER': nan,
                           'NO-OP': nan,
                           'RESEARCH': nan},
             'worker': {'BUILD_CITY': nan,
                        'MOVE': nan,
                        'NO-OP': nan,
                        'PILLAGE': nan,
                        'TRANSFER': nan}},
 'Active_Entities': {'cart': 418, 'city_tile': 2013, 'worker': 1927},
 'Behavior_Policy': {'actor_version_max': 51008,
                     'actor_version_min': 50432,
                     'beta': 0.0,
                     'buffer_lag_max': 960,
                     'ema_kl': None,
                     'forward_kl': 0.0028961095958948135,
                     'learner_version': 51392,
                     'log_rho_max': 1.3158798217773438,
                     'log_rho_mean': -0.09496159851551056,
                     'log_rho_p95': 0.5408209562301636,
                     'reverse_kl': 0.002980080433189869,
                     'target': None,
                     'vtrace_rho_clipped_fraction': 0.2109375},
 'Entropy': {'cart': 1.5542408227920532,
             'city_tile': 0.27213025093078613,
             'overall': 2.820082187652588,
             'worker': 0.9937111139297485},
 'Env': {'carts_final': nan,
         'carts_peak': nan,
         'city_tiles_final': nan,
         'city_tiles_peak': nan,
         'max_cumulative_rewards': nan,
         'mean_cumulative_reward_magnitudes': nan,
         'mean_cumulative_rewards': nan,
         'research_points': nan,
         'separate_cities_final': nan,
         'separate_cities_peak': nan,
         'step': nan,
         'workers_final': nan,
         'workers_peak': nan},
 'Gradient': {'clipped': 1.0, 'norm_before_clip': 31.2303524017334},
 'Intent': {'accuracy': nan,
            'target_build': 0,
            'target_deliver': 0,
            'target_mine': 0,
            'target_return': 0},
 'Loss': {'baseline_loss': 0.1569342017173767,
          'behavior_kl_loss': 0.0,
          'entropy_loss': -0.6224704384803772,
          'intent_aux_loss': 0.0,
          'rule_aux_loss': 0.0,
          'teacher_baseline_loss': 0.0,
          'teacher_kl_loss': 0.0,
          'total_loss': -27.01887321472168,
          'upgo_pg_loss': 19.352294921875,
          'vtrace_pg_loss': -45.90563201904297},
 'Misc': {'actor_policy_tta_rot180': 1.0,
          'league_opponents': {'first_place': 1.0, 'selfplay': 0.0},
          'learning_rate': 4.7456096e-05,
          'teacher_kl_cost': 0.0,
          'teacher_policy_tta_rot180': 1.0,
          'total_games_played': 131},
 'Normalized_Entropy': {'cart': 0.9909749627113342,
                        'city_tile': 0.2477036416530609,
                        'overall': 0.481099849032557,
                        'worker': 0.6143114566802979},
 'Teacher_KL_Divergence': {'cart': 0.0,
                           'city_tile': 0.0,
                           'overall': 0.0,
                           'worker': 0.0},
 'Value': {'bias': -1.4435499906539917e-08,
           'explained_variance': 0.9876106381416321,
           'support_outside_fraction': 0.0,
           'target_std': 0.6291571855545044}}[0m
[[36m2026-08-16 10:14:47,152[0m][[34mroot[0m][[32mINFO[0m] - Steps 51584 @ 25.6 SPS / 0.4 BPS. Stats:
{'Actions': {'cart': {'MOVE': nan, 'NO-OP': nan, 'TRANSFER': nan},
             'city_tile': {'BUILD_CART': nan,
                           'BUILD_WORKER': nan,
                           'NO-OP': nan,
                           'RESEARCH': nan},
             'worker': {'BUILD_CITY': nan,
                        'MOVE': nan,
                        'NO-OP': nan,
                        'PILLAGE': nan,
                        'TRANSFER': nan}},
 'Active_Entities': {'cart': 0, 'city_tile': 142, 'worker': 724},
 'Behavior_Policy': {'actor_version_max': 51456,
                     'actor_version_min': 50944,
                     'beta': 0.0,
                     'buffer_lag_max': 576,
                     'ema_kl': None,
                     'forward_kl': 0.02080252580344677,
                     'learner_version': 51520,
                     'log_rho_max': 1.147736668586731,
                     'log_rho_mean': -0.18681210279464722,
                     'log_rho_p95': 0.3714425563812256,
                     'reverse_kl': 0.022636523470282555,
                     'target': None,
                     'vtrace_rho_clipped_fraction': 0.1953125},
 'Entropy': {'cart': -0.0,
             'city_tile': 0.2836686074733734,
             'overall': 0.7210506200790405,
             'worker': 0.4373820126056671},
 'Env': {'carts_final': nan,
         'carts_peak': nan,
         'city_tiles_final': nan,
         'city_tiles_peak': nan,
         'max_cumulative_rewards': nan,
         'mean_cumulative_reward_magnitudes': nan,
         'mean_cumulative_rewards': nan,
         'research_points': nan,
         'separate_cities_final': nan,
         'separate_cities_peak': nan,
         'step': nan,
         'workers_final': nan,
         'workers_peak': nan},
 'Gradient': {'clipped': 1.0, 'norm_before_clip': 18.934934616088867},
 'Intent': {'accuracy': nan,
            'target_build': 0,
            'target_deliver': 0,
            'target_mine': 0,
            'target_return': 0},
 'Loss': {'baseline_loss': 0.05600397661328316,
          'behavior_kl_loss': 0.0,
          'entropy_loss': -0.0713891014456749,
          'intent_aux_loss': 0.0,
          'rule_aux_loss': 0.0,
          'teacher_baseline_loss': 0.0,
          'teacher_kl_loss': 0.0,
          'total_loss': 3.122997760772705,
          'upgo_pg_loss': 3.093336820602417,
          'vtrace_pg_loss': 0.045046091079711914},
 'Misc': {'actor_policy_tta_rot180': 1.0,
          'league_opponents': {'first_place': 0.75, 'selfplay': 0.25},
          'learning_rate': 4.7449760000000005e-05,
          'teacher_kl_cost': 0.0,
          'teacher_policy_tta_rot180': 1.0,
          'total_games_played': 131},
 'Normalized_Entropy': {'cart': 0.0,
                        'city_tile': 0.20835788547992706,
                        'overall': 0.2696502187717319,
                        'worker': 0.2816716432571411},
 'Teacher_KL_Divergence': {'cart': 0.0,
                           'city_tile': 0.0,
                           'overall': 0.0,
                           'worker': 0.0},
 'Value': {'bias': 1.57160684466362e-08,
           'explained_variance': 0.9431675672531128,
           'support_outside_fraction': 0.0,
           'target_std': 0.1647874265909195}}[0m
[[36m2026-08-16 10:14:52,161[0m][[34mroot[0m][[32mINFO[0m] - Steps 51904 @ 63.9 SPS / 1.0 BPS. Stats:
{'Actions': {'cart': {'MOVE': nan, 'NO-OP': nan, 'TRANSFER': nan},
             'city_tile': {'BUILD_CART': nan,
                           'BUILD_WORKER': nan,
                           'NO-OP': nan,
                           'RESEARCH': nan},
             'worker': {'BUILD_CITY': nan,
                        'MOVE': nan,
                        'NO-OP': nan,
                        'PILLAGE': nan,
                        'TRANSFER': nan}},
 'Active_Entities': {'cart': 415, 'city_tile': 1642, 'worker': 1197},
 'Behavior_Policy': {'actor_version_max': 51712,
                     'actor_version_min': 51136,
                     'beta': 0.0,
                     'buffer_lag_max': 704,
                     'ema_kl': None,
                     'forward_kl': 0.006845981348305941,
                     'learner_version': 51840,
                     'log_rho_max': 0.53973388671875,
                     'log_rho_mean': -0.051668234169483185,
                     'log_rho_p95': 0.3014894425868988,
                     'reverse_kl': 0.00774283055216074,
                     'target': None,
                     'vtrace_rho_clipped_fraction': 0.1875},
 'Entropy': {'cart': 1.5589218139648438,
             'city_tile': 0.21052920818328857,
             'overall': 3.084816813468933,
             'worker': 1.3153657913208008},
 'Env': {'carts_final': nan,
         'carts_peak': nan,
         'city_tiles_final': nan,
         'city_tiles_peak': nan,
         'max_cumulative_rewards': nan,
         'mean_cumulative_reward_magnitudes': nan,
         'mean_cumulative_rewards': nan,
         'research_points': nan,
         'separate_cities_final': nan,
         'separate_cities_peak': nan,
         'step': nan,
         'workers_final': nan,
         'workers_peak': nan},
 'Gradient': {'clipped': 1.0, 'norm_before_clip': 25.089509963989258},
 'Intent': {'accuracy': nan,
            'target_build': 0,
            'target_deliver': 0,
            'target_mine': 0,
            'target_return': 0},
 'Loss': {'baseline_loss': 0.09566621482372284,
          'behavior_kl_loss': 0.0,
          'entropy_loss': -0.5134268403053284,
          'intent_aux_loss': 0.0,
          'rule_aux_loss': 0.0,
          'teacher_baseline_loss': 0.0,
          'teacher_kl_loss': 0.0,
          'total_loss': -22.210695266723633,
          'upgo_pg_loss': 26.623188018798828,
          'vtrace_pg_loss': -48.41612243652344},
 'Misc': {'actor_policy_tta_rot180': 1.0,
          'league_opponents': {'first_place': 1.0, 'selfplay': 0.0},
          'learning_rate': 4.743392e-05,
          'teacher_kl_cost': 0.0,
          'teacher_policy_tta_rot180': 1.0,
          'total_games_played': 131},
 'Normalized_Entropy': {'cart': 0.9963945746421814,
                        'city_tile': 0.19127187132835388,
                        'overall': 0.5202823297407412,
                        'worker': 0.806538462638855},
 'Teacher_KL_Divergence': {'cart': 0.0,
                           'city_tile': 0.0,
                           'overall': 0.0,
                           'worker': 0.0},
 'Value': {'bias': -1.6763806343078613e-08,
           'explained_variance': 0.983854353427887,
           'support_outside_fraction': 0.0,
           'target_std': 0.4303050935268402}}[0m
[[36m2026-08-16 10:14:57,166[0m][[34mroot[0m][[32mINFO[0m] - Steps 52096 @ 38.4 SPS / 0.6 BPS. Stats:
{'Actions': {'cart': {'MOVE': nan, 'NO-OP': nan, 'TRANSFER': nan},
             'city_tile': {'BUILD_CART': nan,
                           'BUILD_WORKER': nan,
                           'NO-OP': nan,
                           'RESEARCH': nan},
             'worker': {'BUILD_CITY': nan,
                        'MOVE': nan,
                        'NO-OP': nan,
                        'PILLAGE': nan,
                        'TRANSFER': nan}},
 'Active_Entities': {'cart': 11, 'city_tile': 198, 'worker': 1009},
 'Behavior_Policy': {'actor_version_max': 51968,
                     'actor_version_min': 51456,
                     'beta': 0.0,
                     'buffer_lag_max': 576,
                     'ema_kl': None,
                     'forward_kl': 0.015369558706879616,
                     'learner_version': 52032,
                     'log_rho_max': 1.2802143096923828,
                     'log_rho_mean': -0.14255766570568085,
                     'log_rho_p95': 0.737470805644989,
                     'reverse_kl': 0.01637488417327404,
                     'target': None,
                     'vtrace_rho_clipped_fraction': 0.2109375},
 'Entropy': {'cart': 1.5501360893249512,
             'city_tile': 0.5377772450447083,
             'overall': 2.594278573989868,
             'worker': 0.5063652396202087},
 'Env': {'carts_final': nan,
         'carts_peak': nan,
         'city_tiles_final': nan,
         'city_tiles_peak': nan,
         'max_cumulative_rewards': nan,
         'mean_cumulative_reward_magnitudes': nan,
         'mean_cumulative_rewards': nan,
         'research_points': nan,
         'separate_cities_final': nan,
         'separate_cities_peak': nan,
         'step': nan,
         'workers_final': nan,
         'workers_peak': nan},
 'Gradient': {'clipped': 1.0, 'norm_before_clip': 47.76826858520508},
 'Intent': {'accuracy': nan,
            'target_build': 0,
            'target_deliver': 0,
            'target_mine': 0,
            'target_return': 0},
 'Loss': {'baseline_loss': 0.29323384165763855,
          'behavior_kl_loss': 0.0,
          'entropy_loss': -0.12689079344272614,
          'intent_aux_loss': 0.0,
          'rule_aux_loss': 0.0,
          'teacher_baseline_loss': 0.0,
          'teacher_kl_loss': 0.0,
          'total_loss': 24.902416229248047,
          'upgo_pg_loss': 22.671340942382812,
          'vtrace_pg_loss': 2.064730644226074},
 'Misc': {'actor_policy_tta_rot180': 1.0,
          'league_opponents': {'first_place': 0.75, 'selfplay': 0.25},
          'learning_rate': 4.7424416e-05,
          'teacher_kl_cost': 0.0,
          'teacher_policy_tta_rot180': 1.0,
          'total_games_played': 131},
 'Normalized_Entropy': {'cart': 0.9879486560821533,
                        'city_tile': 0.39623600244522095,
                        'overall': 0.33528687077007074,
                        'worker': 0.3162113428115845},
 'Teacher_KL_Divergence': {'cart': 0.0,
                           'city_tile': 0.0,
                           'overall': 0.0,
                           'worker': 0.0},
 'Value': {'bias': 1.6298145055770874e-08,
           'explained_variance': 0.9109142422676086,
           'support_outside_fraction': 0.0,
           'target_std': 0.2588307559490204}}[0m
[[36m2026-08-16 10:15:02,176[0m][[34mroot[0m][[32mINFO[0m] - Steps 52224 @ 25.6 SPS / 0.4 BPS. Stats:
{'Actions': {'cart': {'MOVE': nan, 'NO-OP': nan, 'TRANSFER': nan},
             'city_tile': {'BUILD_CART': nan,
                           'BUILD_WORKER': nan,
                           'NO-OP': nan,
                           'RESEARCH': nan},
             'worker': {'BUILD_CITY': nan,
                        'MOVE': nan,
                        'NO-OP': nan,
                        'PILLAGE': nan,
                        'TRANSFER': nan}},
 'Active_Entities': {'cart': 4, 'city_tile': 103, 'worker': 629},
 'Behavior_Policy': {'actor_version_max': 51968,
                     'actor_version_min': 51456,
                     'beta': 0.0,
                     'buffer_lag_max': 704,
                     'ema_kl': None,
                     'forward_kl': 0.014997323974967003,
                     'learner_version': 52160,
                     'log_rho_max': 2.0739030838012695,
                     'log_rho_mean': -0.0476037859916687,
                     'log_rho_p95': 0.3772892653942108,
                     'reverse_kl': 0.015170251950621605,
                     'target': None,
                     'vtrace_rho_clipped_fraction': 0.25},
 'Entropy': {'cart': 1.5022666454315186,
             'city_tile': 0.29731541872024536,
             'overall': 2.2070915699005127,
             'worker': 0.4075095057487488},
 'Env': {'carts_final': nan,
         'carts_peak': nan,
         'city_tiles_final': nan,
         'city_tiles_peak': nan,
         'max_cumulative_rewards': nan,
         'mean_cumulative_reward_magnitudes': nan,
         'mean_cumulative_rewards': nan,
         'research_points': nan,
         'separate_cities_final': nan,
         'separate_cities_peak': nan,
         'step': nan,
         'workers_final': nan,
         'workers_peak': nan},
 'Gradient': {'clipped': 1.0, 'norm_before_clip': 53.927364349365234},
 'Intent': {'accuracy': nan,
            'target_build': 0,
            'target_deliver': 0,
            'target_mine': 0,
            'target_return': 0},
 'Loss': {'baseline_loss': 0.3261326849460602,
          'behavior_kl_loss': 0.0,
          'entropy_loss': -0.05859120935201645,
          'intent_aux_loss': 0.0,
          'rule_aux_loss': 0.0,
          'teacher_baseline_loss': 0.0,
          'teacher_kl_loss': 0.0,
          'total_loss': -5.927389621734619,
          'upgo_pg_loss': 3.4986698627471924,
          'vtrace_pg_loss': -9.69360065460205},
 'Misc': {'actor_policy_tta_rot180': 1.0,
          'league_opponents': {'first_place': 1.0, 'selfplay': 0.0},
          'learning_rate': 4.7418080000000005e-05,
          'teacher_kl_cost': 0.0,
          'teacher_policy_tta_rot180': 1.0,
          'total_games_played': 131},
 'Normalized_Entropy': {'cart': 0.9666961431503296,
                        'city_tile': 0.2213396579027176,
                        'overall': 0.25044519193065556,
                        'worker': 0.2506564259529114},
 'Teacher_KL_Divergence': {'cart': 0.0,
                           'city_tile': 0.0,
                           'overall': 0.0,
                           'worker': 0.0},
 'Value': {'bias': -7.799826562404633e-09,
           'explained_variance': 0.9641294479370117,
           'support_outside_fraction': 0.0,
           'target_std': 0.533031702041626}}[0m
[[36m2026-08-16 10:15:07,182[0m][[34mroot[0m][[32mINFO[0m] - Steps 52672 @ 89.5 SPS / 1.4 BPS. Stats:
{'Actions': {'cart': {'MOVE': nan, 'NO-OP': nan, 'TRANSFER': nan},
             'city_tile': {'BUILD_CART': nan,
                           'BUILD_WORKER': nan,
                           'NO-OP': nan,
                           'RESEARCH': nan},
             'worker': {'BUILD_CITY': nan,
                        'MOVE': nan,
                        'NO-OP': nan,
                        'PILLAGE': nan,
                        'TRANSFER': nan}},
 'Active_Entities': {'cart': 122, 'city_tile': 907, 'worker': 1128},
 'Behavior_Policy': {'actor_version_max': 52480,
                     'actor_version_min': 51968,
                     'beta': 0.0,
                     'buffer_lag_max': 640,
                     'ema_kl': None,
                     'forward_kl': 0.01932602934539318,
                     'learner_version': 52608,
                     'log_rho_max': 1.1191978454589844,
                     'log_rho_mean': -0.13624480366706848,
                     'log_rho_p95': 0.8524171710014343,
                     'reverse_kl': 0.019718041643500328,
                     'target': None,
                     'vtrace_rho_clipped_fraction': 0.265625},
 'Entropy': {'cart': 1.501773476600647,
             'city_tile': 0.10983903706073761,
             'overall': 2.546289399266243,
             'worker': 0.9346768856048584},
 'Env': {'carts_final': nan,
         'carts_peak': nan,
         'city_tiles_final': nan,
         'city_tiles_peak': nan,
         'max_cumulative_rewards': nan,
         'mean_cumulative_reward_magnitudes': nan,
         'mean_cumulative_rewards': nan,
         'research_points': nan,
         'separate_cities_final': nan,
         'separate_cities_peak': nan,
         'step': nan,
         'workers_final': nan,
         'workers_peak': nan},
 'Gradient': {'clipped': 1.0, 'norm_before_clip': 27.32164192199707},
 'Intent': {'accuracy': nan,
            'target_build': 0,
            'target_deliver': 0,
            'target_mine': 0,
            'target_return': 0},
 'Loss': {'baseline_loss': 0.08390816301107407,
          'behavior_kl_loss': 0.0,
          'entropy_loss': -0.26743119955062866,
          'intent_aux_loss': 0.0,
          'rule_aux_loss': 0.0,
          'teacher_baseline_loss': 0.0,
          'teacher_kl_loss': 0.0,
          'total_loss': 8.382441520690918,
          'upgo_pg_loss': 12.330733299255371,
          'vtrace_pg_loss': -3.764768362045288},
 'Misc': {'actor_policy_tta_rot180': 1.0,
          'league_opponents': {'first_place': 0.75, 'selfplay': 0.25},
          'learning_rate': 4.7395904e-05,
          'teacher_kl_cost': 0.0,
          'teacher_policy_tta_rot180': 1.0,
          'total_games_played': 133},
 'Normalized_Entropy': {'cart': 0.989948570728302,
                        'city_tile': 0.09486263245344162,
                        'overall': 0.41164198421428866,
                        'worker': 0.6038099527359009},
 'Teacher_KL_Divergence': {'cart': 0.0,
                           'city_tile': 0.0,
                           'overall': 0.0,
                           'worker': 0.0},
 'Value': {'bias': -1.664739102125168e-08,
           'explained_variance': 0.9851721525192261,
           'support_outside_fraction': 0.0,
           'target_std': 0.4127237796783447}}[0m
[[36m2026-08-16 10:15:12,189[0m][[34mroot[0m][[32mINFO[0m] - Steps 52736 @ 12.8 SPS / 0.2 BPS. Stats:
{'Actions': {'cart': {'MOVE': nan, 'NO-OP': nan, 'TRANSFER': nan},
             'city_tile': {'BUILD_CART': nan,
                           'BUILD_WORKER': nan,
                           'NO-OP': nan,
                           'RESEARCH': nan},
             'worker': {'BUILD_CITY': nan,
                        'MOVE': nan,
                        'NO-OP': nan,
                        'PILLAGE': nan,
                        'TRANSFER': nan}},
 'Active_Entities': {'cart': 0, 'city_tile': 72, 'worker': 540},
 'Behavior_Policy': {'actor_version_max': 52480,
                     'actor_version_min': 51968,
                     'beta': 0.0,
                     'buffer_lag_max': 704,
                     'ema_kl': None,
                     'forward_kl': 0.01950596272945404,
                     'learner_version': 52672,
                     'log_rho_max': 1.1774206161499023,
                     'log_rho_mean': -0.05107995867729187,
                     'log_rho_p95': 0.3689405918121338,
                     'reverse_kl': 0.017908649519085884,
                     'target': None,
                     'vtrace_rho_clipped_fraction': 0.2578125},
 'Entropy': {'cart': -0.0,
             'city_tile': 0.31259045004844666,
             'overall': 0.7397030889987946,
             'worker': 0.4271126389503479},
 'Env': {'carts_final': nan,
         'carts_peak': nan,
         'city_tiles_final': nan,
         'city_tiles_peak': nan,
         'max_cumulative_rewards': nan,
         'mean_cumulative_reward_magnitudes': nan,
         'mean_cumulative_rewards': nan,
         'research_points': nan,
         'separate_cities_final': nan,
         'separate_cities_peak': nan,
         'step': nan,
         'workers_final': nan,
         'workers_peak': nan},
 'Gradient': {'clipped': 1.0, 'norm_before_clip': 15.07965087890625},
 'Intent': {'accuracy': nan,
            'target_build': 0,
            'target_deliver': 0,
            'target_mine': 0,
            'target_return': 0},
 'Loss': {'baseline_loss': 0.021374396979808807,
          'behavior_kl_loss': 0.0,
          'entropy_loss': -0.050629470497369766,
          'intent_aux_loss': 0.0,
          'rule_aux_loss': 0.0,
          'teacher_baseline_loss': 0.0,
          'teacher_kl_loss': 0.0,
          'total_loss': 0.5929015278816223,
          'upgo_pg_loss': 1.1811201572418213,
          'vtrace_pg_loss': -0.5589635372161865},
 'Misc': {'actor_policy_tta_rot180': 1.0,
          'league_opponents': {'first_place': 1.0, 'selfplay': 0.0},
          'learning_rate': 4.7392736e-05,
          'teacher_kl_cost': 0.0,
          'teacher_policy_tta_rot180': 1.0,
          'total_games_played': 133},
 'Normalized_Entropy': {'cart': 0.0,
                        'city_tile': 0.4294470548629761,
                        'overall': 0.2837175113313338,
                        'worker': 0.26428690552711487},
 'Teacher_KL_Divergence': {'cart': 0.0,
                           'city_tile': 0.0,
                           'overall': 0.0,
                           'worker': 0.0},
 'Value': {'bias': -1.4086253941059113e-08,
           'explained_variance': 0.9983020424842834,
           'support_outside_fraction': 0.0,
           'target_std': 0.627203643321991}}[0m
[[36m2026-08-16 10:15:17,194[0m][[34mroot[0m][[32mINFO[0m] - Steps 53184 @ 89.5 SPS / 1.4 BPS. Stats:
{'Actions': {'cart': {'MOVE': nan, 'NO-OP': nan, 'TRANSFER': nan},
             'city_tile': {'BUILD_CART': nan,
                           'BUILD_WORKER': nan,
                           'NO-OP': nan,
                           'RESEARCH': nan},
             'worker': {'BUILD_CITY': nan,
                        'MOVE': nan,
                        'NO-OP': nan,
                        'PILLAGE': nan,
                        'TRANSFER': nan}},
 'Active_Entities': {'cart': 209, 'city_tile': 832, 'worker': 1219},
 'Behavior_Policy': {'actor_version_max': 52992,
                     'actor_version_min': 52480,
                     'beta': 0.0,
                     'buffer_lag_max': 640,
                     'ema_kl': None,
                     'forward_kl': 0.012567761354148388,
                     'learner_version': 53120,
                     'log_rho_max': 1.8777904510498047,
                     'log_rho_mean': -0.12340030074119568,
                     'log_rho_p95': 0.7421436905860901,
                     'reverse_kl': 0.012850001454353333,
                     'target': None,
                     'vtrace_rho_clipped_fraction': 0.1875},
 'Entropy': {'cart': 1.4902493953704834,
             'city_tile': 0.3324822187423706,
             'overall': 2.686517596244812,
             'worker': 0.863785982131958},
 'Env': {'carts_final': nan,
         'carts_peak': nan,
         'city_tiles_final': nan,
         'city_tiles_peak': nan,
         'max_cumulative_rewards': nan,
         'mean_cumulative_reward_magnitudes': nan,
         'mean_cumulative_rewards': nan,
         'research_points': nan,
         'separate_cities_final': nan,
         'separate_cities_peak': nan,
         'step': nan,
         'workers_final': nan,
         'workers_peak': nan},
 'Gradient': {'clipped': 1.0, 'norm_before_clip': 25.412349700927734},
 'Intent': {'accuracy': nan,
            'target_build': 0,
            'target_deliver': 0,
            'target_mine': 0,
            'target_return': 0},
 'Loss': {'baseline_loss': 0.09085196256637573,
          'behavior_kl_loss': 0.0,
          'entropy_loss': -0.32820847630500793,
          'intent_aux_loss': 0.0,
          'rule_aux_loss': 0.0,
          'teacher_baseline_loss': 0.0,
          'teacher_kl_loss': 0.0,
          'total_loss': 13.39083194732666,
          'upgo_pg_loss': 23.584701538085938,
          'vtrace_pg_loss': -9.956512451171875},
 'Misc': {'actor_policy_tta_rot180': 1.0,
          'league_opponents': {'first_place': 0.75, 'selfplay': 0.25},
          'learning_rate': 4.737056e-05,
          'teacher_kl_cost': 0.0,
          'teacher_policy_tta_rot180': 1.0,
          'total_games_played': 134},
 'Normalized_Entropy': {'cart': 0.9875494241714478,
                        'city_tile': 0.30863702297210693,
                        'overall': 0.5085985027847036,
                        'worker': 0.5629604458808899},
 'Teacher_KL_Divergence': {'cart': 0.0,
                           'city_tile': 0.0,
                           'overall': 0.0,
                           'worker': 0.0},
 'Value': {'bias': -2.9103830456733704e-09,
           'explained_variance': 0.9870695471763611,
           'support_outside_fraction': 0.0,
           'target_std': 0.4415989816188812}}[0m
[[36m2026-08-16 10:15:22,200[0m][[34mroot[0m][[32mINFO[0m] - Steps 53248 @ 12.8 SPS / 0.2 BPS. Stats:
{'Actions': {'cart': {'MOVE': nan, 'NO-OP': nan, 'TRANSFER': nan},
             'city_tile': {'BUILD_CART': nan,
                           'BUILD_WORKER': nan,
                           'NO-OP': nan,
                           'RESEARCH': nan},
             'worker': {'BUILD_CITY': nan,
                        'MOVE': nan,
                        'NO-OP': nan,
                        'PILLAGE': nan,
                        'TRANSFER': nan}},
 'Active_Entities': {'cart': 0, 'city_tile': 101, 'worker': 643},
 'Behavior_Policy': {'actor_version_max': 52992,
                     'actor_version_min': 52480,
                     'beta': 0.0,
                     'buffer_lag_max': 704,
                     'ema_kl': None,
                     'forward_kl': 0.014087972231209278,
                     'learner_version': 53184,
                     'log_rho_max': 2.1277551651000977,
                     'log_rho_mean': -0.04875629395246506,
                     'log_rho_p95': 0.5132335424423218,
                     'reverse_kl': 0.01381739042699337,
                     'target': None,
                     'vtrace_rho_clipped_fraction': 0.234375},
 'Entropy': {'cart': -0.0,
             'city_tile': 0.45563480257987976,
             'overall': 1.0267131626605988,
             'worker': 0.571078360080719},
 'Env': {'carts_final': nan,
         'carts_peak': nan,
         'city_tiles_final': nan,
         'city_tiles_peak': nan,
         'max_cumulative_rewards': nan,
         'mean_cumulative_reward_magnitudes': nan,
         'mean_cumulative_rewards': nan,
         'research_points': nan,
         'separate_cities_final': nan,
         'separate_cities_peak': nan,
         'step': nan,
         'workers_final': nan,
         'workers_peak': nan},
 'Gradient': {'clipped': 1.0, 'norm_before_clip': 10.499865531921387},
 'Intent': {'accuracy': nan,
            'target_build': 0,
            'target_deliver': 0,
            'target_mine': 0,
            'target_return': 0},
 'Loss': {'baseline_loss': 0.011315416544675827,
          'behavior_kl_loss': 0.0,
          'entropy_loss': -0.0826444923877716,
          'intent_aux_loss': 0.0,
          'rule_aux_loss': 0.0,
          'teacher_baseline_loss': 0.0,
          'teacher_kl_loss': 0.0,
          'total_loss': 1.1716991662979126,
          'upgo_pg_loss': 3.2650837898254395,
          'vtrace_pg_loss': -2.0220556259155273},
 'Misc': {'actor_policy_tta_rot180': 1.0,
          'league_opponents': {'first_place': 1.0, 'selfplay': 0.0},
          'learning_rate': 4.7367392e-05,
          'teacher_kl_cost': 0.0,
          'teacher_policy_tta_rot180': 1.0,
          'total_games_played': 134},
 'Normalized_Entropy': {'cart': 0.0,
                        'city_tile': 0.3642733097076416,
                        'overall': 0.3567239539597624,
                        'worker': 0.35553812980651855},
 'Teacher_KL_Divergence': {'cart': 0.0,
                           'city_tile': 0.0,
                           'overall': 0.0,
                           'worker': 0.0},
 'Value': {'bias': 4.190951585769653e-09,
           'explained_variance': 0.999234676361084,
           'support_outside_fraction': 0.0,
           'target_std': 0.6797271966934204}}[0m
[[36m2026-08-16 10:15:27,207[0m][[34mroot[0m][[32mINFO[0m] - Steps 53632 @ 76.7 SPS / 1.2 BPS. Stats:
{'Actions': {'cart': {'MOVE': nan, 'NO-OP': nan, 'TRANSFER': nan},
             'city_tile': {'BUILD_CART': nan,
                           'BUILD_WORKER': nan,
                           'NO-OP': nan,
                           'RESEARCH': nan},
             'worker': {'BUILD_CITY': nan,
                        'MOVE': nan,
                        'NO-OP': nan,
                        'PILLAGE': nan,
                        'TRANSFER': nan}},
 'Active_Entities': {'cart': 217, 'city_tile': 617, 'worker': 1080},
 'Behavior_Policy': {'actor_version_max': 53504,
                     'actor_version_min': 52992,
                     'beta': 0.0,
                     'buffer_lag_max': 576,
                     'ema_kl': None,
                     'forward_kl': 0.010851693339645863,
                     'learner_version': 53568,
                     'log_rho_max': 1.8832221031188965,
                     'log_rho_mean': -0.14449672400951385,
                     'log_rho_p95': 0.5500065088272095,
                     'reverse_kl': 0.01069652196019888,
                     'target': None,
                     'vtrace_rho_clipped_fraction': 0.2734375},
 'Entropy': {'cart': 1.5626776218414307,
             'city_tile': 0.6045344471931458,
             'overall': 2.9574244022369385,
             'worker': 0.7902123332023621},
 'Env': {'carts_final': nan,
         'carts_peak': nan,
         'city_tiles_final': nan,
         'city_tiles_peak': nan,
         'max_cumulative_rewards': nan,
         'mean_cumulative_reward_magnitudes': nan,
         'mean_cumulative_rewards': nan,
         'research_points': nan,
         'separate_cities_final': nan,
         'separate_cities_peak': nan,
         'step': nan,
         'workers_final': nan,
         'workers_peak': nan},
 'Gradient': {'clipped': 1.0, 'norm_before_clip': 50.7480583190918},
 'Intent': {'accuracy': nan,
            'target_build': 0,
            'target_deliver': 0,
            'target_mine': 0,
            'target_return': 0},
 'Loss': {'baseline_loss': 0.11980148404836655,
          'behavior_kl_loss': 0.0,
          'entropy_loss': -0.31310564279556274,
          'intent_aux_loss': 0.0,
          'rule_aux_loss': 0.0,
          'teacher_baseline_loss': 0.0,
          'teacher_kl_loss': 0.0,
          'total_loss': 15.119909286499023,
          'upgo_pg_loss': 30.766761779785156,
          'vtrace_pg_loss': -15.453548431396484},
 'Misc': {'actor_policy_tta_rot180': 1.0,
          'league_opponents': {'first_place': 0.75, 'selfplay': 0.25},
          'learning_rate': 4.7348384e-05,
          'teacher_kl_cost': 0.0,
          'teacher_policy_tta_rot180': 1.0,
          'total_games_played': 134},
 'Normalized_Entropy': {'cart': 0.9869921207427979,
                        'city_tile': 0.5088289380073547,
                        'overall': 0.5579659445843851,
                        'worker': 0.4998352527618408},
 'Teacher_KL_Divergence': {'cart': 0.0,
                           'city_tile': 0.0,
                           'overall': 0.0,
                           'worker': 0.0},
 'Value': {'bias': -1.0244548320770264e-08,
           'explained_variance': 0.9822667241096497,
           'support_outside_fraction': 0.0,
           'target_std': 0.4421801269054413}}[0m
[[36m2026-08-16 10:15:32,213[0m][[34mroot[0m][[32mINFO[0m] - Steps 53760 @ 25.6 SPS / 0.4 BPS. Stats:
{'Actions': {'cart': {'MOVE': nan, 'NO-OP': nan, 'TRANSFER': nan},
             'city_tile': {'BUILD_CART': nan,
                           'BUILD_WORKER': nan,
                           'NO-OP': nan,
                           'RESEARCH': nan},
             'worker': {'BUILD_CITY': nan,
                        'MOVE': nan,
                        'NO-OP': nan,
                        'PILLAGE': nan,
                        'TRANSFER': nan}},
 'Active_Entities': {'cart': 11, 'city_tile': 120, 'worker': 585},
 'Behavior_Policy': {'actor_version_max': 53504,
                     'actor_version_min': 52992,
                     'beta': 0.0,
                     'buffer_lag_max': 704,
                     'ema_kl': None,
                     'forward_kl': 0.01092616468667984,
                     'learner_version': 53696,
                     'log_rho_max': 0.7280158996582031,
                     'log_rho_mean': -0.09199991822242737,
                     'log_rho_p95': 0.365891695022583,
                     'reverse_kl': 0.01069461740553379,
                     'target': None,
                     'vtrace_rho_clipped_fraction': 0.171875},
 'Entropy': {'cart': 1.5541173219680786,
             'city_tile': 0.3517872989177704,
             'overall': 2.4791914522647858,
             'worker': 0.5732868313789368},
 'Env': {'carts_final': nan,
         'carts_peak': nan,
         'city_tiles_final': nan,
         'city_tiles_peak': nan,
         'max_cumulative_rewards': nan,
         'mean_cumulative_reward_magnitudes': nan,
         'mean_cumulative_rewards': nan,
         'research_points': nan,
         'separate_cities_final': nan,
         'separate_cities_peak': nan,
         'step': nan,
         'workers_final': nan,
         'workers_peak': nan},
 'Gradient': {'clipped': 0.0, 'norm_before_clip': 8.645845413208008},
 'Intent': {'accuracy': nan,
            'target_build': 0,
            'target_deliver': 0,
            'target_mine': 0,
            'target_return': 0},
 'Loss': {'baseline_loss': 0.010720416903495789,
          'behavior_kl_loss': 0.0,
          'entropy_loss': -0.07893651723861694,
          'intent_aux_loss': 0.0,
          'rule_aux_loss': 0.0,
          'teacher_baseline_loss': 0.0,
          'teacher_kl_loss': 0.0,
          'total_loss': 0.36711370944976807,
          'upgo_pg_loss': 1.656524896621704,
          'vtrace_pg_loss': -1.221195101737976},
 'Misc': {'actor_policy_tta_rot180': 1.0,
          'league_opponents': {'first_place': 1.0, 'selfplay': 0.0},
          'learning_rate': 4.7342048e-05,
          'teacher_kl_cost': 0.0,
          'teacher_policy_tta_rot180': 1.0,
          'total_games_played': 134},
 'Normalized_Entropy': {'cart': 0.9656274318695068,
                        'city_tile': 0.3086588680744171,
                        'overall': 0.3645788538972093,
                        'worker': 0.3647478520870209},
 'Teacher_KL_Divergence': {'cart': 0.0,
                           'city_tile': 0.0,
                           'overall': 0.0,
                           'worker': 0.0},
 'Value': {'bias': 6.752088665962219e-09,
           'explained_variance': 0.9993240237236023,
           'support_outside_fraction': 0.0,
           'target_std': 0.7039875984191895}}[0m
[[36m2026-08-16 10:15:37,220[0m][[34mroot[0m][[32mINFO[0m] - Steps 54144 @ 76.7 SPS / 1.2 BPS. Stats:
{'Actions': {'cart': {'MOVE': nan, 'NO-OP': nan, 'TRANSFER': nan},
             'city_tile': {'BUILD_CART': nan,
                           'BUILD_WORKER': nan,
                           'NO-OP': nan,
                           'RESEARCH': nan},
             'worker': {'BUILD_CITY': nan,
                        'MOVE': nan,
                        'NO-OP': nan,
                        'PILLAGE': nan,
                        'TRANSFER': nan}},
 'Active_Entities': {'cart': 339, 'city_tile': 1063, 'worker': 1237},
 'Behavior_Policy': {'actor_version_max': 53888,
                     'actor_version_min': 53504,
                     'beta': 0.0,
                     'buffer_lag_max': 576,
                     'ema_kl': None,
                     'forward_kl': 0.012697733007371426,
                     'learner_version': 54080,
                     'log_rho_max': 1.4943046569824219,
                     'log_rho_mean': -0.21672624349594116,
                     'log_rho_p95': 0.7822570204734802,
                     'reverse_kl': 0.013190560042858124,
                     'target': None,
                     'vtrace_rho_clipped_fraction': 0.203125},
 'Entropy': {'cart': 1.5514363050460815,
             'city_tile': 0.38146254420280457,
             'overall': 3.0286854207515717,
             'worker': 1.0957865715026855},
 'Env': {'carts_final': nan,
         'carts_peak': nan,
         'city_tiles_final': nan,
         'city_tiles_peak': nan,
         'max_cumulative_rewards': nan,
         'mean_cumulative_reward_magnitudes': nan,
         'mean_cumulative_rewards': nan,
         'research_points': nan,
         'separate_cities_final': nan,
         'separate_cities_peak': nan,
         'step': nan,
         'workers_final': nan,
         'workers_peak': nan},
 'Gradient': {'clipped': 1.0, 'norm_before_clip': 20.757692337036133},
 'Intent': {'accuracy': nan,
            'target_build': 0,
            'target_deliver': 0,
            'target_mine': 0,
            'target_return': 0},
 'Loss': {'baseline_loss': 0.03857112675905228,
          'behavior_kl_loss': 0.0,
          'entropy_loss': -0.4573838710784912,
          'intent_aux_loss': 0.0,
          'rule_aux_loss': 0.0,
          'teacher_baseline_loss': 0.0,
          'teacher_kl_loss': 0.0,
          'total_loss': -6.456364631652832,
          'upgo_pg_loss': 7.780632019042969,
          'vtrace_pg_loss': -13.818183898925781},
 'Misc': {'actor_policy_tta_rot180': 1.0,
          'league_opponents': {'first_place': 0.75, 'selfplay': 0.25},
          'learning_rate': 4.7323040000000004e-05,
          'teacher_kl_cost': 0.0,
          'teacher_policy_tta_rot180': 1.0,
          'total_games_played': 144},
 'Normalized_Entropy': {'cart': 0.9880028963088989,
                        'city_tile': 0.3603445589542389,
                        'overall': 0.5971288727670513,
                        'worker': 0.6934873461723328},
 'Teacher_KL_Divergence': {'cart': 0.0,
                           'city_tile': 0.0,
                           'overall': 0.0,
                           'worker': 0.0},
 'Value': {'bias': -6.6356733441352844e-09,
           'explained_variance': 0.9957730770111084,
           'support_outside_fraction': 0.0,
           'target_std': 0.4700467884540558}}[0m
[[36m2026-08-16 10:15:42,227[0m][[34mroot[0m][[32mINFO[0m] - Steps 54272 @ 25.6 SPS / 0.4 BPS. Stats:
{'Actions': {'cart': {'MOVE': nan, 'NO-OP': nan, 'TRANSFER': nan},
             'city_tile': {'BUILD_CART': nan,
                           'BUILD_WORKER': nan,
                           'NO-OP': nan,
                           'RESEARCH': nan},
             'worker': {'BUILD_CITY': nan,
                        'MOVE': nan,
                        'NO-OP': nan,
                        'PILLAGE': nan,
                        'TRANSFER': nan}},
 'Active_Entities': {'cart': 74, 'city_tile': 464, 'worker': 520},
 'Behavior_Policy': {'actor_version_max': 53888,
                     'actor_version_min': 53504,
                     'beta': 0.0,
                     'buffer_lag_max': 704,
                     'ema_kl': None,
                     'forward_kl': 0.012117275968194008,
                     'learner_version': 54208,
                     'log_rho_max': 1.4979538917541504,
                     'log_rho_mean': -0.09664366394281387,
                     'log_rho_p95': 0.5242930054664612,
                     'reverse_kl': 0.01172097772359848,
                     'target': None,
                     'vtrace_rho_clipped_fraction': 0.234375},
 'Entropy': {'cart': 1.534273624420166,
             'city_tile': 0.30092576146125793,
             'overall': 2.584716886281967,
             'worker': 0.7495175004005432},
 'Env': {'carts_final': nan,
         'carts_peak': nan,
         'city_tiles_final': nan,
         'city_tiles_peak': nan,
         'max_cumulative_rewards': nan,
         'mean_cumulative_reward_magnitudes': nan,
         'mean_cumulative_rewards': nan,
         'research_points': nan,
         'separate_cities_final': nan,
         'separate_cities_peak': nan,
         'step': nan,
         'workers_final': nan,
         'workers_peak': nan},
 'Gradient': {'clipped': 0.0, 'norm_before_clip': 9.268092155456543},
 'Intent': {'accuracy': nan,
            'target_build': 0,
            'target_deliver': 0,
            'target_mine': 0,
            'target_return': 0},
 'Loss': {'baseline_loss': 0.00850808434188366,
          'behavior_kl_loss': 0.0,
          'entropy_loss': -0.12858296930789948,
          'intent_aux_loss': 0.0,
          'rule_aux_loss': 0.0,
          'teacher_baseline_loss': 0.0,
          'teacher_kl_loss': 0.0,
          'total_loss': -5.916680335998535,
          'upgo_pg_loss': -0.2740862965583801,
          'vtrace_pg_loss': -5.522519111633301},
 'Misc': {'actor_policy_tta_rot180': 1.0,
          'league_opponents': {'first_place': 1.0, 'selfplay': 0.0},
          'learning_rate': 4.7316704e-05,
          'teacher_kl_cost': 0.0,
          'teacher_policy_tta_rot180': 1.0,
          'total_games_played': 144},
 'Normalized_Entropy': {'cart': 0.9623835682868958,
                        'city_tile': 0.285576730966568,
                        'overall': 0.42642969478956916,
                        'worker': 0.47584351897239685},
 'Teacher_KL_Divergence': {'cart': 0.0,
                           'city_tile': 0.0,
                           'overall': 0.0,
                           'worker': 0.0},
 'Value': {'bias': 2.7939677238464355e-09,
           'explained_variance': 0.9995139241218567,
           'support_outside_fraction': 0.0,
           'target_std': 0.7395902276039124}}[0m
[[36m2026-08-16 10:15:47,235[0m][[34mroot[0m][[32mINFO[0m] - Steps 54656 @ 76.7 SPS / 1.2 BPS. Stats:
{'Actions': {'cart': {'MOVE': nan, 'NO-OP': nan, 'TRANSFER': nan},
             'city_tile': {'BUILD_CART': nan,
                           'BUILD_WORKER': nan,
                           'NO-OP': nan,
                           'RESEARCH': nan},
             'worker': {'BUILD_CITY': nan,
                        'MOVE': nan,
                        'NO-OP': nan,
                        'PILLAGE': nan,
                        'TRANSFER': nan}},
 'Active_Entities': {'cart': 367, 'city_tile': 1431, 'worker': 1435},
 'Behavior_Policy': {'actor_version_max': 54528,
                     'actor_version_min': 53952,
                     'beta': 0.0,
                     'buffer_lag_max': 640,
                     'ema_kl': None,
                     'forward_kl': 0.011248880997300148,
                     'learner_version': 54592,
                     'log_rho_max': 1.3629302978515625,
                     'log_rho_mean': -0.21355022490024567,
                     'log_rho_p95': 0.7267252802848816,
                     'reverse_kl': 0.01186866220086813,
                     'target': None,
                     'vtrace_rho_clipped_fraction': 0.203125},
 'Entropy': {'cart': 1.5512568950653076,
             'city_tile': 0.4200482964515686,
             'overall': 2.939422130584717,
             'worker': 0.9681169390678406},
 'Env': {'carts_final': nan,
         'carts_peak': nan,
         'city_tiles_final': nan,
         'city_tiles_peak': nan,
         'max_cumulative_rewards': nan,
         'mean_cumulative_reward_magnitudes': nan,
         'mean_cumulative_rewards': nan,
         'research_points': nan,
         'separate_cities_final': nan,
         'separate_cities_peak': nan,
         'step': nan,
         'workers_final': nan,
         'workers_peak': nan},
 'Gradient': {'clipped': 1.0, 'norm_before_clip': 27.34222412109375},
 'Intent': {'accuracy': nan,
            'target_build': 0,
            'target_deliver': 0,
            'target_mine': 0,
            'target_return': 0},
 'Loss': {'baseline_loss': 0.04213787615299225,
          'behavior_kl_loss': 0.0,
          'entropy_loss': -0.5119295716285706,
          'intent_aux_loss': 0.0,
          'rule_aux_loss': 0.0,
          'teacher_baseline_loss': 0.0,
          'teacher_kl_loss': 0.0,
          'total_loss': 47.60200881958008,
          'upgo_pg_loss': 32.20710372924805,
          'vtrace_pg_loss': 15.86469554901123},
 'Misc': {'actor_policy_tta_rot180': 1.0,
          'league_opponents': {'first_place': 0.75, 'selfplay': 0.25},
          'learning_rate': 4.7297696e-05,
          'teacher_kl_cost': 0.0,
          'teacher_policy_tta_rot180': 1.0,
          'total_games_played': 144},
 'Normalized_Entropy': {'cart': 0.9857578277587891,
                        'city_tile': 0.40145206451416016,
                        'overall': 0.5599073416634385,
                        'worker': 0.6090100407600403},
 'Teacher_KL_Divergence': {'cart': 0.0,
                           'city_tile': 0.0,
                           'overall': 0.0,
                           'worker': 0.0},
 'Value': {'bias': 9.89530235528946e-09,
           'explained_variance': 0.9963713884353638,
           'support_outside_fraction': 0.0,
           'target_std': 0.5175297260284424}}[0m
[[36m2026-08-16 10:15:52,241[0m][[34mroot[0m][[32mINFO[0m] - Steps 54976 @ 63.9 SPS / 1.0 BPS. Stats:
{'Actions': {'cart': {'MOVE': nan, 'NO-OP': nan, 'TRANSFER': nan},
             'city_tile': {'BUILD_CART': nan,
                           'BUILD_WORKER': nan,
                           'NO-OP': nan,
                           'RESEARCH': nan},
             'worker': {'BUILD_CITY': nan,
                        'MOVE': nan,
                        'NO-OP': nan,
                        'PILLAGE': nan,
                        'TRANSFER': nan}},
 'Active_Entities': {'cart': 24, 'city_tile': 192, 'worker': 884},
 'Behavior_Policy': {'actor_version_max': 54784,
                     'actor_version_min': 54272,
                     'beta': 0.0,
                     'buffer_lag_max': 640,
                     'ema_kl': None,
                     'forward_kl': 0.023856809362769127,
                     'learner_version': 54912,
                     'log_rho_max': 2.0080652236938477,
                     'log_rho_mean': -0.16136687994003296,
                     'log_rho_p95': 0.6318570375442505,
                     'reverse_kl': 0.022961294278502464,
                     'target': None,
                     'vtrace_rho_clipped_fraction': 0.265625},
 'Entropy': {'cart': 1.4890903234481812,
             'city_tile': 0.4341915547847748,
             'overall': 2.503038614988327,
             'worker': 0.5797567367553711},
 'Env': {'carts_final': nan,
         'carts_peak': nan,
         'city_tiles_final': nan,
         'city_tiles_peak': nan,
         'max_cumulative_rewards': nan,
         'mean_cumulative_reward_magnitudes': nan,
         'mean_cumulative_rewards': nan,
         'research_points': nan,
         'separate_cities_final': nan,
         'separate_cities_peak': nan,
         'step': nan,
         'workers_final': nan,
         'workers_peak': nan},
 'Gradient': {'clipped': 1.0, 'norm_before_clip': 58.69758605957031},
 'Intent': {'accuracy': nan,
            'target_build': 0,
            'target_deliver': 0,
            'target_mine': 0,
            'target_return': 0},
 'Loss': {'baseline_loss': 0.27625030279159546,
          'behavior_kl_loss': 0.0,
          'entropy_loss': -0.12632158398628235,
          'intent_aux_loss': 0.0,
          'rule_aux_loss': 0.0,
          'teacher_baseline_loss': 0.0,
          'teacher_kl_loss': 0.0,
          'total_loss': 3.120988607406616,
          'upgo_pg_loss': 11.173139572143555,
          'vtrace_pg_loss': -8.202079772949219},
 'Misc': {'actor_policy_tta_rot180': 1.0,
          'league_opponents': {'first_place': 0.75, 'selfplay': 0.25},
          'learning_rate': 4.7281856000000005e-05,
          'teacher_kl_cost': 0.0,
          'teacher_policy_tta_rot180': 1.0,
          'total_games_played': 145},
 'Normalized_Entropy': {'cart': 0.9701467156410217,
                        'city_tile': 0.3308824300765991,
                        'overall': 0.37163609385490415,
                        'worker': 0.3642384111881256},
 'Teacher_KL_Divergence': {'cart': 0.0,
                           'city_tile': 0.0,
                           'overall': 0.0,
                           'worker': 0.0},
 'Value': {'bias': -7.2177499532699585e-09,
           'explained_variance': 0.9401817917823792,
           'support_outside_fraction': 0.0,
           'target_std': 0.3356269896030426}}[0m
[[36m2026-08-16 10:15:57,247[0m][[34mroot[0m][[32mINFO[0m] - Steps 55296 @ 63.9 SPS / 1.0 BPS. Stats:
{'Actions': {'cart': {'MOVE': nan, 'NO-OP': nan, 'TRANSFER': nan},
             'city_tile': {'BUILD_CART': nan,
                           'BUILD_WORKER': nan,
                           'NO-OP': nan,
                           'RESEARCH': nan},
             'worker': {'BUILD_CITY': nan,
                        'MOVE': nan,
                        'NO-OP': nan,
                        'PILLAGE': nan,
                        'TRANSFER': nan}},
 'Active_Entities': {'cart': 84, 'city_tile': 569, 'worker': 663},
 'Behavior_Policy': {'actor_version_max': 55040,
                     'actor_version_min': 54528,
                     'beta': 0.0,
                     'buffer_lag_max': 704,
                     'ema_kl': None,
                     'forward_kl': 0.010008338838815689,
                     'learner_version': 55232,
                     'log_rho_max': 1.450723648071289,
                     'log_rho_mean': -0.08181099593639374,
                     'log_rho_p95': 0.42906588315963745,
                     'reverse_kl': 0.008734526112675667,
                     'target': None,
                     'vtrace_rho_clipped_fraction': 0.2109375},
 'Entropy': {'cart': 1.5362884998321533,
             'city_tile': 0.31100183725357056,
             'overall': 2.750285029411316,
             'worker': 0.902994692325592},
 'Env': {'carts_final': nan,
         'carts_peak': nan,
         'city_tiles_final': nan,
         'city_tiles_peak': nan,
         'max_cumulative_rewards': nan,
         'mean_cumulative_reward_magnitudes': nan,
         'mean_cumulative_rewards': nan,
         'research_points': nan,
         'separate_cities_final': nan,
         'separate_cities_peak': nan,
         'step': nan,
         'workers_final': nan,
         'workers_peak': nan},
 'Gradient': {'clipped': 1.0, 'norm_before_clip': 24.397703170776367},
 'Intent': {'accuracy': nan,
            'target_build': 0,
            'target_deliver': 0,
            'target_mine': 0,
            'target_return': 0},
 'Loss': {'baseline_loss': 0.028595397248864174,
          'behavior_kl_loss': 0.0,
          'entropy_loss': -0.1809387356042862,
          'intent_aux_loss': 0.0,
          'rule_aux_loss': 0.0,
          'teacher_baseline_loss': 0.0,
          'teacher_kl_loss': 0.0,
          'total_loss': 12.350250244140625,
          'upgo_pg_loss': 8.33461856842041,
          'vtrace_pg_loss': 4.167975425720215},
 'Misc': {'actor_policy_tta_rot180': 1.0,
          'league_opponents': {'first_place': 1.0, 'selfplay': 0.0},
          'learning_rate': 4.7266016e-05,
          'teacher_kl_cost': 0.0,
          'teacher_policy_tta_rot180': 1.0,
          'total_games_played': 145},
 'Normalized_Entropy': {'cart': 0.9750551581382751,
                        'city_tile': 0.28254207968711853,
                        'overall': 0.4610658190397144,
                        'worker': 0.5491576790809631},
 'Teacher_KL_Divergence': {'cart': 0.0,
                           'city_tile': 0.0,
                           'overall': 0.0,
                           'worker': 0.0},
 'Value': {'bias': -1.7462298274040222e-08,
           'explained_variance': 0.9977944493293762,
           'support_outside_fraction': 0.0,
           'target_std': 0.6365211606025696}}[0m
[[36m2026-08-16 10:16:02,253[0m][[34mroot[0m][[32mINFO[0m] - Steps 55552 @ 51.2 SPS / 0.8 BPS. Stats:
{'Actions': {'cart': {'MOVE': nan, 'NO-OP': nan, 'TRANSFER': nan},
             'city_tile': {'BUILD_CART': nan,
                           'BUILD_WORKER': nan,
                           'NO-OP': nan,
                           'RESEARCH': nan},
             'worker': {'BUILD_CITY': nan,
                        'MOVE': nan,
                        'NO-OP': nan,
                        'PILLAGE': nan,
                        'TRANSFER': nan}},
 'Active_Entities': {'cart': 0, 'city_tile': 167, 'worker': 725},
 'Behavior_Policy': {'actor_version_max': 55296,
                     'actor_version_min': 54784,
                     'beta': 0.0,
                     'buffer_lag_max': 704,
                     'ema_kl': None,
                     'forward_kl': 0.022650783881545067,
                     'learner_version': 55488,
                     'log_rho_max': 1.5395135879516602,
                     'log_rho_mean': -0.16368302702903748,
                     'log_rho_p95': 0.5937430262565613,
                     'reverse_kl': 0.02429732121527195,
                     'target': None,
                     'vtrace_rho_clipped_fraction': 0.2265625},
 'Entropy': {'cart': -0.0,
             'city_tile': 0.15282492339611053,
             'overall': 0.727369412779808,
             'worker': 0.5745444893836975},
 'Env': {'carts_final': nan,
         'carts_peak': nan,
         'city_tiles_final': nan,
         'city_tiles_peak': nan,
         'max_cumulative_rewards': nan,
         'mean_cumulative_reward_magnitudes': nan,
         'mean_cumulative_rewards': nan,
         'research_points': nan,
         'separate_cities_final': nan,
         'separate_cities_peak': nan,
         'step': nan,
         'workers_final': nan,
         'workers_peak': nan},
 'Gradient': {'clipped': 1.0, 'norm_before_clip': 42.423126220703125},
 'Intent': {'accuracy': nan,
            'target_build': 0,
            'target_deliver': 0,
            'target_mine': 0,
            'target_return': 0},
 'Loss': {'baseline_loss': 0.1036427915096283,
          'behavior_kl_loss': 0.0,
          'entropy_loss': -0.0884132906794548,
          'intent_aux_loss': 0.0,
          'rule_aux_loss': 0.0,
          'teacher_baseline_loss': 0.0,
          'teacher_kl_loss': 0.0,
          'total_loss': 4.834547519683838,
          'upgo_pg_loss': 6.499905586242676,
          'vtrace_pg_loss': -1.6805880069732666},
 'Misc': {'actor_policy_tta_rot180': 1.0,
          'league_opponents': {'first_place': 0.75, 'selfplay': 0.25},
          'learning_rate': 4.7253344e-05,
          'teacher_kl_cost': 0.0,
          'teacher_policy_tta_rot180': 1.0,
          'total_games_played': 145},
 'Normalized_Entropy': {'cart': 0.0,
                        'city_tile': 0.12669697403907776,
                        'overall': 0.31752255398596346,
                        'worker': 0.3614782392978668},
 'Teacher_KL_Divergence': {'cart': 0.0,
                           'city_tile': 0.0,
                           'overall': 0.0,
                           'worker': 0.0},
 'Value': {'bias': -2.6193447411060333e-10,
           'explained_variance': 0.9795728325843811,
           'support_outside_fraction': 0.0,
           'target_std': 0.39070722460746765}}[0m
[[36m2026-08-16 10:16:07,259[0m][[34mroot[0m][[32mINFO[0m] - Steps 56064 @ 102.3 SPS / 1.6 BPS. Stats:
{'Actions': {'cart': {'MOVE': nan, 'NO-OP': nan, 'TRANSFER': nan},
             'city_tile': {'BUILD_CART': nan,
                           'BUILD_WORKER': nan,
                           'NO-OP': nan,
                           'RESEARCH': nan},
             'worker': {'BUILD_CITY': nan,
                        'MOVE': nan,
                        'NO-OP': nan,
                        'PILLAGE': nan,
                        'TRANSFER': nan}},
 'Active_Entities': {'cart': 10, 'city_tile': 438, 'worker': 943},
 'Behavior_Policy': {'actor_version_max': 55808,
                     'actor_version_min': 55296,
                     'beta': 0.0,
                     'buffer_lag_max': 704,
                     'ema_kl': None,
                     'forward_kl': 0.01716040074825287,
                     'learner_version': 56000,
                     'log_rho_max': 1.45928955078125,
                     'log_rho_mean': -0.17365995049476624,
                     'log_rho_p95': 0.40653306245803833,
                     'reverse_kl': 0.016776347532868385,
                     'target': None,
                     'vtrace_rho_clipped_fraction': 0.25},
 'Entropy': {'cart': 1.5314034223556519,
             'city_tile': 0.30667540431022644,
             'overall': 2.390309363603592,
             'worker': 0.5522305369377136},
 'Env': {'carts_final': nan,
         'carts_peak': nan,
         'city_tiles_final': nan,
         'city_tiles_peak': nan,
         'max_cumulative_rewards': nan,
         'mean_cumulative_reward_magnitudes': nan,
         'mean_cumulative_rewards': nan,
         'research_points': nan,
         'separate_cities_final': nan,
         'separate_cities_peak': nan,
         'step': nan,
         'workers_final': nan,
         'workers_peak': nan},
 'Gradient': {'clipped': 1.0, 'norm_before_clip': 37.403656005859375},
 'Intent': {'accuracy': nan,
            'target_build': 0,
            'target_deliver': 0,
            'target_mine': 0,
            'target_return': 0},
 'Loss': {'baseline_loss': 0.11993008852005005,
          'behavior_kl_loss': 0.0,
          'entropy_loss': -0.1340782642364502,
          'intent_aux_loss': 0.0,
          'rule_aux_loss': 0.0,
          'teacher_baseline_loss': 0.0,
          'teacher_kl_loss': 0.0,
          'total_loss': 5.866201400756836,
          'upgo_pg_loss': 9.677900314331055,
          'vtrace_pg_loss': -3.797551393508911},
 'Misc': {'actor_policy_tta_rot180': 1.0,
          'league_opponents': {'first_place': 0.75, 'selfplay': 0.25},
          'learning_rate': 4.7228e-05,
          'teacher_kl_cost': 0.0,
          'teacher_policy_tta_rot180': 1.0,
          'total_games_played': 145},
 'Normalized_Entropy': {'cart': 0.9515144228935242,
                        'city_tile': 0.27248650789260864,
                        'overall': 0.32902396220170194,
                        'worker': 0.34868302941322327},
 'Teacher_KL_Divergence': {'cart': 0.0,
                           'city_tile': 0.0,
                           'overall': 0.0,
                           'worker': 0.0},
 'Value': {'bias': -9.516952559351921e-09,
           'explained_variance': 0.9822887182235718,
           'support_outside_fraction': 0.0,
           'target_std': 0.42643752694129944}}[0m
[[36m2026-08-16 10:16:12,265[0m][[34mroot[0m][[32mINFO[0m] - Steps 56320 @ 51.2 SPS / 0.8 BPS. Stats:
{'Actions': {'cart': {'MOVE': nan, 'NO-OP': nan, 'TRANSFER': nan},
             'city_tile': {'BUILD_CART': nan,
                           'BUILD_WORKER': nan,
                           'NO-OP': nan,
                           'RESEARCH': nan},
             'worker': {'BUILD_CITY': nan,
                        'MOVE': nan,
                        'NO-OP': nan,
                        'PILLAGE': nan,
                        'TRANSFER': nan}},
 'Active_Entities': {'cart': 126, 'city_tile': 641, 'worker': 852},
 'Behavior_Policy': {'actor_version_max': 56064,
                     'actor_version_min': 55552,
                     'beta': 0.0,
                     'buffer_lag_max': 704,
                     'ema_kl': None,
                     'forward_kl': 0.012089337222278118,
                     'learner_version': 56256,
                     'log_rho_max': 1.5252046585083008,
                     'log_rho_mean': -0.12438561022281647,
                     'log_rho_p95': 0.5179240107536316,
                     'reverse_kl': 0.012331904843449593,
                     'target': None,
                     'vtrace_rho_clipped_fraction': 0.21875},
 'Entropy': {'cart': 1.5913585424423218,
             'city_tile': 0.6065132021903992,
             'overall': 3.007978856563568,
             'worker': 0.8101071119308472},
 'Env': {'carts_final': nan,
         'carts_peak': nan,
         'city_tiles_final': nan,
         'city_tiles_peak': nan,
         'max_cumulative_rewards': nan,
         'mean_cumulative_reward_magnitudes': nan,
         'mean_cumulative_rewards': nan,
         'research_points': nan,
         'separate_cities_final': nan,
         'separate_cities_peak': nan,
         'step': nan,
         'workers_final': nan,
         'workers_peak': nan},
 'Gradient': {'clipped': 1.0, 'norm_before_clip': 26.921981811523438},
 'Intent': {'accuracy': nan,
            'target_build': 0,
            'target_deliver': 0,
            'target_mine': 0,
            'target_return': 0},
 'Loss': {'baseline_loss': 0.06645284593105316,
          'behavior_kl_loss': 0.0,
          'entropy_loss': -0.25589948892593384,
          'intent_aux_loss': 0.0,
          'rule_aux_loss': 0.0,
          'teacher_baseline_loss': 0.0,
          'teacher_kl_loss': 0.0,
          'total_loss': -8.612016677856445,
          'upgo_pg_loss': 6.408099174499512,
          'vtrace_pg_loss': -14.830669403076172},
 'Misc': {'actor_policy_tta_rot180': 1.0,
          'league_opponents': {'first_place': 1.0, 'selfplay': 0.0},
          'learning_rate': 4.7215328000000005e-05,
          'teacher_kl_cost': 0.0,
          'teacher_policy_tta_rot180': 1.0,
          'total_games_played': 145},
 'Normalized_Entropy': {'cart': 0.9738060832023621,
                        'city_tile': 0.5474710464477539,
                        'overall': 0.5551283680560635,
                        'worker': 0.49897220730781555},
 'Teacher_KL_Divergence': {'cart': 0.0,
                           'city_tile': 0.0,
                           'overall': 0.0,
                           'worker': 0.0},
 'Value': {'bias': 1.3620592653751373e-08,
           'explained_variance': 0.9952446222305298,
           'support_outside_fraction': 0.0,
           'target_std': 0.6608308553695679}}[0m
[[36m2026-08-16 10:16:17,270[0m][[34mroot[0m][[32mINFO[0m] - Steps 56576 @ 51.2 SPS / 0.8 BPS. Stats:
{'Actions': {'cart': {'MOVE': nan, 'NO-OP': nan, 'TRANSFER': nan},
             'city_tile': {'BUILD_CART': nan,
                           'BUILD_WORKER': nan,
                           'NO-OP': nan,
                           'RESEARCH': nan},
             'worker': {'BUILD_CITY': nan,
                        'MOVE': nan,
                        'NO-OP': nan,
                        'PILLAGE': nan,
                        'TRANSFER': nan}},
 'Active_Entities': {'cart': 8, 'city_tile': 856, 'worker': 1183},
 'Behavior_Policy': {'actor_version_max': 56320,
                     'actor_version_min': 55808,
                     'beta': 0.0,
                     'buffer_lag_max': 704,
                     'ema_kl': None,
                     'forward_kl': 0.01614750735461712,
                     'learner_version': 56512,
                     'log_rho_max': 1.4279322624206543,
                     'log_rho_mean': -0.309665322303772,
                     'log_rho_p95': 0.6441967487335205,
                     'reverse_kl': 0.016342975199222565,
                     'target': None,
                     'vtrace_rho_clipped_fraction': 0.1640625},
 'Entropy': {'cart': 1.4893333911895752,
             'city_tile': 0.2468295395374298,
             'overall': 2.400683671236038,
             'worker': 0.6645207405090332},
 'Env': {'carts_final': nan,
         'carts_peak': nan,
         'city_tiles_final': nan,
         'city_tiles_peak': nan,
         'max_cumulative_rewards': nan,
         'mean_cumulative_reward_magnitudes': nan,
         'mean_cumulative_rewards': nan,
         'research_points': nan,
         'separate_cities_final': nan,
         'separate_cities_peak': nan,
         'step': nan,
         'workers_final': nan,
         'workers_peak': nan},
 'Gradient': {'clipped': 1.0, 'norm_before_clip': 62.72806930541992},
 'Intent': {'accuracy': nan,
            'target_build': 0,
            'target_deliver': 0,
            'target_mine': 0,
            'target_return': 0},
 'Loss': {'baseline_loss': 0.10724659264087677,
          'behavior_kl_loss': 0.0,
          'entropy_loss': -0.2018657624721527,
          'intent_aux_loss': 0.0,
          'rule_aux_loss': 0.0,
          'teacher_baseline_loss': 0.0,
          'teacher_kl_loss': 0.0,
          'total_loss': 12.351469039916992,
          'upgo_pg_loss': 11.352373123168945,
          'vtrace_pg_loss': 1.093716025352478},
 'Misc': {'actor_policy_tta_rot180': 1.0,
          'league_opponents': {'first_place': 0.75, 'selfplay': 0.25},
          'learning_rate': 4.7202656e-05,
          'teacher_kl_cost': 0.0,
          'teacher_policy_tta_rot180': 1.0,
          'total_games_played': 145},
 'Normalized_Entropy': {'cart': 0.9373559355735779,
                        'city_tile': 0.22296972572803497,
                        'overall': 0.3389584622880454,
                        'worker': 0.4188394248485565},
 'Teacher_KL_Divergence': {'cart': 0.0,
                           'city_tile': 0.0,
                           'overall': 0.0,
                           'worker': 0.0},
 'Value': {'bias': -1.1059455573558807e-08,
           'explained_variance': 0.9870002865791321,
           'support_outside_fraction': 0.0,
           'target_std': 0.4831010699272156}}[0m
[[36m2026-08-16 10:16:22,275[0m][[34mroot[0m][[32mINFO[0m] - Steps 57088 @ 102.3 SPS / 1.6 BPS. Stats:
{'Actions': {'cart': {'MOVE': nan, 'NO-OP': nan, 'TRANSFER': nan},
             'city_tile': {'BUILD_CART': nan,
                           'BUILD_WORKER': nan,
                           'NO-OP': nan,
                           'RESEARCH': nan},
             'worker': {'BUILD_CITY': nan,
                        'MOVE': nan,
                        'NO-OP': nan,
                        'PILLAGE': nan,
                        'TRANSFER': nan}},
 'Active_Entities': {'cart': 33, 'city_tile': 1324, 'worker': 1375},
 'Behavior_Policy': {'actor_version_max': 56832,
                     'actor_version_min': 56320,
                     'beta': 0.0,
                     'buffer_lag_max': 704,
                     'ema_kl': None,
                     'forward_kl': 0.020786603912711143,
                     'learner_version': 57024,
                     'log_rho_max': 1.6931943893432617,
                     'log_rho_mean': -0.1993449330329895,
                     'log_rho_p95': 0.7495909333229065,
                     'reverse_kl': 0.022351456806063652,
                     'target': None,
                     'vtrace_rho_clipped_fraction': 0.1953125},
 'Entropy': {'cart': 1.5330116748809814,
             'city_tile': 0.33752426505088806,
             'overall': 2.7544144093990326,
             'worker': 0.8838784694671631},
 'Env': {'carts_final': nan,
         'carts_peak': nan,
         'city_tiles_final': nan,
         'city_tiles_peak': nan,
         'max_cumulative_rewards': nan,
         'mean_cumulative_reward_magnitudes': nan,
         'mean_cumulative_rewards': nan,
         'research_points': nan,
         'separate_cities_final': nan,
         'separate_cities_peak': nan,
         'step': nan,
         'workers_final': nan,
         'workers_peak': nan},
 'Gradient': {'clipped': 1.0, 'norm_before_clip': 37.95728302001953},
 'Intent': {'accuracy': nan,
            'target_build': 0,
            'target_deliver': 0,
            'target_mine': 0,
            'target_return': 0},
 'Loss': {'baseline_loss': 0.0759943425655365,
          'behavior_kl_loss': 0.0,
          'entropy_loss': -0.34256088733673096,
          'intent_aux_loss': 0.0,
          'rule_aux_loss': 0.0,
          'teacher_baseline_loss': 0.0,
          'teacher_kl_loss': 0.0,
          'total_loss': 18.9522705078125,
          'upgo_pg_loss': 21.768001556396484,
          'vtrace_pg_loss': -2.549163341522217},
 'Misc': {'actor_policy_tta_rot180': 1.0,
          'league_opponents': {'first_place': 0.75, 'selfplay': 0.25},
          'learning_rate': 4.7177312e-05,
          'teacher_kl_cost': 0.0,
          'teacher_policy_tta_rot180': 1.0,
          'total_games_played': 145},
 'Normalized_Entropy': {'cart': 0.9517191052436829,
                        'city_tile': 0.3026181757450104,
                        'overall': 0.437346557288882,
                        'worker': 0.5547327995300293},
 'Teacher_KL_Divergence': {'cart': 0.0,
                           'city_tile': 0.0,
                           'overall': 0.0,
                           'worker': 0.0},
 'Value': {'bias': -1.8568243831396103e-08,
           'explained_variance': 0.9909924864768982,
           'support_outside_fraction': 0.0,
           'target_std': 0.48038744926452637}}[0m
[[36m2026-08-16 10:16:27,281[0m][[34mroot[0m][[32mINFO[0m] - Steps 57344 @ 51.2 SPS / 0.8 BPS. Stats:
{'Actions': {'cart': {'MOVE': nan, 'NO-OP': nan, 'TRANSFER': nan},
             'city_tile': {'BUILD_CART': nan,
                           'BUILD_WORKER': nan,
                           'NO-OP': nan,
                           'RESEARCH': nan},
             'worker': {'BUILD_CITY': nan,
                        'MOVE': nan,
                        'NO-OP': nan,
                        'PILLAGE': nan,
                        'TRANSFER': nan}},
 'Active_Entities': {'cart': 161, 'city_tile': 1084, 'worker': 1032},
 'Behavior_Policy': {'actor_version_max': 57088,
                     'actor_version_min': 56576,
                     'beta': 0.0,
                     'buffer_lag_max': 704,
                     'ema_kl': None,
                     'forward_kl': 0.008258167654275894,
                     'learner_version': 57280,
                     'log_rho_max': 0.9094161987304688,
                     'log_rho_mean': -0.04802462458610535,
                     'log_rho_p95': 0.3243847191333771,
                     'reverse_kl': 0.007926879450678825,
                     'target': None,
                     'vtrace_rho_clipped_fraction': 0.21875},
 'Entropy': {'cart': 1.5814629793167114,
             'city_tile': 0.3745730221271515,
             'overall': 2.843552201986313,
             'worker': 0.88751620054245},
 'Env': {'carts_final': nan,
         'carts_peak': nan,
         'city_tiles_final': nan,
         'city_tiles_peak': nan,
         'max_cumulative_rewards': nan,
         'mean_cumulative_reward_magnitudes': nan,
         'mean_cumulative_rewards': nan,
         'research_points': nan,
         'separate_cities_final': nan,
         'separate_cities_peak': nan,
         'step': nan,
         'workers_final': nan,
         'workers_peak': nan},
 'Gradient': {'clipped': 1.0, 'norm_before_clip': 83.74040222167969},
 'Intent': {'accuracy': nan,
            'target_build': 0,
            'target_deliver': 0,
            'target_mine': 0,
            'target_return': 0},
 'Loss': {'baseline_loss': 0.398823618888855,
          'behavior_kl_loss': 0.0,
          'entropy_loss': -0.31531384587287903,
          'intent_aux_loss': 0.0,
          'rule_aux_loss': 0.0,
          'teacher_baseline_loss': 0.0,
          'teacher_kl_loss': 0.0,
          'total_loss': -1.4828048944473267,
          'upgo_pg_loss': 11.576948165893555,
          'vtrace_pg_loss': -13.14326286315918},
 'Misc': {'actor_policy_tta_rot180': 1.0,
          'league_opponents': {'first_place': 1.0, 'selfplay': 0.0},
          'learning_rate': 4.716464e-05,
          'teacher_kl_cost': 0.0,
          'teacher_policy_tta_rot180': 1.0,
          'total_games_played': 146},
 'Normalized_Entropy': {'cart': 0.9856562614440918,
                        'city_tile': 0.3404715657234192,
                        'overall': 0.47725888883852885,
                        'worker': 0.5416246652603149},
 'Teacher_KL_Divergence': {'cart': 0.0,
                           'city_tile': 0.0,
                           'overall': 0.0,
                           'worker': 0.0},
 'Value': {'bias': -2.7939677238464355e-09,
           'explained_variance': 0.9793426394462585,
           'support_outside_fraction': 0.0,
           'target_std': 0.77674400806427}}[0m
[[36m2026-08-16 10:16:32,287[0m][[34mroot[0m][[32mINFO[0m] - Steps 57600 @ 51.2 SPS / 0.8 BPS. Stats:
{'Actions': {'cart': {'MOVE': nan, 'NO-OP': nan, 'TRANSFER': nan},
             'city_tile': {'BUILD_CART': nan,
                           'BUILD_WORKER': nan,
                           'NO-OP': nan,
                           'RESEARCH': nan},
             'worker': {'BUILD_CITY': nan,
                        'MOVE': nan,
                        'NO-OP': nan,
                        'PILLAGE': nan,
                        'TRANSFER': nan}},
 'Active_Entities': {'cart': 112, 'city_tile': 1418, 'worker': 1831},
 'Behavior_Policy': {'actor_version_max': 57344,
                     'actor_version_min': 56832,
                     'beta': 0.0,
                     'buffer_lag_max': 704,
                     'ema_kl': None,
                     'forward_kl': 0.010781551711261272,
                     'learner_version': 57536,
                     'log_rho_max': 2.2664337158203125,
                     'log_rho_mean': -0.12762778997421265,
                     'log_rho_p95': 0.8736534714698792,
                     'reverse_kl': 0.011010095477104187,
                     'target': None,
                     'vtrace_rho_clipped_fraction': 0.2578125},
 'Entropy': {'cart': 1.4912137985229492,
             'city_tile': 0.32250353693962097,
             'overall': 2.5173135101795197,
             'worker': 0.7035961747169495},
 'Env': {'carts_final': nan,
         'carts_peak': nan,
         'city_tiles_final': nan,
         'city_tiles_peak': nan,
         'max_cumulative_rewards': nan,
         'mean_cumulative_reward_magnitudes': nan,
         'mean_cumulative_rewards': nan,
         'research_points': nan,
         'separate_cities_final': nan,
         'separate_cities_peak': nan,
         'step': nan,
         'workers_final': nan,
         'workers_peak': nan},
 'Gradient': {'clipped': 1.0, 'norm_before_clip': 58.488746643066406},
 'Intent': {'accuracy': nan,
            'target_build': 0,
            'target_deliver': 0,
            'target_mine': 0,
            'target_return': 0},
 'Loss': {'baseline_loss': 0.07010912895202637,
          'behavior_kl_loss': 0.0,
          'entropy_loss': -0.3825221061706543,
          'intent_aux_loss': 0.0,
          'rule_aux_loss': 0.0,
          'teacher_baseline_loss': 0.0,
          'teacher_kl_loss': 0.0,
          'total_loss': 8.957193374633789,
          'upgo_pg_loss': 15.118162155151367,
          'vtrace_pg_loss': -5.848555564880371},
 'Misc': {'actor_policy_tta_rot180': 1.0,
          'league_opponents': {'first_place': 0.75, 'selfplay': 0.25},
          'learning_rate': 4.7151968000000004e-05,
          'teacher_kl_cost': 0.0,
          'teacher_policy_tta_rot180': 1.0,
          'total_games_played': 146},
 'Normalized_Entropy': {'cart': 0.9679122567176819,
                        'city_tile': 0.28856775164604187,
                        'overall': 0.393063802940439,
                        'worker': 0.4388269782066345},
 'Teacher_KL_Divergence': {'cart': 0.0,
                           'city_tile': 0.0,
                           'overall': 0.0,
                           'worker': 0.0},
 'Value': {'bias': 5.3551048040390015e-09,
           'explained_variance': 0.994469165802002,
           'support_outside_fraction': 0.0,
           'target_std': 0.5512359142303467}}[0m
[[36m2026-08-16 10:16:37,293[0m][[34mroot[0m][[32mINFO[0m] - Steps 58112 @ 102.3 SPS / 1.6 BPS. Stats:
{'Actions': {'cart': {'MOVE': nan, 'NO-OP': nan, 'TRANSFER': nan},
             'city_tile': {'BUILD_CART': nan,
                           'BUILD_WORKER': nan,
                           'NO-OP': nan,
                           'RESEARCH': nan},
             'worker': {'BUILD_CITY': nan,
                        'MOVE': nan,
                        'NO-OP': nan,
                        'PILLAGE': nan,
                        'TRANSFER': nan}},
 'Active_Entities': {'cart': 159, 'city_tile': 1739, 'worker': 1795},
 'Behavior_Policy': {'actor_version_max': 57856,
                     'actor_version_min': 57344,
                     'beta': 0.0,
                     'buffer_lag_max': 704,
                     'ema_kl': None,
                     'forward_kl': 0.011817780323326588,
                     'learner_version': 58048,
                     'log_rho_max': 2.3248748779296875,
                     'log_rho_mean': -0.25013965368270874,
                     'log_rho_p95': 0.7288489937782288,
                     'reverse_kl': 0.011284719221293926,
                     'target': None,
                     'vtrace_rho_clipped_fraction': 0.203125},
 'Entropy': {'cart': 1.4952272176742554,
             'city_tile': 0.3568243682384491,
             'overall': 2.869327872991562,
             'worker': 1.0172762870788574},
 'Env': {'carts_final': nan,
         'carts_peak': nan,
         'city_tiles_final': nan,
         'city_tiles_peak': nan,
         'max_cumulative_rewards': nan,
         'mean_cumulative_reward_magnitudes': nan,
         'mean_cumulative_rewards': nan,
         'research_points': nan,
         'separate_cities_final': nan,
         'separate_cities_peak': nan,
         'step': nan,
         'workers_final': nan,
         'workers_peak': nan},
 'Gradient': {'clipped': 1.0, 'norm_before_clip': 43.47502136230469},
 'Intent': {'accuracy': nan,
            'target_build': 0,
            'target_deliver': 0,
            'target_mine': 0,
            'target_return': 0},
 'Loss': {'baseline_loss': 0.06194089353084564,
          'behavior_kl_loss': 0.0,
          'entropy_loss': -0.5368539094924927,
          'intent_aux_loss': 0.0,
          'rule_aux_loss': 0.0,
          'teacher_baseline_loss': 0.0,
          'teacher_kl_loss': 0.0,
          'total_loss': 41.246097564697266,
          'upgo_pg_loss': 38.889686584472656,
          'vtrace_pg_loss': 2.8313255310058594},
 'Misc': {'actor_policy_tta_rot180': 1.0,
          'league_opponents': {'first_place': 0.75, 'selfplay': 0.25},
          'learning_rate': 4.7126624e-05,
          'teacher_kl_cost': 0.0,
          'teacher_policy_tta_rot180': 1.0,
          'total_games_played': 146},
 'Normalized_Entropy': {'cart': 0.972636878490448,
                        'city_tile': 0.32923436164855957,
                        'overall': 0.5075874991640308,
                        'worker': 0.6391826272010803},
 'Teacher_KL_Divergence': {'cart': 0.0,
                           'city_tile': 0.0,
                           'overall': 0.0,
                           'worker': 0.0},
 'Value': {'bias': -5.762558430433273e-09,
           'explained_variance': 0.9947192668914795,
           'support_outside_fraction': 0.0,
           'target_std': 0.558395266532898}}[0m
[[36m2026-08-16 10:16:42,298[0m][[34mroot[0m][[32mINFO[0m] - Steps 58368 @ 51.2 SPS / 0.8 BPS. Stats:
{'Actions': {'cart': {'MOVE': nan, 'NO-OP': nan, 'TRANSFER': nan},
             'city_tile': {'BUILD_CART': nan,
                           'BUILD_WORKER': nan,
                           'NO-OP': nan,
                           'RESEARCH': nan},
             'worker': {'BUILD_CITY': nan,
                        'MOVE': nan,
                        'NO-OP': nan,
                        'PILLAGE': nan,
                        'TRANSFER': nan}},
 'Active_Entities': {'cart': 167, 'city_tile': 1393, 'worker': 1141},
 'Behavior_Policy': {'actor_version_max': 58112,
                     'actor_version_min': 57600,
                     'beta': 0.0,
                     'buffer_lag_max': 704,
                     'ema_kl': None,
                     'forward_kl': 0.007447568699717522,
                     'learner_version': 58304,
                     'log_rho_max': 1.0148468017578125,
                     'log_rho_mean': -0.13011567294597626,
                     'log_rho_p95': 0.20937329530715942,
                     'reverse_kl': 0.007448273710906506,
                     'target': None,
                     'vtrace_rho_clipped_fraction': 0.1796875},
 'Entropy': {'cart': 1.5655146837234497,
             'city_tile': 0.3494482934474945,
             'overall': 3.169758528470993,
             'worker': 1.2547955513000488},
 'Env': {'carts_final': nan,
         'carts_peak': nan,
         'city_tiles_final': nan,
         'city_tiles_peak': nan,
         'max_cumulative_rewards': nan,
         'mean_cumulative_reward_magnitudes': nan,
         'mean_cumulative_rewards': nan,
         'research_points': nan,
         'separate_cities_final': nan,
         'separate_cities_peak': nan,
         'step': nan,
         'workers_final': nan,
         'workers_peak': nan},
 'Gradient': {'clipped': 1.0, 'norm_before_clip': 10.877607345581055},
 'Intent': {'accuracy': nan,
            'target_build': 0,
            'target_deliver': 0,
            'target_mine': 0,
            'target_return': 0},
 'Loss': {'baseline_loss': 0.00482573825865984,
          'behavior_kl_loss': 0.0,
          'entropy_loss': -0.43598881363868713,
          'intent_aux_loss': 0.0,
          'rule_aux_loss': 0.0,
          'teacher_baseline_loss': 0.0,
          'teacher_kl_loss': 0.0,
          'total_loss': 30.31884765625,
          'upgo_pg_loss': 19.182945251464844,
          'vtrace_pg_loss': 11.567065238952637},
 'Misc': {'actor_policy_tta_rot180': 1.0,
          'league_opponents': {'first_place': 1.0, 'selfplay': 0.0},
          'learning_rate': 4.7113952e-05,
          'teacher_kl_cost': 0.0,
          'teacher_policy_tta_rot180': 1.0,
          'total_games_played': 146},
 'Normalized_Entropy': {'cart': 0.993634045124054,
                        'city_tile': 0.3223273754119873,
                        'overall': 0.5535072624484771,
                        'worker': 0.7713270783424377},
 'Teacher_KL_Divergence': {'cart': 0.0,
                           'city_tile': 0.0,
                           'overall': 0.0,
                           'worker': 0.0},
 'Value': {'bias': 2.0954757928848267e-08,
           'explained_variance': 0.9997701048851013,
           'support_outside_fraction': 0.0,
           'target_std': 0.8099681735038757}}[0m
[[36m2026-08-16 10:16:47,303[0m][[34mroot[0m][[32mINFO[0m] - Steps 58624 @ 51.2 SPS / 0.8 BPS. Stats:
{'Actions': {'cart': {'MOVE': nan, 'NO-OP': nan, 'TRANSFER': nan},
             'city_tile': {'BUILD_CART': nan,
                           'BUILD_WORKER': nan,
                           'NO-OP': nan,
                           'RESEARCH': nan},
             'worker': {'BUILD_CITY': nan,
                        'MOVE': nan,
                        'NO-OP': nan,
                        'PILLAGE': nan,
                        'TRANSFER': nan}},
 'Active_Entities': {'cart': 313, 'city_tile': 2062, 'worker': 2147},
 'Behavior_Policy': {'actor_version_max': 58368,
                     'actor_version_min': 57856,
                     'beta': 0.0,
                     'buffer_lag_max': 704,
                     'ema_kl': None,
                     'forward_kl': 0.014183618128299713,
                     'learner_version': 58560,
                     'log_rho_max': 1.3766250610351562,
                     'log_rho_mean': -0.33581623435020447,
                     'log_rho_p95': 0.7927379012107849,
                     'reverse_kl': 0.013206863775849342,
                     'target': None,
                     'vtrace_rho_clipped_fraction': 0.2109375},
 'Entropy': {'cart': 1.5164176225662231,
             'city_tile': 0.3724697232246399,
             'overall': 2.8694202303886414,
             'worker': 0.9805328845977783},
 'Env': {'carts_final': nan,
         'carts_peak': nan,
         'city_tiles_final': nan,
         'city_tiles_peak': nan,
         'max_cumulative_rewards': nan,
         'mean_cumulative_reward_magnitudes': nan,
         'mean_cumulative_rewards': nan,
         'research_points': nan,
         'separate_cities_final': nan,
         'separate_cities_peak': nan,
         'step': nan,
         'workers_final': nan,
         'workers_peak': nan},
 'Gradient': {'clipped': 1.0, 'norm_before_clip': 32.14313507080078},
 'Intent': {'accuracy': nan,
            'target_build': 0,
            'target_deliver': 0,
            'target_mine': 0,
            'target_return': 0},
 'Loss': {'baseline_loss': 0.039179012179374695,
          'behavior_kl_loss': 0.0,
          'entropy_loss': -0.6695750951766968,
          'intent_aux_loss': 0.0,
          'rule_aux_loss': 0.0,
          'teacher_baseline_loss': 0.0,
          'teacher_kl_loss': 0.0,
          'total_loss': 26.26893424987793,
          'upgo_pg_loss': 34.86328887939453,
          'vtrace_pg_loss': -7.963958740234375},
 'Misc': {'actor_policy_tta_rot180': 1.0,
          'league_opponents': {'first_place': 0.75, 'selfplay': 0.25},
          'learning_rate': 4.710128e-05,
          'teacher_kl_cost': 0.0,
          'teacher_policy_tta_rot180': 1.0,
          'total_games_played': 146},
 'Normalized_Entropy': {'cart': 0.9705383777618408,
                        'city_tile': 0.3330860435962677,
                        'overall': 0.5113426362819663,
                        'worker': 0.6155982613563538},
 'Teacher_KL_Divergence': {'cart': 0.0,
                           'city_tile': 0.0,
                           'overall': 0.0,
                           'worker': 0.0},
 'Value': {'bias': 5.820766091346741e-10,
           'explained_variance': 0.9967806339263916,
           'support_outside_fraction': 0.0,
           'target_std': 0.5725576281547546}}[0m
[[36m2026-08-16 10:16:52,308[0m][[34mroot[0m][[32mINFO[0m] - Steps 59136 @ 102.3 SPS / 1.6 BPS. Stats:
{'Actions': {'cart': {'MOVE': nan, 'NO-OP': nan, 'TRANSFER': nan},
             'city_tile': {'BUILD_CART': nan,
                           'BUILD_WORKER': nan,
                           'NO-OP': nan,
                           'RESEARCH': nan},
             'worker': {'BUILD_CITY': nan,
                        'MOVE': nan,
                        'NO-OP': nan,
                        'PILLAGE': nan,
                        'TRANSFER': nan}},
 'Active_Entities': {'cart': 306, 'city_tile': 1974, 'worker': 2297},
 'Behavior_Policy': {'actor_version_max': 58880,
                     'actor_version_min': 58368,
                     'beta': 0.0,
                     'buffer_lag_max': 704,
                     'ema_kl': None,
                     'forward_kl': 0.01124743651598692,
                     'learner_version': 59072,
                     'log_rho_max': 1.3785896301269531,
                     'log_rho_mean': -0.38987213373184204,
                     'log_rho_p95': 0.5059294104576111,
                     'reverse_kl': 0.011030679568648338,
                     'target': None,
                     'vtrace_rho_clipped_fraction': 0.234375},
 'Entropy': {'cart': 1.5240839719772339,
             'city_tile': 0.4418027102947235,
             'overall': 2.941515773534775,
             'worker': 0.9756290912628174},
 'Env': {'carts_final': nan,
         'carts_peak': nan,
         'city_tiles_final': nan,
         'city_tiles_peak': nan,
         'max_cumulative_rewards': nan,
         'mean_cumulative_reward_magnitudes': nan,
         'mean_cumulative_rewards': nan,
         'research_points': nan,
         'separate_cities_final': nan,
         'separate_cities_peak': nan,
         'step': nan,
         'workers_final': nan,
         'workers_peak': nan},
 'Gradient': {'clipped': 1.0, 'norm_before_clip': 36.273197174072266},
 'Intent': {'accuracy': nan,
            'target_build': 0,
            'target_deliver': 0,
            'target_mine': 0,
            'target_return': 0},
 'Loss': {'baseline_loss': 0.08178475499153137,
          'behavior_kl_loss': 0.0,
          'entropy_loss': -0.7159016132354736,
          'intent_aux_loss': 0.0,
          'rule_aux_loss': 0.0,
          'teacher_baseline_loss': 0.0,
          'teacher_kl_loss': 0.0,
          'total_loss': 17.62771987915039,
          'upgo_pg_loss': 40.345619201660156,
          'vtrace_pg_loss': -22.083782196044922},
 'Misc': {'actor_policy_tta_rot180': 1.0,
          'league_opponents': {'first_place': 0.75, 'selfplay': 0.25},
          'learning_rate': 4.7075936000000006e-05,
          'teacher_kl_cost': 0.0,
          'teacher_policy_tta_rot180': 1.0,
          'total_games_played': 147},
 'Normalized_Entropy': {'cart': 0.974614143371582,
                        'city_tile': 0.4021576941013336,
                        'overall': 0.5386600812658202,
                        'worker': 0.5978911519050598},
 'Teacher_KL_Divergence': {'cart': 0.0,
                           'city_tile': 0.0,
                           'overall': 0.0,
                           'worker': 0.0},
 'Value': {'bias': 1.0477378964424133e-09,
           'explained_variance': 0.9940478801727295,
           'support_outside_fraction': 0.0,
           'target_std': 0.5771654844284058}}[0m
[[36m2026-08-16 10:16:57,314[0m][[34mroot[0m][[32mINFO[0m] - Steps 59200 @ 12.8 SPS / 0.2 BPS. Stats:
{'Actions': {'cart': {'MOVE': nan, 'NO-OP': nan, 'TRANSFER': nan},
             'city_tile': {'BUILD_CART': nan,
                           'BUILD_WORKER': nan,
                           'NO-OP': nan,
                           'RESEARCH': nan},
             'worker': {'BUILD_CITY': nan,
                        'MOVE': nan,
                        'NO-OP': nan,
                        'PILLAGE': nan,
                        'TRANSFER': nan}},
 'Active_Entities': {'cart': 465, 'city_tile': 1786, 'worker': 1326},
 'Behavior_Policy': {'actor_version_max': 59136,
                     'actor_version_min': 58624,
                     'beta': 0.0,
                     'buffer_lag_max': 512,
                     'ema_kl': None,
                     'forward_kl': 0.0031073028221726418,
                     'learner_version': 59136,
                     'log_rho_max': 1.0955772399902344,
                     'log_rho_mean': -0.1370076984167099,
                     'log_rho_p95': 0.5187029838562012,
                     'reverse_kl': 0.0029417064506560564,
                     'target': None,
                     'vtrace_rho_clipped_fraction': 0.1640625},
 'Entropy': {'cart': 1.5459073781967163,
             'city_tile': 0.23639854788780212,
             'overall': 3.1106967628002167,
             'worker': 1.3283908367156982},
 'Env': {'carts_final': nan,
         'carts_peak': nan,
         'city_tiles_final': nan,
         'city_tiles_peak': nan,
         'max_cumulative_rewards': nan,
         'mean_cumulative_reward_magnitudes': nan,
         'mean_cumulative_rewards': nan,
         'research_points': nan,
         'separate_cities_final': nan,
         'separate_cities_peak': nan,
         'step': nan,
         'workers_final': nan,
         'workers_peak': nan},
 'Gradient': {'clipped': 1.0, 'norm_before_clip': 19.80589485168457},
 'Intent': {'accuracy': nan,
            'target_build': 0,
            'target_deliver': 0,
            'target_mine': 0,
            'target_return': 0},
 'Loss': {'baseline_loss': 0.08947780728340149,
          'behavior_kl_loss': 0.0,
          'entropy_loss': -0.5805001854896545,
          'intent_aux_loss': 0.0,
          'rule_aux_loss': 0.0,
          'teacher_baseline_loss': 0.0,
          'teacher_kl_loss': 0.0,
          'total_loss': -31.43925666809082,
          'upgo_pg_loss': 5.233405590057373,
          'vtrace_pg_loss': -36.181640625},
 'Misc': {'actor_policy_tta_rot180': 1.0,
          'league_opponents': {'first_place': 1.0, 'selfplay': 0.0},
          'learning_rate': 4.7072768e-05,
          'teacher_kl_cost': 0.0,
          'teacher_policy_tta_rot180': 1.0,
          'total_games_played': 147},
 'Normalized_Entropy': {'cart': 0.9944353103637695,
                        'city_tile': 0.2151792049407959,
                        'overall': 0.5399641478098335,
                        'worker': 0.8180462121963501},
 'Teacher_KL_Divergence': {'cart': 0.0,
                           'city_tile': 0.0,
                           'overall': 0.0,
                           'worker': 0.0},
 'Value': {'bias': -7.450580596923828e-09,
           'explained_variance': 0.9940629601478577,
           'support_outside_fraction': 0.0,
           'target_std': 0.6862738728523254}}[0m
[[36m2026-08-16 10:17:02,319[0m][[34mroot[0m][[32mINFO[0m] - Steps 59648 @ 89.5 SPS / 1.4 BPS. Stats:
{'Actions': {'cart': {'MOVE': nan, 'NO-OP': nan, 'TRANSFER': nan},
             'city_tile': {'BUILD_CART': nan,
                           'BUILD_WORKER': nan,
                           'NO-OP': nan,
                           'RESEARCH': nan},
             'worker': {'BUILD_CITY': nan,
                        'MOVE': nan,
                        'NO-OP': nan,
                        'PILLAGE': nan,
                        'TRANSFER': nan}},
 'Active_Entities': {'cart': 549, 'city_tile': 3265, 'worker': 2583},
 'Behavior_Policy': {'actor_version_max': 59328,
                     'actor_version_min': 58880,
                     'beta': 0.0,
                     'buffer_lag_max': 704,
                     'ema_kl': None,
                     'forward_kl': 0.013108829967677593,
                     'learner_version': 59584,
                     'log_rho_max': 1.9326858520507812,
                     'log_rho_mean': -0.31022679805755615,
                     'log_rho_p95': 1.2016501426696777,
                     'reverse_kl': 0.01191653497517109,
                     'target': None,
                     'vtrace_rho_clipped_fraction': 0.25},
 'Entropy': {'cart': 1.5237042903900146,
             'city_tile': 0.4687960743904114,
             'overall': 3.1592952609062195,
             'worker': 1.1667948961257935},
 'Env': {'carts_final': nan,
         'carts_peak': nan,
         'city_tiles_final': nan,
         'city_tiles_peak': nan,
         'max_cumulative_rewards': nan,
         'mean_cumulative_reward_magnitudes': nan,
         'mean_cumulative_rewards': nan,
         'research_points': nan,
         'separate_cities_final': nan,
         'separate_cities_peak': nan,
         'step': nan,
         'workers_final': nan,
         'workers_peak': nan},
 'Gradient': {'clipped': 1.0, 'norm_before_clip': 23.33814811706543},
 'Intent': {'accuracy': nan,
            'target_build': 0,
            'target_deliver': 0,
            'target_mine': 0,
            'target_return': 0},
 'Loss': {'baseline_loss': 0.023375097662210464,
          'behavior_kl_loss': 0.0,
          'entropy_loss': -1.0761927366256714,
          'intent_aux_loss': 0.0,
          'rule_aux_loss': 0.0,
          'teacher_baseline_loss': 0.0,
          'teacher_kl_loss': 0.0,
          'total_loss': 26.97144317626953,
          'upgo_pg_loss': 29.08084487915039,
          'vtrace_pg_loss': -1.056584119796753},
 'Misc': {'actor_policy_tta_rot180': 1.0,
          'league_opponents': {'first_place': 0.75, 'selfplay': 0.25},
          'learning_rate': 4.7050592000000005e-05,
          'teacher_kl_cost': 0.0,
          'teacher_policy_tta_rot180': 1.0,
          'total_games_played': 147},
 'Normalized_Entropy': {'cart': 0.9770307540893555,
                        'city_tile': 0.4277295768260956,
                        'overall': 0.5946110598282905,
                        'worker': 0.7242740988731384},
 'Teacher_KL_Divergence': {'cart': 0.0,
                           'city_tile': 0.0,
                           'overall': 0.0,
                           'worker': 0.0},
 'Value': {'bias': -1.201988197863102e-08,
           'explained_variance': 0.9982357621192932,
           'support_outside_fraction': 0.0,
           'target_std': 0.6172395944595337}}[0m
[[36m2026-08-16 10:17:07,324[0m][[34mroot[0m][[32mINFO[0m] - Steps 60096 @ 89.5 SPS / 1.4 BPS. Stats:
{'Actions': {'cart': {'MOVE': nan, 'NO-OP': nan, 'TRANSFER': nan},
             'city_tile': {'BUILD_CART': nan,
                           'BUILD_WORKER': nan,
                           'NO-OP': nan,
                           'RESEARCH': nan},
             'worker': {'BUILD_CITY': nan,
                        'MOVE': nan,
                        'NO-OP': nan,
                        'PILLAGE': nan,
                        'TRANSFER': nan}},
 'Active_Entities': {'cart': 360, 'city_tile': 1842, 'worker': 1425},
 'Behavior_Policy': {'actor_version_max': 59840,
                     'actor_version_min': 59392,
                     'beta': 0.0,
                     'buffer_lag_max': 640,
                     'ema_kl': None,
                     'forward_kl': 0.006985203828662634,
                     'learner_version': 60032,
                     'log_rho_max': 0.9189033508300781,
                     'log_rho_mean': -0.207313671708107,
                     'log_rho_p95': 0.5423294305801392,
                     'reverse_kl': 0.006750178523361683,
                     'target': None,
                     'vtrace_rho_clipped_fraction': 0.2265625},
 'Entropy': {'cart': 1.5350443124771118,
             'city_tile': 0.30914151668548584,
             'overall': 2.949426054954529,
             'worker': 1.1052402257919312},
 'Env': {'carts_final': nan,
         'carts_peak': nan,
         'city_tiles_final': nan,
         'city_tiles_peak': nan,
         'max_cumulative_rewards': nan,
         'mean_cumulative_reward_magnitudes': nan,
         'mean_cumulative_rewards': nan,
         'research_points': nan,
         'separate_cities_final': nan,
         'separate_cities_peak': nan,
         'step': nan,
         'workers_final': nan,
         'workers_peak': nan},
 'Gradient': {'clipped': 1.0, 'norm_before_clip': 129.2406463623047},
 'Intent': {'accuracy': nan,
            'target_build': 0,
            'target_deliver': 0,
            'target_mine': 0,
            'target_return': 0},
 'Loss': {'baseline_loss': 1.1841175556182861,
          'behavior_kl_loss': 0.0,
          'entropy_loss': -0.5394043922424316,
          'intent_aux_loss': 0.0,
          'rule_aux_loss': 0.0,
          'teacher_baseline_loss': 0.0,
          'teacher_kl_loss': 0.0,
          'total_loss': -77.98302459716797,
          'upgo_pg_loss': 30.09156036376953,
          'vtrace_pg_loss': -108.71929931640625},
 'Misc': {'actor_policy_tta_rot180': 1.0,
          'league_opponents': {'first_place': 0.75, 'selfplay': 0.25},
          'learning_rate': 4.7028416e-05,
          'teacher_kl_cost': 0.0,
          'teacher_policy_tta_rot180': 1.0,
          'total_games_played': 148},
 'Normalized_Entropy': {'cart': 0.9856840372085571,
                        'city_tile': 0.28139275312423706,
                        'overall': 0.5117073666467659,
                        'worker': 0.6896778345108032},
 'Teacher_KL_Divergence': {'cart': 0.0,
                           'city_tile': 0.0,
                           'overall': 0.0,
                           'worker': 0.0},
 'Value': {'bias': -6.05359673500061e-09,
           'explained_variance': 0.9633381366729736,
           'support_outside_fraction': 0.0,
           'target_std': 0.7555785179138184}}[0m
[[36m2026-08-16 10:17:12,329[0m][[34mroot[0m][[32mINFO[0m] - Steps 60160 @ 12.8 SPS / 0.2 BPS. Stats:
{'Actions': {'cart': {'MOVE': nan, 'NO-OP': nan, 'TRANSFER': nan},
             'city_tile': {'BUILD_CART': nan,
                           'BUILD_WORKER': nan,
                           'NO-OP': nan,
                           'RESEARCH': nan},
             'worker': {'BUILD_CITY': nan,
                        'MOVE': nan,
                        'NO-OP': nan,
                        'PILLAGE': nan,
                        'TRANSFER': nan}},
 'Active_Entities': {'cart': 553, 'city_tile': 2578, 'worker': 2339},
 'Behavior_Policy': {'actor_version_max': 59840,
                     'actor_version_min': 59392,
                     'beta': 0.0,
                     'buffer_lag_max': 704,
                     'ema_kl': None,
                     'forward_kl': 0.007729961071163416,
                     'learner_version': 60096,
                     'log_rho_max': 1.4882354736328125,
                     'log_rho_mean': -0.26279640197753906,
                     'log_rho_p95': 0.6706414818763733,
                     'reverse_kl': 0.00730650732293725,
                     'target': None,
                     'vtrace_rho_clipped_fraction': 0.1875},
 'Entropy': {'cart': 1.5614936351776123,
             'city_tile': 0.4156497120857239,
             'overall': 3.0720537304878235,
             'worker': 1.0949103832244873},
 'Env': {'carts_final': nan,
         'carts_peak': nan,
         'city_tiles_final': nan,
         'city_tiles_peak': nan,
         'max_cumulative_rewards': nan,
         'mean_cumulative_reward_magnitudes': nan,
         'mean_cumulative_rewards': nan,
         'research_points': nan,
         'separate_cities_final': nan,
         'separate_cities_peak': nan,
         'step': nan,
         'workers_final': nan,
         'workers_peak': nan},
 'Gradient': {'clipped': 1.0, 'norm_before_clip': 152.972900390625},
 'Intent': {'accuracy': nan,
            'target_build': 0,
            'target_deliver': 0,
            'target_mine': 0,
            'target_return': 0},
 'Loss': {'baseline_loss': 0.4616408050060272,
          'behavior_kl_loss': 0.0,
          'entropy_loss': -0.8992093801498413,
          'intent_aux_loss': 0.0,
          'rule_aux_loss': 0.0,
          'teacher_baseline_loss': 0.0,
          'teacher_kl_loss': 0.0,
          'total_loss': 209.25779724121094,
          'upgo_pg_loss': 192.5149688720703,
          'vtrace_pg_loss': 17.18041229248047},
 'Misc': {'actor_policy_tta_rot180': 1.0,
          'league_opponents': {'first_place': 0.75, 'selfplay': 0.25},
          'learning_rate': 4.7025247999999996e-05,
          'teacher_kl_cost': 0.0,
          'teacher_policy_tta_rot180': 1.0,
          'total_games_played': 148},
 'Normalized_Entropy': {'cart': 0.9836762547492981,
                        'city_tile': 0.3778364658355713,
                        'overall': 0.5674001440596537,
                        'worker': 0.677915096282959},
 'Teacher_KL_Divergence': {'cart': 0.0,
                           'city_tile': 0.0,
                           'overall': 0.0,
                           'worker': 0.0},
 'Value': {'bias': -1.5133991837501526e-09,
           'explained_variance': 0.9807591438293457,
           'support_outside_fraction': 0.0,
           'target_std': 0.6337390542030334}}[0m
[[36m2026-08-16 10:17:17,335[0m][[34mroot[0m][[32mINFO[0m] - Steps 60672 @ 102.3 SPS / 1.6 BPS. Stats:
{'Actions': {'cart': {'MOVE': nan, 'NO-OP': nan, 'TRANSFER': nan},
             'city_tile': {'BUILD_CART': nan,
                           'BUILD_WORKER': nan,
                           'NO-OP': nan,
                           'RESEARCH': nan},
             'worker': {'BUILD_CITY': nan,
                        'MOVE': nan,
                        'NO-OP': nan,
                        'PILLAGE': nan,
                        'TRANSFER': nan}},
 'Active_Entities': {'cart': 571, 'city_tile': 2242, 'worker': 2131},
 'Behavior_Policy': {'actor_version_max': 60352,
                     'actor_version_min': 59904,
                     'beta': 0.0,
                     'buffer_lag_max': 704,
                     'ema_kl': None,
                     'forward_kl': 0.00778990238904953,
                     'learner_version': 60608,
                     'log_rho_max': 1.3637466430664062,
                     'log_rho_mean': -0.2021103948354721,
                     'log_rho_p95': 0.7841166853904724,
                     'reverse_kl': 0.007170872297137976,
                     'target': None,
                     'vtrace_rho_clipped_fraction': 0.1953125},
 'Entropy': {'cart': 1.551918625831604,
             'city_tile': 0.4956570863723755,
             'overall': 3.384344220161438,
             'worker': 1.3367685079574585},
 'Env': {'carts_final': nan,
         'carts_peak': nan,
         'city_tiles_final': nan,
         'city_tiles_peak': nan,
         'max_cumulative_rewards': nan,
         'mean_cumulative_reward_magnitudes': nan,
         'mean_cumulative_rewards': nan,
         'research_points': nan,
         'separate_cities_final': nan,
         'separate_cities_peak': nan,
         'step': nan,
         'workers_final': nan,
         'workers_peak': nan},
 'Gradient': {'clipped': 1.0, 'norm_before_clip': 47.352439880371094},
 'Intent': {'accuracy': nan,
            'target_build': 0,
            'target_deliver': 0,
            'target_mine': 0,
            'target_return': 0},
 'Loss': {'baseline_loss': 0.283093124628067,
          'behavior_kl_loss': 0.0,
          'entropy_loss': -0.9692123532295227,
          'intent_aux_loss': 0.0,
          'rule_aux_loss': 0.0,
          'teacher_baseline_loss': 0.0,
          'teacher_kl_loss': 0.0,
          'total_loss': -64.73545837402344,
          'upgo_pg_loss': 36.58733367919922,
          'vtrace_pg_loss': -100.63667297363281},
 'Misc': {'actor_policy_tta_rot180': 1.0,
          'league_opponents': {'first_place': 0.75, 'selfplay': 0.25},
          'learning_rate': 4.6999904e-05,
          'teacher_kl_cost': 0.0,
          'teacher_policy_tta_rot180': 1.0,
          'total_games_played': 148},
 'Normalized_Entropy': {'cart': 0.9920995235443115,
                        'city_tile': 0.4497154653072357,
                        'overall': 0.6720400560996872,
                        'worker': 0.8201854228973389},
 'Teacher_KL_Divergence': {'cart': 0.0,
                           'city_tile': 0.0,
                           'overall': 0.0,
                           'worker': 0.0},
 'Value': {'bias': 1.955777406692505e-08,
           'explained_variance': 0.9883884787559509,
           'support_outside_fraction': 0.0,
           'target_std': 0.6488468050956726}}[0m
[[36m2026-08-16 10:17:22,341[0m][[34mroot[0m][[32mINFO[0m] - Steps 60736 @ 12.8 SPS / 0.2 BPS. Stats:
{'Actions': {'cart': {'MOVE': nan, 'NO-OP': nan, 'TRANSFER': nan},
             'city_tile': {'BUILD_CART': nan,
                           'BUILD_WORKER': nan,
                           'NO-OP': nan,
                           'RESEARCH': nan},
             'worker': {'BUILD_CITY': nan,
                        'MOVE': nan,
                        'NO-OP': nan,
                        'PILLAGE': nan,
                        'TRANSFER': nan}},
 'Active_Entities': {'cart': 132, 'city_tile': 832, 'worker': 565},
 'Behavior_Policy': {'actor_version_max': 60672,
                     'actor_version_min': 60160,
                     'beta': 0.0,
                     'buffer_lag_max': 512,
                     'ema_kl': None,
                     'forward_kl': 0.0021429569460451603,
                     'learner_version': 60672,
                     'log_rho_max': 1.0374259948730469,
                     'log_rho_mean': -0.020292295143008232,
                     'log_rho_p95': 0.39043691754341125,
                     'reverse_kl': 0.0022313566878437996,
                     'target': None,
                     'vtrace_rho_clipped_fraction': 0.203125},
 'Entropy': {'cart': 1.5383329391479492,
             'city_tile': -0.0,
             'overall': 2.883624792098999,
             'worker': 1.3452918529510498},
 'Env': {'carts_final': nan,
         'carts_peak': nan,
         'city_tiles_final': nan,
         'city_tiles_peak': nan,
         'max_cumulative_rewards': nan,
         'mean_cumulative_reward_magnitudes': nan,
         'mean_cumulative_rewards': nan,
         'research_points': nan,
         'separate_cities_final': nan,
         'separate_cities_peak': nan,
         'step': nan,
         'workers_final': nan,
         'workers_peak': nan},
 'Gradient': {'clipped': 0.0, 'norm_before_clip': 9.017802238464355},
 'Intent': {'accuracy': nan,
            'target_build': 0,
            'target_deliver': 0,
            'target_mine': 0,
            'target_return': 0},
 'Loss': {'baseline_loss': 0.01418582908809185,
          'behavior_kl_loss': 0.0,
          'entropy_loss': -0.19262994825839996,
          'intent_aux_loss': 0.0,
          'rule_aux_loss': 0.0,
          'teacher_baseline_loss': 0.0,
          'teacher_kl_loss': 0.0,
          'total_loss': 30.247108459472656,
          'upgo_pg_loss': 15.385100364685059,
          'vtrace_pg_loss': 15.040453910827637},
 'Misc': {'actor_policy_tta_rot180': 1.0,
          'league_opponents': {'first_place': 1.0, 'selfplay': 0.0},
          'learning_rate': 4.6996736e-05,
          'teacher_kl_cost': 0.0,
          'teacher_policy_tta_rot180': 1.0,
          'total_games_played': 148},
 'Normalized_Entropy': {'cart': 0.9986630082130432,
                        'city_tile': 0.0,
                        'overall': 0.3936805584369881,
                        'worker': 0.8320602774620056},
 'Teacher_KL_Divergence': {'cart': 0.0,
                           'city_tile': 0.0,
                           'overall': 0.0,
                           'worker': 0.0},
 'Value': {'bias': 1.5366822481155396e-08,
           'explained_variance': 0.9992130994796753,
           'support_outside_fraction': 0.0,
           'target_std': 0.7505769729614258}}[0m
[[36m2026-08-16 10:17:27,347[0m][[34mroot[0m][[32mINFO[0m] - Steps 61184 @ 89.5 SPS / 1.4 BPS. Stats:
{'Actions': {'cart': {'MOVE': nan, 'NO-OP': nan, 'TRANSFER': nan},
             'city_tile': {'BUILD_CART': nan,
                           'BUILD_WORKER': nan,
                           'NO-OP': nan,
                           'RESEARCH': nan},
             'worker': {'BUILD_CITY': nan,
                        'MOVE': nan,
                        'NO-OP': nan,
                        'PILLAGE': nan,
                        'TRANSFER': nan}},
 'Active_Entities': {'cart': 745, 'city_tile': 3523, 'worker': 2383},
 'Behavior_Policy': {'actor_version_max': 60800,
                     'actor_version_min': 60416,
                     'beta': 0.0,
                     'buffer_lag_max': 704,
                     'ema_kl': None,
                     'forward_kl': 0.004026925656944513,
                     'learner_version': 61120,
                     'log_rho_max': 0.8614654541015625,
                     'log_rho_mean': -0.2114146649837494,
                     'log_rho_p95': 0.5871599316596985,
                     'reverse_kl': 0.003915078472346067,
                     'target': None,
                     'vtrace_rho_clipped_fraction': 0.21875},
 'Entropy': {'cart': 1.5603954792022705,
             'city_tile': 0.43892672657966614,
             'overall': 3.306475669145584,
             'worker': 1.3071534633636475},
 'Env': {'carts_final': nan,
         'carts_peak': nan,
         'city_tiles_final': nan,
         'city_tiles_peak': nan,
         'max_cumulative_rewards': nan,
         'mean_cumulative_reward_magnitudes': nan,
         'mean_cumulative_rewards': nan,
         'research_points': nan,
         'separate_cities_final': nan,
         'separate_cities_peak': nan,
         'step': nan,
         'workers_final': nan,
         'workers_peak': nan},
 'Gradient': {'clipped': 1.0, 'norm_before_clip': 31.190114974975586},
 'Intent': {'accuracy': nan,
            'target_build': 0,
            'target_deliver': 0,
            'target_mine': 0,
            'target_return': 0},
 'Loss': {'baseline_loss': 0.029165927320718765,
          'behavior_kl_loss': 0.0,
          'entropy_loss': -1.1647560596466064,
          'intent_aux_loss': 0.0,
          'rule_aux_loss': 0.0,
          'teacher_baseline_loss': 0.0,
          'teacher_kl_loss': 0.0,
          'total_loss': 112.4122543334961,
          'upgo_pg_loss': 88.26144409179688,
          'vtrace_pg_loss': 25.286399841308594},
 'Misc': {'actor_policy_tta_rot180': 1.0,
          'league_opponents': {'first_place': 0.75, 'selfplay': 0.25},
          'learning_rate': 4.697456e-05,
          'teacher_kl_cost': 0.0,
          'teacher_policy_tta_rot180': 1.0,
          'total_games_played': 148},
 'Normalized_Entropy': {'cart': 0.9931886196136475,
                        'city_tile': 0.3995283246040344,
                        'overall': 0.6101169617278936,
                        'worker': 0.8016886711120605},
 'Teacher_KL_Divergence': {'cart': 0.0,
                           'city_tile': 0.0,
                           'overall': 0.0,
                           'worker': 0.0},
 'Value': {'bias': -1.979060471057892e-09,
           'explained_variance': 0.9987096190452576,
           'support_outside_fraction': 0.0,
           'target_std': 0.6709805727005005}}[0m
[[36m2026-08-16 10:17:32,353[0m][[34mroot[0m][[32mINFO[0m] - Steps 61440 @ 51.1 SPS / 0.8 BPS. Stats:
{'Actions': {'cart': {'MOVE': 0.8452739313666466,
                      'NO-OP': 0.15051173991571343,
                      'TRANSFER': 0.004214328717639976},
             'city_tile': {'BUILD_CART': 0.01875226476627612,
                           'BUILD_WORKER': 0.03400169102548617,
                           'NO-OP': 0.9244775939123082,
                           'RESEARCH': 0.02276845029592946},
             'worker': {'BUILD_CITY': 0.017489375612945408,
                        'MOVE': 0.44785877737822816,
                        'NO-OP': 0.493461915658712,
                        'PILLAGE': 0.009235044132069303,
                        'TRANSFER': 0.03195488721804511}},
 'Active_Entities': {'cart': 58, 'city_tile': 264, 'worker': 546},
 'Behavior_Policy': {'actor_version_max': 61184,
                     'actor_version_min': 60672,
                     'beta': 0.0,
                     'buffer_lag_max': 704,
                     'ema_kl': None,
                     'forward_kl': 0.02072453498840332,
                     'learner_version': 61376,
                     'log_rho_max': 1.3186607360839844,
                     'log_rho_mean': -0.09286253154277802,
                     'log_rho_p95': 0.22728388011455536,
                     'reverse_kl': 0.01807672530412674,
                     'target': None,
                     'vtrace_rho_clipped_fraction': 0.1875},
 'Entropy': {'cart': 1.574093222618103,
             'city_tile': 0.33179473876953125,
             'overall': 2.5246024131774902,
             'worker': 0.618714451789856},
 'Env': {'carts_final': 1.0,
         'carts_peak': 4.25,
         'city_tiles_final': 41.5,
         'city_tiles_peak': 60.5,
         'max_cumulative_rewards': 1.0,
         'mean_cumulative_reward_magnitudes': 1.0,
         'mean_cumulative_rewards': 0.0,
         'research_points': 188.5,
         'separate_cities_final': 2.25,
         'separate_cities_peak': 10.0,
         'step': 361.0,
         'workers_final': 18.5,
         'workers_peak': 39.75},
 'Gradient': {'clipped': 1.0, 'norm_before_clip': 50.233829498291016},
 'Intent': {'accuracy': nan,
            'target_build': 0,
            'target_deliver': 0,
            'target_mine': 0,
            'target_return': 0},
 'Loss': {'baseline_loss': 0.8356319665908813,
          'behavior_kl_loss': 0.0,
          'entropy_loss': -0.10334187000989914,
          'intent_aux_loss': 0.0,
          'rule_aux_loss': 0.0,
          'teacher_baseline_loss': 0.0,
          'teacher_kl_loss': 0.0,
          'total_loss': -46.10193634033203,
          'upgo_pg_loss': 5.869812488555908,
          'vtrace_pg_loss': -52.70404052734375},
 'Misc': {'actor_policy_tta_rot180': 1.0,
          'league_opponents': {'first_place': 0.953125, 'selfplay': 0.046875},
          'learning_rate': 4.6961888e-05,
          'teacher_kl_cost': 0.0,
          'teacher_policy_tta_rot180': 1.0,
          'total_games_played': 161},
 'Normalized_Entropy': {'cart': 0.9971340298652649,
                        'city_tile': 0.3418674170970917,
                        'overall': 0.4142341196262342,
                        'worker': 0.3873048424720764},
 'Teacher_KL_Divergence': {'cart': 0.0,
                           'city_tile': 0.0,
                           'overall': 0.0,
                           'worker': 0.0},
 'Value': {'bias': 3.2014213502407074e-09,
           'explained_variance': 0.947494626045227,
           'support_outside_fraction': 0.0,
           'target_std': 0.7050259113311768}}[0m
[[36m2026-08-16 10:17:37,358[0m][[34mroot[0m][[32mINFO[0m] - Steps 61696 @ 51.2 SPS / 0.8 BPS. Stats:
{'Actions': {'cart': {'MOVE': nan, 'NO-OP': nan, 'TRANSFER': nan},
             'city_tile': {'BUILD_CART': nan,
                           'BUILD_WORKER': nan,
                           'NO-OP': nan,
                           'RESEARCH': nan},
             'worker': {'BUILD_CITY': nan,
                        'MOVE': nan,
                        'NO-OP': nan,
                        'PILLAGE': nan,
                        'TRANSFER': nan}},
 'Active_Entities': {'cart': 428, 'city_tile': 1640, 'worker': 1858},
 'Behavior_Policy': {'actor_version_max': 61312,
                     'actor_version_min': 60928,
                     'beta': 0.0,
                     'buffer_lag_max': 704,
                     'ema_kl': None,
                     'forward_kl': 0.004396563861519098,
                     'learner_version': 61632,
                     'log_rho_max': 1.1256103515625,
                     'log_rho_mean': -0.10326014459133148,
                     'log_rho_p95': 0.5024329423904419,
                     'reverse_kl': 0.0043863109312951565,
                     'target': None,
                     'vtrace_rho_clipped_fraction': 0.234375},
 'Entropy': {'cart': 1.5621896982192993,
             'city_tile': 0.5539209246635437,
             'overall': 3.270245850086212,
             'worker': 1.1541352272033691},
 'Env': {'carts_final': nan,
         'carts_peak': nan,
         'city_tiles_final': nan,
         'city_tiles_peak': nan,
         'max_cumulative_rewards': nan,
         'mean_cumulative_reward_magnitudes': nan,
         'mean_cumulative_rewards': nan,
         'research_points': nan,
         'separate_cities_final': nan,
         'separate_cities_peak': nan,
         'step': nan,
         'workers_final': nan,
         'workers_peak': nan},
 'Gradient': {'clipped': 1.0, 'norm_before_clip': 67.60704040527344},
 'Intent': {'accuracy': nan,
            'target_build': 0,
            'target_deliver': 0,
            'target_mine': 0,
            'target_return': 0},
 'Loss': {'baseline_loss': 0.2580801248550415,
          'behavior_kl_loss': 0.0,
          'entropy_loss': -0.7442861199378967,
          'intent_aux_loss': 0.0,
          'rule_aux_loss': 0.0,
          'teacher_baseline_loss': 0.0,
          'teacher_kl_loss': 0.0,
          'total_loss': 11.987686157226562,
          'upgo_pg_loss': 56.750709533691406,
          'vtrace_pg_loss': -44.276817321777344},
 'Misc': {'actor_policy_tta_rot180': 1.0,
          'league_opponents': {'first_place': 0.75, 'selfplay': 0.25},
          'learning_rate': 4.6949216e-05,
          'teacher_kl_cost': 0.0,
          'teacher_policy_tta_rot180': 1.0,
          'total_games_played': 162},
 'Normalized_Entropy': {'cart': 0.9922747015953064,
                        'city_tile': 0.5042004585266113,
                        'overall': 0.6539303657052715,
                        'worker': 0.7081530094146729},
 'Teacher_KL_Divergence': {'cart': 0.0,
                           'city_tile': 0.0,
                           'overall': 0.0,
                           'worker': 0.0},
 'Value': {'bias': -3.4924596548080444e-09,
           'explained_variance': 0.991576075553894,
           'support_outside_fraction': 0.0,
           'target_std': 0.7118920683860779}}[0m
[[36m2026-08-16 10:17:42,363[0m][[34mroot[0m][[32mINFO[0m] - Steps 61952 @ 51.2 SPS / 0.8 BPS. Stats:
{'Actions': {'cart': {'MOVE': nan, 'NO-OP': nan, 'TRANSFER': nan},
             'city_tile': {'BUILD_CART': nan,
                           'BUILD_WORKER': nan,
                           'NO-OP': nan,
                           'RESEARCH': nan},
             'worker': {'BUILD_CITY': nan,
                        'MOVE': nan,
                        'NO-OP': nan,
                        'PILLAGE': nan,
                        'TRANSFER': nan}},
 'Active_Entities': {'cart': 0, 'city_tile': 145, 'worker': 434},
 'Behavior_Policy': {'actor_version_max': 61696,
                     'actor_version_min': 61184,
                     'beta': 0.0,
                     'buffer_lag_max': 704,
                     'ema_kl': None,
                     'forward_kl': 0.022756287828087807,
                     'learner_version': 61888,
                     'log_rho_max': 1.2985765933990479,
                     'log_rho_mean': -0.10202661156654358,
                     'log_rho_p95': 0.2587076723575592,
                     'reverse_kl': 0.02548118866980076,
                     'target': None,
                     'vtrace_rho_clipped_fraction': 0.2578125},
 'Entropy': {'cart': -0.0,
             'city_tile': 0.4096566438674927,
             'overall': 0.8788926005363464,
             'worker': 0.46923595666885376},
 'Env': {'carts_final': nan,
         'carts_peak': nan,
         'city_tiles_final': nan,
         'city_tiles_peak': nan,
         'max_cumulative_rewards': nan,
         'mean_cumulative_reward_magnitudes': nan,
         'mean_cumulative_rewards': nan,
         'research_points': nan,
         'separate_cities_final': nan,
         'separate_cities_peak': nan,
         'step': nan,
         'workers_final': nan,
         'workers_peak': nan},
 'Gradient': {'clipped': 1.0, 'norm_before_clip': 34.259639739990234},
 'Intent': {'accuracy': nan,
            'target_build': 0,
            'target_deliver': 0,
            'target_mine': 0,
            'target_return': 0},
 'Loss': {'baseline_loss': 0.1841622143983841,
          'behavior_kl_loss': 0.0,
          'entropy_loss': -0.052609723061323166,
          'intent_aux_loss': 0.0,
          'rule_aux_loss': 0.0,
          'teacher_baseline_loss': 0.0,
          'teacher_kl_loss': 0.0,
          'total_loss': 4.051511287689209,
          'upgo_pg_loss': 3.4406988620758057,
          'vtrace_pg_loss': 0.4792599678039551},
 'Misc': {'actor_policy_tta_rot180': 1.0,
          'league_opponents': {'first_place': 0.75, 'selfplay': 0.25},
          'learning_rate': 4.693654400000001e-05,
          'teacher_kl_cost': 0.0,
          'teacher_policy_tta_rot180': 1.0,
          'total_games_played': 162},
 'Normalized_Entropy': {'cart': 0.0,
                        'city_tile': 0.3941730260848999,
                        'overall': 0.31830945122015497,
                        'worker': 0.29296332597732544},
 'Teacher_KL_Divergence': {'cart': 0.0,
                           'city_tile': 0.0,
                           'overall': 0.0,
                           'worker': 0.0},
 'Value': {'bias': -8.789356797933578e-09,
           'explained_variance': 0.9839261770248413,
           'support_outside_fraction': 0.0,
           'target_std': 0.4685230553150177}}[0m
[[36m2026-08-16 10:17:47,369[0m][[34mroot[0m][[32mINFO[0m] - Steps 62400 @ 89.5 SPS / 1.4 BPS. Stats:
{'Actions': {'cart': {'MOVE': nan, 'NO-OP': nan, 'TRANSFER': nan},
             'city_tile': {'BUILD_CART': nan,
                           'BUILD_WORKER': nan,
                           'NO-OP': nan,
                           'RESEARCH': nan},
             'worker': {'BUILD_CITY': nan,
                        'MOVE': nan,
                        'NO-OP': nan,
                        'PILLAGE': nan,
                        'TRANSFER': nan}},
 'Active_Entities': {'cart': 0, 'city_tile': 261, 'worker': 570},
 'Behavior_Policy': {'actor_version_max': 62208,
                     'actor_version_min': 61696,
                     'beta': 0.0,
                     'buffer_lag_max': 640,
                     'ema_kl': None,
                     'forward_kl': 0.02427489310503006,
                     'learner_version': 62336,
                     'log_rho_max': 1.5828156471252441,
                     'log_rho_mean': -0.24910958111286163,
                     'log_rho_p95': 0.31342214345932007,
                     'reverse_kl': 0.024076005443930626,
                     'target': None,
                     'vtrace_rho_clipped_fraction': 0.1875},
 'Entropy': {'cart': -0.0,
             'city_tile': 0.12698331475257874,
             'overall': 0.4511205852031708,
             'worker': 0.32413727045059204},
 'Env': {'carts_final': nan,
         'carts_peak': nan,
         'city_tiles_final': nan,
         'city_tiles_peak': nan,
         'max_cumulative_rewards': nan,
         'mean_cumulative_reward_magnitudes': nan,
         'mean_cumulative_rewards': nan,
         'research_points': nan,
         'separate_cities_final': nan,
         'separate_cities_peak': nan,
         'step': nan,
         'workers_final': nan,
         'workers_peak': nan},
 'Gradient': {'clipped': 1.0, 'norm_before_clip': 57.261837005615234},
 'Intent': {'accuracy': nan,
            'target_build': 0,
            'target_deliver': 0,
            'target_mine': 0,
            'target_return': 0},
 'Loss': {'baseline_loss': 0.3078979253768921,
          'behavior_kl_loss': 0.0,
          'entropy_loss': -0.04358017444610596,
          'intent_aux_loss': 0.0,
          'rule_aux_loss': 0.0,
          'teacher_baseline_loss': 0.0,
          'teacher_kl_loss': 0.0,
          'total_loss': 4.942633152008057,
          'upgo_pg_loss': 5.3628764152526855,
          'vtrace_pg_loss': -0.684561014175415},
 'Misc': {'actor_policy_tta_rot180': 1.0,
          'league_opponents': {'first_place': 0.75, 'selfplay': 0.25},
          'learning_rate': 4.6914368000000005e-05,
          'teacher_kl_cost': 0.0,
          'teacher_policy_tta_rot180': 1.0,
          'total_games_played': 162},
 'Normalized_Entropy': {'cart': 0.0,
                        'city_tile': 0.15105678141117096,
                        'overall': 0.1924387299949942,
                        'worker': 0.21138730645179749},
 'Teacher_KL_Divergence': {'cart': 0.0,
                           'city_tile': 0.0,
                           'overall': 0.0,
                           'worker': 0.0},
 'Value': {'bias': -1.979060471057892e-09,
           'explained_variance': 0.9703894853591919,
           'support_outside_fraction': 0.0,
           'target_std': 0.43888401985168457}}[0m
[[36m2026-08-16 10:17:52,375[0m][[34mroot[0m][[32mINFO[0m] - Saving checkpoint to 0062528[0m
[[36m2026-08-16 10:17:52,579[0m][[34mroot[0m][[32mINFO[0m] - Verified learner-to-actor model synchronization: max_abs_diff=0[0m
[[36m2026-08-16 10:17:52,591[0m][[34mroot[0m][[32mINFO[0m] - Checkpoint learner delta from run start: max_abs_diff=0.532027245[0m
[[36m2026-08-16 10:17:52,675[0m][[34mroot[0m][[32mINFO[0m] - Steps 62592 @ 36.2 SPS / 0.6 BPS. Stats:
{'Actions': {'cart': {'MOVE': nan, 'NO-OP': nan, 'TRANSFER': nan},
             'city_tile': {'BUILD_CART': nan,
                           'BUILD_WORKER': nan,
                           'NO-OP': nan,
                           'RESEARCH': nan},
             'worker': {'BUILD_CITY': nan,
                        'MOVE': nan,
                        'NO-OP': nan,
                        'PILLAGE': nan,
                        'TRANSFER': nan}},
 'Active_Entities': {'cart': 835, 'city_tile': 2663, 'worker': 1796},
 'Behavior_Policy': {'actor_version_max': 62464,
                     'actor_version_min': 61952,
                     'beta': 0.0,
                     'buffer_lag_max': 576,
                     'ema_kl': None,
                     'forward_kl': 0.0033545412588864565,
                     'learner_version': 62528,
                     'log_rho_max': 1.616607666015625,
                     'log_rho_mean': -0.1527690589427948,
                     'log_rho_p95': 0.5072012543678284,
                     'reverse_kl': 0.003685231553390622,
                     'target': None,
                     'vtrace_rho_clipped_fraction': 0.2421875},
 'Entropy': {'cart': 1.5529212951660156,
             'city_tile': 0.2895262539386749,
             'overall': 3.1210847198963165,
             'worker': 1.278637170791626},
 'Env': {'carts_final': nan,
         'carts_peak': nan,
         'city_tiles_final': nan,
         'city_tiles_peak': nan,
         'max_cumulative_rewards': nan,
         'mean_cumulative_reward_magnitudes': nan,
         'mean_cumulative_rewards': nan,
         'research_points': nan,
         'separate_cities_final': nan,
         'separate_cities_peak': nan,
         'step': nan,
         'workers_final': nan,
         'workers_peak': nan},
 'Gradient': {'clipped': 1.0, 'norm_before_clip': 93.24958038330078},
 'Intent': {'accuracy': nan,
            'target_build': 0,
            'target_deliver': 0,
            'target_mine': 0,
            'target_return': 0},
 'Loss': {'baseline_loss': 0.19244426488876343,
          'behavior_kl_loss': 0.0,
          'entropy_loss': -0.8728260397911072,
          'intent_aux_loss': 0.0,
          'rule_aux_loss': 0.0,
          'teacher_baseline_loss': 0.0,
          'teacher_kl_loss': 0.0,
          'total_loss': 205.1103057861328,
          'upgo_pg_loss': 167.35733032226562,
          'vtrace_pg_loss': 38.43336486816406},
 'Misc': {'actor_policy_tta_rot180': 1.0,
          'league_opponents': {'first_place': 0.75, 'selfplay': 0.25},
          'learning_rate': 4.690486400000001e-05,
          'teacher_kl_cost': 0.0,
          'teacher_policy_tta_rot180': 1.0,
          'total_games_played': 162},
 'Normalized_Entropy': {'cart': 0.9967622756958008,
                        'city_tile': 0.263538122177124,
                        'overall': 0.5596623852156584,
                        'worker': 0.7955201268196106},
 'Teacher_KL_Divergence': {'cart': 0.0,
                           'city_tile': 0.0,
                           'overall': 0.0,
                           'worker': 0.0},
 'Value': {'bias': 7.916241884231567e-09,
           'explained_variance': 0.9787883162498474,
           'support_outside_fraction': 0.0,
           'target_std': 0.5073211789131165}}[0m
[[36m2026-08-16 10:17:57,681[0m][[34mroot[0m][[32mINFO[0m] - Steps 62976 @ 76.7 SPS / 1.2 BPS. Stats:
{'Actions': {'cart': {'MOVE': nan, 'NO-OP': nan, 'TRANSFER': nan},
             'city_tile': {'BUILD_CART': nan,
                           'BUILD_WORKER': nan,
                           'NO-OP': nan,
                           'RESEARCH': nan},
             'worker': {'BUILD_CITY': nan,
                        'MOVE': nan,
                        'NO-OP': nan,
                        'PILLAGE': nan,
                        'TRANSFER': nan}},
 'Active_Entities': {'cart': 0, 'city_tile': 107, 'worker': 666},
 'Behavior_Policy': {'actor_version_max': 62656,
                     'actor_version_min': 62208,
                     'beta': 0.0,
                     'buffer_lag_max': 704,
                     'ema_kl': None,
                     'forward_kl': 0.018533170223236084,
                     'learner_version': 62912,
                     'log_rho_max': 0.9305591583251953,
                     'log_rho_mean': -0.14062397181987762,
                     'log_rho_p95': 0.44029000401496887,
                     'reverse_kl': 0.018564626574516296,
                     'target': None,
                     'vtrace_rho_clipped_fraction': 0.2421875},
 'Entropy': {'cart': -0.0,
             'city_tile': 0.3435470759868622,
             'overall': 0.8699715435504913,
             'worker': 0.5264244675636292},
 'Env': {'carts_final': nan,
         'carts_peak': nan,
         'city_tiles_final': nan,
         'city_tiles_peak': nan,
         'max_cumulative_rewards': nan,
         'mean_cumulative_reward_magnitudes': nan,
         'mean_cumulative_rewards': nan,
         'research_points': nan,
         'separate_cities_final': nan,
         'separate_cities_peak': nan,
         'step': nan,
         'workers_final': nan,
         'workers_peak': nan},
 'Gradient': {'clipped': 1.0, 'norm_before_clip': 34.2435188293457},
 'Intent': {'accuracy': nan,
            'target_build': 0,
            'target_deliver': 0,
            'target_mine': 0,
            'target_return': 0},
 'Loss': {'baseline_loss': 0.12468700110912323,
          'behavior_kl_loss': 0.0,
          'entropy_loss': -0.07747164368629456,
          'intent_aux_loss': 0.0,
          'rule_aux_loss': 0.0,
          'teacher_baseline_loss': 0.0,
          'teacher_kl_loss': 0.0,
          'total_loss': -1.6835147142410278,
          'upgo_pg_loss': 4.484706878662109,
          'vtrace_pg_loss': -6.215436935424805},
 'Misc': {'actor_policy_tta_rot180': 1.0,
          'league_opponents': {'first_place': 0.75, 'selfplay': 0.25},
          'learning_rate': 4.6885856e-05,
          'teacher_kl_cost': 0.0,
          'teacher_policy_tta_rot180': 1.0,
          'total_games_played': 162},
 'Normalized_Entropy': {'cart': 0.0,
                        'city_tile': 0.4588076174259186,
                        'overall': 0.35209291714591784,
                        'worker': 0.3349480628967285},
 'Teacher_KL_Divergence': {'cart': 0.0,
                           'city_tile': 0.0,
                           'overall': 0.0,
                           'worker': 0.0},
 'Value': {'bias': 6.984919309616089e-09,
           'explained_variance': 0.9874753952026367,
           'support_outside_fraction': 0.0,
           'target_std': 0.49103108048439026}}[0m
[[36m2026-08-16 10:18:02,687[0m][[34mroot[0m][[32mINFO[0m] - Steps 63232 @ 51.2 SPS / 0.8 BPS. Stats:
{'Actions': {'cart': {'MOVE': nan, 'NO-OP': nan, 'TRANSFER': nan},
             'city_tile': {'BUILD_CART': nan,
                           'BUILD_WORKER': nan,
                           'NO-OP': nan,
                           'RESEARCH': nan},
             'worker': {'BUILD_CITY': nan,
                        'MOVE': nan,
                        'NO-OP': nan,
                        'PILLAGE': nan,
                        'TRANSFER': nan}},
 'Active_Entities': {'cart': 413, 'city_tile': 1733, 'worker': 1954},
 'Behavior_Policy': {'actor_version_max': 62976,
                     'actor_version_min': 62464,
                     'beta': 0.0,
                     'buffer_lag_max': 704,
                     'ema_kl': None,
                     'forward_kl': 0.004900183063000441,
                     'learner_version': 63168,
                     'log_rho_max': 0.7226715087890625,
                     'log_rho_mean': -0.13989336788654327,
                     'log_rho_p95': 0.4996708035469055,
                     'reverse_kl': 0.004585479851812124,
                     'target': None,
                     'vtrace_rho_clipped_fraction': 0.2265625},
 'Entropy': {'cart': 1.565907597541809,
             'city_tile': 0.4352254569530487,
             'overall': 3.316074699163437,
             'worker': 1.314941644668579},
 'Env': {'carts_final': nan,
         'carts_peak': nan,
         'city_tiles_final': nan,
         'city_tiles_peak': nan,
         'max_cumulative_rewards': nan,
         'mean_cumulative_reward_magnitudes': nan,
         'mean_cumulative_rewards': nan,
         'research_points': nan,
         'separate_cities_final': nan,
         'separate_cities_peak': nan,
         'step': nan,
         'workers_final': nan,
         'workers_peak': nan},
 'Gradient': {'clipped': 1.0, 'norm_before_clip': 19.73666000366211},
 'Intent': {'accuracy': nan,
            'target_build': 0,
            'target_deliver': 0,
            'target_mine': 0,
            'target_return': 0},
 'Loss': {'baseline_loss': 0.02754579298198223,
          'behavior_kl_loss': 0.0,
          'entropy_loss': -0.7940723299980164,
          'intent_aux_loss': 0.0,
          'rule_aux_loss': 0.0,
          'teacher_baseline_loss': 0.0,
          'teacher_kl_loss': 0.0,
          'total_loss': 54.78890609741211,
          'upgo_pg_loss': 47.631980895996094,
          'vtrace_pg_loss': 7.923449993133545},
 'Misc': {'actor_policy_tta_rot180': 1.0,
          'league_opponents': {'first_place': 0.75, 'selfplay': 0.25},
          'learning_rate': 4.6873184e-05,
          'teacher_kl_cost': 0.0,
          'teacher_policy_tta_rot180': 1.0,
          'total_games_played': 163},
 'Normalized_Entropy': {'cart': 0.9954362511634827,
                        'city_tile': 0.396159291267395,
                        'overall': 0.6521648215520672,
                        'worker': 0.8066614866256714},
 'Teacher_KL_Divergence': {'cart': 0.0,
                           'city_tile': 0.0,
                           'overall': 0.0,
                           'worker': 0.0},
 'Value': {'bias': 1.1874362826347351e-08,
           'explained_variance': 0.9989840984344482,
           'support_outside_fraction': 0.0,
           'target_std': 0.7416623830795288}}[0m
[[36m2026-08-16 10:18:07,693[0m][[34mroot[0m][[32mINFO[0m] - Steps 63488 @ 51.2 SPS / 0.8 BPS. Stats:
{'Actions': {'cart': {'MOVE': nan, 'NO-OP': nan, 'TRANSFER': nan},
             'city_tile': {'BUILD_CART': nan,
                           'BUILD_WORKER': nan,
                           'NO-OP': nan,
                           'RESEARCH': nan},
             'worker': {'BUILD_CITY': nan,
                        'MOVE': nan,
                        'NO-OP': nan,
                        'PILLAGE': nan,
                        'TRANSFER': nan}},
 'Active_Entities': {'cart': 6, 'city_tile': 333, 'worker': 848},
 'Behavior_Policy': {'actor_version_max': 63232,
                     'actor_version_min': 62720,
                     'beta': 0.0,
                     'buffer_lag_max': 704,
                     'ema_kl': None,
                     'forward_kl': 0.01691051758825779,
                     'learner_version': 63424,
                     'log_rho_max': 1.62139892578125,
                     'log_rho_mean': -0.16214771568775177,
                     'log_rho_p95': 0.6254136562347412,
                     'reverse_kl': 0.01773942820727825,
                     'target': None,
                     'vtrace_rho_clipped_fraction': 0.203125},
 'Entropy': {'cart': 1.4541302919387817,
             'city_tile': 0.4367782175540924,
             'overall': 2.4351467192173004,
             'worker': 0.5442382097244263},
 'Env': {'carts_final': nan,
         'carts_peak': nan,
         'city_tiles_final': nan,
         'city_tiles_peak': nan,
         'max_cumulative_rewards': nan,
         'mean_cumulative_reward_magnitudes': nan,
         'mean_cumulative_rewards': nan,
         'research_points': nan,
         'separate_cities_final': nan,
         'separate_cities_peak': nan,
         'step': nan,
         'workers_final': nan,
         'workers_peak': nan},
 'Gradient': {'clipped': 1.0, 'norm_before_clip': 48.74281311035156},
 'Intent': {'accuracy': nan,
            'target_build': 0,
            'target_deliver': 0,
            'target_mine': 0,
            'target_return': 0},
 'Loss': {'baseline_loss': 0.2260810136795044,
          'behavior_kl_loss': 0.0,
          'entropy_loss': -0.12313717603683472,
          'intent_aux_loss': 0.0,
          'rule_aux_loss': 0.0,
          'teacher_baseline_loss': 0.0,
          'teacher_kl_loss': 0.0,
          'total_loss': 16.35413360595703,
          'upgo_pg_loss': 13.415504455566406,
          'vtrace_pg_loss': 2.835683584213257},
 'Misc': {'actor_policy_tta_rot180': 1.0,
          'league_opponents': {'first_place': 0.75, 'selfplay': 0.25},
          'learning_rate': 4.6860512e-05,
          'teacher_kl_cost': 0.0,
          'teacher_policy_tta_rot180': 1.0,
          'total_games_played': 163},
 'Normalized_Entropy': {'cart': 0.9711748957633972,
                        'city_tile': 0.4119091331958771,
                        'overall': 0.3686420108303867,
                        'worker': 0.34738829731941223},
 'Teacher_KL_Divergence': {'cart': 0.0,
                           'city_tile': 0.0,
                           'overall': 0.0,
                           'worker': 0.0},
 'Value': {'bias': -1.0826624929904938e-08,
           'explained_variance': 0.9852553606033325,
           'support_outside_fraction': 0.0,
           'target_std': 0.5244160294532776}}[0m
[[36m2026-08-16 10:18:12,699[0m][[34mroot[0m][[32mINFO[0m] - Steps 63872 @ 76.7 SPS / 1.2 BPS. Stats:
{'Actions': {'cart': {'MOVE': nan, 'NO-OP': nan, 'TRANSFER': nan},
             'city_tile': {'BUILD_CART': nan,
                           'BUILD_WORKER': nan,
                           'NO-OP': nan,
                           'RESEARCH': nan},
             'worker': {'BUILD_CITY': nan,
                        'MOVE': nan,
                        'NO-OP': nan,
                        'PILLAGE': nan,
                        'TRANSFER': nan}},
 'Active_Entities': {'cart': 0, 'city_tile': 135, 'worker': 934},
 'Behavior_Policy': {'actor_version_max': 63552,
                     'actor_version_min': 63232,
                     'beta': 0.0,
                     'buffer_lag_max': 576,
                     'ema_kl': None,
                     'forward_kl': 0.014678269624710083,
                     'learner_version': 63808,
                     'log_rho_max': 1.9308319091796875,
                     'log_rho_mean': -0.11308170855045319,
                     'log_rho_p95': 0.45280370116233826,
                     'reverse_kl': 0.01487942598760128,
                     'target': None,
                     'vtrace_rho_clipped_fraction': 0.203125},
 'Entropy': {'cart': -0.0,
             'city_tile': 0.4093368649482727,
             'overall': 0.7259437441825867,
             'worker': 0.31660687923431396},
 'Env': {'carts_final': nan,
         'carts_peak': nan,
         'city_tiles_final': nan,
         'city_tiles_peak': nan,
         'max_cumulative_rewards': nan,
         'mean_cumulative_reward_magnitudes': nan,
         'mean_cumulative_rewards': nan,
         'research_points': nan,
         'separate_cities_final': nan,
         'separate_cities_peak': nan,
         'step': nan,
         'workers_final': nan,
         'workers_peak': nan},
 'Gradient': {'clipped': 1.0, 'norm_before_clip': 33.76129913330078},
 'Intent': {'accuracy': nan,
            'target_build': 0,
            'target_deliver': 0,
            'target_mine': 0,
            'target_return': 0},
 'Loss': {'baseline_loss': 0.11449944972991943,
          'behavior_kl_loss': 0.0,
          'entropy_loss': -0.07019425183534622,
          'intent_aux_loss': 0.0,
          'rule_aux_loss': 0.0,
          'teacher_baseline_loss': 0.0,
          'teacher_kl_loss': 0.0,
          'total_loss': 5.220818042755127,
          'upgo_pg_loss': 5.4948577880859375,
          'vtrace_pg_loss': -0.31834518909454346},
 'Misc': {'actor_policy_tta_rot180': 1.0,
          'league_opponents': {'first_place': 1.0, 'selfplay': 0.0},
          'learning_rate': 4.6841504e-05,
          'teacher_kl_cost': 0.0,
          'teacher_policy_tta_rot180': 1.0,
          'total_games_played': 163},
 'Normalized_Entropy': {'cart': 0.0,
                        'city_tile': 0.4078179597854614,
                        'overall': 0.22275768497817644,
                        'worker': 0.19600914418697357},
 'Teacher_KL_Divergence': {'cart': 0.0,
                           'city_tile': 0.0,
                           'overall': 0.0,
                           'worker': 0.0},
 'Value': {'bias': 1.1408701539039612e-08,
           'explained_variance': 0.9798851609230042,
           'support_outside_fraction': 0.0,
           'target_std': 0.421763151884079}}[0m
[[36m2026-08-16 10:18:17,705[0m][[34mroot[0m][[32mINFO[0m] - Steps 64000 @ 25.6 SPS / 0.4 BPS. Stats:
{'Actions': {'cart': {'MOVE': nan, 'NO-OP': nan, 'TRANSFER': nan},
             'city_tile': {'BUILD_CART': nan,
                           'BUILD_WORKER': nan,
                           'NO-OP': nan,
                           'RESEARCH': nan},
             'worker': {'BUILD_CITY': nan,
                        'MOVE': nan,
                        'NO-OP': nan,
                        'PILLAGE': nan,
                        'TRANSFER': nan}},
 'Active_Entities': {'cart': 2, 'city_tile': 543, 'worker': 927},
 'Behavior_Policy': {'actor_version_max': 63552,
                     'actor_version_min': 63232,
                     'beta': 0.0,
                     'buffer_lag_max': 704,
                     'ema_kl': None,
                     'forward_kl': 0.013071024790406227,
                     'learner_version': 63936,
                     'log_rho_max': 1.0586299896240234,
                     'log_rho_mean': -0.17618969082832336,
                     'log_rho_p95': 0.56917804479599,
                     'reverse_kl': 0.012887929566204548,
                     'target': None,
                     'vtrace_rho_clipped_fraction': 0.25},
 'Entropy': {'cart': 1.5686163902282715,
             'city_tile': 0.2894476056098938,
             'overall': 2.3911205530166626,
             'worker': 0.5330565571784973},
 'Env': {'carts_final': nan,
         'carts_peak': nan,
         'city_tiles_final': nan,
         'city_tiles_peak': nan,
         'max_cumulative_rewards': nan,
         'mean_cumulative_reward_magnitudes': nan,
         'mean_cumulative_rewards': nan,
         'research_points': nan,
         'separate_cities_final': nan,
         'separate_cities_peak': nan,
         'step': nan,
         'workers_final': nan,
         'workers_peak': nan},
 'Gradient': {'clipped': 1.0, 'norm_before_clip': 59.72795867919922},
 'Intent': {'accuracy': nan,
            'target_build': 0,
            'target_deliver': 0,
            'target_mine': 0,
            'target_return': 0},
 'Loss': {'baseline_loss': 0.5182704329490662,
          'behavior_kl_loss': 0.0,
          'entropy_loss': -0.1308901309967041,
          'intent_aux_loss': 0.0,
          'rule_aux_loss': 0.0,
          'teacher_baseline_loss': 0.0,
          'teacher_kl_loss': 0.0,
          'total_loss': 10.588072776794434,
          'upgo_pg_loss': 18.336572647094727,
          'vtrace_pg_loss': -8.135880470275879},
 'Misc': {'actor_policy_tta_rot180': 1.0,
          'league_opponents': {'first_place': 0.75, 'selfplay': 0.25},
          'learning_rate': 4.6835168e-05,
          'teacher_kl_cost': 0.0,
          'teacher_policy_tta_rot180': 1.0,
          'total_games_played': 163},
 'Normalized_Entropy': {'cart': 0.9746361970901489,
                        'city_tile': 0.26830199360847473,
                        'overall': 0.3134925498060234,
                        'worker': 0.33853697776794434},
 'Teacher_KL_Divergence': {'cart': 0.0,
                           'city_tile': 0.0,
                           'overall': 0.0,
                           'worker': 0.0},
 'Value': {'bias': 1.5832483768463135e-08,
           'explained_variance': 0.9671458601951599,
           'support_outside_fraction': 0.0,
           'target_std': 0.5505062937736511}}[0m
[[36m2026-08-16 10:18:22,710[0m][[34mroot[0m][[32mINFO[0m] - Steps 64512 @ 102.3 SPS / 1.6 BPS. Stats:
{'Actions': {'cart': {'MOVE': nan, 'NO-OP': nan, 'TRANSFER': nan},
             'city_tile': {'BUILD_CART': nan,
                           'BUILD_WORKER': nan,
                           'NO-OP': nan,
                           'RESEARCH': nan},
             'worker': {'BUILD_CITY': nan,
                        'MOVE': nan,
                        'NO-OP': nan,
                        'PILLAGE': nan,
                        'TRANSFER': nan}},
 'Active_Entities': {'cart': 43, 'city_tile': 719, 'worker': 815},
 'Behavior_Policy': {'actor_version_max': 64000,
                     'actor_version_min': 63680,
                     'beta': 0.0,
                     'buffer_lag_max': 768,
                     'ema_kl': None,
                     'forward_kl': 0.018814386799931526,
                     'learner_version': 64448,
                     'log_rho_max': 1.701162338256836,
                     'log_rho_mean': -0.16342823207378387,
                     'log_rho_p95': 0.822608232498169,
                     'reverse_kl': 0.017833374440670013,
                     'target': None,
                     'vtrace_rho_clipped_fraction': 0.2578125},
 'Entropy': {'cart': 1.548460841178894,
             'city_tile': 0.31066328287124634,
             'overall': 2.64846134185791,
             'worker': 0.7893372178077698},
 'Env': {'carts_final': nan,
         'carts_peak': nan,
         'city_tiles_final': nan,
         'city_tiles_peak': nan,
         'max_cumulative_rewards': nan,
         'mean_cumulative_reward_magnitudes': nan,
         'mean_cumulative_rewards': nan,
         'research_points': nan,
         'separate_cities_final': nan,
         'separate_cities_peak': nan,
         'step': nan,
         'workers_final': nan,
         'workers_peak': nan},
 'Gradient': {'clipped': 1.0, 'norm_before_clip': 39.64535140991211},
 'Intent': {'accuracy': nan,
            'target_build': 0,
            'target_deliver': 0,
            'target_mine': 0,
            'target_return': 0},
 'Loss': {'baseline_loss': 0.10280782729387283,
          'behavior_kl_loss': 0.0,
          'entropy_loss': -0.18665212392807007,
          'intent_aux_loss': 0.0,
          'rule_aux_loss': 0.0,
          'teacher_baseline_loss': 0.0,
          'teacher_kl_loss': 0.0,
          'total_loss': 1.5161585807800293,
          'upgo_pg_loss': 6.150798320770264,
          'vtrace_pg_loss': -4.550795555114746},
 'Misc': {'actor_policy_tta_rot180': 1.0,
          'league_opponents': {'first_place': 0.75, 'selfplay': 0.25},
          'learning_rate': 4.6809824e-05,
          'teacher_kl_cost': 0.0,
          'teacher_policy_tta_rot180': 1.0,
          'total_games_played': 166},
 'Normalized_Entropy': {'cart': 0.9874275326728821,
                        'city_tile': 0.30221715569496155,
                        'overall': 0.4191107814570507,
                        'worker': 0.49225053191185},
 'Teacher_KL_Divergence': {'cart': 0.0,
                           'city_tile': 0.0,
                           'overall': 0.0,
                           'worker': 0.0},
 'Value': {'bias': 3.958120942115784e-09,
           'explained_variance': 0.9920026659965515,
           'support_outside_fraction': 0.0,
           'target_std': 0.5345985293388367}}[0m
[[36m2026-08-16 10:18:27,715[0m][[34mroot[0m][[32mINFO[0m] - Steps 64512 @ 0.0 SPS / 0.0 BPS. Stats:
{'Actions': {'cart': {'MOVE': nan, 'NO-OP': nan, 'TRANSFER': nan},
             'city_tile': {'BUILD_CART': nan,
                           'BUILD_WORKER': nan,
                           'NO-OP': nan,
                           'RESEARCH': nan},
             'worker': {'BUILD_CITY': nan,
                        'MOVE': nan,
                        'NO-OP': nan,
                        'PILLAGE': nan,
                        'TRANSFER': nan}},
 'Active_Entities': {'cart': 43, 'city_tile': 719, 'worker': 815},
 'Behavior_Policy': {'actor_version_max': 64000,
                     'actor_version_min': 63680,
                     'beta': 0.0,
                     'buffer_lag_max': 768,
                     'ema_kl': None,
                     'forward_kl': 0.018814386799931526,
                     'learner_version': 64448,
                     'log_rho_max': 1.701162338256836,
                     'log_rho_mean': -0.16342823207378387,
                     'log_rho_p95': 0.822608232498169,
                     'reverse_kl': 0.017833374440670013,
                     'target': None,
                     'vtrace_rho_clipped_fraction': 0.2578125},
 'Entropy': {'cart': 1.548460841178894,
             'city_tile': 0.31066328287124634,
             'overall': 2.64846134185791,
             'worker': 0.7893372178077698},
 'Env': {'carts_final': nan,
         'carts_peak': nan,
         'city_tiles_final': nan,
         'city_tiles_peak': nan,
         'max_cumulative_rewards': nan,
         'mean_cumulative_reward_magnitudes': nan,
         'mean_cumulative_rewards': nan,
         'research_points': nan,
         'separate_cities_final': nan,
         'separate_cities_peak': nan,
         'step': nan,
         'workers_final': nan,
         'workers_peak': nan},
 'Gradient': {'clipped': 1.0, 'norm_before_clip': 39.64535140991211},
 'Intent': {'accuracy': nan,
            'target_build': 0,
            'target_deliver': 0,
            'target_mine': 0,
            'target_return': 0},
 'Loss': {'baseline_loss': 0.10280782729387283,
          'behavior_kl_loss': 0.0,
          'entropy_loss': -0.18665212392807007,
          'intent_aux_loss': 0.0,
          'rule_aux_loss': 0.0,
          'teacher_baseline_loss': 0.0,
          'teacher_kl_loss': 0.0,
          'total_loss': 1.5161585807800293,
          'upgo_pg_loss': 6.150798320770264,
          'vtrace_pg_loss': -4.550795555114746},
 'Misc': {'actor_policy_tta_rot180': 1.0,
          'league_opponents': {'first_place': 0.75, 'selfplay': 0.25},
          'learning_rate': 4.6809824e-05,
          'teacher_kl_cost': 0.0,
          'teacher_policy_tta_rot180': 1.0,
          'total_games_played': 166},
 'Normalized_Entropy': {'cart': 0.9874275326728821,
                        'city_tile': 0.30221715569496155,
                        'overall': 0.4191107814570507,
                        'worker': 0.49225053191185},
 'Teacher_KL_Divergence': {'cart': 0.0,
                           'city_tile': 0.0,
                           'overall': 0.0,
                           'worker': 0.0},
 'Value': {'bias': 3.958120942115784e-09,
           'explained_variance': 0.9920026659965515,
           'support_outside_fraction': 0.0,
           'target_std': 0.5345985293388367}}[0m
[[36m2026-08-16 10:18:32,720[0m][[34mroot[0m][[32mINFO[0m] - Steps 65024 @ 102.3 SPS / 1.6 BPS. Stats:
{'Actions': {'cart': {'MOVE': nan, 'NO-OP': nan, 'TRANSFER': nan},
             'city_tile': {'BUILD_CART': nan,
                           'BUILD_WORKER': nan,
                           'NO-OP': nan,
                           'RESEARCH': nan},
             'worker': {'BUILD_CITY': nan,
                        'MOVE': nan,
                        'NO-OP': nan,
                        'PILLAGE': nan,
                        'TRANSFER': nan}},
 'Active_Entities': {'cart': 299, 'city_tile': 1702, 'worker': 1451},
 'Behavior_Policy': {'actor_version_max': 64512,
                     'actor_version_min': 64000,
                     'beta': 0.0,
                     'buffer_lag_max': 960,
                     'ema_kl': None,
                     'forward_kl': 0.007253916002810001,
                     'learner_version': 64960,
                     'log_rho_max': 0.47714996337890625,
                     'log_rho_mean': -0.09110046923160553,
                     'log_rho_p95': 0.24846607446670532,
                     'reverse_kl': 0.007025699596852064,
                     'target': None,
                     'vtrace_rho_clipped_fraction': 0.1953125},
 'Entropy': {'cart': 1.5496207475662231,
             'city_tile': 0.06631901115179062,
             'overall': 3.00203850120306,
             'worker': 1.3860987424850464},
 'Env': {'carts_final': nan,
         'carts_peak': nan,
         'city_tiles_final': nan,
         'city_tiles_peak': nan,
         'max_cumulative_rewards': nan,
         'mean_cumulative_reward_magnitudes': nan,
         'mean_cumulative_rewards': nan,
         'research_points': nan,
         'separate_cities_final': nan,
         'separate_cities_peak': nan,
         'step': nan,
         'workers_final': nan,
         'workers_peak': nan},
 'Gradient': {'clipped': 1.0, 'norm_before_clip': 13.68408489227295},
 'Intent': {'accuracy': nan,
            'target_build': 0,
            'target_deliver': 0,
            'target_mine': 0,
            'target_return': 0},
 'Loss': {'baseline_loss': 0.051979802548885345,
          'behavior_kl_loss': 0.0,
          'entropy_loss': -0.5174881815910339,
          'intent_aux_loss': 0.0,
          'rule_aux_loss': 0.0,
          'teacher_baseline_loss': 0.0,
          'teacher_kl_loss': 0.0,
          'total_loss': 37.19060516357422,
          'upgo_pg_loss': 26.41718864440918,
          'vtrace_pg_loss': 11.238922119140625},
 'Misc': {'actor_policy_tta_rot180': 1.0,
          'league_opponents': {'first_place': 1.0, 'selfplay': 0.0},
          'learning_rate': 4.6784480000000004e-05,
          'teacher_kl_cost': 0.0,
          'teacher_policy_tta_rot180': 1.0,
          'total_games_played': 166},
 'Normalized_Entropy': {'cart': 0.9978086352348328,
                        'city_tile': 0.06053886190056801,
                        'overall': 0.4714871547308989,
                        'worker': 0.8450666666030884},
 'Teacher_KL_Divergence': {'cart': 0.0,
                           'city_tile': 0.0,
                           'overall': 0.0,
                           'worker': 0.0},
 'Value': {'bias': 3.6088749766349792e-09,
           'explained_variance': 0.9957960844039917,
           'support_outside_fraction': 0.0,
           'target_std': 0.621605634689331}}[0m
[[36m2026-08-16 10:18:37,726[0m][[34mroot[0m][[32mINFO[0m] - Steps 65088 @ 12.8 SPS / 0.2 BPS. Stats:
{'Actions': {'cart': {'MOVE': nan, 'NO-OP': nan, 'TRANSFER': nan},
             'city_tile': {'BUILD_CART': nan,
                           'BUILD_WORKER': nan,
                           'NO-OP': nan,
                           'RESEARCH': nan},
             'worker': {'BUILD_CITY': nan,
                        'MOVE': nan,
                        'NO-OP': nan,
                        'PILLAGE': nan,
                        'TRANSFER': nan}},
 'Active_Entities': {'cart': 140, 'city_tile': 786, 'worker': 1477},
 'Behavior_Policy': {'actor_version_max': 65024,
                     'actor_version_min': 64512,
                     'beta': 0.0,
                     'buffer_lag_max': 512,
                     'ema_kl': None,
                     'forward_kl': 0.018511783331632614,
                     'learner_version': 65024,
                     'log_rho_max': 2.165304183959961,
                     'log_rho_mean': -0.18153619766235352,
                     'log_rho_p95': 1.065872073173523,
                     'reverse_kl': 0.01831531524658203,
                     'target': None,
                     'vtrace_rho_clipped_fraction': 0.3515625},
 'Entropy': {'cart': 1.5329818725585938,
             'city_tile': 0.3729410469532013,
             'overall': 2.705555111169815,
             'worker': 0.79963219165802},
 'Env': {'carts_final': nan,
         'carts_peak': nan,
         'city_tiles_final': nan,
         'city_tiles_peak': nan,
         'max_cumulative_rewards': nan,
         'mean_cumulative_reward_magnitudes': nan,
         'mean_cumulative_rewards': nan,
         'research_points': nan,
         'separate_cities_final': nan,
         'separate_cities_peak': nan,
         'step': nan,
         'workers_final': nan,
         'workers_peak': nan},
 'Gradient': {'clipped': 1.0, 'norm_before_clip': 37.94454574584961},
 'Intent': {'accuracy': nan,
            'target_build': 0,
            'target_deliver': 0,
            'target_mine': 0,
            'target_return': 0},
 'Loss': {'baseline_loss': 0.07253672182559967,
          'behavior_kl_loss': 0.0,
          'entropy_loss': -0.33776116371154785,
          'intent_aux_loss': 0.0,
          'rule_aux_loss': 0.0,
          'teacher_baseline_loss': 0.0,
          'teacher_kl_loss': 0.0,
          'total_loss': 15.330321311950684,
          'upgo_pg_loss': 23.62474822998047,
          'vtrace_pg_loss': -8.029202461242676},
 'Misc': {'actor_policy_tta_rot180': 1.0,
          'league_opponents': {'first_place': 0.25, 'selfplay': 0.75},
          'learning_rate': 4.6781312e-05,
          'teacher_kl_cost': 0.0,
          'teacher_policy_tta_rot180': 1.0,
          'total_games_played': 166},
 'Normalized_Entropy': {'cart': 0.9843213558197021,
                        'city_tile': 0.3429579436779022,
                        'overall': 0.4797981638140446,
                        'worker': 0.5047969222068787},
 'Teacher_KL_Divergence': {'cart': 0.0,
                           'city_tile': 0.0,
                           'overall': 0.0,
                           'worker': 0.0},
 'Value': {'bias': 8.585629984736443e-09,
           'explained_variance': 0.9942157864570618,
           'support_outside_fraction': 0.0,
           'target_std': 0.4451045095920563}}[0m
[[36m2026-08-16 10:18:42,732[0m][[34mroot[0m][[32mINFO[0m] - Steps 65536 @ 89.5 SPS / 1.4 BPS. Stats:
{'Actions': {'cart': {'MOVE': nan, 'NO-OP': nan, 'TRANSFER': nan},
             'city_tile': {'BUILD_CART': nan,
                           'BUILD_WORKER': nan,
                           'NO-OP': nan,
                           'RESEARCH': nan},
             'worker': {'BUILD_CITY': nan,
                        'MOVE': nan,
                        'NO-OP': nan,
                        'PILLAGE': nan,
                        'TRANSFER': nan}},
 'Active_Entities': {'cart': 314, 'city_tile': 1819, 'worker': 1412},
 'Behavior_Policy': {'actor_version_max': 65216,
                     'actor_version_min': 64576,
                     'beta': 0.0,
                     'buffer_lag_max': 896,
                     'ema_kl': None,
                     'forward_kl': 0.010149187408387661,
                     'learner_version': 65472,
                     'log_rho_max': 1.2335606813430786,
                     'log_rho_mean': -0.05377990007400513,
                     'log_rho_p95': 0.44524213671684265,
                     'reverse_kl': 0.009346920065581799,
                     'target': None,
                     'vtrace_rho_clipped_fraction': 0.21875},
 'Entropy': {'cart': 1.5581368207931519,
             'city_tile': 0.1847028285264969,
             'overall': 2.8709727078676224,
             'worker': 1.1281330585479736},
 'Env': {'carts_final': nan,
         'carts_peak': nan,
         'city_tiles_final': nan,
         'city_tiles_peak': nan,
         'max_cumulative_rewards': nan,
         'mean_cumulative_reward_magnitudes': nan,
         'mean_cumulative_rewards': nan,
         'research_points': nan,
         'separate_cities_final': nan,
         'separate_cities_peak': nan,
         'step': nan,
         'workers_final': nan,
         'workers_peak': nan},
 'Gradient': {'clipped': 1.0, 'norm_before_clip': 18.794477462768555},
 'Intent': {'accuracy': nan,
            'target_build': 0,
            'target_deliver': 0,
            'target_mine': 0,
            'target_return': 0},
 'Loss': {'baseline_loss': 0.0618169903755188,
          'behavior_kl_loss': 0.0,
          'entropy_loss': -0.4836306571960449,
          'intent_aux_loss': 0.0,
          'rule_aux_loss': 0.0,
          'teacher_baseline_loss': 0.0,
          'teacher_kl_loss': 0.0,
          'total_loss': 46.67212677001953,
          'upgo_pg_loss': 36.082027435302734,
          'vtrace_pg_loss': 11.011911392211914},
 'Misc': {'actor_policy_tta_rot180': 1.0,
          'league_opponents': {'first_place': 1.0, 'selfplay': 0.0},
          'learning_rate': 4.6759136e-05,
          'teacher_kl_cost': 0.0,
          'teacher_policy_tta_rot180': 1.0,
          'total_games_played': 166},
 'Normalized_Entropy': {'cart': 0.9980624318122864,
                        'city_tile': 0.16792543232440948,
                        'overall': 0.45057489229274233,
                        'worker': 0.692946195602417},
 'Teacher_KL_Divergence': {'cart': 0.0,
                           'city_tile': 0.0,
                           'overall': 0.0,
                           'worker': 0.0},
 'Value': {'bias': -1.4901161193847656e-08,
           'explained_variance': 0.994843602180481,
           'support_outside_fraction': 0.0,
           'target_std': 0.6120772957801819}}[0m
[[36m2026-08-16 10:18:47,737[0m][[34mroot[0m][[32mINFO[0m] - Steps 65792 @ 51.2 SPS / 0.8 BPS. Stats:
{'Actions': {'cart': {'MOVE': nan, 'NO-OP': nan, 'TRANSFER': nan},
             'city_tile': {'BUILD_CART': nan,
                           'BUILD_WORKER': nan,
                           'NO-OP': nan,
                           'RESEARCH': nan},
             'worker': {'BUILD_CITY': nan,
                        'MOVE': nan,
                        'NO-OP': nan,
                        'PILLAGE': nan,
                        'TRANSFER': nan}},
 'Active_Entities': {'cart': 166, 'city_tile': 893, 'worker': 1016},
 'Behavior_Policy': {'actor_version_max': 65536,
                     'actor_version_min': 65024,
                     'beta': 0.0,
                     'buffer_lag_max': 704,
                     'ema_kl': None,
                     'forward_kl': 0.008140395395457745,
                     'learner_version': 65728,
                     'log_rho_max': 1.2051506042480469,
                     'log_rho_mean': -0.05561147257685661,
                     'log_rho_p95': 0.5908870100975037,
                     'reverse_kl': 0.007884924300014973,
                     'target': None,
                     'vtrace_rho_clipped_fraction': 0.3046875},
 'Entropy': {'cart': 1.5418024063110352,
             'city_tile': 0.4286624491214752,
             'overall': 2.9285957515239716,
             'worker': 0.9581308960914612},
 'Env': {'carts_final': nan,
         'carts_peak': nan,
         'city_tiles_final': nan,
         'city_tiles_peak': nan,
         'max_cumulative_rewards': nan,
         'mean_cumulative_reward_magnitudes': nan,
         'mean_cumulative_rewards': nan,
         'research_points': nan,
         'separate_cities_final': nan,
         'separate_cities_peak': nan,
         'step': nan,
         'workers_final': nan,
         'workers_peak': nan},
 'Gradient': {'clipped': 1.0, 'norm_before_clip': 32.7985725402832},
 'Intent': {'accuracy': nan,
            'target_build': 0,
            'target_deliver': 0,
            'target_mine': 0,
            'target_return': 0},
 'Loss': {'baseline_loss': 0.12761490046977997,
          'behavior_kl_loss': 0.0,
          'entropy_loss': -0.32243916392326355,
          'intent_aux_loss': 0.0,
          'rule_aux_loss': 0.0,
          'teacher_baseline_loss': 0.0,
          'teacher_kl_loss': 0.0,
          'total_loss': 65.18865966796875,
          'upgo_pg_loss': 39.0673828125,
          'vtrace_pg_loss': 26.31610107421875},
 'Misc': {'actor_policy_tta_rot180': 1.0,
          'league_opponents': {'first_place': 0.75, 'selfplay': 0.25},
          'learning_rate': 4.6746464e-05,
          'teacher_kl_cost': 0.0,
          'teacher_policy_tta_rot180': 1.0,
          'total_games_played': 166},
 'Normalized_Entropy': {'cart': 0.992434561252594,
                        'city_tile': 0.4112013876438141,
                        'overall': 0.5528344904227429,
                        'worker': 0.6054966449737549},
 'Teacher_KL_Divergence': {'cart': 0.0,
                           'city_tile': 0.0,
                           'overall': 0.0,
                           'worker': 0.0},
 'Value': {'bias': 4.190951585769653e-09,
           'explained_variance': 0.9881515502929688,
           'support_outside_fraction': 0.0,
           'target_std': 0.47409000992774963}}[0m
[[36m2026-08-16 10:18:52,742[0m][[34mroot[0m][[32mINFO[0m] - Steps 66048 @ 51.2 SPS / 0.8 BPS. Stats:
{'Actions': {'cart': {'MOVE': 0.8084378563283923,
                      'NO-OP': 0.18671607753705816,
                      'TRANSFER': 0.004846066134549601},
             'city_tile': {'BUILD_CART': 0.011951361085892035,
                           'BUILD_WORKER': 0.026447781630921728,
                           'NO-OP': 0.9450356457158166,
                           'RESEARCH': 0.016565211567369658},
             'worker': {'BUILD_CITY': 0.01887112146563592,
                        'MOVE': 0.35749232235518374,
                        'NO-OP': 0.5749867626813513,
                        'PILLAGE': 0.014719898337392777,
                        'TRANSFER': 0.033929895160436305}},
 'Active_Entities': {'cart': 40, 'city_tile': 223, 'worker': 517},
 'Behavior_Policy': {'actor_version_max': 65792,
                     'actor_version_min': 65280,
                     'beta': 0.0,
                     'buffer_lag_max': 704,
                     'ema_kl': None,
                     'forward_kl': 0.026125548407435417,
                     'learner_version': 65984,
                     'log_rho_max': 0.8364410400390625,
                     'log_rho_mean': -0.0341801755130291,
                     'log_rho_p95': 0.4067756235599518,
                     'reverse_kl': 0.019963137805461884,
                     'target': None,
                     'vtrace_rho_clipped_fraction': 0.2890625},
 'Entropy': {'cart': 1.5977613925933838,
             'city_tile': 0.7647686004638672,
             'overall': 2.9094333052635193,
             'worker': 0.5469033122062683},
 'Env': {'carts_final': 0.3333333432674408,
         'carts_peak': 7.1666669845581055,
         'city_tiles_final': 85.0,
         'city_tiles_peak': 89.0,
         'max_cumulative_rewards': 1.0,
         'mean_cumulative_reward_magnitudes': 1.0,
         'mean_cumulative_rewards': 0.0,
         'research_points': 185.5,
         'separate_cities_final': 3.8333334922790527,
         'separate_cities_peak': 12.0,
         'step': 361.0,
         'workers_final': 41.66666793823242,
         'workers_peak': 48.16666793823242},
 'Gradient': {'clipped': 1.0, 'norm_before_clip': 89.14897155761719},
 'Intent': {'accuracy': nan,
            'target_build': 0,
            'target_deliver': 0,
            'target_mine': 0,
            'target_return': 0},
 'Loss': {'baseline_loss': 0.969002902507782,
          'behavior_kl_loss': 0.0,
          'entropy_loss': -0.10344057530164719,
          'intent_aux_loss': 0.0,
          'rule_aux_loss': 0.0,
          'teacher_baseline_loss': 0.0,
          'teacher_kl_loss': 0.0,
          'total_loss': -181.95541381835938,
          'upgo_pg_loss': -35.05780029296875,
          'vtrace_pg_loss': -147.76318359375},
 'Misc': {'actor_policy_tta_rot180': 1.0,
          'league_opponents': {'first_place': 1.0, 'selfplay': 0.0},
          'learning_rate': 4.6733792e-05,
          'teacher_kl_cost': 0.0,
          'teacher_policy_tta_rot180': 1.0,
          'total_games_played': 176},
 'Normalized_Entropy': {'cart': 0.9962064027786255,
                        'city_tile': 0.700527012348175,
                        'overall': 0.480714559287597,
                        'worker': 0.346018522977829},
 'Teacher_KL_Divergence': {'cart': 0.0,
                           'city_tile': 0.0,
                           'overall': 0.0,
                           'worker': 0.0},
 'Value': {'bias': 1.0128132998943329e-08,
           'explained_variance': 0.9150685667991638,
           'support_outside_fraction': 0.0,
           'target_std': 0.5971085429191589}}[0m
[[36m2026-08-16 10:18:57,748[0m][[34mroot[0m][[32mINFO[0m] - Steps 66304 @ 51.1 SPS / 0.8 BPS. Stats:
{'Actions': {'cart': {'MOVE': nan, 'NO-OP': nan, 'TRANSFER': nan},
             'city_tile': {'BUILD_CART': 0.0,
                           'BUILD_WORKER': 0.011670020120724347,
                           'NO-OP': 0.9494969818913481,
                           'RESEARCH': 0.03883299798792757},
             'worker': {'BUILD_CITY': 0.019720247649621648,
                        'MOVE': 0.491401054803944,
                        'NO-OP': 0.4764962164641137,
                        'PILLAGE': 0.0,
                        'TRANSFER': 0.01238248108232057}},
 'Active_Entities': {'cart': 116, 'city_tile': 634, 'worker': 1031},
 'Behavior_Policy': {'actor_version_max': 66048,
                     'actor_version_min': 65536,
                     'beta': 0.0,
                     'buffer_lag_max': 704,
                     'ema_kl': None,
                     'forward_kl': 0.011545199900865555,
                     'learner_version': 66240,
                     'log_rho_max': 0.9409379959106445,
                     'log_rho_mean': -0.15184397995471954,
                     'log_rho_p95': 0.4236734211444855,
                     'reverse_kl': 0.009538370184600353,
                     'target': None,
                     'vtrace_rho_clipped_fraction': 0.28125},
 'Entropy': {'cart': 1.5497288703918457,
             'city_tile': 0.5124828219413757,
             'overall': 2.8992581367492676,
             'worker': 0.8370464444160461},
 'Env': {'carts_final': 0.0,
         'carts_peak': 0.0,
         'city_tiles_final': 0.5,
         'city_tiles_peak': 24.0,
         'max_cumulative_rewards': 1.0,
         'mean_cumulative_reward_magnitudes': 1.0,
         'mean_cumulative_rewards': 0.0,
         'research_points': 96.5,
         'separate_cities_final': 0.5,
         'separate_cities_peak': 5.5,
         'step': 361.0,
         'workers_final': 1.0,
         'workers_peak': 15.0},
 'Gradient': {'clipped': 1.0, 'norm_before_clip': 32.370635986328125},
 'Intent': {'accuracy': nan,
            'target_build': 0,
            'target_deliver': 0,
            'target_mine': 0,
            'target_return': 0},
 'Loss': {'baseline_loss': 1.1751797199249268,
          'behavior_kl_loss': 0.0,
          'entropy_loss': -0.27353549003601074,
          'intent_aux_loss': 0.0,
          'rule_aux_loss': 0.0,
          'teacher_baseline_loss': 0.0,
          'teacher_kl_loss': 0.0,
          'total_loss': 6.387454032897949,
          'upgo_pg_loss': 10.960777282714844,
          'vtrace_pg_loss': -5.474967002868652},
 'Misc': {'actor_policy_tta_rot180': 1.0,
          'league_opponents': {'first_place': 0.75, 'selfplay': 0.25},
          'learning_rate': 4.6721120000000004e-05,
          'teacher_kl_cost': 0.0,
          'teacher_policy_tta_rot180': 1.0,
          'total_games_played': 177},
 'Normalized_Entropy': {'cart': 0.9897576570510864,
                        'city_tile': 0.457113116979599,
                        'overall': 0.5293972311496467,
                        'worker': 0.5220512747764587},
 'Teacher_KL_Divergence': {'cart': 0.0,
                           'city_tile': 0.0,
                           'overall': 0.0,
                           'worker': 0.0},
 'Value': {'bias': -2.444721758365631e-09,
           'explained_variance': 0.8451199531555176,
           'support_outside_fraction': 0.0,
           'target_std': 0.48373016715049744}}[0m
